# 3ds Max Wavefront OBJ Exporter v0.99 - (c)2007 guruware
# File Created: 22.04.2025 15:15:52

mtllib aladown.mtl

#
# object ALAdwn
#

v  -0.7962 -1.0266 0.5540
v  -0.8137 -1.2195 0.7128
v  -0.8654 -1.1556 0.7789
v  -0.8352 -0.9585 0.6298
v  -0.8849 -1.3460 0.9217
v  -0.8248 -1.4093 0.8536
v  -0.9377 -1.2917 0.9747
v  -0.9116 -1.1003 0.8294
v  -0.8850 -0.9096 0.6750
v  -0.9594 -1.6181 1.2038
v  -0.9519 -1.4699 1.1026
v  -0.8901 -1.5215 1.0350
v  -0.8889 -1.6675 1.1189
v  -0.8250 -1.5783 0.9510
v  -0.8189 -1.7177 1.0179
v  -0.4957 -1.4640 0.7949
v  -0.4852 -1.6229 0.8856
v  -0.7115 -1.6328 0.8749
v  -0.7183 -1.4804 0.7756
v  -0.4900 -1.7648 0.8942
v  -0.7012 -1.7588 0.9367
v  -0.4954 -1.2735 0.6661
v  -0.7025 -1.2851 0.6557
v  -0.6793 -1.0784 0.5175
v  -0.4819 -1.0540 0.5538
v  0.4623 -1.3359 0.4478
v  0.3245 -1.3495 0.5275
v  0.2865 -1.1662 0.4223
v  0.4086 -1.1687 0.3406
v  0.0938 -1.1813 0.5169
v  0.1160 -1.3791 0.6237
v  0.0728 -0.9748 0.4030
v  0.2485 -0.9681 0.3042
v  0.3588 -0.9758 0.2227
v  -0.1992 -1.0008 0.5204
v  -0.1942 -1.2098 0.6431
v  -0.1817 -1.4092 0.7686
v  0.0183 -0.1893 -0.0513
v  -0.1734 -0.2106 0.0285
v  -0.1775 -0.1223 -0.0095
v  0.0044 -0.1167 -0.0752
v  -0.3880 -0.1970 0.0954
v  -0.3620 -0.1816 -0.0148
v  0.6732 -0.1382 -0.4553
v  0.6486 -0.0568 -0.4914
v  0.7230 -0.0591 -0.5226
v  0.7440 -0.1299 -0.4894
v  0.6043 -0.1462 -0.4194
v  0.5763 -0.0566 -0.4565
v  0.1526 -0.1728 -0.1148
v  0.1311 -0.1003 -0.1337
v  0.2163 -0.0921 -0.1916
v  0.2409 -0.1674 -0.1735
v  -0.5533 -0.2582 -0.0012
v  -0.4922 -0.2528 -0.0881
v  -0.5917 -0.2891 -0.1838
v  -0.6996 -0.3091 -0.1138
v  -0.2565 -0.5800 0.9324
v  -0.3597 -0.5317 1.0426
v  -0.3396 -0.7402 1.1469
v  -0.2285 -0.7859 1.0413
v  -0.4553 -0.6787 1.2388
v  -0.4906 -0.4922 1.1112
v  -0.4223 -0.8694 1.3569
v  -0.3234 -0.9481 1.2472
v  -0.1970 -0.9883 1.1479
v  0.1969 -1.3200 1.1547
v  0.1543 -1.1901 1.0637
v  0.0000 -1.1864 1.1465
v  0.0430 -1.3130 1.2397
v  -0.0413 -1.0079 1.0496
v  0.1113 -1.0087 0.9683
v  -0.1637 -1.1691 1.2410
v  -0.1320 -1.3071 1.3244
v  -0.3574 -1.1492 1.5677
v  -0.2629 -1.2531 1.4402
v  -0.3054 -1.1326 1.3402
v  -0.3935 -1.0400 1.4611
v  -0.7687 -0.8620 1.2932
v  -0.5978 -0.8380 1.3646
v  -0.6332 -0.6587 1.2319
v  -0.7905 -0.7003 1.1400
v  -0.6676 -0.4891 1.0950
v  -0.8082 -0.5547 0.9875
v  -1.2639 -2.4849 2.2053
v  -1.1790 -2.5363 2.1697
v  -1.2450 -2.6624 2.3986
v  -1.3154 -2.6152 2.4157
v  -1.1627 -2.6980 2.3897
v  -1.0830 -2.5755 2.1482
v  -1.2557 -2.8522 2.6023
v  -1.3320 -2.8121 2.6077
v  -1.3854 -2.7575 2.6183
v  -0.4860 -1.8553 0.9161
v  -0.6894 -1.8496 0.9800
v  -0.6710 -1.9196 1.0234
v  -0.4733 -1.9161 0.9521
v  -0.7983 -1.8982 1.1085
v  -0.8091 -1.8169 1.0678
v  -0.4369 -1.9958 1.0677
v  -0.6263 -2.0321 1.1344
v  -0.6488 -1.9853 1.0717
v  -0.4553 -1.9658 1.0003
v  -0.7676 -2.0395 1.2047
v  -0.7833 -1.9775 1.1533
v  -0.8905 -1.8510 1.2138
v  -0.8880 -1.7695 1.1745
v  -0.9658 -1.7198 1.2681
v  -0.9706 -1.7971 1.3150
v  -0.8941 -1.9345 1.2522
v  -0.9781 -1.8743 1.3603
v  -0.8978 -2.0053 1.2960
v  -0.9906 -1.9437 1.4112
v  -0.1682 -1.5973 0.8309
v  0.1470 -1.5629 0.7133
v  0.1385 -1.7403 0.6811
v  -0.1824 -1.7660 0.7909
v  -0.1897 -1.8709 0.7946
v  0.1224 -1.8608 0.6726
v  0.1206 -1.9345 0.7202
v  -0.1833 -1.9308 0.8402
v  -0.1698 -1.9568 0.9041
v  0.1301 -1.9637 0.7948
v  0.1422 -1.9647 0.8717
v  -0.1571 -1.9640 0.9753
v  0.3671 -1.5129 0.6089
v  0.5171 -1.4747 0.5214
v  0.5369 -1.6216 0.5187
v  0.3774 -1.6768 0.6012
v  2.1953 -1.4163 0.1263
v  2.2593 -1.4708 0.1703
v  2.2038 -1.5637 0.0612
v  2.1400 -1.5100 0.0338
v  2.2301 -1.6126 0.0962
v  2.2865 -1.5204 0.2040
v  2.0971 -1.6814 0.0673
v  2.0734 -1.6362 0.0383
v  2.0613 -1.5757 0.0246
v  2.2099 -1.6964 0.1896
v  2.1432 -1.7307 0.1494
v  2.1217 -1.7128 0.1053
v  2.2421 -1.6559 0.1362
v  2.2882 -1.5746 0.2376
v  2.2503 -1.6393 0.2725
v  2.0334 -1.3534 0.1969
v  2.0519 -1.3940 0.1148
v  1.8947 -1.3608 0.1096
v  1.9822 -1.3405 0.2703
v  1.9011 -1.3028 0.1541
v  1.8678 -1.2846 0.2216
v  2.0832 -1.3611 0.3145
v  2.1655 -1.3638 0.2294
v  -0.3339 -1.2063 1.6353
v  -0.2342 -1.3194 1.5128
v  -0.3257 -1.2521 1.6868
v  -0.2119 -1.3498 1.5722
v  -0.0780 -1.4020 1.4654
v  -0.1151 -1.3908 1.3913
v  1.2387 -1.3220 0.0197
v  1.3224 -1.4762 0.1379
v  1.1959 -1.4888 0.1953
v  1.1293 -1.3308 0.0732
v  1.2307 -1.6666 0.2270
v  1.3859 -1.6396 0.1814
v  1.0768 -1.4974 0.2529
v  1.0979 -1.6761 0.2900
v  1.0215 -1.3363 0.1295
v  1.4233 -1.7537 0.1920
v  1.2584 -1.7874 0.2404
v  1.2919 -1.8569 0.2851
v  1.4579 -1.8227 0.2255
v  1.1471 -1.8795 0.3371
v  1.1173 -1.8071 0.2892
v  1.0916 -1.4609 0.9909
v  1.0358 -1.4161 0.9191
v  0.8780 -1.3977 1.0338
v  0.9315 -1.4410 1.1255
v  0.8204 -1.4002 0.9415
v  0.9688 -1.4159 0.8357
v  0.7056 -1.3889 1.0363
v  0.7466 -1.3957 1.1328
v  0.7823 -1.4513 1.2239
v  1.0946 -1.6236 0.9902
v  1.1056 -1.5441 1.0080
v  0.9521 -1.5483 1.1609
v  0.9319 -1.6496 1.1291
v  0.8027 -1.5607 1.2682
v  0.7904 -1.6724 1.2430
v  0.7307 -1.8164 1.1321
v  0.8652 -1.7868 1.0181
v  0.9041 -1.7231 1.0802
v  0.7636 -1.7502 1.1908
v  1.0341 -1.7568 0.8909
v  1.0681 -1.6896 0.9472
v  -0.3322 -1.3165 1.7434
v  -0.2076 -1.3967 1.6243
v  -0.2162 -1.4557 1.6653
v  -0.3480 -1.3916 1.7909
v  -0.0564 -1.4909 1.5614
v  -0.0589 -1.4374 1.5234
v  -0.0773 -1.6150 1.5806
v  -0.0648 -1.5509 1.5807
v  -0.2301 -1.5185 1.6943
v  -0.2390 -1.5905 1.7086
v  -0.3652 -1.4739 1.8300
v  -0.3715 -1.5615 1.8597
v  -1.1497 -2.2356 1.8108
v  -1.0479 -2.2902 1.7378
v  -1.1244 -2.4231 1.9337
v  -1.2174 -2.3601 1.9914
v  -1.0094 -2.4606 1.9007
v  -0.9205 -2.3146 1.6926
v  -0.7977 -2.3146 1.6685
v  -0.8999 -2.4752 1.8868
v  -0.7140 -2.5032 1.8398
v  -0.6114 -2.3278 1.6145
v  -0.8104 -2.6718 2.0827
v  -0.9878 -2.6073 2.1394
v  -0.2895 -2.3713 1.4961
v  -0.3672 -2.5755 1.7143
v  -0.0059 -2.7091 1.5076
v  0.0433 -2.4687 1.3074
v  -0.0650 -2.9528 1.7235
v  -0.4495 -2.7825 1.9430
v  0.3461 -2.5393 1.1779
v  0.3183 -2.8142 1.3491
v  0.5749 -2.8885 1.2402
v  0.5776 -2.5985 1.0745
v  0.5505 -3.1852 1.4210
v  0.2771 -3.0908 1.5435
v  2.5023 -3.1747 0.7019
v  2.6856 -3.5841 0.8627
v  2.6962 -3.5881 0.7910
v  2.4153 -2.7366 0.5433
v  2.3724 -2.7343 0.5996
v  2.4535 -3.1845 0.7299
v  2.3192 -2.7300 0.6312
v  2.6545 -3.5876 0.9189
v  1.2593 -2.5458 1.1065
v  1.0205 -2.5297 1.2409
v  1.1091 -2.8193 1.3659
v  1.3684 -2.8813 1.2021
v  0.8611 -2.7906 1.4787
v  0.8053 -2.5265 1.3442
v  0.9009 -3.0714 1.6253
v  1.1753 -3.1213 1.5110
v  1.4682 -3.2098 1.3543
v  -0.4594 -2.1368 2.1030
v  -0.4928 -2.2974 2.2430
v  -0.2967 -2.3982 2.1101
v  -0.2846 -2.2184 1.9611
v  -0.3260 -2.5727 2.2871
v  -0.5425 -2.4561 2.4159
v  -0.0969 -2.6664 2.1707
v  -0.0835 -2.4705 2.0019
v  -0.0941 -2.2770 1.8462
v  1.3360 -3.3938 1.1269
v  1.3025 -3.0486 0.9374
v  1.5264 -3.0920 0.8470
v  1.5895 -3.4492 1.0403
v  1.4925 -2.6892 0.7566
v  1.2785 -2.6782 0.8058
v  1.7245 -2.7172 0.6590
v  1.7817 -3.1429 0.7380
v  1.8692 -3.5295 0.9154
v  -0.8562 -1.9073 2.4268
v  -0.8936 -1.9961 2.5637
v  -0.6396 -2.1051 2.4674
v  -0.5940 -1.9764 2.3383
v  -0.7017 -2.2458 2.6281
v  -0.9414 -2.1076 2.7324
v  2.1645 -1.5874 0.4205
v  2.1172 -1.6775 0.4329
v  2.1557 -1.6961 0.3688
v  2.2258 -1.6042 0.3489
v  2.1084 -1.7956 0.3998
v  2.0788 -1.7695 0.4538
v  2.1648 -1.7200 0.3122
v  2.1186 -1.8206 0.3519
v  1.4955 -1.8711 0.2787
v  1.3255 -1.8987 0.3462
v  1.3532 -1.9146 0.4097
v  1.5305 -1.8850 0.3472
v  1.1771 -1.9122 0.4062
v  1.2021 -1.9199 0.4757
v  -0.3689 -1.7502 1.8363
v  -0.2412 -1.7572 1.6752
v  -0.2455 -1.6757 1.6878
v  -0.3608 -1.6642 1.8657
v  -0.0950 -1.6799 1.5500
v  -0.0896 -1.7500 1.5505
v  -0.3968 -1.8582 1.8803
v  -0.4274 -1.9822 1.9736
v  -0.2743 -2.0405 1.8200
v  -0.2533 -1.8895 1.7263
v  -0.1074 -2.0806 1.6956
v  -0.1046 -1.9087 1.5947
v  -0.7883 -2.1109 1.3355
v  -0.9305 -2.0946 1.4313
v  -0.9081 -2.0504 1.3471
v  -0.7658 -2.0728 1.2528
v  -1.0107 -1.9979 1.4741
v  -1.0417 -2.0546 1.5574
v  -0.9780 -2.1754 1.5682
v  -0.8409 -2.1882 1.4981
v  -1.0870 -2.1324 1.6696
v  -0.4439 -2.0562 1.2688
v  -0.6402 -2.0973 1.3000
v  -0.6184 -2.0602 1.1999
v  -0.4275 -2.0139 1.1495
v  -0.7045 -2.1785 1.4695
v  -0.5126 -2.1721 1.4240
v  -0.1477 -1.9705 1.0524
v  0.1487 -1.9817 0.9305
v  0.1344 -2.0662 1.0001
v  -0.1579 -2.0356 1.1595
v  -0.2146 -2.1863 1.3043
v  0.0925 -2.2432 1.1275
v  0.6022 -2.1332 0.8353
v  0.3989 -2.0948 0.9105
v  0.4020 -2.0170 0.8418
v  0.5937 -2.0714 0.7602
v  0.3914 -1.9923 0.7846
v  0.5766 -2.0542 0.7005
v  0.3727 -2.2888 1.0192
v  0.5852 -2.3371 0.9256
v  2.1189 -2.0021 0.4981
v  2.1573 -2.0207 0.4511
v  2.1124 -1.8748 0.4218
v  2.0772 -1.8497 0.4692
v  2.1275 -1.8926 0.3714
v  2.1739 -2.0297 0.3986
v  2.2589 -2.3251 0.5184
v  2.2123 -2.3118 0.5634
v  2.2682 -2.3381 0.4599
v  0.7150 -1.9124 1.1075
v  0.8626 -1.8836 1.0126
v  0.8853 -2.0261 1.0474
v  0.7359 -2.0504 1.1558
v  1.0710 -1.9942 0.9311
v  1.0382 -1.8513 0.8961
v  1.1515 -2.2384 1.0077
v  0.9385 -2.2559 1.1231
v  0.7572 -2.2723 1.2224
v  -0.2370 -1.8108 1.6899
v  -0.3803 -1.7974 1.8367
v  -0.0925 -1.8102 1.5599
v  -0.5538 -1.8534 2.2196
v  -0.5215 -1.7514 2.1256
v  -0.7791 -1.7168 2.2214
v  -0.8161 -1.8067 2.3147
v  -2.5240 -3.0500 4.0345
v  -2.5485 -3.0195 4.0111
v  -2.5125 -3.0047 4.0381
v  -2.4952 -3.0476 4.0607
v  -2.5461 -2.9645 4.0372
v  -2.5691 -2.9835 4.0146
v  -2.5064 -2.9523 4.0875
v  -2.4763 -2.9989 4.0877
v  -2.4549 -3.0462 4.1103
v  -2.6388 -3.0275 4.1485
v  -2.6215 -3.0081 4.1899
v  -2.6433 -2.9647 4.1557
v  -2.6606 -3.0095 4.1062
v  -2.5914 -2.9361 4.2242
v  -2.5757 -2.9839 4.2636
v  -2.5812 -2.9047 4.1689
v  -2.6358 -2.9285 4.1042
v  -2.6558 -2.9851 4.0549
v  -2.5942 -3.0952 4.1603
v  -2.5643 -3.0904 4.2083
v  -2.5960 -3.0509 4.2101
v  -2.6257 -3.0660 4.1496
v  -2.5488 -3.0337 4.2835
v  -2.5153 -3.0822 4.2801
v  -2.4396 -3.0922 4.1448
v  -2.4874 -3.0918 4.0866
v  -2.5013 -3.1241 4.1271
v  -2.4448 -3.1318 4.1916
v  -2.5589 -3.1066 4.0751
v  -2.5367 -3.0794 4.0417
v  -2.4263 -3.0024 4.1523
v  -2.4071 -3.0490 4.1770
v  -2.4539 -2.9542 4.1575
v  -2.3864 -2.9582 4.2131
v  -2.3649 -3.0118 4.2082
v  -2.3391 -3.0626 4.2188
v  -2.4810 -2.9073 4.1876
v  -2.5441 -2.9054 4.1132
v  -2.4066 -2.9110 4.2477
v  -2.5091 -2.8766 4.2421
v  -2.4189 -2.8699 4.3005
v  -2.5105 -2.9561 4.3591
v  -2.5216 -2.9022 4.3096
v  -2.4242 -2.8764 4.3774
v  -2.4113 -2.9333 4.4325
v  -2.4457 -3.0730 4.3616
v  -2.4798 -3.0168 4.3731
v  -2.3857 -3.0025 4.4456
v  -2.3577 -3.0651 4.4270
v  -2.4782 -3.1213 4.2462
v  -2.4115 -3.1167 4.3220
v  -2.3838 -3.1301 4.2631
v  -2.3187 -3.1343 4.3202
v  -2.3327 -3.1094 4.3802
v  -2.3194 -3.1196 4.2528
v  -2.3860 -3.0916 4.2130
v  -2.2970 -3.0275 4.2148
v  -2.2785 -3.0904 4.2234
v  -2.3143 -2.9684 4.2263
v  -2.2470 -2.9842 4.2197
v  -2.2368 -3.0479 4.2097
v  -2.2214 -3.1075 4.2290
v  -2.3242 -2.9159 4.2621
v  -2.3247 -2.8809 4.3187
v  -2.2413 -2.9012 4.3162
v  -2.2480 -2.9266 4.2547
v  -2.2982 -2.9327 4.4471
v  -2.3145 -2.8845 4.3906
v  -2.2249 -2.9103 4.3803
v  -2.2055 -2.9516 4.4307
v  -2.2609 -3.0639 4.4428
v  -2.2788 -3.0016 4.4617
v  -2.1876 -3.0117 4.4611
v  -2.1767 -3.0771 4.4455
v  -2.2505 -3.1371 4.3413
v  -2.2508 -3.1118 4.4001
v  -2.1849 -3.1496 4.3417
v  -2.1762 -3.1253 4.4017
v  -2.2040 -3.1489 4.2776
v  -2.2629 -3.1352 4.2745
v  -2.1474 -2.5490 4.2198
v  -2.2272 -2.5030 4.2334
v  -2.1898 -2.4480 4.2476
v  -2.1064 -2.4960 4.2349
v  -2.2998 -2.4642 4.2515
v  -2.2599 -2.4015 4.2673
v  -2.2131 -2.3909 4.3071
v  -2.1572 -2.4129 4.2959
v  -2.0706 -2.4570 4.2807
v  -2.1201 -2.6680 4.1789
v  -2.0536 -2.7181 4.1643
v  -2.0800 -2.7704 4.2227
v  -2.1986 -2.6117 4.1962
v  -2.1361 -2.7098 4.2516
v  -2.2147 -2.6529 4.2672
v  -2.0634 -2.6081 4.2080
v  -1.9900 -2.6680 4.1878
v  -2.0471 -2.7705 4.3671
v  -2.1193 -2.7191 4.3853
v  -2.1437 -2.7345 4.3163
v  -2.0797 -2.7904 4.2965
v  -2.2053 -2.6708 4.4012
v  -2.2219 -2.6771 4.3314
v  -2.0116 -2.7444 4.4220
v  -2.0829 -2.6819 4.4298
v  -2.0432 -2.6357 4.4512
v  -1.9662 -2.7024 4.4519
v  -2.1255 -2.5825 4.4712
v  -2.1701 -2.6378 4.4558
v  -1.9151 -2.6466 4.4453
v  -2.0032 -2.5827 4.4429
v  -1.9723 -2.5347 4.4042
v  -1.8795 -2.5985 4.3960
v  -2.0580 -2.4737 4.4194
v  -2.0834 -2.5220 4.4693
v  -1.9614 -2.5065 4.3376
v  -1.8684 -2.5716 4.3229
v  -1.9108 -2.6048 4.2623
v  -2.0537 -2.4503 4.3508
v  -1.9842 -2.5214 4.2688
v  -2.0234 -2.5629 4.2314
v  -1.9495 -2.6385 4.2264
v  -2.1896 -2.9368 4.2452
v  -2.1901 -3.0010 4.2140
v  -2.1807 -2.9112 4.3099
v  -2.1388 -2.9449 4.2427
v  -2.1295 -2.9166 4.3081
v  -2.1374 -3.0112 4.2104
v  -2.1628 -2.9222 4.3758
v  -2.1094 -2.9245 4.3778
v  -2.1413 -2.9606 4.4316
v  -2.0863 -2.9700 4.4322
v  -2.1140 -3.0948 4.4465
v  -2.1233 -3.0248 4.4652
v  -2.0674 -3.0372 4.4680
v  -2.0581 -3.1111 4.4430
v  -2.1276 -3.1666 4.3362
v  -2.1157 -3.1415 4.3974
v  -2.0594 -3.1601 4.3880
v  -2.0715 -3.1877 4.3218
v  -2.1483 -3.1655 4.2710
v  -2.1652 -3.1247 4.2236
v  -2.1138 -3.1394 4.1978
v  -2.0941 -3.1845 4.2495
v  -2.1275 -3.0760 4.1912
v  -2.1811 -3.0669 4.2043
v  -2.0772 -2.9178 4.3187
v  -2.0920 -2.9417 4.2480
v  -2.0470 -2.9317 4.2552
v  -2.0275 -2.9173 4.3297
v  -2.0431 -2.9750 4.1850
v  -2.0829 -3.0077 4.2052
v  -2.0499 -2.8046 4.1913
v  -2.0485 -2.8306 4.2745
v  -2.0354 -2.8567 4.2583
v  -2.0358 -2.8386 4.1472
v  -1.9817 -2.8580 4.3368
v  -2.0035 -2.8187 4.3515
v  -1.9609 -2.9726 4.4285
v  -1.9100 -2.9399 4.4260
v  -1.9561 -2.9015 4.3949
v  -1.9977 -2.9254 4.3938
v  -1.9400 -2.8593 4.3976
v  -1.8667 -2.8702 4.4275
v  -1.9841 -2.8996 4.3277
v  -2.0235 -2.9770 4.4342
v  -2.0516 -2.9297 4.3858
v  -1.9635 -2.8069 4.4123
v  -1.9078 -2.7758 4.4422
v  -1.9964 -3.1246 4.4416
v  -2.0043 -3.0454 4.4686
v  -1.9387 -3.0418 4.4590
v  -1.9296 -3.1296 4.4372
v  -2.0128 -3.2170 4.2976
v  -1.9982 -3.1803 4.3739
v  -1.9340 -3.2010 4.3624
v  -1.9573 -3.2551 4.2767
v  -2.0531 -2.9082 4.1615
v  -2.0241 -2.8945 4.2525
v  -1.7302 -2.7749 4.3709
v  -1.7998 -2.6757 4.3850
v  -1.8466 -2.7260 4.4300
v  -1.7892 -2.8227 4.4073
v  -1.6156 -2.8520 4.2997
v  -1.5245 -2.9729 4.2895
v  -1.5070 -2.9376 4.2117
v  -1.6156 -2.8364 4.2247
v  -1.7517 -2.7463 4.2123
v  -1.6979 -2.7268 4.3017
v  -1.6606 -2.8983 4.3545
v  -1.5879 -3.0223 4.3443
v  -1.7794 -2.6339 4.3082
v  -1.8447 -2.6806 4.2451
v  -1.8357 -2.7431 4.1533
v  -1.8894 -2.7010 4.1958
v  -1.9415 -2.7191 4.1558
v  -1.9013 -2.7533 4.0942
v  -2.0095 -2.7545 4.1453
v  -1.9880 -2.7772 4.0998
v  -1.8950 -2.7662 4.0243
v  -1.9652 -2.7960 4.0386
v  -1.9397 -2.8083 3.9661
v  -1.8745 -2.7712 3.9594
v  -1.9975 -2.8787 3.9755
v  -2.0160 -2.8623 4.0576
v  -1.9088 -2.8143 3.8881
v  -1.8710 -2.8149 3.8124
v  -1.8562 -2.7642 3.8852
v  -1.8215 -2.7681 3.8159
v  -1.9215 -2.8775 3.8042
v  -1.9663 -2.8817 3.8884
v  -1.7193 -2.7254 3.8081
v  -1.7501 -2.7298 3.8688
v  -1.7494 -2.6868 3.8652
v  -1.7346 -2.6685 3.8190
v  -1.7809 -2.7226 3.9190
v  -1.7792 -2.6698 3.9018
v  -1.7633 -2.6000 3.8656
v  -1.7920 -2.7556 3.8782
v  -1.8187 -2.7530 3.9403
v  -1.7559 -2.7607 3.8130
v  -1.6664 -2.5732 3.6534
v  -1.6345 -2.5147 3.6789
v  -1.5797 -2.5009 3.5651
v  -1.6142 -2.5499 3.5319
v  -1.5270 -2.4842 3.6187
v  -1.5806 -2.4870 3.7142
v  -1.4463 -2.4903 3.5084
v  -1.4999 -2.4847 3.4344
v  -1.5579 -2.5160 3.3890
v  -1.6257 -2.4677 3.7993
v  -1.6862 -2.5116 3.7770
v  -1.7311 -2.4905 3.8636
v  -1.6543 -2.4375 3.8812
v  -1.7159 -2.5849 3.7603
v  -1.5850 -2.4283 3.9067
v  -1.5602 -2.4681 3.8374
v  -1.5055 -2.5023 3.8919
v  -1.5269 -2.4542 3.9471
v  -1.4712 -2.5355 3.8336
v  -1.5212 -2.4916 3.7649
v  -1.6565 -2.7667 4.1087
v  -1.7052 -2.7862 4.1430
v  -1.5968 -2.8260 4.1620
v  -1.5668 -2.8025 4.1185
v  -1.4977 -2.9094 4.1422
v  -1.4845 -2.8692 4.0871
v  -1.7808 -2.7681 4.1098
v  -1.7268 -2.7667 4.0746
v  -1.7744 -2.7410 4.0336
v  -1.8288 -2.7628 4.0560
v  -1.6963 -2.7161 4.0738
v  -1.6228 -2.7405 4.1044
v  -1.6848 -2.7400 4.0808
v  -1.6113 -2.7089 4.1028
v  -1.8365 -2.7567 3.9990
v  -1.8024 -2.7230 3.9771
v  -1.8194 -2.6645 3.9635
v  -1.7879 -2.6712 4.0384
v  -1.8097 -2.5674 4.0630
v  -1.7973 -2.5785 3.9579
v  -1.7048 -2.6697 4.0850
v  -1.7074 -2.6018 4.1237
v  -1.6075 -2.6666 4.1142
v  -1.6040 -2.6072 4.1529
v  -1.7436 -2.4240 4.0409
v  -1.7485 -2.4623 3.9533
v  -1.6675 -2.3197 4.0351
v  -1.6627 -2.3829 3.9617
v  -1.7353 -2.3981 4.2082
v  -1.7208 -2.3184 4.1950
v  -1.7374 -2.3699 4.1207
v  -1.7696 -2.4656 4.1531
v  -1.6783 -2.2755 4.1109
v  -1.6855 -2.2626 4.1668
v  -1.5308 -2.3248 4.0604
v  -1.4850 -2.3569 4.1162
v  -1.4810 -2.4238 4.0563
v  -1.5305 -2.3894 4.0006
v  -1.4751 -2.4032 4.1563
v  -1.4705 -2.4666 4.1265
v  -1.4897 -2.5025 4.0070
v  -1.4776 -2.5542 4.0733
v  -1.5923 -2.3708 3.9763
v  -1.5914 -2.2958 4.0356
v  -1.5105 -2.3955 4.2168
v  -1.5089 -2.5000 4.1888
v  -1.5791 -2.3996 4.2531
v  -1.5924 -2.5126 4.2110
v  -1.5135 -2.5942 4.1377
v  -1.5627 -2.2558 4.2041
v  -1.5402 -2.2709 4.1386
v  -1.6036 -2.2279 4.1086
v  -1.6283 -2.2129 4.2072
v  -1.6918 -2.5073 4.1869
v  -1.6705 -2.4012 4.2471
v  -1.6532 -2.2937 4.2682
v  -1.5672 -2.3055 4.2433
v  -1.5140 -2.3188 4.1882
v  -0.7270 -1.1047 1.5547
v  -0.5415 -1.0953 1.6022
v  -0.5670 -0.9942 1.4863
v  -0.7461 -1.0028 1.4349
v  -0.5247 -1.1470 1.6758
v  -0.7146 -1.1610 1.6308
v  -0.7091 -1.2054 1.6902
v  -0.5184 -1.1876 1.7335
v  -0.8649 -1.1196 1.5131
v  -0.8413 -1.1818 1.5960
v  -0.9463 -1.1901 1.5813
v  -0.9753 -1.1228 1.4907
v  -0.9269 -1.2448 1.6592
v  -0.8259 -1.2314 1.6613
v  -0.7105 -1.2661 1.7628
v  -0.5215 -1.2466 1.8052
v  -0.7154 -1.3369 1.8387
v  -0.5294 -1.3206 1.8724
v  -0.9231 -1.2993 1.7437
v  -0.8214 -1.2942 1.7358
v  -0.8230 -1.3639 1.8104
v  -0.9217 -1.3723 1.8082
v  -0.7196 -1.4078 1.9143
v  -0.5355 -1.4083 1.9354
v  -0.7212 -1.4743 1.9859
v  -0.5313 -1.4954 1.9913
v  -0.8266 -1.4318 1.8785
v  -0.9223 -1.4441 1.8606
v  -0.8336 -1.4965 1.9404
v  -0.9300 -1.5055 1.9135
v  -0.7242 -1.5996 2.1101
v  -0.7463 -1.6520 2.1582
v  -0.5019 -1.6945 2.0747
v  -0.4982 -1.6657 2.0567
v  -0.5117 -1.5902 2.0342
v  -0.7196 -1.5379 2.0509
v  -0.8454 -1.5562 1.9966
v  -0.9442 -1.5625 1.9643
v  -0.8737 -1.6190 2.0520
v  -0.9804 -1.6237 2.0186
v  -0.9214 -0.8810 1.2441
v  -0.8951 -1.0162 1.3895
v  -1.0094 -1.0240 1.3750
v  -1.0700 -0.8972 1.2361
v  -0.9347 -0.7243 1.0963
v  -1.0522 -0.7339 1.0757
v  -0.9476 -0.5741 0.9676
v  -1.0538 -0.5934 0.9521
v  -1.1432 -0.9240 1.1505
v  -1.1164 -0.7738 1.0157
v  -1.0737 -0.8359 0.9563
v  -1.1089 -1.0027 1.0940
v  -1.0990 -0.6338 0.8943
v  -1.0578 -0.6789 0.8343
v  -1.0740 -1.0452 1.3915
v  -1.0646 -1.1244 1.4786
v  -1.1286 -1.0160 1.3398
v  -1.1460 -1.1213 1.4447
v  -1.1423 -1.1437 1.2191
v  -1.1674 -1.0571 1.2695
v  -1.2073 -1.1692 1.3805
v  -1.1976 -1.2580 1.3237
v  -1.0579 -1.2578 1.6720
v  -1.0624 -1.1868 1.5832
v  -1.1615 -1.2200 1.5500
v  -1.1707 -1.3109 1.6402
v  -1.0316 -1.1713 1.0563
v  -1.0598 -1.3368 1.2020
v  -1.1053 -1.2413 1.2104
v  -1.0633 -1.0855 1.0780
v  -1.1695 -1.3569 1.3058
v  -1.1349 -1.4914 1.3223
v  -1.0111 -1.4115 1.1604
v  -1.0390 -1.5592 1.2676
v  -0.9874 -1.2366 1.0211
v  -1.2374 -1.3696 1.5743
v  -1.2316 -1.2740 1.4870
v  -1.2308 -1.3473 1.4185
v  -1.2417 -1.4320 1.4925
v  -1.2076 -1.4077 1.3797
v  -1.2113 -1.4834 1.4175
v  -1.0571 -1.6671 1.3365
v  -1.0563 -1.7458 1.3976
v  -1.1518 -1.6984 1.4588
v  -1.1473 -1.6145 1.3953
v  -1.1795 -1.3806 1.7074
v  -1.0590 -1.3240 1.7460
v  -1.0644 -1.3849 1.8110
v  -1.1890 -1.4386 1.7637
v  -1.2242 -1.6345 1.5251
v  -1.2163 -1.5599 1.4669
v  -1.2483 -1.5018 1.5488
v  -1.2556 -1.5632 1.6007
v  -1.2424 -1.5010 1.6842
v  -1.2372 -1.4424 1.6338
v  -1.1972 -1.4972 1.8189
v  -1.0710 -1.4447 1.8689
v  -1.0772 -1.5046 1.9192
v  -1.2012 -1.5555 1.8735
v  -1.2509 -1.5580 1.7404
v  -1.2615 -1.6227 1.6606
v  -1.2619 -1.6762 1.7235
v  -1.2544 -1.6142 1.7995
v  -1.1461 -1.7700 1.5299
v  -1.2296 -1.7033 1.5904
v  -1.1532 -1.8341 1.6221
v  -1.2294 -1.7510 1.6584
v  -1.0663 -1.8882 1.5184
v  -1.0568 -1.8200 1.4569
v  -1.2461 -1.7741 1.8371
v  -1.2405 -1.7247 1.9197
v  -1.2504 -1.6687 1.8586
v  -1.2563 -1.7219 1.7851
v  -1.1977 -1.6116 1.9268
v  -1.1928 -1.6715 1.9817
v  -1.0812 -1.5661 1.9633
v  -1.0933 -1.6289 2.0058
v  -1.2349 -1.7690 1.7219
v  -1.2154 -1.8155 1.7428
v  -1.0545 -1.6970 2.0821
v  -0.9294 -1.6927 2.1128
v  -0.9900 -1.7677 2.1930
v  -1.1714 -1.7911 2.1409
v  -1.1167 -2.0023 1.6715
v  -1.0869 -1.9448 1.5883
v  -1.1545 -1.8980 1.6929
v  -1.1728 -1.9520 1.7771
v  -1.1237 -1.6913 2.0512
v  -1.1937 -1.7398 2.0439
v  -1.2153 -1.9159 1.8828
v  -1.2077 -1.8611 1.8006
v  -1.2399 -1.8263 1.9018
v  -1.2443 -1.8854 1.9816
v  -1.2389 -1.8500 2.0711
v  -1.2344 -1.7853 1.9886
v  -1.1844 -1.8818 2.2477
v  -1.0304 -1.8466 2.2954
v  -1.0605 -1.9321 2.4106
v  -1.2015 -1.9649 2.3612
v  -1.2051 -2.1675 1.9007
v  -1.1543 -2.0748 1.7726
v  -1.1982 -2.0204 1.8752
v  -1.2331 -2.1075 1.9980
v  -1.2587 -2.0709 2.0969
v  -1.2339 -1.9854 1.9791
v  -1.2589 -1.9571 2.0783
v  -1.2760 -2.0421 2.1933
v  -1.2625 -2.0072 2.2836
v  -1.2490 -1.9234 2.1700
v  -1.2201 -2.0532 2.4839
v  -1.0920 -2.0237 2.5335
v  -1.2492 -2.1622 2.6322
v  -1.1323 -2.1355 2.6870
v  -1.3070 -2.4110 2.2651
v  -1.2589 -2.2823 2.0717
v  -1.2676 -2.2159 2.1595
v  -1.3083 -2.3421 2.3386
v  -1.3056 -2.2977 2.4105
v  -1.2781 -2.1749 2.2447
v  -1.2930 -2.1405 2.3275
v  -1.3114 -2.2582 2.4824
v  -1.3008 -2.2107 2.5585
v  -1.2778 -2.0990 2.4099
v  -1.4159 -2.6910 2.6409
v  -1.3539 -2.5468 2.4561
v  -1.3575 -2.4814 2.5157
v  -1.4206 -2.6278 2.6864
v  -2.0358 -3.0303 4.1262
v  -2.0672 -3.1410 4.1524
v  -2.0741 -3.0677 4.1648
v  -2.0039 -3.1273 4.0660
v  -1.9147 -3.0634 3.8359
v  -1.9493 -3.0860 3.9333
v  -1.9885 -2.9840 3.9128
v  -1.9449 -2.9680 3.8176
v  -2.0209 -2.9844 4.0053
v  -2.0474 -3.2137 4.2069
v  -2.0049 -3.2408 4.1762
v  -2.0445 -2.9501 4.0829
v  -1.9128 -3.2816 3.9524
v  -1.9101 -3.2258 3.9445
v  -1.9752 -3.2974 3.8451
v  -1.9951 -3.3465 3.8773
v  -2.0146 -3.4071 3.9119
v  -1.9250 -3.3602 3.9570
v  -1.9086 -3.3244 4.0511
v  -1.9335 -3.2398 4.0574
v  -2.0036 -3.4742 3.9204
v  -1.9267 -3.4359 3.9748
v  -1.9813 -3.5591 3.9305
v  -1.9161 -3.5000 4.0005
v  -1.8950 -3.4544 4.0562
v  -1.8999 -3.3988 4.0520
v  -2.1094 -3.5100 3.4535
v  -1.9871 -3.6109 3.4756
v  -2.0140 -3.6294 3.5271
v  -2.1374 -3.5291 3.5141
v  -1.8483 -3.6905 3.5223
v  -1.8682 -3.7026 3.5704
v  -1.8894 -3.7068 3.6248
v  -2.0368 -3.6352 3.5883
v  -2.1594 -3.5400 3.5836
v  -1.8790 -3.3307 3.1533
v  -1.8273 -3.2844 3.1106
v  -1.7700 -3.4101 3.1703
v  -1.8004 -3.4498 3.2246
v  -1.7351 -3.3585 3.1154
v  -1.7757 -3.2361 3.0671
v  -1.6725 -3.4448 3.1816
v  -1.6909 -3.5005 3.2447
v  -1.7055 -3.5425 3.3026
v  -1.7137 -3.1742 3.0213
v  -1.6865 -3.2902 3.0586
v  -1.6286 -3.2483 3.0182
v  -1.6244 -3.0988 2.9541
v  -1.6114 -3.3239 3.0721
v  -1.6408 -3.3764 3.1142
v  -1.9272 -3.1192 3.1382
v  -1.8526 -3.0667 3.0927
v  -1.8524 -3.1673 3.0865
v  -1.9155 -3.2163 3.1371
v  -1.7884 -3.1166 3.0463
v  -1.7821 -3.0163 3.0556
v  -1.8728 -2.9605 3.1990
v  -1.8096 -2.9259 3.1531
v  -1.8419 -2.9879 3.1149
v  -1.9123 -3.0309 3.1573
v  -1.7766 -2.9466 3.0852
v  -1.7657 -2.9101 3.1234
v  -1.7129 -2.9619 3.0177
v  -1.7195 -3.0584 3.0055
v  -1.6261 -2.9745 2.9433
v  -1.6214 -2.8908 2.9628
v  -1.5120 -2.7738 2.8445
v  -1.5068 -2.8434 2.8178
v  -1.4881 -2.9175 2.8083
v  -1.8776 -3.0883 3.4109
v  -1.7948 -3.0439 3.3582
v  -1.8815 -2.9993 3.3150
v  -1.9679 -3.0483 3.3752
v  -1.7920 -2.9558 3.2587
v  -1.6976 -3.0088 3.2979
v  -1.9537 -3.0142 3.2599
v  -2.0290 -3.0755 3.3297
v  -1.4089 -2.5872 2.7564
v  -1.3522 -2.4368 2.5847
v  -1.3394 -2.4003 2.6602
v  -1.3914 -2.5535 2.8371
v  -1.2795 -2.3690 3.1166
v  -1.1989 -2.2458 2.9122
v  -1.2874 -2.3169 2.8168
v  -1.3678 -2.4765 3.0331
v  -1.0016 -2.2501 2.9527
v  -1.1267 -2.4354 3.1960
v  -1.3767 -2.5137 2.9150
v  -1.3242 -2.3609 2.7376
v  -1.3871 -2.4538 3.2826
v  -1.3181 -2.4698 3.3803
v  -1.4637 -2.5031 3.2326
v  -1.6110 -2.8476 3.0242
v  -1.5030 -2.7338 2.9113
v  -1.4777 -2.7038 2.9890
v  -1.5838 -2.8560 3.1438
v  -1.7084 -2.8985 3.0639
v  -1.7053 -2.8878 3.1346
v  -1.6407 -2.9451 3.2383
v  -1.7324 -2.9168 3.1967
v  -1.5382 -2.8504 3.2997
v  -1.5801 -2.9326 3.3178
v  -1.5869 -2.9052 3.4117
v  -1.5680 -2.8227 3.4174
v  -1.6356 -2.9972 3.3612
v  -1.6033 -2.9770 3.4210
v  -1.5637 -2.7451 3.4258
v  -1.5330 -2.7597 3.3034
v  -1.5328 -2.6703 3.2951
v  -1.5801 -2.6670 3.4189
v  -1.4976 -2.6750 3.1971
v  -1.5136 -2.7440 3.1697
v  -1.5141 -2.5801 3.2524
v  -1.4550 -2.5997 3.1283
v  -1.5887 -2.5865 3.3923
v  -1.4565 -2.6482 3.0499
v  -2.2754 -2.5653 4.2145
v  -2.3458 -2.5288 4.2464
v  -2.2867 -2.6044 4.2824
v  -2.3326 -2.5727 4.2900
v  -2.2284 -2.4047 4.4336
v  -2.1434 -2.4317 4.4302
v  -2.1407 -2.4082 4.3633
v  -2.2220 -2.3801 4.3644
v  -2.2593 -2.5102 4.4898
v  -2.3183 -2.5377 4.4694
v  -2.2551 -2.5952 4.4709
v  -2.2045 -2.5395 4.4868
v  -2.2910 -2.6244 4.4080
v  -2.3637 -2.5685 4.4063
v  -2.2948 -2.6220 4.3407
v  -2.3503 -2.5688 4.3393
v  -2.2470 -2.4594 4.4733
v  -2.1663 -2.4802 4.4769
v  -2.3670 -2.4310 4.3738
v  -2.3960 -2.4861 4.3948
v  -2.3304 -2.4645 4.4501
v  -2.3161 -2.4070 4.4088
v  -2.3937 -2.5061 4.3143
v  -2.3664 -2.4262 4.3061
v  -2.2979 -2.3887 4.3375
v  -2.6289 -3.0664 4.0389
v  -2.5922 -3.0433 4.0053
v  -2.6187 -2.9733 4.0079
v  -2.5915 -2.9287 4.0567
v  -2.6348 -3.0705 4.0935
v  -2.5841 -3.1141 4.1208
v  -2.5326 -3.1240 4.1767
v  -1.7033 -3.0626 3.4203
v  -1.7641 -3.1113 3.4791
v  -1.7044 -3.0224 3.5463
v  -1.6434 -3.0000 3.4746
v  -1.8733 -2.8694 3.7287
v  -1.9030 -2.9547 3.7321
v  -1.8371 -2.9451 3.6673
v  -1.8193 -2.8603 3.6613
v  -1.8220 -3.0437 3.6822
v  -1.8744 -3.0495 3.7526
v  -1.6946 -2.8436 3.5456
v  -1.6224 -2.8300 3.4938
v  -1.6425 -2.9068 3.4800
v  -1.7057 -2.9233 3.5433
v  -1.7594 -2.8524 3.6001
v  -1.7743 -2.9345 3.6023
v  -1.7670 -3.0344 3.6141
v  -1.6616 -2.6438 3.6322
v  -1.7044 -2.6575 3.7354
v  -1.6885 -2.7181 3.7241
v  -1.6453 -2.7249 3.6216
v  -1.6656 -2.7821 3.5732
v  -1.6143 -2.6892 3.5202
v  -1.6055 -2.7607 3.5121
v  -1.7529 -2.7707 3.7047
v  -1.7044 -2.7568 3.6748
v  -1.7207 -2.7947 3.6311
v  -1.7764 -2.8014 3.6868
v  -1.6342 -2.6141 3.5176
v  -1.7145 -2.7597 3.7439
v  -1.7800 -2.7658 3.7540
v  -1.8269 -2.8092 3.7461
v  -1.8289 -3.6762 3.4830
v  -1.7509 -3.7636 3.5005
v  -1.7719 -3.7806 3.5397
v  -1.7287 -3.7467 3.4681
v  -1.8075 -3.6573 3.4518
v  -1.6542 -3.8275 3.4846
v  -1.6766 -3.8423 3.5245
v  -1.6950 -3.8576 3.5704
v  -1.8918 -3.1641 3.7906
v  -1.9050 -3.1865 3.8790
v  -1.9565 -3.2637 3.7854
v  -1.9469 -3.2340 3.7087
v  -1.8670 -3.1529 3.7032
v  -1.8356 -3.1497 3.6218
v  -1.9223 -3.1840 3.5391
v  -1.9276 -3.2200 3.6210
v  -1.8049 -3.1385 3.5465
v  -1.9148 -3.1331 3.4711
v  -2.0386 -3.1390 3.5072
v  -2.0578 -3.1782 3.5762
v  -2.1465 -3.2047 3.5188
v  -2.1143 -3.1641 3.4574
v  -2.1863 -3.2421 3.5880
v  -2.0807 -3.2145 3.6513
v  -2.0157 -3.0942 3.4415
v  -2.0786 -3.1240 3.3955
v  -2.0511 -3.4673 3.3638
v  -2.0198 -3.4444 3.3254
v  -1.9068 -3.5464 3.3653
v  -1.9337 -3.5685 3.3988
v  -1.8762 -3.5207 3.3274
v  -1.9810 -3.4145 3.2812
v  -1.7852 -3.6366 3.4231
v  -1.7446 -3.6227 3.3949
v  -2.0833 -3.2349 3.2743
v  -2.1309 -3.2738 3.3299
v  -2.1222 -3.1891 3.3573
v  -2.0723 -3.1453 3.2953
v  -2.1575 -3.2249 3.4126
v  -2.1626 -3.3035 3.3789
v  -2.0804 -3.4886 3.4049
v  -1.9604 -3.5906 3.4336
v  -2.1879 -3.2614 3.4681
v  -2.2229 -3.3007 3.5328
v  -2.1891 -3.3320 3.4296
v  -2.2191 -3.3627 3.4907
v  -2.0110 -3.1792 3.2038
v  -1.9874 -3.2720 3.2013
v  -2.0512 -3.3225 3.2664
v  -1.9321 -3.3748 3.2188
v  -2.1243 -3.3806 3.3625
v  -2.0945 -3.3565 3.3171
v  -1.9977 -3.0865 3.2219
v  -2.1535 -3.4045 3.4073
v  -2.1856 -3.4303 3.4603
v  -0.7339 -2.7507 2.8650
v  -0.6293 -2.6089 2.6380
v  -0.7776 -2.3945 2.8518
v  -0.8599 -2.5388 3.0832
v  -0.3965 -2.7412 2.5027
v  -0.4836 -2.8945 2.7221
v  -0.2009 -3.0360 2.5810
v  -0.1437 -2.8602 2.3728
v  -0.8280 -2.8692 3.0602
v  -0.5669 -3.0275 2.9069
v  -0.6295 -3.1292 3.0432
v  -0.8998 -2.9626 3.1958
v  -0.2714 -3.2755 2.9143
v  -0.2437 -3.1754 2.7698
v  0.9257 -3.3496 1.8241
v  1.2156 -3.4070 1.7289
v  0.9584 -3.5829 2.0529
v  1.2525 -3.6491 1.9761
v  1.5379 -3.4965 1.6043
v  1.5905 -3.7415 1.8761
v  2.8481 -3.9517 1.0898
v  2.8318 -3.9370 1.1518
v  2.9772 -4.2322 1.3962
v  3.0240 -4.2526 1.3350
v  3.0032 -4.2932 1.2660
v  2.8311 -3.9680 1.0281
v  1.3872 -3.9446 1.6149
v  1.3615 -3.6919 1.3599
v  1.6464 -3.7565 1.2794
v  1.6992 -4.0257 1.5359
v  1.9529 -3.8655 1.1485
v  2.0363 -4.1497 1.4122
v  0.4568 -3.6422 1.9096
v  0.1639 -3.5440 2.0294
v  0.2202 -3.3355 1.7829
v  0.5045 -3.4375 1.6565
v  -0.1333 -3.1778 1.9639
v  -0.1984 -3.3806 2.1978
v  -0.9601 -2.9428 2.5454
v  -1.1582 -2.8736 2.5948
v  -1.0702 -2.7275 2.3839
v  -0.8868 -2.8037 2.3282
v  -0.6024 -3.1431 2.3952
v  -0.5322 -2.9714 2.1738
v  -0.2758 -3.6797 2.5524
v  -0.6886 -3.4263 2.7420
v  -0.6522 -3.3043 2.5910
v  -0.2452 -3.5544 2.3978
v  -1.0244 -3.1023 2.7323
v  -1.0706 -3.2282 2.8754
v  -1.3486 -3.0300 2.7880
v  -1.4365 -2.9837 2.7961
v  -1.4173 -3.2029 2.9566
v  -1.5274 -3.1532 2.9294
v  -1.2764 -3.1531 2.9412
v  -1.2337 -3.0358 2.7870
v  -0.4171 -4.1021 3.0977
v  -0.8382 -3.8481 3.2323
v  -0.8162 -3.8012 3.1938
v  -0.3902 -4.0534 3.0607
v  -1.2179 -3.6664 3.3139
v  -1.2133 -3.6353 3.2677
v  -1.2243 -3.6417 3.2000
v  -0.8145 -3.7850 3.1346
v  -0.3695 -4.0060 3.0208
v  0.2247 -4.5164 2.8911
v  -0.0546 -4.3324 2.9792
v  -0.0279 -4.2813 2.9268
v  0.2595 -4.4545 2.8312
v  -0.0189 -4.2493 2.8883
v  0.2686 -4.4162 2.7917
v  2.0060 -5.1934 2.1861
v  1.5759 -4.9946 2.3489
v  1.5922 -4.9370 2.3035
v  2.0201 -5.1321 2.1549
v  1.9513 -5.3162 2.2636
v  1.5111 -5.1239 2.4078
v  1.2098 -4.8807 2.4637
v  1.1391 -4.9980 2.5134
v  1.2384 -4.8190 2.4302
v  1.6944 -4.2390 2.4348
v  1.3505 -4.1113 2.5267
v  1.3891 -4.1493 2.6261
v  1.7225 -4.2720 2.5267
v  1.1615 -3.9812 2.7420
v  1.0957 -3.9574 2.6144
v  1.1745 -4.0943 2.8351
v  1.4002 -4.2200 2.7036
v  1.7219 -4.3358 2.6006
v  -0.9232 -3.0272 3.2627
v  -0.6545 -3.1896 3.1219
v  -0.6413 -3.2154 3.2011
v  -0.9211 -3.0426 3.3420
v  -0.2833 -3.3806 3.0567
v  -0.2806 -3.3307 2.9932
v  -0.3708 -3.6787 3.3872
v  -0.3421 -3.6241 3.3472
v  -0.6545 -3.3915 3.5005
v  -0.9210 -3.2466 3.6290
v  -0.6879 -3.4440 3.5106
v  -0.8994 -3.1899 3.6230
v  -0.9480 -3.3214 3.6193
v  -0.7060 -3.5112 3.5480
v  -0.4070 -3.7594 3.4215
v  -0.5828 -3.1973 3.3248
v  -0.8678 -3.0804 3.5262
v  -0.5718 -3.2465 3.4361
v  -0.8931 -3.0543 3.4351
v  -0.2357 -3.4572 3.3090
v  -0.2266 -3.3702 3.1982
v  -0.6159 -3.3304 3.4792
v  -0.8797 -3.1332 3.5864
v  -0.3055 -3.5630 3.3123
v  -0.9546 -2.6761 3.2726
v  -0.9999 -2.7763 3.4043
v  -1.1441 -2.5669 3.4064
v  -1.1548 -2.6776 3.5691
v  -1.0293 -2.8267 3.4905
v  -1.0140 -2.8609 3.4119
v  -1.0592 -2.8757 3.5594
v  -1.1617 -2.7365 3.6679
v  -1.1521 -2.8023 3.7268
v  -1.0742 -2.9431 3.6144
v  -1.0629 -2.9872 3.6729
v  -1.1702 -2.8764 3.7611
v  -1.1708 -2.9580 3.7987
v  -1.0563 -3.0509 3.7275
v  -1.4741 -2.5066 3.6877
v  -1.4306 -2.5583 3.7676
v  -1.3725 -2.5790 3.7011
v  -1.4059 -2.5230 3.6025
v  -1.2997 -2.5378 3.5088
v  -1.3000 -2.6203 3.6346
v  -1.4639 -2.8065 4.0544
v  -1.5417 -2.7656 4.0928
v  -1.5242 -2.7140 4.0854
v  -1.4302 -2.7159 4.0259
v  -1.2749 -2.6841 3.7274
v  -1.3490 -2.6539 3.7839
v  -1.2532 -2.7458 3.7899
v  -1.3232 -2.7165 3.8528
v  -1.3726 -2.7007 3.9282
v  -1.3761 -2.7839 3.9792
v  -1.3294 -2.8299 3.9153
v  -1.3173 -2.7693 3.8881
v  -1.3575 -2.7470 3.9428
v  -1.4323 -2.6050 3.9247
v  -1.3947 -2.6269 3.8595
v  -1.4584 -2.6273 4.0474
v  -1.4759 -2.5681 3.9656
v  -1.5177 -2.6587 4.1016
v  -1.2503 -2.8062 3.8339
v  -1.2761 -2.8895 3.8445
v  3.4564 -5.0230 2.1265
v  3.5374 -5.0963 2.0480
v  3.4958 -5.0240 1.9614
v  3.4034 -4.9239 2.0130
v  3.5816 -5.1051 1.9043
v  3.6131 -5.1585 1.9659
v  3.5207 -5.0655 1.8608
v  3.4536 -4.9877 1.8755
v  3.3248 -4.8527 1.8897
v  3.5243 -5.0949 1.8101
v  3.4300 -5.0094 1.8100
v  3.4178 -5.0473 1.7506
v  3.5050 -5.1210 1.7484
v  3.3458 -4.9560 1.7359
v  3.3545 -4.8969 1.8005
v  3.6059 -5.1472 1.8378
v  3.6476 -5.2042 1.8901
v  3.6361 -5.2472 1.8146
v  3.5858 -5.1807 1.7708
v  3.6045 -5.3357 2.0051
v  3.6495 -5.2749 1.9415
v  3.6207 -5.2246 2.0214
v  3.5938 -5.2848 2.0578
v  3.5840 -5.4005 1.9243
v  3.6330 -5.3278 1.8640
v  3.5440 -5.2312 1.7104
v  3.4736 -5.1689 1.6958
v  3.5779 -5.2927 1.7421
v  3.4670 -5.3127 1.6954
v  3.4532 -5.2575 1.6812
v  3.4210 -5.1969 1.6786
v  3.5173 -5.4291 1.8224
v  3.5697 -5.3625 1.7823
v  3.4620 -5.3725 1.7176
v  3.4381 -5.4139 1.7558
v  3.3287 -5.4089 1.7514
v  3.3113 -5.3510 1.6960
v  3.1844 -5.4161 1.7487
v  3.1608 -5.3466 1.6661
v  3.3195 -5.2960 1.6640
v  3.1693 -5.2698 1.6292
v  -0.4075 -3.9982 2.8166
v  -0.0555 -4.2174 2.7026
v  -0.0280 -4.2266 2.8091
v  -0.3816 -3.9959 2.9230
v  0.2352 -4.3584 2.6317
v  0.2603 -4.3804 2.7250
v  -0.3169 -3.7741 2.6963
v  -0.7477 -3.5214 2.8877
v  -0.7191 -3.4846 2.8332
v  -0.2993 -3.7436 2.6417
v  -1.0967 -3.2789 2.9627
v  -1.1378 -3.3164 3.0045
v  -1.2809 -3.2077 3.0022
v  -1.3387 -3.2430 3.0233
v  -1.2522 -3.6422 3.0982
v  -0.8389 -3.7896 3.0321
v  -1.2499 -3.5795 3.0258
v  -0.8479 -3.7567 2.9450
v  -1.4433 -3.5318 3.1356
v  -1.4428 -3.5820 3.2055
v  -1.5429 -3.5409 3.2006
v  -1.4196 -3.4652 3.0953
v  -1.5272 -3.4735 3.1472
v  -1.4893 -3.3933 3.1045
v  -0.8370 -3.6975 2.9117
v  -0.8171 -3.6353 2.9025
v  -1.2249 -3.5109 3.0060
v  -1.2112 -3.4503 3.0008
v  -0.3652 -3.8633 2.7630
v  -0.3981 -3.9368 2.7635
v  -1.3946 -3.3822 3.0745
v  -1.3765 -3.3074 3.0574
v  -1.4712 -3.2933 3.0514
v  -1.1811 -3.3816 3.0039
v  -1.5565 -3.2667 3.0202
v  -1.5646 -3.3478 3.0894
v  -1.3862 -3.4319 3.0737
v  -1.5902 -3.4286 3.1437
v  -1.6133 -3.4975 3.2036
v  -0.7844 -3.5762 2.9047
v  -0.3356 -3.8118 2.7470
v  -1.7289 -3.5757 3.3496
v  -1.8382 -3.4866 3.2803
v  -1.7045 -3.7264 3.4397
v  -1.6763 -3.7119 3.4164
v  -1.6285 -3.8089 3.4473
v  -1.5991 -3.7843 3.4198
v  -1.6198 -3.5570 3.2662
v  -1.6199 -3.5973 3.3287
v  -1.5358 -3.5772 3.2758
v  -1.5167 -3.6295 3.3432
v  -1.4312 -3.5913 3.2820
v  -1.4203 -3.6231 3.3286
v  -1.6476 -3.6744 3.3841
v  -1.6356 -3.6385 3.3625
v  -1.5405 -3.6805 3.3642
v  -1.5558 -3.7211 3.3798
v  -1.6408 -3.7106 3.3995
v  -1.5705 -3.7586 3.3984
v  -1.3951 -3.6639 3.3499
v  -1.4215 -3.6916 3.3616
v  -1.2228 -3.7254 3.3502
v  -1.2362 -3.7776 3.3859
v  -1.4967 -3.8568 3.4235
v  -1.5292 -3.8933 3.4586
v  -1.3204 -3.9839 3.4442
v  -1.3580 -4.0307 3.4805
v  -1.5578 -3.9191 3.5086
v  -1.3923 -4.0678 3.5366
v  -1.4482 -3.7723 3.3873
v  -1.4688 -3.8146 3.4039
v  -1.2683 -3.8824 3.4339
v  -1.2913 -3.9344 3.4340
v  -1.2493 -3.8280 3.4183
v  -1.4359 -3.7298 3.3743
v  -1.0248 -4.2291 3.4860
v  -0.7008 -4.5571 3.5010
v  -0.7625 -4.6189 3.5156
v  -1.0774 -4.2906 3.4925
v  -1.1259 -4.3387 3.5458
v  -0.8186 -4.6672 3.5784
v  -0.4645 -4.1863 3.1702
v  -0.8667 -3.9200 3.2827
v  -0.5211 -4.2863 3.2682
v  -0.8997 -3.9995 3.3385
v  -0.5800 -4.3847 3.3738
v  -0.9368 -4.0743 3.3959
v  -0.9684 -4.1352 3.4489
v  -0.6310 -4.4660 3.4592
v  -0.6629 -4.5125 3.4997
v  -0.9923 -4.1803 3.4816
v  -0.1980 -5.1883 3.6005
v  -0.2815 -5.2588 3.6412
v  -0.4850 -4.9581 3.5896
v  -0.4177 -4.8991 3.5487
v  -0.5409 -5.0017 3.6688
v  -0.3423 -5.3050 3.7378
v  -0.1188 -4.4351 3.0808
v  0.1411 -4.6414 3.0085
v  -0.1947 -4.5621 3.2195
v  0.0471 -4.7968 3.1747
v  -0.0184 -4.9478 3.3775
v  -0.2607 -4.6894 3.3773
v  -0.3214 -4.7975 3.4997
v  -0.0824 -5.0789 3.5311
v  -0.1363 -5.1423 3.5913
v  -0.3673 -4.8542 3.5467
v  0.6039 -6.0002 3.6502
v  0.9456 -6.2587 3.6313
v  0.8516 -6.3528 3.6296
v  0.5052 -6.0855 3.6604
v  1.2710 -6.6686 3.5948
v  1.3629 -6.5628 3.6070
v  1.1661 -6.7617 3.6445
v  0.7494 -6.4398 3.6815
v  0.4099 -6.1591 3.7304
v  0.9673 -6.1939 3.5871
v  0.9799 -6.1094 3.4569
v  0.6438 -5.9328 3.6286
v  0.6591 -5.8598 3.5034
v  1.4044 -6.3689 3.4324
v  1.3747 -6.4921 3.5496
v  0.1523 -4.9232 3.8445
v  -0.1835 -4.5767 3.8900
v  -0.2083 -4.6175 3.9871
v  0.1239 -4.9546 3.9626
v  -0.5563 -4.1931 3.9255
v  -0.5488 -4.2156 4.0143
v  -0.5633 -4.2571 4.1078
v  -0.2307 -4.6519 4.0910
v  0.0989 -4.9730 4.0957
v  -0.7964 -3.8552 3.9458
v  -0.8053 -3.8810 4.0136
v  -0.9816 -3.6160 4.0095
v  -0.9674 -3.5969 3.9546
v  -1.0091 -3.6371 4.0645
v  -0.8268 -3.9153 4.0837
v  -0.7211 -3.6215 3.6141
v  -0.4358 -3.8887 3.4973
v  -0.9489 -3.4210 3.6672
v  -0.9630 -3.5038 3.7341
v  -0.7440 -3.7334 3.6852
v  -0.4584 -4.0146 3.6045
v  -0.5224 -4.1428 3.7998
v  -0.7950 -3.8305 3.8288
v  -0.8023 -3.8472 3.8870
v  -0.5399 -4.1672 3.8657
v  -0.9885 -3.5772 3.8509
v  -0.9736 -3.5855 3.9039
v  -0.7695 -3.7959 3.7602
v  -0.9811 -3.5528 3.7923
v  -0.4914 -4.0957 3.7084
v  -1.2116 -3.3097 3.9917
v  -1.2870 -3.2163 4.0268
v  -1.2776 -3.2695 4.0634
v  -1.2029 -3.3394 4.0246
v  -1.3377 -3.2407 4.1191
v  -1.3819 -3.1473 4.0725
v  -1.3138 -3.3462 4.1247
v  -1.2503 -3.3541 4.0827
v  -1.1953 -3.3809 4.0529
v  -1.1651 -3.2149 3.8172
v  -1.0767 -3.2333 3.7210
v  -1.0556 -3.1373 3.7511
v  -1.1506 -3.0705 3.8351
v  -1.1267 -3.3708 3.7422
v  -1.0835 -3.3290 3.6944
v  -1.1010 -3.4224 3.9711
v  -1.1043 -3.4417 4.0137
v  -1.1290 -3.4613 4.0528
v  -1.2422 -2.9965 3.8937
v  -1.3428 -2.9278 3.9348
v  -1.3138 -3.0374 3.9825
v  -1.2222 -3.1014 3.9171
v  -1.2203 -3.1622 3.9187
v  -1.2600 -3.1529 3.9547
v  -1.2127 -3.2653 3.9118
v  -1.2084 -3.2632 3.8565
v  -1.3447 -3.0828 4.0333
v  -1.4163 -2.9953 4.0903
v  -1.4102 -2.9424 4.0372
v  -1.4436 -3.0409 4.1482
v  -1.2119 -3.2810 3.9566
v  -1.2847 -3.1755 3.9885
v  -1.4047 -2.8625 3.9951
v  -1.1244 -3.3984 3.8787
v  -1.1125 -3.4099 3.9270
v  -1.1380 -3.3929 3.8136
v  -1.1498 -3.6831 4.1226
v  -1.0606 -3.6670 4.1103
v  -1.1819 -3.4758 4.0902
v  -1.2534 -3.4786 4.1133
v  -0.9587 -4.0368 4.1485
v  -0.8838 -3.9670 4.1458
v  -0.6419 -4.3379 4.1501
v  -0.7290 -4.4225 4.1514
v  -1.1458 -3.9342 4.1663
v  -1.0350 -4.1504 4.2032
v  -1.0048 -4.0993 4.1624
v  -1.1621 -3.8111 4.1365
v  -0.7769 -4.4776 4.1909
v  -0.8203 -4.5249 4.2361
v  -0.3038 -4.7235 4.1552
v  -0.4021 -4.8141 4.1427
v  -0.0783 -5.1319 4.1927
v  0.0286 -5.0377 4.2042
v  -0.4605 -4.8617 4.1902
v  -0.5309 -4.9021 4.2474
v  -0.2405 -5.2081 4.2885
v  -0.1486 -5.1770 4.2238
v  0.8179 -6.0917 4.1709
v  0.7448 -6.1961 4.2006
v  1.0519 -6.4179 4.2446
v  1.1403 -6.3169 4.2123
v  0.8819 -6.5076 4.3019
v  0.6015 -6.2903 4.2564
v  1.1887 -6.7528 4.3440
v  1.3905 -6.6731 4.3009
v  1.4972 -6.5850 4.2700
v  1.0488 -6.8252 3.8693
v  0.6531 -6.5079 3.8827
v  0.6865 -6.4949 3.7740
v  1.1030 -6.8036 3.7645
v  0.3574 -6.2040 3.8157
v  0.3251 -6.2208 3.9095
v  -0.8704 -4.6993 3.7467
v  -0.8466 -4.6859 3.6650
v  -0.5752 -5.0233 3.7445
v  -0.6114 -5.0426 3.8161
v  -0.3793 -5.3240 3.8139
v  -0.4148 -5.3376 3.8812
v  -1.4183 -4.0951 3.6006
v  -1.5807 -3.9391 3.5614
v  -1.5957 -3.9544 3.6166
v  -1.4315 -4.1103 3.6662
v  -1.1595 -4.3698 3.6194
v  -1.1756 -4.3824 3.6984
v  -1.4363 -4.1208 3.7194
v  -1.6033 -3.9702 3.6694
v  -1.4282 -4.1147 3.7769
v  -1.5982 -3.9867 3.7215
v  -1.7254 -3.9212 3.6869
v  -1.7106 -3.8795 3.6236
v  -1.7929 -3.8012 3.5891
v  -1.8198 -3.8211 3.6404
v  -1.1833 -4.3871 3.7637
v  -1.1973 -4.3919 3.8226
v  -0.8879 -4.7054 3.8213
v  -0.9243 -4.7231 3.8898
v  -1.5791 -4.0087 3.7736
v  -1.6412 -4.0028 3.7793
v  -1.4447 -4.1264 3.8338
v  -1.4988 -4.1639 3.8952
v  -1.2961 -3.5813 4.1036
v  -1.2716 -3.7014 4.1359
v  -1.3448 -3.6797 4.1642
v  -1.3830 -3.5426 4.1215
v  -1.2606 -3.8912 4.2283
v  -1.2128 -3.8849 4.1845
v  -1.4801 -3.5097 4.1756
v  -1.4404 -3.5269 4.1509
v  -1.4282 -3.4508 4.1633
v  -1.4507 -3.4217 4.1768
v  -1.3874 -3.4449 4.1531
v  -1.4071 -3.3802 4.1785
v  -1.3250 -3.4600 4.1339
v  -1.3639 -3.3543 4.1576
v  2.7509 -7.4125 3.7963
v  2.6808 -7.5243 3.8012
v  2.6015 -7.4862 3.7430
v  2.6896 -7.3586 3.7302
v  2.7802 -7.4500 3.8514
v  2.7406 -7.5325 3.8772
v  2.6706 -7.5796 3.9050
v  2.5992 -7.5844 3.8740
v  2.5029 -7.5577 3.8320
v  2.6819 -7.3867 4.1757
v  2.6065 -7.5002 4.1573
v  2.6895 -7.5101 4.1233
v  2.7565 -7.3531 4.0654
v  2.7149 -7.2859 4.0822
v  2.7495 -7.4412 4.1015
v  2.5943 -7.3181 4.2313
v  2.6497 -7.1977 4.1151
v  2.4884 -7.4527 4.1981
v  2.4353 -7.5574 4.0224
v  2.5618 -7.5896 4.0288
v  2.5697 -7.5553 4.0939
v  2.4420 -7.5216 4.1155
v  2.6773 -7.5782 4.0159
v  2.6872 -7.5524 4.0687
v  2.7888 -7.4938 3.9899
v  2.7814 -7.4707 4.0406
v  2.7842 -7.3528 3.9516
v  2.7735 -7.3455 4.0083
v  2.6713 -7.5853 3.9601
v  2.5667 -7.5978 3.9529
v  2.4540 -7.5661 3.9303
v  2.7750 -7.5185 3.9436
v  2.7949 -7.3999 3.8993
v  2.7076 -7.2337 3.7883
v  2.7609 -7.3099 3.8452
v  2.7324 -7.2505 3.9165
v  2.6818 -7.1585 3.8821
v  2.7158 -7.2480 3.9922
v  2.6535 -7.1591 3.9873
v  -1.5902 -3.8782 4.4874
v  -1.4934 -4.1864 4.6398
v  -1.4245 -4.1651 4.6266
v  -1.5229 -3.8542 4.4741
v  -1.3009 -4.5339 4.8176
v  -1.3738 -4.5577 4.8493
v  -1.2445 -4.5176 4.7647
v  -1.3651 -4.1447 4.5930
v  -1.4652 -3.8337 4.4385
v  -1.6688 -3.8819 4.4743
v  -1.5777 -4.1878 4.6262
v  -1.6701 -4.2101 4.5897
v  -1.7569 -3.9075 4.4378
v  -1.5744 -4.5950 4.8194
v  -1.4699 -4.5675 4.8485
v  -1.6773 -3.4854 4.2407
v  -1.6479 -3.6459 4.3522
v  -1.5845 -3.6283 4.3370
v  -1.6191 -3.4728 4.2268
v  -1.5323 -3.6197 4.3028
v  -1.5661 -3.4698 4.2066
v  -1.7309 -3.4970 4.2404
v  -1.7159 -3.6551 4.3420
v  -1.7988 -3.6861 4.3140
v  -1.8130 -3.5116 4.2136
v  -1.4507 -3.3155 4.2087
v  -1.4922 -3.3822 4.2039
v  -1.5504 -3.3522 4.2300
v  -1.5209 -3.2465 4.2565
v  -1.5214 -3.4860 4.1923
v  -1.8782 -3.4696 4.1218
v  -1.8057 -3.3929 4.2125
v  -1.9163 -3.3473 4.1688
v  -1.8874 -3.3973 4.1572
v  -1.8284 -3.3132 4.2569
v  -1.9533 -3.2881 4.1684
v  -1.8998 -3.2904 4.2704
v  -1.4908 -3.0885 4.2222
v  -1.5408 -3.1347 4.3119
v  -1.4307 -3.1790 4.1936
v  -1.3956 -3.2618 4.1755
v  -1.8656 -3.2191 4.3615
v  -1.8055 -3.2339 4.3602
v  -1.7677 -3.1203 4.4175
v  -1.8570 -3.1240 4.4332
v  -1.6236 -3.3494 4.2312
v  -1.6190 -3.2645 4.2926
v  -1.7010 -3.2788 4.2810
v  -1.6918 -3.3631 4.2294
v  -1.8083 -2.9825 4.4269
v  -1.7299 -2.9410 4.3948
v  -1.6712 -3.0648 4.3892
v  -1.8760 -3.0186 4.4432
v  -1.7657 -3.2509 4.3451
v  -1.7141 -3.2147 4.3703
v  -1.7576 -3.2955 4.2611
v  -1.6305 -3.1759 4.3575
v  -1.7453 -3.3780 4.2235
v  -1.9026 -3.5574 4.0552
v  -1.8895 -3.6404 4.1362
v  -1.9507 -3.6461 3.9826
v  -1.9465 -3.7511 4.0505
v  -1.9012 -3.8469 3.7383
v  -1.8598 -3.8341 3.6898
v  -1.7847 -3.9356 3.7330
v  -1.8418 -3.9566 3.7788
v  -1.9284 -3.6888 3.7515
v  -1.9103 -3.6952 3.6806
v  -1.9306 -3.8671 3.7887
v  -1.9594 -3.8011 3.8264
v  -1.9026 -3.9594 3.8379
v  -1.9643 -3.9202 3.8977
v  -1.9562 -3.7260 3.8990
v  -1.9801 -3.6315 3.8386
v  -1.9844 -3.8471 3.9727
v  -1.6962 -4.2115 3.9091
v  -1.7810 -4.0634 3.8188
v  -1.7071 -4.0320 3.7871
v  -1.6102 -4.1667 3.9030
v  -1.9172 -3.9000 4.1447
v  -1.8725 -3.7846 4.2374
v  -1.8389 -4.0016 4.3673
v  -1.8684 -4.1128 4.2687
v  -1.9258 -4.0525 3.9749
v  -1.9382 -3.9897 4.0613
v  -1.8792 -4.1913 4.1771
v  -1.8490 -4.2330 4.0823
v  -1.7849 -4.2375 3.9816
v  -1.8595 -4.0714 3.8890
v  -1.7854 -4.4077 4.4196
v  -1.7521 -4.3010 4.5168
v  -1.6567 -4.6841 4.7412
v  -1.6963 -4.7845 4.6420
v  -1.4648 -4.8296 4.3123
v  -1.5655 -4.8688 4.3658
v  -1.6744 -4.5016 4.1498
v  -1.5791 -4.4596 4.0945
v  -1.7378 -4.5052 4.2473
v  -1.6401 -4.8752 4.4603
v  -1.7764 -4.4758 4.3313
v  -1.6761 -4.8449 4.5508
v  -1.6056 -5.2419 4.9734
v  -1.5626 -5.1576 5.0765
v  -1.5291 -5.6517 5.2817
v  -1.4948 -5.5782 5.4011
v  -1.3930 -5.4941 5.4681
v  -1.4707 -5.0782 5.1393
v  -1.2891 -5.7158 4.7798
v  -1.4021 -5.7260 4.8628
v  -1.4693 -5.3186 4.6304
v  -1.3586 -5.2896 4.5698
v  -1.5554 -5.3183 4.7378
v  -1.4797 -5.7075 4.9971
v  -1.5153 -5.6858 5.1442
v  -1.5891 -5.2896 4.8594
v  -0.9181 -7.2142 6.1598
v  -0.8052 -7.1536 6.2589
v  -0.9074 -6.8423 6.0303
v  -0.9964 -6.8906 5.9464
v  -0.8021 -6.8000 6.0801
v  -0.6665 -7.1003 6.3026
v  -0.9281 -6.5250 5.9244
v  -1.0275 -6.5648 5.8780
v  -1.1033 -6.6132 5.7923
v  -1.0367 -7.0214 5.7144
v  -1.0553 -6.9602 5.8440
v  -1.1401 -6.6863 5.6885
v  -1.1274 -6.7496 5.5626
v  -0.9516 -7.3431 5.8906
v  -0.9746 -7.2823 6.0331
v  -0.7029 -7.3764 5.6861
v  -0.8574 -7.3907 5.7493
v  -0.9550 -7.0548 5.5682
v  -0.8040 -7.0150 5.5025
v  -1.0489 -6.7630 5.4199
v  -0.9204 -6.7173 5.3340
v  1.4188 -1.4319 0.6372
v  1.1796 -1.4284 0.7342
v  1.2435 -1.4327 0.8132
v  1.4751 -1.4449 0.7085
v  1.2978 -1.4723 0.8791
v  1.5251 -1.4745 0.7729
v  1.3048 -1.6147 0.8779
v  1.3175 -1.5433 0.9012
v  1.5472 -1.6166 0.8030
v  1.5534 -1.5359 0.8114
v  1.2728 -1.6740 0.8300
v  1.2406 -1.7472 0.7791
v  1.4779 -1.7563 0.7186
v  1.5045 -1.6782 0.7438
v  2.4115 -4.4632 2.1373
v  2.0625 -4.3078 2.2692
v  2.0641 -4.3657 2.3260
v  2.4279 -4.5190 2.1947
v  2.3853 -4.3690 2.0533
v  2.0453 -4.2212 2.1764
v  1.6885 -4.1908 2.3632
v  1.6762 -4.1077 2.2638
v  2.1044 -1.8359 0.2807
v  2.1448 -1.7559 0.2421
v  2.0403 -1.8355 0.2055
v  2.0924 -1.7746 0.1704
v  1.9741 -1.5700 0.0448
v  2.0199 -1.4758 0.0501
v  1.8615 -1.5157 0.0613
v  1.8852 -1.4227 0.0756
v  2.0780 -2.0332 0.2918
v  2.0469 -1.8952 0.2480
v  2.1010 -1.8969 0.3029
v  2.1396 -2.0341 0.3339
v  3.3334 -5.1513 1.6565
v  3.3771 -5.0923 1.6933
v  3.1791 -5.0578 1.6488
v  3.2887 -5.0009 1.6600
v  3.1951 -4.7650 1.6439
v  3.2847 -4.8766 1.7047
v  3.2186 -4.9305 1.6228
v  3.1368 -4.8182 1.5777
v  3.0980 -4.9569 1.6314
v  3.0237 -4.8268 1.5920
v  3.1767 -5.1717 1.6232
v  3.3208 -5.2242 1.6465
v  3.4047 -5.4575 1.8709
v  3.4852 -5.4288 2.0086
v  3.3854 -5.4778 2.1055
v  3.2787 -5.4394 1.9134
v  2.3851 -7.3966 4.2404
v  2.5098 -7.2488 4.2691
v  2.4211 -7.1712 4.2924
v  2.2703 -7.3331 4.2915
v  2.5860 -7.1159 4.1480
v  2.5142 -7.0398 4.1713
v  2.3086 -7.4837 4.1314
v  2.2940 -7.4995 3.9960
v  2.1837 -7.4882 4.1605
v  2.1057 -7.4954 3.9670
v  2.5415 -7.2344 3.6370
v  2.6071 -7.1021 3.6941
v  2.6487 -7.1681 3.7453
v  2.6179 -7.2997 3.6924
v  2.6368 -7.0777 3.8478
v  2.5855 -6.9811 3.8070
v  2.5974 -7.0790 3.9830
v  2.5348 -7.0060 3.9888
v  3.4814 -5.1505 2.2189
v  3.5547 -5.1893 2.1204
v  3.5408 -5.2899 2.1408
v  3.4580 -5.3112 2.2738
v  3.5210 -5.3712 2.0986
v  3.4607 -5.4272 2.2064
v  1.3586 -5.3931 2.5724
v  0.9878 -5.2351 2.6627
v  1.8188 -5.5767 2.4948
v  1.6600 -5.8787 2.8223
v  1.1892 -5.6968 2.8434
v  0.8278 -5.5031 2.9136
v  1.0513 -5.9492 3.1682
v  0.7123 -5.7233 3.2253
v  1.5153 -6.1476 3.1684
v  0.7009 -1.0215 0.4906
v  0.8833 -1.0706 0.3297
v  0.7998 -0.8387 0.2209
v  0.6225 -0.8040 0.3804
v  0.9935 -0.8852 0.0733
v  1.1014 -1.1052 0.2017
v  0.9019 -0.6457 -0.0325
v  0.7156 -0.6080 0.1107
v  0.5555 -0.5766 0.2790
v  0.8740 -1.0256 -0.1229
v  0.9794 -1.0163 -0.1829
v  1.0595 -1.1876 -0.0606
v  0.9518 -1.1933 -0.0014
v  1.1666 -1.1758 -0.1131
v  1.0835 -0.9994 -0.2347
v  1.5927 -0.9647 -0.0997
v  1.5718 -0.9977 -0.1265
v  1.4462 -0.8077 -0.2186
v  1.4653 -0.7743 -0.1954
v  1.7055 -1.1335 -0.0022
v  1.6860 -1.1660 -0.0266
v  1.6481 -1.1981 -0.0475
v  1.5357 -1.0310 -0.1490
v  1.4184 -0.8427 -0.2423
v  1.7829 -1.3114 0.0396
v  1.7519 -1.3573 0.0244
v  1.7956 -1.2650 0.0627
v  1.7997 -1.2196 0.1025
v  1.7512 -1.2194 0.1519
v  1.6867 -1.1124 0.0341
v  1.6367 -1.1086 0.0634
v  1.5736 -0.9403 -0.0584
v  1.4776 -0.7347 -0.1546
v  1.4426 -0.7048 -0.1054
v  1.5280 -0.9281 -0.0325
v  1.3063 -1.3631 0.4887
v  1.0723 -1.3582 0.5874
v  1.1316 -1.4063 0.6707
v  1.3700 -1.4062 0.5761
v  0.9239 -1.3823 0.7794
v  0.8692 -1.3252 0.7091
v  0.9807 -1.2498 0.4607
v  0.7860 -1.2046 0.6029
v  1.2121 -1.2632 0.3534
v  2.9495 -4.6068 1.4486
v  3.0458 -4.6044 1.4392
v  2.8724 -4.3517 1.1942
v  2.9525 -4.3305 1.2135
v  3.1117 -4.5643 1.4834
v  1.9182 -3.8506 1.7726
v  1.8352 -3.6088 1.4858
v  2.1266 -3.7198 1.3807
v  2.2179 -3.9960 1.6419
v  2.0143 -3.3964 1.1346
v  1.7333 -3.3181 1.2171
v  1.9928 -4.0612 2.0066
v  1.6408 -3.9498 2.0997
v  2.3166 -4.2060 1.8824
v  2.8089 -3.9916 0.9779
v  2.6778 -3.6130 0.7314
v  2.7655 -4.0290 0.9250
v  2.6379 -3.6510 0.6681
v  2.2375 -2.3458 0.3904
v  2.3961 -2.7510 0.4565
v  2.3316 -2.7698 0.3828
v  2.1736 -2.3497 0.3504
v  2.5613 -3.1838 0.5507
v  2.4894 -3.2164 0.4883
v  2.5837 -3.1568 0.6399
v  1.6999 -2.6522 0.8114
v  1.4718 -2.6002 0.9443
v  1.5978 -2.9731 1.0382
v  1.8483 -3.0451 0.9276
v  1.2936 -4.7066 2.2518
v  1.6243 -4.8415 2.1145
v  1.6007 -4.8954 2.1996
v  1.2668 -4.7561 2.3444
v  2.0152 -5.0881 2.0532
v  2.0147 -5.0352 1.9502
v  2.2493 -1.4611 0.3107
v  2.2552 -1.5258 0.3339
v  2.1750 -1.5061 0.4128
v  2.1587 -1.4397 0.3945
v  2.2269 -1.4095 0.2741
v  2.1363 -1.3910 0.3599
v  1.9630 -1.7867 0.1391
v  2.0334 -1.7542 0.1190
v  1.9882 -1.7092 0.0828
v  1.9041 -1.7314 0.0892
v  1.8803 -1.6459 0.0615
v  1.9667 -1.6471 0.0569
v  1.5063 -1.9768 0.7218
v  1.2813 -1.9816 0.8206
v  1.3662 -2.2494 0.8803
v  1.5939 -2.2656 0.7724
v  1.2452 -1.8378 0.7894
v  1.4748 -1.8307 0.7123
v  1.2571 -2.3273 0.6893
v  1.4458 -2.3227 0.6435
v  1.2238 -2.0814 0.5547
v  1.3934 -2.0641 0.5105
v  1.5854 -2.0483 0.4470
v  1.6578 -2.3251 0.5688
v  1.3688 -1.9517 0.4460
v  1.2129 -1.9666 0.5055
v  1.5524 -1.9254 0.3883
v  2.4080 -7.4979 3.7926
v  2.5218 -7.4266 3.7023
v  2.4332 -7.3641 3.6727
v  2.3117 -7.4357 3.7558
v  2.3323 -7.5057 3.8974
v  2.2044 -7.4706 3.8524
v  0.9485 -5.8683 4.0107
v  1.2537 -6.1038 4.0339
v  1.2510 -6.0748 3.9299
v  0.9529 -5.8256 3.8988
v  1.6215 -6.3271 3.9811
v  1.6268 -6.3469 4.0961
v  1.6279 -6.2863 3.8899
v  1.2539 -6.0279 3.8374
v  0.9421 -5.7905 3.7881
v  1.2231 -6.1773 4.1743
v  0.9082 -5.9500 4.1506
v  1.5903 -6.4369 4.2368
v  1.6136 -4.4862 2.6540
v  1.5650 -4.5546 2.6601
v  1.9660 -4.6560 2.5774
v  2.0048 -4.5948 2.5586
v  1.8928 -4.7792 2.6357
v  1.4862 -4.6801 2.7016
v  2.3074 -4.9552 2.5214
v  2.3861 -4.8200 2.4611
v  2.4235 -4.7552 2.4374
v  1.9448 -5.5767 2.8954
v  2.1576 -5.2172 2.7052
v  1.7303 -5.0387 2.7649
v  1.5315 -5.3636 2.9549
v  1.3310 -4.9243 2.8137
v  1.1592 -5.2091 3.0074
v  3.2101 -4.7021 1.7052
v  3.2963 -4.8051 1.7749
v  3.2420 -4.7511 1.8448
v  3.1591 -4.6520 1.7684
v  3.0810 -4.4728 1.6109
v  3.1358 -4.5087 1.5485
v  2.1109 -4.4021 1.6623
v  1.7420 -4.2839 1.7688
v  1.7708 -4.4825 1.9473
v  2.1560 -4.6063 1.8411
v  1.4436 -4.3236 2.0622
v  1.4174 -4.1619 1.8637
v  1.4295 -4.4980 2.1761
v  1.4448 -4.4285 2.1474
v  1.7856 -4.5703 2.0488
v  1.7718 -4.6323 2.0935
v  2.1733 -4.7067 1.9250
v  2.1653 -4.7664 1.9603
v  3.0832 -5.9246 2.4874
v  3.0443 -5.9583 2.4400
v  3.2354 -5.6367 2.2868
v  3.0478 -5.8624 2.5288
v  3.3130 -5.6278 2.3549
v  3.2572 -5.5549 2.4167
v  2.8535 -6.2367 2.7771
v  2.9063 -6.3232 2.7368
v  2.8889 -6.4377 2.6277
v  3.4203 -5.4923 2.2789
v  3.3733 -5.4040 2.3438
v  3.3560 -5.5318 2.1921
v  2.4753 -4.6744 2.4317
v  2.0653 -4.5226 2.5513
v  2.1054 -4.4490 2.5004
v  2.5027 -4.5957 2.3820
v  1.6733 -4.4125 2.6339
v  2.0860 -4.4134 2.4050
v  2.4753 -4.5466 2.2889
v  1.3624 -4.6204 2.1916
v  1.6854 -4.7566 2.0763
v  1.6509 -4.7986 2.0769
v  1.3272 -4.6627 2.2076
v  2.0346 -4.9689 1.9051
v  2.0730 -4.9068 1.9202
v  1.7336 -4.7023 2.1021
v  2.1262 -4.8429 1.9627
v  1.3992 -4.5644 2.1873
v  2.7143 -6.5641 3.1819
v  2.6201 -6.9177 3.4664
v  2.7443 -6.6702 3.1152
v  2.5742 -6.8099 3.5338
v  2.5226 -6.9694 3.3974
v  2.6578 -6.7276 3.0392
v  2.5248 -7.1321 3.5514
v  2.5746 -6.9205 3.7104
v  2.5983 -7.0389 3.6268
v  1.0248 -5.4551 3.2680
v  1.3593 -5.6696 3.2228
v  0.9498 -5.6283 3.5230
v  1.2626 -5.8759 3.5175
v  1.7415 -5.9380 3.1753
v  1.6651 -6.1213 3.5575
v  1.2511 -5.9653 3.7225
v  1.6561 -6.1961 3.7935
v  0.9369 -5.7260 3.6829
v  2.0823 -7.5201 4.1921
v  2.1206 -7.3872 4.3169
v  1.8416 -7.3986 4.3386
v  1.8448 -7.5739 4.2962
v  1.7540 -7.6584 4.1548
v  1.9757 -7.5363 4.0355
v  0.8359 -6.8811 4.0740
v  0.4644 -6.5648 4.0927
v  0.5943 -6.5215 3.9644
v  0.9862 -6.8383 3.9472
v  0.2580 -6.2446 3.9836
v  0.1347 -6.2965 4.0951
v  -0.7422 -6.4464 5.8151
v  -0.6201 -6.7299 5.9754
v  -0.6096 -6.7264 5.8323
v  -0.7198 -6.4195 5.6721
v  -0.4220 -7.0374 6.0330
v  -0.4467 -7.0262 6.1780
v  -0.3864 -7.0323 5.9103
v  -0.5875 -6.7065 5.7023
v  -0.7082 -6.3915 5.5370
v  -0.6962 -6.7533 6.0692
v  -0.5383 -7.0472 6.2824
v  -0.8206 -6.4757 5.9139
v  1.8540 -1.3976 0.4624
v  1.6526 -1.4304 0.5413
v  1.7042 -1.4481 0.5984
v  1.9036 -1.4239 0.5061
v  1.7469 -1.4716 0.6521
v  1.9389 -1.4559 0.5470
v  1.7470 -1.6808 0.6923
v  1.7137 -1.7545 0.6746
v  1.9056 -1.7479 0.6077
v  1.9371 -1.6675 0.6018
v  1.9667 -1.5829 0.5902
v  1.7875 -1.6020 0.7197
v  2.4976 -3.5530 0.9663
v  2.2821 -3.4861 1.0373
v  2.4117 -3.8339 1.2692
v  2.6535 -3.8991 1.2044
v  2.5167 -4.1316 1.5132
v  2.7916 -4.1735 1.4644
v  3.0843 -4.7562 1.9830
v  2.7964 -4.6468 2.0788
v  2.8609 -4.6845 2.1828
v  3.1737 -4.7889 2.1041
v  2.9049 -4.7505 2.2928
v  3.2268 -4.8826 2.2265
v  1.9272 -2.0241 0.3291
v  1.8777 -1.8982 0.2609
v  1.9769 -1.8953 0.2352
v  2.0163 -2.0282 0.2927
v  1.9522 -1.8476 0.2010
v  1.8525 -1.8546 0.2229
v  2.8883 -5.1703 1.7536
v  2.9047 -5.0823 1.7559
v  3.0691 -5.1372 1.6600
v  3.0578 -5.2367 1.6580
v  3.0590 -5.0346 1.6643
v  2.8996 -4.9834 1.7369
v  2.6381 -4.3411 1.2178
v  2.5197 -4.0277 0.9533
v  2.6737 -4.0445 0.9210
v  2.7895 -4.3561 1.1966
v  2.5349 -3.6677 0.6703
v  2.3916 -3.6429 0.7287
v  2.2092 -7.2265 4.3222
v  2.3405 -7.0937 4.2999
v  2.2000 -6.9680 4.2863
v  2.0754 -7.1084 4.2970
v  2.4358 -6.9672 4.1835
v  2.2829 -6.8477 4.1738
v  3.4020 -5.1021 2.2758
v  3.2358 -5.0142 2.3150
v  3.2147 -5.1352 2.3923
v  3.3634 -5.2470 2.3214
v  3.3816 -4.9636 2.1777
v  2.6359 -6.0888 2.7733
v  2.3108 -5.8743 2.7834
v  2.1677 -6.1624 3.2078
v  2.4790 -6.3927 3.1904
v  2.0921 -6.3443 3.6169
v  2.3623 -6.6215 3.5716
v  1.2225 -0.7182 -0.1235
v  1.0734 -0.6875 -0.1014
v  1.1777 -0.9151 0.0105
v  1.3348 -0.9203 0.0063
v  1.3031 -1.1051 0.1565
v  1.4625 -1.0957 0.1425
v  1.7989 -1.3015 0.2861
v  1.9057 -1.3436 0.3446
v  1.7811 -1.3678 0.4184
v  1.6878 -1.3220 0.3537
v  1.9882 -1.3798 0.3847
v  2.0349 -1.4099 0.4250
v  2.0621 -1.4473 0.4598
v  1.5933 -1.3998 0.4889
v  1.5177 -1.3481 0.4146
v  2.0839 -1.5048 0.4812
v  1.9629 -1.5102 0.5721
v  2.0829 -1.5801 0.4929
v  2.0486 -1.6668 0.5070
v  2.0165 -1.7531 0.5233
v  1.7799 -1.5199 0.6968
v  2.0161 -1.8260 0.5341
v  1.9068 -1.8111 0.6163
v  1.9595 -1.9491 0.6586
v  2.0656 -1.9728 0.5656
v  1.7119 -1.8183 0.6737
v  1.7601 -1.9534 0.7183
v  2.2638 -2.7233 0.6462
v  2.4178 -3.1763 0.7425
v  2.3201 -3.1487 0.7777
v  2.1587 -2.7089 0.6704
v  2.6094 -3.5801 0.9415
v  2.7798 -3.9244 1.1808
v  2.9223 -4.2094 1.4292
v  2.1156 -3.0976 0.8511
v  1.9554 -2.6819 0.7344
v  3.0913 -4.6274 1.7984
v  3.1677 -4.7257 1.8802
v  3.0277 -4.6808 1.9258
v  2.9602 -4.5858 1.8401
v  3.2286 -4.8121 1.9337
v  3.3230 -4.8613 2.0525
v  2.7595 -4.5822 2.0226
v  2.7057 -4.4981 1.9308
v  1.4921 -1.2610 -0.0487
v  1.5931 -1.4246 0.0468
v  1.4640 -1.4524 0.0871
v  1.3693 -1.2925 -0.0185
v  1.5454 -1.6070 0.1406
v  1.6796 -1.5805 0.0899
v  1.7243 -1.7017 0.0705
v  1.5862 -1.7277 0.1277
v  1.6251 -1.7990 0.1565
v  1.7647 -1.7767 0.1029
v  1.7735 -1.5462 0.0687
v  1.8121 -1.6687 0.0553
v  1.8450 -1.7517 0.0902
v  1.6880 -1.3933 0.0299
v  1.5851 -1.2316 -0.0615
v  1.8114 -1.8239 0.1618
v  1.6668 -1.8462 0.2117
v  1.7043 -1.8678 0.2770
v  1.7289 -1.9094 0.3171
v  1.7741 -2.0323 0.3835
v  1.8999 -1.8030 0.1491
v  2.7986 -4.7882 1.6409
v  2.8594 -4.9010 1.7132
v  2.5456 -4.8304 1.7850
v  2.5121 -4.7207 1.7212
v  2.5638 -4.8917 1.8160
v  2.5542 -4.9785 1.8569
v  2.5165 -5.0562 1.8271
v  3.0101 -4.9462 1.6592
v  2.9472 -4.8093 1.6172
v  2.1215 -2.7719 0.4453
v  2.2453 -3.2233 0.5422
v  2.0321 -3.1917 0.6256
v  1.9404 -2.7500 0.5397
v  2.1566 -3.5927 0.8141
v  2.2682 -3.9520 1.0457
v  2.3742 -4.2522 1.3093
v  2.3826 -3.2342 0.4889
v  2.2395 -2.7782 0.3934
v  2.8804 -5.3050 1.8064
v  2.9441 -5.3971 1.9317
v  2.5231 -5.2435 1.9818
v  2.4873 -5.1830 1.8661
v  3.0070 -5.4787 2.0544
v  2.5353 -5.3599 2.0599
v  2.5309 -5.4132 2.0885
v  2.9315 -5.6266 2.2012
v  2.4674 -5.5159 2.1689
v  3.0114 -5.5220 2.1103
v  3.2490 -5.4819 2.0812
v  3.2529 -5.5314 2.1581
v  3.1582 -5.6401 2.2701
v  3.1670 -5.4223 1.9280
v  3.0666 -5.3969 1.7594
v  2.2274 -6.8685 3.3609
v  2.2066 -7.0299 3.5039
v  1.8526 -6.7524 3.5720
v  1.8820 -6.6030 3.4369
v  2.2072 -7.1155 3.5782
v  1.8306 -6.8571 3.6160
v  1.7347 -6.9769 3.5960
v  2.1269 -7.2109 3.6225
v  2.0073 -7.2993 3.6747
v  1.6171 -7.0774 3.6280
v  2.4117 -7.2104 3.6086
v  2.3300 -7.3140 3.6501
v  2.2098 -7.3921 3.7213
v  2.4138 -7.1292 3.5196
v  2.4287 -6.9549 3.3727
v  1.5197 -7.1375 3.7357
v  1.8941 -7.3566 3.7695
v  1.7886 -7.3952 3.8593
v  1.4295 -7.1789 3.8267
v  1.3587 -7.1847 3.9062
v  1.6961 -7.4137 3.9374
v  1.5050 -7.4258 4.1093
v  1.2014 -7.1950 4.0749
v  1.9804 -7.4809 3.9010
v  1.8757 -7.5201 3.9679
v  1.6539 -7.5462 4.1139
v  2.0933 -7.4394 3.8153
v  -0.5751 -7.7156 5.8942
v  -0.7066 -7.7083 5.9605
v  -0.5863 -7.9726 6.1230
v  -0.4764 -7.9932 6.0545
v  -0.6528 -7.9232 6.2291
v  -0.8052 -7.6690 6.0766
v  -0.6533 -7.8650 6.3365
v  -0.8270 -7.6112 6.2112
v  -0.7763 -7.5459 6.3384
v  -0.6070 -7.8098 6.4351
v  -0.4980 -7.7581 6.5015
v  -0.6495 -7.4853 6.4191
v  -0.5091 -7.4348 6.4437
v  -0.3788 -7.7102 6.5291
v  -0.3960 -7.3871 6.4130
v  -0.2828 -7.6591 6.5083
v  -0.2148 -7.6379 6.4282
v  -0.3111 -7.3612 6.3266
v  -0.2638 -7.3704 6.2050
v  -0.1792 -7.6595 6.3230
v  -0.1708 -7.6996 6.2214
v  -0.2576 -7.3980 6.0875
v  1.6987 -7.2512 4.3290
v  1.9476 -7.1777 4.3011
v  1.7022 -6.9537 4.2977
v  1.4853 -7.0129 4.3771
v  1.8196 -6.8799 4.2703
v  1.9229 -6.7423 4.2386
v  1.9865 -6.6262 4.1352
v  2.0777 -7.2883 4.3294
v  1.8071 -7.3458 4.3302
v  1.9852 -6.6073 4.0132
v  2.2934 -6.8221 4.0329
v  2.3023 -6.7892 3.9112
v  1.9881 -6.5769 3.9088
v  2.0245 -6.4890 3.8019
v  2.3217 -6.7287 3.7894
v  2.4810 -6.8528 3.7571
v  2.4966 -6.7549 3.5465
v  2.4758 -6.9007 3.8737
v  2.4562 -6.9369 4.0156
v  3.0321 -5.3934 2.4687
v  3.1538 -5.2294 2.4412
v  2.8186 -5.0290 2.4596
v  2.7114 -5.1885 2.4727
v  2.8715 -4.9444 2.4366
v  2.9048 -4.8448 2.3800
v  3.3006 -5.3434 2.3739
v  3.1847 -5.4986 2.4422
v  2.9931 -5.8148 2.5404
v  2.8408 -5.7151 2.5425
v  2.7985 -6.1869 2.7830
v  2.6458 -6.4969 3.1967
v  2.5249 -5.5002 2.5621
v  2.5450 -6.6915 3.0351
v  2.3305 -6.6229 3.0259
v  2.4935 -6.3220 2.6186
v  2.7289 -6.3920 2.6190
v  2.9630 -5.9626 2.4205
v  2.7317 -5.9354 2.3616
v  2.1091 -6.1287 2.7064
v  2.3079 -5.7838 2.4031
v  1.9617 -6.4071 3.0957
v  1.4539 -0.9165 -0.0021
v  1.3484 -0.7122 -0.1090
v  1.5694 -1.1013 0.1022
v  1.4016 -1.1065 -0.1694
v  1.4819 -1.0676 -0.1663
v  1.3741 -0.8836 -0.2683
v  1.3027 -0.9294 -0.2865
v  1.1974 -0.9716 -0.2758
v  1.2882 -1.1484 -0.1543
v  1.4205 -1.2412 0.3041
v  1.5816 -1.2265 0.2624
v  1.6852 -1.2264 0.2020
v  3.0199 -4.4469 1.6432
v  2.8949 -4.3977 1.6907
v  2.6265 -4.3386 1.7569
v  2.7297 -4.5943 1.4655
v  2.4610 -4.5073 1.5575
v  2.8780 -4.6051 1.4510
v  2.0251 -2.3348 0.4126
v  1.8597 -2.3309 0.4798
v  2.1150 -2.3428 0.3699
v  2.1485 -2.2956 0.6001
v  2.0411 -2.2765 0.6588
v  1.8376 -2.2705 0.7069
v  3.0464 -5.3160 1.6835
v  2.8753 -5.2291 1.7655
v  2.4929 -5.1160 1.8267
v  -2.0771 -3.6020 3.7175
v  -2.0517 -3.6172 3.6536
v  -2.1715 -3.5685 3.7009
v  -2.1793 -3.5469 3.6504
v  -2.2421 -3.2760 3.6726
v  -2.1164 -3.2437 3.7351
v  -2.1533 -3.2730 3.8208
v  -2.2873 -3.3176 3.7611
v  -2.3127 -3.4426 3.6472
v  -2.3379 -3.3819 3.6984
v  -2.2830 -3.3393 3.6126
v  -2.2679 -3.3996 3.5671
v  -2.2953 -3.3764 3.8387
v  -2.1632 -3.3416 3.8826
v  -2.2622 -3.4241 3.8888
v  -2.1662 -3.4161 3.9277
v  -2.3475 -3.4382 3.7831
v  -2.3225 -3.4915 3.7254
v  -2.2756 -3.5404 3.8057
v  -2.2892 -3.4829 3.8609
v  -2.1540 -3.5762 3.8930
v  -2.1644 -3.4942 3.9367
v  -2.2344 -3.5574 3.7429
v  -2.1184 -3.6029 3.8004
v  -2.2659 -3.5165 3.6779
v  -2.2523 -3.4877 3.6060
v  -2.2202 -3.4572 3.5315
v  -1.4086 -3.6649 4.1954
v  -1.4609 -3.6506 4.2308
v  -1.3748 -3.8889 4.3463
v  -1.3205 -3.8803 4.2744
v  -1.4235 -3.8378 4.3935
v  -1.4972 -3.6319 4.2664
v  -1.2182 -4.5347 4.6997
v  -1.1931 -4.5677 4.6388
v  -1.2817 -4.2000 4.5041
v  -1.3253 -4.1535 4.5405
v  -1.1195 -4.2181 4.3086
v  -1.0723 -4.1941 4.2529
v  -0.8817 -4.5741 4.3050
v  -0.9541 -4.6076 4.3805
v  -1.1778 -4.2093 4.3668
v  -1.2190 -4.2199 4.4300
v  -1.0948 -4.5970 4.5111
v  -1.0288 -4.6063 4.4461
v  -1.2197 -4.3049 4.4993
v  -1.1442 -4.6082 4.5817
v  0.4701 -6.8980 4.7219
v  0.8292 -6.8413 4.4825
v  0.5764 -6.5782 4.4685
v  0.2563 -6.6260 4.6879
v  0.3239 -6.3677 4.4091
v  0.0346 -6.4118 4.6197
v  -0.2951 -7.0114 5.7270
v  -0.4960 -6.6823 5.5180
v  -0.5593 -6.6885 5.6208
v  -0.3545 -7.0212 5.8384
v  -0.6928 -6.3758 5.4539
v  -0.6458 -6.3865 5.3555
v  -0.1700 -6.4397 4.8082
v  0.0256 -6.6653 4.8898
v  -0.1547 -6.6814 5.1031
v  -0.3374 -6.4450 4.9910
v  0.0347 -6.9712 5.2173
v  0.2206 -6.9429 4.9600
v  -0.1468 -6.9909 5.4991
v  -0.3452 -6.6842 5.3285
v  -0.5134 -6.4202 5.1857
v  1.0772 -7.1098 4.5315
v  0.6420 -7.2147 4.7424
v  0.7793 -7.4758 4.7802
v  1.2472 -7.3578 4.5212
v  -0.0816 -7.7244 6.0152
v  -0.1684 -7.3941 5.8939
v  -0.2309 -7.4017 6.0184
v  -0.1440 -7.7181 6.1545
v  0.3319 -7.6216 5.3920
v  0.1896 -7.3214 5.3061
v  -0.0163 -7.3683 5.6227
v  0.0960 -7.6907 5.7252
v  0.3806 -7.2741 5.0173
v  0.5224 -7.5522 5.0862
v  1.3316 -7.4892 4.5040
v  1.3216 -7.4660 4.5054
v  0.8381 -7.6037 4.7911
v  0.8436 -7.6455 4.8024
v  0.4355 -7.8024 5.4566
v  0.6030 -7.7142 5.1291
v  0.6375 -7.8198 5.1503
v  0.4783 -7.9361 5.4827
v  0.8476 -7.7749 4.8102
v  1.3239 -7.6089 4.4961
v  1.2414 -7.6345 4.4197
v  0.7460 -7.7905 4.7447
v  0.4273 -8.0670 5.4555
v  0.5949 -7.9326 5.1195
v  0.4777 -7.9428 5.0638
v  0.2981 -8.0743 5.3978
v  1.1863 -7.5897 4.4185
v  1.0707 -7.5014 4.4037
v  0.6743 -7.7663 4.7031
v  0.5562 -7.6772 4.6412
v  0.1107 -7.8498 5.2810
v  0.2733 -7.7841 4.9449
v  0.3870 -7.9057 5.0080
v  0.2118 -7.9961 5.3493
v  -0.3764 -7.6963 5.7613
v  -0.4895 -7.7235 5.8506
v  -0.6220 -7.3751 5.6397
v  -0.5309 -7.3544 5.5561
v  -0.2551 -7.9760 5.9193
v  -0.3792 -7.9987 6.0224
v  0.3480 -7.4765 4.5615
v  0.8082 -7.3049 4.3239
v  0.5056 -7.0069 4.2974
v  0.1435 -7.1526 4.5558
v  0.0858 -7.5668 4.8580
v  -0.0595 -7.6064 5.1790
v  -0.2043 -7.2510 5.1041
v  -0.0722 -7.2248 4.8263
v  -0.3759 -7.3051 5.3609
v  -0.2116 -7.6448 5.5154
v  -0.0561 -7.8980 5.6568
v  -0.8517 -6.6997 5.2652
v  -0.7333 -7.0057 5.4476
v  -0.6661 -6.9942 5.3608
v  -0.7884 -6.6866 5.1767
v  -0.0989 -6.8320 4.5207
v  0.1931 -6.6936 4.2912
v  -0.1008 -6.4328 4.2443
v  -0.3225 -6.5476 4.4653
v  -0.2787 -6.8950 4.7507
v  -0.4130 -6.9300 4.9664
v  -0.5783 -6.6323 4.8444
v  -0.4664 -6.6020 4.6648
v  -0.6915 -6.6625 5.0256
v  -0.5493 -6.9650 5.1860
v  -0.5402 -6.1435 4.3734
v  -0.3787 -6.0459 4.2081
v  -0.2667 -6.2087 4.2376
v  -0.4541 -6.3177 4.4191
v  -0.2119 -5.9460 4.0847
v  -0.0761 -6.0950 4.0975
v  -0.5766 -6.3788 4.5925
v  -0.6704 -6.4144 4.7530
v  -0.7344 -6.2573 4.6771
v  -0.6497 -6.2125 4.5300
v  -1.3967 -4.8177 4.2694
v  -1.2857 -5.2708 4.5276
v  -1.3235 -4.8316 4.2387
v  -1.2238 -5.2729 4.4681
v  -1.1348 -5.6736 4.6644
v  -1.2044 -5.6877 4.7352
v  -1.4113 -4.4806 4.0483
v  -1.2653 -4.6213 4.0526
v  -1.2246 -4.8830 4.2064
v  -1.2623 -4.4680 3.9467
v  -1.0512 -4.8043 4.0239
v  -1.1072 -4.8759 4.1063
v  -1.1273 -5.0022 4.2040
v  -1.2340 -4.4075 3.8753
v  -0.9858 -4.7558 3.9546
v  -1.5049 -4.4391 4.0634
v  0.8261 -0.1195 -0.5253
v  0.8075 -0.0573 -0.5551
v  0.8857 -0.0513 -0.5824
v  0.9096 -0.1091 -0.5560
v  0.9831 -0.0413 -0.6254
v  1.0572 -0.0683 -0.5757
v  0.9857 -0.1022 -0.5764
v  0.9415 -0.0491 -0.5975
v  1.0650 -0.0215 -0.6424
v  1.1081 -0.0315 -0.5375
v  1.0500 0.0519 -0.6003
v  1.0858 0.0920 -0.5426
v  1.1424 0.0112 -0.4996
v  1.1244 0.1346 -0.4950
v  1.1352 0.1721 -0.4505
v  1.1504 0.1067 -0.4005
v  1.1667 0.0624 -0.4507
v  1.1064 0.1275 -0.3859
v  -1.0422 -0.9025 0.9256
v  -1.0219 -0.7267 0.7987
v  -1.0166 -0.7712 0.7207
v  -1.0132 -0.9756 0.8978
v  -0.9577 -1.0376 0.8722
v  -0.9405 -0.8495 0.7091
v  1.0080 -1.8149 0.3151
v  1.0358 -1.8964 0.3532
v  0.9386 -1.9161 0.3419
v  0.9905 -1.6815 0.3320
v  0.9116 -1.8148 0.3196
v  0.8961 -1.6798 0.3576
v  1.0692 -1.9263 0.4331
v  1.0982 -1.9221 0.5175
v  1.0124 -1.9424 0.5444
v  0.9803 -1.9565 0.4401
v  0.2449 -1.4404 1.2563
v  0.2276 -1.3856 1.2185
v  0.0671 -1.3863 1.3024
v  0.0784 -1.4423 1.3455
v  0.9979 -4.3614 2.2450
v  1.1736 -4.4490 2.2388
v  1.1357 -4.5228 2.2504
v  0.9505 -4.4616 2.2487
v  1.2023 -4.3678 2.2303
v  1.0263 -4.2693 2.2411
v  1.2033 -4.2989 2.1915
v  1.1890 -4.2173 2.0943
v  1.0098 -4.2168 2.1865
v  0.9929 -4.1466 2.0993
v  0.4300 -3.7260 2.7547
v  0.4251 -3.6740 2.6864
v  0.0862 -3.5311 2.8166
v  0.0885 -3.5822 2.8854
v  0.0877 -3.4695 2.7392
v  0.4204 -3.6104 2.6112
v  0.0912 -1.7675 1.4300
v  0.0943 -1.7045 1.4278
v  0.2773 -1.7307 1.3359
v  0.2728 -1.7930 1.3456
v  0.2966 -1.6749 1.3625
v  0.1133 -1.6476 1.4565
v  -0.0297 -5.8491 3.9711
v  0.1184 -6.0004 3.9540
v  0.0422 -6.0354 4.0114
v  -0.1012 -5.8840 4.0209
v  -1.1115 -6.3771 5.7753
v  -1.1793 -6.4180 5.6888
v  -1.0170 -6.3343 5.8304
v  -1.0896 -6.1829 5.7822
v  -1.1986 -6.2347 5.7283
v  -1.2700 -6.2769 5.6289
v  -0.9010 -6.2741 5.8233
v  -0.9590 -6.1127 5.7716
v  -0.8212 -6.2391 5.7108
v  -0.8622 -6.0626 5.6550
v  -0.7737 -6.1738 5.4315
v  -0.7913 -6.2028 5.5666
v  -0.8157 -6.0220 5.5027
v  -0.8136 -6.0066 5.3589
v  -0.7615 -6.1695 5.3509
v  -0.8102 -6.0176 5.2781
v  -0.7174 -6.1845 5.2623
v  -0.7669 -6.0346 5.1963
v  0.6464 -5.4229 3.7648
v  0.7626 -5.5823 3.7688
v  0.7644 -5.5316 3.6782
v  0.6572 -5.3872 3.6852
v  0.7754 -5.4511 3.5533
v  0.6612 -5.3297 3.5803
v  1.0663 -4.3462 2.8516
v  1.0187 -4.4349 2.8784
v  1.2523 -4.4893 2.7703
v  1.3006 -4.4091 2.7496
v  1.1784 -4.6126 2.8143
v  0.9559 -4.5528 2.9304
v  1.1407 -4.2258 2.8812
v  1.3646 -4.3125 2.7467
v  -0.8249 -5.3169 4.7117
v  -0.7196 -5.3157 4.6177
v  -0.8646 -4.9903 4.5397
v  -0.9541 -4.9830 4.6149
v  -0.7650 -4.9843 4.4543
v  -0.5934 -5.3027 4.5115
v  -0.4171 -5.2631 4.3808
v  -0.6429 -4.9488 4.3463
v  0.7714 -4.9826 3.2030
v  0.6944 -5.1903 3.3940
v  0.8295 -5.2967 3.3409
v  0.9277 -5.0805 3.1134
v  0.8648 -4.7535 3.0420
v  1.0548 -4.8324 2.9286
v  0.0664 -0.8042 0.8660
v  -0.0812 -0.8060 0.9433
v  -0.1220 -0.6031 0.8318
v  0.0160 -0.6022 0.7544
v  0.8633 -1.5054 0.3539
v  0.9642 -1.5044 0.3067
v  0.9016 -1.3401 0.1970
v  0.7871 -1.3443 0.2579
v  0.5680 -1.0148 0.0680
v  0.6273 -1.1939 0.1874
v  0.5580 -1.1874 0.2320
v  0.5015 -1.0025 0.1145
v  0.6497 -1.0233 0.0157
v  0.7138 -1.1960 0.1376
v  0.6991 -1.3447 0.3034
v  0.6256 -1.3419 0.3436
v  0.7233 -1.6389 0.4180
v  0.7020 -1.4808 0.4289
v  0.7781 -1.4955 0.3937
v  0.8059 -1.6633 0.3823
v  0.6212 -1.4694 0.4655
v  0.5538 -1.3372 0.3875
v  0.6446 -1.6166 0.4645
v  0.7584 -1.0267 -0.0514
v  0.8304 -1.1941 0.0719
v  0.4371 -0.9885 0.1626
v  0.4916 -1.1778 0.2798
v  0.3025 -0.1654 -0.2186
v  0.2757 -0.0851 -0.2378
v  0.3228 -0.0784 -0.2775
v  0.3515 -0.1643 -0.2555
v  0.3481 -0.5668 0.5062
v  0.4098 -0.7821 0.6069
v  0.4992 -0.7878 0.5069
v  0.4409 -0.5639 0.4109
v  0.5742 -0.9983 0.6166
v  0.4805 -0.9895 0.7154
v  0.1916 -0.5828 0.6353
v  0.2618 -0.7767 0.7606
v  0.3354 -0.7768 0.6907
v  0.2673 -0.5734 0.5773
v  0.3980 -0.9849 0.7954
v  0.3149 -0.9881 0.8585
v  0.1757 -0.7903 0.8122
v  0.2247 -0.9988 0.9108
v  0.1128 -0.5952 0.6897
v  0.3659 -1.1771 0.9485
v  0.4561 -1.1743 0.8881
v  0.5120 -1.3143 0.9708
v  0.4165 -1.3133 1.0341
v  0.6153 -1.3095 0.9048
v  0.5492 -1.1757 0.8149
v  0.2714 -1.1837 1.0038
v  0.3163 -1.3176 1.0908
v  0.7797 -1.3663 0.8845
v  0.7266 -1.3097 0.8174
v  0.6623 -1.3786 0.9665
v  0.5527 -1.3964 1.0245
v  0.4519 -1.3911 1.0887
v  0.4818 -1.4335 1.1404
v  0.5934 -1.3993 1.1011
v  0.6526 -1.1807 0.7226
v  1.0006 -4.0240 1.9226
v  1.1806 -4.0782 1.9049
v  1.1786 -3.8809 1.6689
v  1.0188 -3.8464 1.6945
v  0.3726 -1.4378 1.1926
v  0.3512 -1.3838 1.1540
v  1.1747 -3.6415 1.4206
v  1.0328 -3.6134 1.4539
v  1.0424 -3.3270 1.2299
v  1.1672 -3.3543 1.1885
v  0.8813 -3.8043 1.7348
v  0.9084 -3.5769 1.4958
v  0.7951 -3.5346 1.5440
v  0.7609 -3.7520 1.7890
v  0.8269 -3.2621 1.3201
v  0.9322 -3.2946 1.2762
v  0.4048 -3.4849 2.4783
v  0.0906 -3.3558 2.6004
v  0.3802 -3.3201 2.2957
v  0.1059 -3.1905 2.4251
v  0.7148 -3.2366 1.3536
v  0.6752 -3.5003 1.5823
v  0.6324 -3.7116 1.8315
v  0.3706 -3.1118 2.0950
v  0.1281 -2.9949 2.2244
v  0.1400 -2.7844 2.0243
v  0.3574 -2.8852 1.8974
v  0.5474 -3.4039 2.2167
v  0.5250 -3.1879 2.0116
v  0.6387 -3.2401 1.9545
v  0.6632 -3.4629 2.1647
v  0.6181 -2.9880 1.7576
v  0.5043 -2.9475 1.8149
v  0.7338 -3.0267 1.7028
v  0.7536 -3.2919 1.8977
v  0.7825 -3.5189 2.1153
v  1.0440 -2.9963 1.0463
v  1.1510 -3.0216 0.9944
v  1.0420 -2.6531 0.8933
v  1.1370 -2.6703 0.8403
v  0.8384 -2.9482 1.1404
v  0.9442 -2.9681 1.1017
v  0.8328 -2.6362 0.9733
v  0.9419 -2.6404 0.9415
v  0.7296 -2.9299 1.1744
v  0.7255 -2.6267 1.0116
v  0.1458 -2.5583 1.8745
v  0.3403 -2.6477 1.7443
v  0.3094 -2.4142 1.6027
v  0.1187 -2.3469 1.7209
v  0.5543 -2.4830 1.4683
v  0.4489 -2.4529 1.5293
v  0.4795 -2.6986 1.6627
v  0.5906 -2.7305 1.6060
v  1.0600 -4.6400 2.3459
v  1.0961 -4.5850 2.2815
v  0.9028 -4.5564 2.2949
v  0.8666 -4.6319 2.3850
v  0.6616 -2.5091 1.4135
v  0.7036 -2.7607 1.5525
v  0.9938 -4.7691 2.5288
v  1.0335 -4.6877 2.4530
v  0.8187 -4.7440 2.5978
v  0.8453 -4.6849 2.5033
v  0.5327 -4.5552 2.4844
v  0.6758 -4.6292 2.4072
v  0.6778 -4.6609 2.5435
v  0.5501 -4.5810 2.6025
v  0.6833 -4.6796 2.6526
v  0.5577 -4.6093 2.6883
v  0.1257 -1.5821 1.4680
v  0.3054 -1.6027 1.3785
v  0.2993 -1.5282 1.3666
v  0.1274 -1.5153 1.4566
v  0.4349 -4.4905 2.6606
v  0.4124 -4.4636 2.5620
v  0.4351 -4.5351 2.7266
v  0.7109 -1.7837 0.3583
v  0.6223 -1.7674 0.4064
v  0.6092 -1.9331 0.3876
v  0.7136 -1.9386 0.3421
v  0.5134 -1.7714 0.4771
v  0.4969 -1.9241 0.4757
v  0.2746 -1.4779 1.3161
v  0.1116 -1.4632 1.4140
v  0.8106 -1.8020 0.3291
v  0.8298 -1.9312 0.3333
v  0.3487 -1.9192 0.6053
v  0.3660 -1.9782 0.6900
v  0.5271 -2.0419 0.5719
v  0.6541 -2.0814 0.4855
v  0.7711 -2.0679 0.4467
v  0.7128 -2.0785 0.6349
v  0.8235 -2.0542 0.5927
v  0.3538 -1.8136 0.5708
v  0.8420 -2.1213 0.7377
v  0.9425 -2.0988 0.6969
v  0.9382 -2.3369 0.7897
v  0.8342 -2.3453 0.8290
v  1.0385 -2.3294 0.7537
v  1.0368 -2.0818 0.6538
v  0.8829 -2.0132 0.4399
v  0.9219 -1.9935 0.5678
v  0.7388 -2.1385 0.7789
v  0.7289 -2.3494 0.8704
v  1.1184 -2.0807 0.6067
v  1.1126 -1.9668 0.5575
v  1.0298 -1.9787 0.5932
v  0.9372 -2.0107 0.6288
v  0.8370 -2.0543 0.6599
v  1.1293 -2.3325 0.7132
v  0.7297 -2.0834 0.6983
v  0.0852 -1.8322 1.4363
v  0.0816 -1.9412 1.4730
v  0.2666 -1.9752 1.3773
v  0.2704 -1.8579 1.3537
v  0.2749 -2.1817 1.4604
v  0.0939 -2.1278 1.5763
v  -0.1910 -5.6510 3.7371
v  -0.0842 -5.7482 3.7766
v  -0.1292 -5.7551 3.8700
v  -0.2325 -5.6591 3.8391
v  0.0077 -5.8445 3.8976
v  0.0491 -5.8350 3.8123
v  -0.1592 -5.7484 3.9442
v  -0.2541 -5.6498 3.9179
v  0.0149 -5.4840 3.6182
v  -0.1017 -5.5872 3.6282
v  -0.1814 -5.4595 3.6234
v  -0.0705 -5.3657 3.6138
v  -0.2657 -5.5209 3.7255
v  0.1995 -5.9616 3.7926
v  0.2808 -5.9062 3.7028
v  0.1267 -5.7874 3.7103
v  0.2251 -5.7019 3.6700
v  0.3804 -5.8227 3.6780
v  0.0024 -5.6897 3.6748
v  0.1090 -5.5925 3.6450
v  0.1585 -5.9841 3.8780
v  -0.3006 -5.5312 3.8258
v  -0.3179 -5.5262 3.9059
v  0.6814 -5.8023 4.1305
v  0.5302 -5.6716 4.1506
v  0.7606 -5.6691 4.0374
v  0.6319 -5.5129 4.0681
v  0.4164 -5.8255 4.1550
v  0.5803 -5.9512 4.1387
v  0.7726 -5.6133 3.8961
v  0.6742 -5.4302 3.9162
v  0.3346 -4.1716 3.1827
v  -0.0306 -3.9949 3.2756
v  -0.0629 -4.1366 3.3769
v  0.2897 -4.3303 3.2901
v  -0.0915 -4.2894 3.5116
v  0.2442 -4.5173 3.4302
v  0.0020 -3.9130 3.2222
v  0.0358 -3.8516 3.1808
v  0.3688 -4.0892 3.1300
v  0.3941 -4.0328 3.0747
v  0.7613 -4.2081 3.0001
v  0.7144 -4.2852 3.0116
v  0.8545 -4.3629 2.9628
v  0.9117 -4.2782 2.9666
v  0.8019 -4.4702 3.0154
v  0.6696 -4.3824 3.0636
v  0.5369 -4.2948 3.1091
v  0.4772 -4.4681 3.2117
v  0.6002 -4.5644 3.1644
v  0.4126 -4.6766 3.3483
v  0.5279 -4.7789 3.3056
v  0.5770 -4.2053 3.0594
v  0.6111 -4.1398 3.0210
v  1.0434 -3.8736 2.4244
v  1.3245 -3.9904 2.3469
v  1.2933 -3.8456 2.1865
v  0.9988 -3.7639 2.2551
v  0.7257 -4.6596 3.1199
v  0.6454 -4.8803 3.2646
v  0.6176 -3.6877 2.5467
v  0.5876 -3.5679 2.4061
v  0.7015 -3.6345 2.3557
v  0.7422 -3.7422 2.5097
v  1.3398 -4.0629 2.4500
v  1.0664 -3.9303 2.5276
v  0.8657 -3.7995 2.4728
v  0.8923 -3.8443 2.5726
v  0.7656 -3.7853 2.6020
v  0.7961 -3.7966 2.6875
v  0.9271 -3.8580 2.6614
v  0.8222 -3.6933 2.3111
v  0.4014 -3.9153 2.3129
v  0.0950 -3.8390 2.4049
v  0.1211 -3.7176 2.2417
v  0.4215 -3.8036 2.1382
v  0.6498 -3.7734 2.7044
v  0.6339 -3.7379 2.6303
v  0.8352 -4.0957 2.1275
v  0.8539 -3.9736 1.9607
v  0.7294 -3.9189 2.0150
v  0.7095 -4.0367 2.1833
v  0.0793 -3.9032 2.4911
v  0.3948 -3.9790 2.3987
v  0.3855 -4.0321 2.4447
v  0.0640 -3.9385 2.5339
v  0.5763 -4.0541 2.3115
v  0.5670 -4.1105 2.3409
v  0.5819 -3.9846 2.2371
v  0.7042 -4.1133 2.2465
v  0.7003 -4.1689 2.2674
v  0.5999 -3.8733 2.0624
v  0.4998 -4.7117 2.8067
v  0.6122 -4.7904 2.7795
v  0.5079 -4.9434 2.9155
v  0.4034 -4.8549 2.9415
v  0.6156 -5.0378 2.8566
v  0.7299 -4.8703 2.7151
v  0.4953 -5.2376 3.0706
v  0.3959 -5.1290 3.1148
v  0.2985 -5.0311 3.1354
v  0.8423 -4.1681 2.1964
v  0.8520 -4.2189 2.2259
v  0.3861 -4.6351 2.8332
v  0.2961 -4.7697 2.9644
v  0.1951 -4.9383 3.1489
v  0.8953 -4.9238 2.6265
v  0.9596 -4.8276 2.5655
v  0.7877 -4.7906 2.6473
v  0.6653 -4.7158 2.7121
v  0.5453 -4.6428 2.7396
v  0.7639 -5.1203 2.7749
v  0.6308 -5.3423 3.0148
v  0.4528 -3.9347 3.0506
v  0.0836 -3.7741 3.1487
v  0.1451 -3.6702 3.1392
v  0.5083 -3.8143 3.0208
v  0.4227 -4.5727 2.7656
v  1.0004 -3.8738 2.8064
v  0.8618 -3.8120 2.8367
v  0.8678 -3.9486 2.9434
v  1.0070 -4.0108 2.9049
v  0.1352 -3.5997 3.0205
v  0.4997 -3.7159 2.9031
v  0.7316 -3.8854 2.9807
v  0.7211 -3.7641 2.8593
v  0.8266 -4.0876 2.9972
v  0.6732 -4.0291 3.0044
v  -0.0584 -4.1612 2.6079
v  -0.0163 -4.0676 2.5777
v  0.2642 -4.2135 2.4466
v  0.2227 -4.3135 2.5125
v  0.9731 -4.1526 2.9608
v  0.7043 -4.5462 2.2864
v  0.5507 -4.4767 2.3656
v  0.6077 -4.3566 2.3048
v  0.7633 -4.4205 2.2340
v  0.0325 -3.9925 2.5671
v  0.3319 -4.1157 2.4462
v  0.4662 -4.2932 2.3810
v  0.5270 -4.1944 2.3647
v  0.6636 -4.2522 2.2829
v  0.4107 -4.4050 2.4400
v  0.0877 -5.4229 3.6157
v  0.1821 -5.5243 3.6377
v  0.2305 -5.4567 3.5396
v  0.1390 -5.3556 3.5341
v  0.3437 -5.5545 3.5529
v  0.2944 -5.6309 3.6558
v  0.8195 -4.3073 2.2277
v  0.0561 -5.2446 3.5412
v  -0.0024 -5.3147 3.6051
v  0.4744 -5.6733 3.5462
v  0.5337 -5.5346 3.3001
v  0.4041 -5.4204 3.3275
v  0.3023 -5.3127 3.3452
v  0.2169 -5.2053 3.3620
v  0.4445 -5.7446 3.6713
v  0.1647 -4.8288 3.6914
v  -0.1571 -4.5029 3.7519
v  -0.1686 -4.5455 3.8238
v  0.1651 -4.8867 3.7731
v  -0.1289 -4.4159 3.6397
v  0.1898 -4.7000 3.5611
v  0.1239 -5.1031 3.3709
v  0.5767 -5.0848 3.4338
v  0.4616 -4.9825 3.4624
v  0.4397 -5.1197 3.6235
v  0.5501 -5.2216 3.6031
v  0.3313 -5.0164 3.6453
v  0.3377 -5.0759 3.7369
v  0.4461 -5.1735 3.7180
v  0.3382 -5.1019 3.8169
v  0.4492 -5.1950 3.7983
v  0.3526 -4.8766 3.4959
v  -0.2342 -6.0282 4.5251
v  0.0067 -5.9888 4.3486
v  -0.1024 -5.8156 4.3461
v  -0.3270 -5.8547 4.5132
v  0.1150 -5.7663 4.2397
v  0.2316 -5.9380 4.2240
v  0.0177 -5.5962 4.2633
v  -0.1930 -5.6465 4.3627
v  -0.4095 -5.6885 4.5139
v  0.5482 -5.2757 3.6975
v  0.5447 -5.3002 3.7771
v  -0.2806 -5.4784 4.3838
v  -0.4879 -5.5221 4.5203
v  -0.0736 -5.4228 4.2999
v  0.3464 -5.8964 4.1782
v  0.5109 -6.0424 4.1631
v  0.3838 -6.1147 4.2163
v  0.1404 -6.1737 4.3677
v  -0.1196 -6.2116 4.5658
v  -0.4519 -5.3576 3.9392
v  -0.6457 -5.0613 3.8801
v  -0.6998 -5.0923 3.9516
v  -0.5232 -5.4026 4.0106
v  -0.6656 -5.8900 4.3272
v  -0.5136 -5.7947 4.1775
v  -0.4514 -5.9097 4.1960
v  -0.6039 -6.0043 4.3508
v  -0.2935 -5.8135 4.0819
v  -0.3575 -5.6979 4.0655
v  -0.2804 -5.6535 3.9880
v  -0.3406 -5.5325 3.9758
v  -0.4160 -5.5782 4.0531
v  -0.7990 -5.1520 4.0417
v  -0.9026 -5.2144 4.1433
v  -0.6594 -5.4892 4.1238
v  -0.7949 -5.5740 4.2601
v  -0.5688 -5.6753 4.1687
v  -0.7187 -5.7701 4.3144
v  -0.2025 -5.7615 4.0108
v  -1.1410 -6.3736 5.1502
v  -1.0245 -6.3291 5.0599
v  -0.9336 -6.4706 5.1622
v  -1.0229 -6.4989 5.2479
v  -0.8552 -6.4567 5.0520
v  -0.9200 -6.3020 4.9446
v  -1.2643 -6.1307 4.9296
v  -1.1367 -6.0787 4.8773
v  -1.0961 -6.2131 4.9521
v  -1.2278 -6.2687 5.0268
v  -0.9707 -6.1582 4.8765
v  -1.0194 -6.0257 4.8237
v  -0.8252 -6.2834 4.8148
v  -0.7686 -6.4419 4.9079
v  -1.0088 -5.3069 4.9131
v  -1.1028 -4.9626 4.7814
v  -1.1231 -4.9411 4.8538
v  -1.0415 -5.2966 4.9845
v  -1.1279 -4.9291 4.9348
v  -1.0476 -5.2993 5.0715
v  -1.1616 -5.9279 4.8329
v  -1.0651 -5.8893 4.7759
v  -1.2738 -5.9717 4.8707
v  -0.8675 -5.6964 5.0725
v  -0.9294 -5.5295 5.0056
v  -0.9677 -5.5219 5.0758
v  -0.9096 -5.6866 5.1437
v  -0.9758 -5.5247 5.1629
v  -0.9083 -5.6789 5.2294
v  -0.9292 -5.3141 4.8153
v  -1.0388 -4.9751 4.6981
v  -1.1178 -5.3768 5.3760
v  -1.2461 -4.9996 5.1185
v  -1.3558 -5.0331 5.1530
v  -1.2490 -5.4222 5.4698
v  -1.1662 -4.9527 5.0394
v  -1.0552 -5.3282 5.2242
v  -0.8624 -5.8561 5.2087
v  -0.8156 -5.8687 5.1343
v  -0.8436 -5.8361 5.2953
v  -1.4851 -6.0382 5.5237
v  -1.4605 -6.0649 5.3656
v  -1.3814 -6.1878 5.4451
v  -1.3863 -6.1619 5.5818
v  -1.3580 -6.2147 5.3127
v  -1.4147 -6.0822 5.2194
v  -1.2754 -6.3500 5.4026
v  -1.2843 -6.3123 5.5193
v  -1.4849 -5.9186 5.2888
v  -1.4351 -5.9334 5.1391
v  -1.5186 -5.8896 5.4441
v  -1.1363 -6.5391 5.3425
v  -1.1995 -6.5257 5.4736
v  -1.2328 -6.3804 5.2699
v  -1.3137 -6.2523 5.1668
v  -1.3622 -6.1192 5.0629
v  -1.1998 -6.4716 5.5883
v  -0.6230 -5.8814 4.8262
v  -0.7346 -5.8789 4.9935
v  -0.6777 -6.0501 5.0441
v  -0.5543 -6.0570 4.8636
v  -0.6734 -5.7060 4.8025
v  -0.7846 -5.7042 4.9478
v  -1.3792 -5.9670 4.9835
v  -0.8458 -5.5359 4.8945
v  -0.7349 -5.5372 4.7704
v  -0.4116 -6.0486 4.6961
v  -0.3095 -6.2353 4.7432
v  -0.4626 -6.2389 4.9166
v  -0.5589 -5.7046 4.6605
v  -0.4908 -5.8731 4.6725
v  -0.6117 -6.2174 5.1011
v  -1.0458 -5.6702 4.5679
v  -0.9803 -5.8845 4.6568
v  -0.8906 -5.8701 4.5375
v  -0.9552 -5.6617 4.4617
v  -0.8387 -5.9944 4.5815
v  -0.9238 -6.0101 4.7094
v  -0.6260 -5.5365 4.6504
v  -0.8692 -6.1371 4.7603
v  -0.7799 -6.1140 4.6316
v  -0.8813 -5.6296 4.3674
v  -0.9805 -5.2624 4.2334
v  -1.0534 -5.2891 4.3157
v  -0.7617 -5.9542 4.4602
v  -0.8127 -5.8322 4.4324
v  -1.1406 -5.2859 4.3958
v  -0.7015 -6.0704 4.4973
v  0.5379 -1.5063 1.2859
v  0.5510 -1.5921 1.3223
v  0.6669 -1.5765 1.3097
v  0.6502 -1.4807 1.2635
v  0.6614 -1.6806 1.2942
v  0.5480 -1.6838 1.3170
v  0.4395 -1.6036 1.3379
v  0.4361 -1.6848 1.3321
v  0.4281 -1.5251 1.3127
v  0.5135 -1.4538 1.2197
v  0.6246 -1.4240 1.1860
v  0.4020 -1.4779 1.2537
v  0.4167 -1.7437 1.2969
v  0.3959 -1.8027 1.2644
v  0.5082 -1.8118 1.2315
v  0.5313 -1.7530 1.2835
v  0.5203 -2.0286 1.2663
v  0.4034 -2.0072 1.3064
v  0.4185 -2.2128 1.3962
v  0.5316 -2.2372 1.3478
v  0.6188 -1.8228 1.2031
v  0.6035 -1.9139 1.1706
v  0.5034 -1.9004 1.2176
v  0.6231 -2.0468 1.2234
v  0.6423 -1.7579 1.2531
v  0.3985 -1.8822 1.2760
v  0.6324 -2.2618 1.2930
v  0.2248 -5.7355 4.1974
v  0.2989 -5.6742 4.1831
v  0.1307 -5.5640 4.2354
v  0.2101 -5.5076 4.2363
v  0.4794 -5.1814 3.9552
v  0.5808 -5.2925 3.9368
v  0.4393 -5.2397 4.1251
v  0.5346 -5.3717 4.1002
v  0.1152 -5.3364 4.2718
v  0.2330 -5.2207 4.2687
v  0.3416 -5.3711 4.2512
v  0.3211 -5.1219 4.1317
v  0.0349 -5.3893 4.2655
v  0.4320 -5.5251 4.2058
v  0.3557 -5.0881 3.9656
v  -1.3156 -6.1016 5.7246
v  -1.1721 -6.0220 5.7871
v  -1.2564 -5.8577 5.7660
v  -1.4261 -5.9577 5.7003
v  -1.4724 -5.8077 5.5986
v  -1.3266 -5.7146 5.6634
v  -1.1589 -5.6409 5.6305
v  -1.0801 -5.7818 5.7109
v  -0.9452 -5.7269 5.5768
v  -1.0301 -5.5963 5.5007
v  -0.8793 -5.8803 5.6318
v  -1.0107 -5.9419 5.7568
v  -0.8467 -5.8510 5.4477
v  -0.9153 -5.6996 5.3872
v  -0.9804 -5.5521 5.3255
v  0.0224 -8.0384 5.7341
v  0.0727 -8.0664 5.7766
v  -0.1574 -8.1951 6.0916
v  -0.1860 -8.1121 6.0108
v  -0.3996 -8.2152 6.1858
v  -0.4254 -8.1325 6.1349
v  -0.3219 -8.1363 6.1112
v  -0.2982 -8.2207 6.1598
v  -0.5487 -8.1433 6.3535
v  -0.5825 -8.0544 6.3048
v  -0.5295 -8.1082 6.2019
v  -0.4981 -8.1919 6.2523
v  -0.5581 -8.0923 6.4582
v  -0.5921 -8.0002 6.4084
v  -0.5486 -7.9428 6.5062
v  -0.5157 -8.0370 6.5583
v  -0.4092 -7.9846 6.6278
v  -0.4380 -7.8896 6.5698
v  -0.3179 -7.8382 6.5998
v  -0.2848 -7.9365 6.6504
v  -0.1036 -7.8593 6.5403
v  -0.1494 -7.7646 6.4914
v  -0.2189 -7.7855 6.5740
v  -0.1805 -7.8852 6.6210
v  -0.0673 -7.8815 6.4378
v  -0.1080 -7.7891 6.3898
v  -0.0959 -7.8397 6.2942
v  -0.0553 -7.9294 6.3451
v  0.0216 -7.8887 6.1010
v  0.2077 -7.8649 5.8069
v  0.2744 -7.9954 5.8498
v  0.0727 -8.0237 6.1833
v  -0.0094 -7.9682 6.2876
v  -0.0558 -7.8713 6.2348
v  0.1702 -8.0830 5.8088
v  0.0011 -8.1577 6.1063
v  -0.3399 -8.4287 6.3385
v  -0.3767 -8.3229 6.2556
v  -0.2767 -8.3197 6.2303
v  -0.2500 -8.4211 6.3075
v  -0.1736 -8.3028 6.2223
v  -0.1578 -8.3877 6.3027
v  -0.4083 -8.4204 6.4036
v  -0.4597 -8.3051 6.3258
v  -0.5048 -8.2709 6.4237
v  -0.4483 -8.4033 6.4912
v  -0.4442 -8.3764 6.5929
v  -0.5063 -8.2306 6.5302
v  -0.4571 -8.1863 6.6271
v  -0.3941 -8.3457 6.6847
v  -0.3069 -8.3217 6.7415
v  -0.3591 -8.1476 6.6904
v  -0.2038 -8.2950 6.7554
v  -0.2446 -8.1113 6.7034
v  -0.0401 -8.2173 6.6443
v  -0.0567 -8.0257 6.6071
v  -0.1415 -8.0626 6.6756
v  -0.1085 -8.2549 6.7143
v  -0.2889 -8.5279 6.4049
v  -0.3545 -8.5257 6.4560
v  -0.2944 -8.5913 6.5197
v  -0.2284 -8.5980 6.4853
v  -0.3423 -8.5662 6.5548
v  -0.3927 -8.5129 6.5305
v  -0.3253 -8.5717 6.6216
v  -0.3917 -8.4955 6.6198
v  -0.3066 -8.5416 6.6850
v  -0.3460 -8.4737 6.7013
v  -0.0107 -8.1982 6.4952
v  -0.0118 -8.0559 6.4250
v  -0.0224 -8.0296 6.5119
v  -0.0072 -8.1972 6.5695
v  -0.2403 -8.5574 6.7101
v  -0.2651 -8.4576 6.7528
v  -0.1516 -8.5444 6.7115
v  -0.1663 -8.4376 6.7677
v  -0.1735 -8.6139 6.6052
v  -0.2520 -8.6098 6.6184
v  -0.0757 -8.5192 6.4706
v  -0.0540 -8.5313 6.5659
v  -0.1032 -8.5840 6.5845
v  -0.1539 -8.5764 6.4732
v  -0.0719 -8.5173 6.6840
v  -0.0194 -8.4771 6.6381
v  -0.0786 -8.4021 6.7260
v  -0.0205 -8.3639 6.6614
v  -0.0521 -8.2501 6.3784
v  -0.0889 -8.3134 6.3261
v  -0.0664 -8.2364 6.2483
v  -0.0056 -8.1426 6.3046
v  -0.1300 -8.4698 6.3824
v  -0.2053 -8.5165 6.3817
v  -0.0290 -8.2139 6.4335
v  -0.0041 -8.4027 6.5428
v  -0.0266 -8.4477 6.5139
v  -0.0235 -8.3460 6.4779
v  -0.0006 -8.3193 6.5313
v  -0.0537 -8.3826 6.4272
v  -0.0859 -8.3986 6.3793
v  -0.0275 -8.4855 6.5571
v  -0.0034 -8.4302 6.5870
v  0.0028 -8.3310 6.5939
v  -0.8832 -0.7439 0.5117
v  -0.9416 -0.7082 0.5383
v  -0.9421 -0.5988 0.3962
v  -0.8855 -0.6108 0.3688
v  -0.9973 -0.6110 0.4056
v  -1.0220 -0.6935 0.5363
v  -0.8253 -0.7800 0.4768
v  -0.8203 -0.6334 0.3384
v  -0.7395 -0.6692 0.3078
v  -0.7648 -0.8330 0.4239
v  -0.8847 -0.4653 0.1840
v  -0.8102 -0.4572 0.1392
v  -0.8142 -0.5312 0.2331
v  -0.8856 -0.5255 0.2664
v  -0.7243 -0.5533 0.2067
v  -0.7128 -0.4661 0.1104
v  -0.8865 -0.4154 0.0932
v  -0.8079 -0.3977 0.0349
v  -0.8979 -0.3917 0.0002
v  -0.8158 -0.3663 -0.0657
v  -0.7025 -0.3853 0.0093
v  -0.4661 -0.8407 0.4545
v  -0.6534 -0.8899 0.3787
v  -0.6242 -0.7219 0.2705
v  -0.4508 -0.6620 0.3600
v  -0.5994 -0.5902 0.1929
v  -0.4341 -0.5275 0.2954
v  -0.5795 -0.4797 0.1295
v  -0.4179 -0.4173 0.2329
v  -0.5660 -0.3664 0.0644
v  -0.4017 -0.3044 0.1681
v  -0.2078 -0.8032 0.3948
v  0.0435 -0.7743 0.2837
v  -0.2132 -0.6350 0.2826
v  0.0186 -0.6020 0.1763
v  -0.2079 -0.5124 0.2024
v  0.0114 -0.4800 0.0997
v  -0.1970 -0.4116 0.1377
v  0.0142 -0.3812 0.0423
v  -0.1841 -0.3072 0.0765
v  0.0187 -0.2796 -0.0101
v  0.2092 -0.7635 0.1922
v  0.3156 -0.7668 0.1161
v  0.1787 -0.5824 0.0973
v  0.2857 -0.5781 0.0306
v  0.1660 -0.4576 0.0284
v  0.2704 -0.4499 -0.0324
v  0.1632 -0.3596 -0.0247
v  0.2627 -0.3519 -0.0833
v  0.1607 -0.2606 -0.0757
v  0.2541 -0.2545 -0.1344
v  0.6348 -0.2416 -0.3799
v  0.7017 -0.2288 -0.4172
v  0.7294 -0.3279 -0.3843
v  0.6633 -0.3442 -0.3458
v  0.7707 -0.2142 -0.4530
v  0.7978 -0.3097 -0.4206
v  0.7261 -0.5886 -0.2816
v  0.7967 -0.5690 -0.3267
v  0.8797 -0.7890 -0.2748
v  0.7915 -0.8035 -0.2199
v  0.8702 -0.5466 -0.3666
v  0.9691 -0.7682 -0.3212
v  0.7544 -0.4279 -0.3573
v  0.6893 -0.4472 -0.3170
v  0.8226 -0.4068 -0.3945
v  0.6927 -0.8076 -0.1527
v  0.6415 -0.5987 -0.2255
v  0.5975 -0.8051 -0.0874
v  0.5572 -0.6009 -0.1673
v  1.0705 -0.5045 -0.4323
v  1.1798 -0.7113 -0.3805
v  1.0741 -0.7432 -0.3607
v  0.9658 -0.5262 -0.4045
v  1.2526 -0.4411 -0.4131
v  1.3275 -0.6314 -0.3394
v  1.2670 -0.6717 -0.3691
v  1.1723 -0.4763 -0.4377
v  0.9124 -0.3887 -0.4315
v  1.0121 -0.3712 -0.4618
v  0.8839 -0.2930 -0.4575
v  0.9776 -0.2770 -0.4884
v  0.8538 -0.1988 -0.4901
v  0.9421 -0.1842 -0.5217
v  1.3886 -0.5625 -0.2840
v  1.3642 -0.5954 -0.3116
v  1.3004 -0.4063 -0.3829
v  1.3329 -0.3748 -0.3535
v  1.1125 -0.3505 -0.4763
v  1.1972 -0.3206 -0.4616
v  1.0708 -0.2606 -0.5066
v  1.1513 -0.2344 -0.4980
v  1.0291 -0.1718 -0.5424
v  1.1048 -0.1472 -0.5349
v  1.2506 -0.2858 -0.4337
v  1.2874 -0.2507 -0.4023
v  1.2041 -0.1989 -0.4704
v  1.2397 -0.1599 -0.4372
v  1.1550 -0.1111 -0.5051
v  1.1885 -0.0696 -0.4689
v  1.4018 -0.5284 -0.2371
v  1.3468 -0.5199 -0.2093
v  1.3460 -0.3458 -0.3009
v  1.2875 -0.3417 -0.2693
v  1.3027 -0.2174 -0.3448
v  1.2465 -0.2083 -0.3047
v  1.2566 -0.1186 -0.3819
v  1.2121 -0.0981 -0.3332
v  1.2055 -0.0220 -0.4170
v  1.1762 0.0124 -0.3653
v  0.8436 -0.4186 -0.1086
v  1.0078 -0.4639 -0.1817
v  0.9733 -0.2647 -0.2261
v  0.8109 -0.2199 -0.1556
v  1.1513 -0.5032 -0.2103
v  1.1102 -0.3096 -0.2580
v  1.2672 -0.5173 -0.2142
v  1.2138 -0.3331 -0.2677
v  1.1803 -0.1963 -0.2965
v  1.0864 -0.1693 -0.2839
v  1.1545 -0.0841 -0.3199
v  1.0679 -0.0572 -0.3090
v  1.1277 0.0292 -0.3486
v  1.0470 0.0550 -0.3414
v  1.0272 0.1523 -0.3828
v  0.4752 -0.1805 0.1322
v  0.5061 -0.3647 0.1943
v  0.6624 -0.3872 0.0299
v  0.6333 -0.1938 -0.0232
v  0.9500 -0.1204 -0.2559
v  0.7874 -0.0719 -0.1865
v  0.9287 -0.0045 -0.2857
v  0.7608 0.0471 -0.2214
v  0.9023 0.1087 -0.3275
v  0.8780 0.2036 -0.3756
v  0.7299 0.1647 -0.2640
v  0.7072 0.2640 -0.3038
v  0.6125 -0.0489 -0.0598
v  0.4530 -0.0430 0.0873
v  0.5878 0.0684 -0.0981
v  0.4298 0.0698 0.0453
v  0.5623 0.1877 -0.1374
v  0.5461 0.2906 -0.1686
v  0.4081 0.2939 -0.0074
v  0.4117 0.1886 0.0102
v  0.3909 -0.3590 0.3250
v  0.2966 -0.3666 0.4199
v  0.3515 -0.1842 0.2548
v  0.2497 -0.1996 0.3431
v  0.3252 -0.0515 0.2070
v  0.2225 -0.0672 0.2980
v  0.3038 0.0607 0.1688
v  0.2049 0.0471 0.2678
v  0.0870 -0.2350 0.4456
v  0.1333 -0.3971 0.5301
v  0.2120 -0.3801 0.4832
v  0.1644 -0.2165 0.4024
v  0.2837 0.1769 0.1336
v  0.2701 0.2786 0.1113
v  0.1845 0.2649 0.2321
v  0.1910 0.1637 0.2418
v  -0.3851 -0.3440 0.9398
v  -0.5255 -0.3265 0.9926
v  -0.2774 -0.3866 0.8358
v  -0.2956 -0.2228 0.7524
v  -0.4101 -0.1870 0.8490
v  -0.5560 -0.1855 0.8947
v  -0.4848 0.1939 0.5971
v  -0.4703 0.1122 0.6490
v  -0.3356 0.1021 0.5881
v  -0.3453 0.1883 0.5428
v  -0.6536 0.1798 0.6418
v  -0.6238 0.0873 0.6980
v  -0.4523 0.0181 0.7105
v  -0.6008 0.0116 0.7656
v  -0.3232 0.0001 0.6380
v  -0.5798 -0.0785 0.8244
v  -0.4329 -0.0746 0.7741
v  -0.3108 -0.1013 0.6891
v  -0.7008 -0.3454 0.9843
v  -0.8269 -0.4374 0.8743
v  -0.7242 -0.2355 0.8915
v  -0.8511 -0.3368 0.8030
v  -0.8767 -0.2425 0.7796
v  -0.7398 -0.1520 0.8211
v  -0.7588 -0.0740 0.7644
v  -0.8967 -0.1691 0.7406
v  -0.7802 -0.0004 0.7098
v  -0.8115 0.0689 0.6607
v  -0.9448 -0.0333 0.6568
v  -0.9187 -0.0991 0.7008
v  -0.9708 -0.4575 0.8803
v  -1.0759 -0.4886 0.8709
v  -0.9944 -0.3689 0.8216
v  -1.0918 -0.4125 0.8095
v  -1.0103 -0.2986 0.7800
v  -1.0999 -0.3443 0.7651
v  -1.0234 -0.2363 0.7423
v  -1.1080 -0.2778 0.7308
v  -1.0820 -0.4804 0.7176
v  -1.0628 -0.5661 0.7623
v  -1.0992 -0.5339 0.8143
v  -1.1063 -0.4546 0.7597
v  -1.0390 -0.1740 0.7036
v  -1.0542 -0.1131 0.6628
v  -1.1277 -0.1484 0.6677
v  -1.1184 -0.2109 0.6963
v  -0.9456 -0.4356 0.1460
v  -0.9933 -0.4712 0.1862
v  -1.0035 -0.4235 0.1241
v  -0.9577 -0.4004 0.0638
v  -0.9437 -0.4810 0.2248
v  -0.9934 -0.5132 0.2514
v  -0.9437 -0.5295 0.2991
v  -0.9952 -0.5597 0.3152
v  -1.1272 -0.3285 0.6418
v  -1.1308 -0.3086 0.6877
v  -1.1462 -0.2363 0.6552
v  -1.1496 -0.2531 0.6056
v  -1.1587 -0.1706 0.6324
v  -1.1709 -0.1883 0.5935
v  -1.0244 -0.5381 0.6222
v  -1.0159 -0.6299 0.6613
v  -1.0265 -0.6027 0.7261
v  -1.0438 -0.5087 0.6808
v  -1.1040 -0.4029 0.6783
v  -1.1174 -0.3805 0.7200
v  -1.0638 -0.4245 0.6346
v  -1.0382 -0.4552 0.5745
v  -1.0882 -0.3462 0.5870
v  -1.0565 -0.3769 0.5219
v  -1.1142 -0.2667 0.5388
v  -1.1528 -0.2071 0.5255
v  -1.0791 -0.2980 0.4679
v  -1.1242 -0.1489 0.3864
v  -1.0459 -0.4132 0.2442
v  -1.0291 -0.4258 0.1956
v  -1.0262 -0.4646 0.2360
v  -1.0469 -0.4505 0.2820
v  -1.0299 -0.5071 0.2923
v  -1.0444 -0.4873 0.3326
v  -1.0402 -0.5464 0.4430
v  -1.0252 -0.5495 0.5332
v  -1.0342 -0.4853 0.4985
v  -1.0410 -0.5043 0.4302
v  -1.0484 -0.4216 0.4545
v  -1.0489 -0.4591 0.3975
v  -1.0661 -0.3586 0.4094
v  -1.0816 -0.3073 0.3685
v  -1.0692 -0.3731 0.3309
v  -1.0599 -0.4130 0.3621
v  -1.0337 -0.6214 0.5472
v  -1.0397 -0.5928 0.4272
v  -1.0320 -0.5498 0.3501
v  -1.0439 -0.5241 0.3811
v  -1.0484 -0.4738 0.3599
v  -1.0437 -0.5037 0.3904
v  -1.0551 -0.4383 0.3219
v  -1.0609 -0.4034 0.2886
v  0.3926 -0.7761 0.0586
v  0.4566 -0.7874 0.0115
v  0.3621 -0.5824 -0.0238
v  0.4245 -0.5900 -0.0705
v  0.3437 -0.4521 -0.0846
v  0.4037 -0.4570 -0.1283
v  0.3327 -0.3523 -0.1318
v  0.3894 -0.3555 -0.1720
v  0.4871 -0.5971 -0.1170
v  0.5220 -0.7977 -0.0349
v  0.5282 -0.1545 -0.3763
v  0.4973 -0.0621 -0.4100
v  0.4566 -0.1606 -0.3314
v  0.4248 -0.0687 -0.3606
v  0.4003 -0.1633 -0.2921
v  0.3696 -0.0733 -0.3171
v  0.3199 -0.2542 -0.1799
v  0.3727 -0.2559 -0.2171
v  0.5585 -0.2511 -0.3362
v  0.4848 -0.2565 -0.2919
v  0.5853 -0.3545 -0.2997
v  0.5086 -0.3591 -0.2521
v  0.4456 -0.3585 -0.2109
v  0.4254 -0.2573 -0.2532
v  -0.1593 -0.4151 0.7281
v  -0.1927 -0.2556 0.6369
v  -0.0343 -0.4180 0.6468
v  -0.0772 -0.2598 0.5551
v  0.6098 -0.4587 -0.2678
v  0.5303 -0.4630 -0.2162
v  0.4637 -0.4615 -0.1710
v  0.0565 -0.4117 0.5815
v  0.0107 -0.2520 0.4925
v  -0.2148 -0.0192 0.5402
v  -0.2077 -0.1290 0.5797
v  -0.1006 -0.1335 0.4963
v  -0.1144 -0.0231 0.4561
v  -0.1286 0.0886 0.4196
v  -0.2213 0.0913 0.5060
v  -0.2243 0.1858 0.4786
v  -0.1308 0.1904 0.4027
v  0.0444 0.1380 0.3651
v  0.0069 0.2297 0.2926
v  -0.0360 0.2110 0.3827
v  -0.0319 0.1143 0.3971
v  -0.0228 -0.0034 0.4167
v  0.0524 0.0182 0.3800
v  0.1251 0.0341 0.3348
v  0.1150 0.1521 0.3151
v  0.1139 0.2520 0.3145
v  -0.0112 -0.1196 0.4448
v  0.0653 -0.0994 0.4050
v  0.1405 -0.0819 0.3617
v  0.0007 -8.0879 6.3602
# 3499 vertices

vn -0.7327 -0.3407 -0.5891
vn -0.7390 -0.3616 -0.5685
vn -0.8540 -0.2467 -0.4580
vn -0.8600 -0.2455 -0.4474
vn -0.8246 -0.2896 -0.4859
vn -0.7659 -0.3280 -0.5531
vn -0.8094 -0.2925 -0.5093
vn -0.8268 -0.2637 -0.4969
vn -0.7748 -0.3818 -0.5039
vn -0.7647 -0.3157 -0.5617
vn -0.7971 -0.3004 -0.5239
vn -0.8240 -0.2885 -0.4876
vn -0.8269 -0.2833 -0.4857
vn -0.7568 -0.3281 -0.5653
vn -0.7447 -0.3392 -0.5748
vn 0.0297 -0.5121 -0.8584
vn -0.0786 -0.2545 -0.9639
vn -0.3443 -0.4386 -0.8301
vn -0.3252 -0.4926 -0.8072
vn -0.2500 -0.1875 -0.9499
vn -0.4141 -0.4316 -0.8014
vn 0.0697 -0.5246 -0.8485
vn -0.2908 -0.5137 -0.8072
vn -0.1597 -0.5529 -0.8178
vn 0.1356 -0.4763 -0.8687
vn -0.4286 -0.5549 -0.7130
vn -0.3456 -0.5057 -0.7905
vn -0.4096 -0.5238 -0.7469
vn -0.4979 -0.5601 -0.6622
vn -0.3250 -0.4860 -0.8113
vn -0.3197 -0.4759 -0.8193
vn -0.3473 -0.5061 -0.7895
vn -0.4653 -0.5123 -0.7219
vn -0.5518 -0.5054 -0.6634
vn -0.1765 -0.5023 -0.8465
vn -0.1470 -0.5085 -0.8484
vn -0.1571 -0.4443 -0.8820
vn -0.3346 -0.3771 -0.8636
vn -0.2128 -0.4629 -0.8605
vn 0.0303 -0.8208 -0.5705
vn -0.2135 -0.7463 -0.6305
vn 0.1332 -0.8170 -0.5611
vn 0.2818 -0.9391 -0.1968
vn -0.3540 -0.4637 -0.8122
vn -0.3494 -0.6104 -0.7109
vn -0.3035 -0.6781 -0.6694
vn -0.3189 -0.4714 -0.8222
vn -0.3862 -0.4570 -0.8012
vn -0.4121 -0.5210 -0.7475
vn -0.4288 -0.3783 -0.8204
vn -0.2415 -0.7810 -0.5759
vn -0.2802 -0.7598 -0.5867
vn -0.5154 -0.3888 -0.7637
vn 0.4755 -0.8239 -0.3085
vn 0.3587 -0.9193 0.1618
vn 0.2374 -0.9522 0.1924
vn 0.4577 -0.8891 0.0004
vn 0.6656 0.4047 0.6271
vn 0.6558 0.4237 0.6248
vn 0.7207 0.3784 0.5809
vn 0.6189 0.4282 0.6585
vn 0.3777 0.5421 0.7506
vn 0.2300 0.5811 0.7806
vn 0.5113 0.5092 0.6923
vn 0.7451 0.3684 0.5559
vn 0.5678 0.4516 0.6882
vn 0.3550 0.6773 0.6443
vn 0.3816 0.5552 0.7390
vn 0.4274 0.5517 0.7162
vn 0.3599 0.6566 0.6628
vn 0.4646 0.4896 0.7378
vn 0.3867 0.4892 0.7818
vn 0.5412 0.5086 0.6697
vn 0.5292 0.5743 0.6247
vn 0.6229 0.6718 0.4008
vn 0.7534 0.5637 0.3386
vn 0.7359 0.4839 0.4736
vn 0.6129 0.5719 0.5453
vn -0.3596 0.6109 0.7053
vn -0.1207 0.5905 0.7979
vn -0.2513 0.5674 0.7841
vn -0.4457 0.5857 0.6770
vn -0.3697 0.5394 0.7565
vn -0.4750 0.5635 0.6759
vn -0.7768 -0.4402 -0.4504
vn -0.5143 -0.6964 -0.5005
vn -0.4657 -0.6621 -0.5871
vn -0.7387 -0.4312 -0.5180
vn -0.3274 -0.7468 -0.5788
vn -0.3661 -0.7899 -0.4919
vn -0.2824 -0.6780 -0.6786
vn -0.4956 -0.5513 -0.6712
vn -0.7343 -0.3448 -0.5847
vn -0.3245 -0.3938 -0.8600
vn -0.4229 -0.4737 -0.7725
vn -0.3852 -0.5967 -0.7040
vn -0.2609 -0.6392 -0.7235
vn -0.6585 -0.4281 -0.6189
vn -0.7307 -0.3673 -0.5755
vn 0.0228 -0.9466 -0.3215
vn -0.0990 -0.8724 -0.4787
vn -0.2802 -0.7293 -0.6242
vn -0.1293 -0.8327 -0.5384
vn -0.3959 -0.7135 -0.5781
vn -0.5386 -0.5727 -0.6180
vn -0.7983 -0.2350 -0.5546
vn -0.8100 -0.2691 -0.5210
vn -0.7500 -0.3105 -0.5840
vn -0.7786 -0.2846 -0.5593
vn -0.7575 -0.3188 -0.5697
vn -0.8091 -0.2576 -0.5282
vn -0.6863 -0.4307 -0.5861
vn -0.8205 -0.2688 -0.5045
vn -0.2299 -0.0591 -0.9714
vn -0.3624 -0.1370 -0.9219
vn -0.3647 0.1654 -0.9163
vn -0.3100 0.1024 -0.9452
vn -0.3459 -0.3304 -0.8782
vn -0.3696 -0.2107 -0.9050
vn -0.2638 -0.7555 -0.5997
vn -0.2479 -0.7896 -0.5613
vn -0.0940 -0.9682 -0.2317
vn -0.1239 -0.9763 -0.1776
vn -0.1153 -0.9837 -0.1381
vn -0.0120 -0.9940 -0.1084
vn -0.4016 -0.2463 -0.8821
vn -0.4427 -0.3242 -0.8360
vn -0.4883 0.1326 -0.8625
vn -0.4526 0.1658 -0.8762
vn 0.5007 0.6788 -0.5371
vn 0.8436 0.4175 -0.3377
vn 0.5963 -0.0225 -0.8024
vn 0.2740 0.2751 -0.9216
vn 0.7049 -0.2489 -0.6643
vn 0.9723 0.1751 -0.1547
vn 0.2403 -0.5367 -0.8088
vn 0.0873 -0.3340 -0.9385
vn -0.0380 -0.0595 -0.9975
vn 0.6720 -0.7327 -0.1077
vn 0.5569 -0.7157 -0.4215
vn 0.3852 -0.6724 -0.6320
vn 0.7565 -0.5245 -0.3906
vn 0.9799 -0.1776 0.0912
vn 0.8244 -0.5023 0.2610
vn 0.2299 0.9475 -0.2224
vn 0.1497 0.7679 -0.6228
vn 0.4591 0.4712 -0.7532
vn 0.2564 0.9512 0.1718
vn 0.5879 0.7286 -0.3514
vn 0.3549 0.9005 0.2513
vn 0.1596 0.9548 0.2506
vn 0.3731 0.9243 -0.0806
vn 0.6202 0.6752 0.3992
vn 0.7027 0.6905 0.1717
vn 0.6024 0.5765 0.5520
vn 0.6747 0.6695 0.3107
vn 0.4190 0.8934 0.1619
vn 0.4725 0.8137 0.3387
vn -0.1705 -0.6835 -0.7098
vn -0.2454 -0.4858 -0.8389
vn -0.3500 -0.4592 -0.8165
vn -0.2902 -0.6917 -0.6613
vn -0.3273 -0.2012 -0.9233
vn -0.2210 -0.2582 -0.9405
vn -0.3697 -0.4426 -0.8170
vn -0.3777 -0.1147 -0.9188
vn -0.3266 -0.6822 -0.6542
vn -0.2390 -0.3362 -0.9110
vn -0.2201 -0.3908 -0.8938
vn -0.1148 -0.7305 -0.6732
vn -0.1749 -0.6580 -0.7325
vn -0.0471 -0.7802 -0.6238
vn -0.2266 -0.3325 -0.9155
vn 0.4643 0.6480 0.6037
vn 0.1757 0.9744 0.1400
vn 0.1727 0.9777 0.1195
vn 0.4627 0.6843 0.5636
vn 0.1583 0.9794 0.1250
vn 0.1761 0.9744 0.1394
vn 0.0374 0.9966 0.0730
vn 0.0715 0.9523 0.2968
vn 0.2536 0.6560 0.7109
vn 0.5472 -0.4513 0.7049
vn 0.5902 0.0124 0.8072
vn 0.6334 0.0197 0.7736
vn 0.5989 -0.4650 0.6520
vn 0.4390 0.0849 0.8945
vn 0.4806 -0.4180 0.7709
vn 0.5271 -0.4928 0.6924
vn 0.6043 -0.4263 0.6731
vn 0.5422 -0.6623 0.5170
vn 0.4570 -0.6457 0.6117
vn 0.5347 -0.3507 0.7689
vn 0.4834 -0.6474 0.5892
vn 0.5901 0.4329 0.6814
vn 0.6751 0.4635 0.5739
vn 0.6603 0.2670 0.7020
vn 0.6034 0.2967 0.7402
vn 0.5427 0.3430 0.7667
vn 0.5087 0.6729 0.5371
vn 0.5342 -0.2758 0.7991
vn 0.5405 0.0444 0.8402
vn 0.6669 0.1167 0.7359
vn 0.7081 -0.0453 0.7047
vn 0.6638 0.2327 0.7108
vn 0.7350 0.1690 0.6566
vn -0.7909 -0.3034 -0.5315
vn -0.5306 -0.5772 -0.6208
vn -0.5467 -0.6411 -0.5385
vn -0.8202 -0.3599 -0.4446
vn -0.2955 -0.7734 -0.5608
vn -0.2454 -0.7459 -0.6192
vn -0.1771 -0.7630 -0.6216
vn -0.2390 -0.7668 -0.5957
vn -0.3332 -0.6808 -0.6523
vn -0.2837 -0.6858 -0.6703
vn -0.4416 -0.6902 -0.5732
vn -0.3716 -0.7758 -0.5100
vn -0.4425 -0.5611 -0.6996
vn -0.4727 -0.5586 -0.6816
vn -0.5371 -0.4746 -0.6974
vn -0.4921 -0.4800 -0.7263
vn -0.5665 -0.4925 -0.6607
vn -0.5076 -0.5618 -0.6533
vn -0.4401 -0.4517 -0.7760
vn -0.4756 -0.4478 -0.7571
vn -0.4528 -0.4371 -0.7772
vn -0.4402 -0.4377 -0.7840
vn -0.4736 -0.4928 -0.7300
vn -0.5154 -0.4940 -0.7003
vn 0.4686 0.4003 0.7875
vn 0.8284 0.4931 0.2659
vn 0.9556 0.2732 -0.1105
vn 0.9141 0.3671 0.1722
vn 0.6423 0.3468 0.6836
vn 0.4021 0.4352 0.8056
vn 0.4026 0.2895 0.8684
vn 0.5909 0.5970 0.5426
vn 0.5418 0.3993 0.7396
vn 0.4212 0.4580 0.7829
vn 0.4742 0.4526 0.7551
vn 0.5900 0.4307 0.6830
vn 0.4276 0.4724 0.7707
vn 0.4132 0.4675 0.7815
vn 0.4393 0.5080 0.7409
vn 0.4661 0.5218 0.7145
vn 0.5346 0.5604 0.6326
vn 0.8037 0.2849 0.5224
vn 0.7793 0.3249 0.5358
vn 0.5920 0.4987 0.6331
vn 0.6213 0.4683 0.6282
vn 0.5915 0.5201 0.6161
vn 0.7604 0.3529 0.5452
vn 0.5784 0.5208 0.6279
vn 0.5523 0.5184 0.6528
vn 0.5566 0.5299 0.6399
vn -0.3885 -0.5341 -0.7509
vn -0.3834 -0.3872 -0.8385
vn -0.4125 -0.3589 -0.8373
vn -0.4151 -0.5407 -0.7317
vn -0.3250 -0.2851 -0.9017
vn -0.2380 -0.3446 -0.9081
vn -0.4434 -0.2374 -0.8643
vn -0.4435 -0.3539 -0.8234
vn -0.4329 -0.5297 -0.7294
vn 0.1425 0.7577 0.6368
vn 0.1890 0.7809 0.5954
vn 0.7069 0.3875 0.5917
vn 0.6862 0.3870 0.6159
vn 0.7418 0.3828 0.5506
vn 0.2012 0.7854 0.5854
vn 0.6944 -0.1468 0.7045
vn 0.7437 -0.2240 0.6298
vn 0.8114 -0.3663 0.4556
vn 0.7743 -0.3034 0.5553
vn 0.9123 -0.0812 0.4013
vn 0.7965 -0.0544 0.6021
vn 0.8330 -0.5108 0.2126
vn 0.9863 -0.1568 0.0515
vn -0.0337 -0.8992 -0.4362
vn -0.0347 -0.9146 -0.4029
vn -0.0834 -0.8822 -0.4635
vn -0.0471 -0.8846 -0.4640
vn -0.0002 -0.9633 -0.2683
vn -0.1604 -0.8612 -0.4822
vn 0.7913 -0.1822 0.5836
vn 0.7192 0.0881 0.6892
vn 0.7226 -0.1698 0.6701
vn 0.7975 -0.0809 0.5978
vn 0.5698 -0.2352 0.7874
vn 0.5944 0.0667 0.8014
vn 0.8273 0.1782 0.5327
vn 0.8231 0.2372 0.5159
vn 0.6618 0.3927 0.6385
vn 0.6841 0.2638 0.6801
vn 0.5747 0.4564 0.6793
vn 0.6041 0.3014 0.7377
vn -0.2288 -0.8526 -0.4698
vn -0.5994 -0.6109 -0.5172
vn -0.6367 -0.5649 -0.5249
vn -0.2662 -0.8293 -0.4913
vn -0.8131 -0.3066 -0.4948
vn -0.7992 -0.3164 -0.5110
vn -0.5557 -0.5855 -0.5903
vn -0.2256 -0.8022 -0.5527
vn -0.7883 -0.3023 -0.5359
vn -0.0556 -0.8565 -0.5132
vn 0.0116 -0.9046 -0.4262
vn 0.0256 -0.9274 -0.3731
vn 0.0521 -0.9511 -0.3043
vn -0.0914 -0.8358 -0.5414
vn -0.1861 -0.7459 -0.6395
vn -0.1193 -0.9339 -0.3369
vn -0.2476 -0.8173 -0.5204
vn -0.3677 -0.5286 -0.7651
vn -0.2958 -0.7109 -0.6381
vn -0.4018 -0.5688 -0.7176
vn -0.4447 -0.4733 -0.7604
vn -0.3742 -0.5435 -0.7514
vn -0.3668 -0.5067 -0.7802
vn -0.3404 -0.7849 -0.5177
vn -0.3297 -0.8582 -0.3935
vn -0.2663 -0.9435 -0.1974
vn -0.2729 -0.9582 -0.0858
vn -0.4077 -0.4365 -0.8021
vn -0.3997 -0.3974 -0.8260
vn 0.7944 0.3159 0.5188
vn 0.8588 0.3525 0.3718
vn 0.9028 0.2507 0.3495
vn 0.8068 0.2304 0.5440
vn 0.9762 0.1970 -0.0902
vn 0.9481 0.2893 -0.1320
vn 0.8636 0.3249 0.3856
vn 0.6206 0.3034 0.7230
vn 0.9479 0.2793 -0.1532
vn 0.5306 0.0315 0.8470
vn 0.5501 0.0936 0.8299
vn 0.4752 0.3384 0.8122
vn 0.4883 0.3392 0.8040
vn 0.4395 0.3465 0.8287
vn 0.4942 0.1771 0.8511
vn 0.4476 0.3997 0.7999
vn 0.4196 0.4058 0.8120
vn 0.4488 0.3795 0.8091
vn 0.6975 0.1950 0.6896
vn 0.8009 0.0131 0.5987
vn 0.6066 0.1546 0.7799
vn 0.6867 0.3757 0.6223
vn 0.6846 0.3531 0.6377
vn 0.0327 0.7090 0.7045
vn 0.0791 0.7198 0.6896
vn 0.5587 -0.2924 -0.7761
vn 0.3746 0.0043 -0.9272
vn 0.6650 0.2073 -0.7175
vn 0.7197 -0.1650 -0.6744
vn 0.4220 0.5948 -0.6842
vn 0.2675 0.3861 -0.8828
vn 0.5932 0.6025 -0.5340
vn 0.7643 0.2654 -0.5878
vn 0.7865 -0.0745 -0.6131
vn -0.8921 -0.2488 0.3772
vn -0.8486 -0.1139 0.5167
vn -0.8906 0.2753 0.3619
vn -0.9889 -0.1092 0.1012
vn -0.7787 0.4596 0.4270
vn -0.8275 -0.0019 0.5614
vn -0.4034 0.9118 0.0762
vn -0.6828 0.7247 -0.0924
vn -0.9099 0.2072 -0.3594
vn -0.6202 -0.7112 0.3308
vn -0.5750 -0.6793 0.4560
vn -0.7516 -0.3953 0.5280
vn -0.8160 -0.4843 0.3157
vn -0.7331 -0.3558 0.5797
vn -0.5672 -0.6504 0.5052
vn 0.6903 -0.4497 -0.5667
vn 0.5578 -0.5613 -0.6113
vn 0.1782 -0.9308 -0.3191
vn 0.2657 -0.9357 -0.2321
vn -0.0941 -0.8876 -0.4509
vn 0.2813 -0.6299 -0.7240
vn 0.7301 0.2183 -0.6476
vn 0.7005 -0.1261 -0.7024
vn 0.6104 0.5638 -0.5563
vn 0.4190 0.4947 -0.7614
vn 0.4103 0.1184 -0.9042
vn 0.1989 -0.2812 -0.9388
vn 0.3664 0.8242 -0.4317
vn 0.1960 0.9189 -0.3425
vn 0.2889 0.7484 -0.5970
vn -0.1688 0.9825 -0.0787
vn 0.0301 0.9813 -0.1899
vn -0.7200 0.1266 0.6823
vn -0.6203 0.6572 0.4282
vn -0.2600 0.8541 0.4505
vn -0.3706 0.3497 0.8605
vn -0.4870 -0.6264 0.6086
vn -0.6262 -0.3150 0.7132
vn -0.3549 -0.1655 0.9201
vn -0.2768 -0.5754 0.7696
vn -0.2921 -0.9133 0.2838
vn -0.2867 -0.8850 0.3670
vn 0.0397 -0.9840 -0.1735
vn -0.1105 -0.9876 0.1118
vn -0.2000 -0.8359 0.5112
vn 0.0156 -0.8244 -0.5658
vn 0.4834 -0.5444 -0.6855
vn -0.0012 0.0188 -0.9998
vn -0.0817 -0.4783 -0.8744
vn 0.1001 0.3973 -0.9122
vn -0.0157 0.3330 -0.9428
vn -0.0846 -0.0675 -0.9941
vn -0.1804 -0.5883 -0.7883
vn 0.1444 0.7436 -0.6528
vn 0.1763 0.9577 -0.2273
vn 0.1804 0.9673 -0.1782
vn 0.0477 0.7651 -0.6421
vn 0.0663 0.5223 0.8502
vn 0.1288 0.9170 0.3776
vn 0.2431 0.9096 0.3370
vn 0.1519 0.6407 0.7526
vn -0.1157 -0.4956 0.8608
vn -0.0292 -0.0109 0.9995
vn -0.0120 0.1234 0.9923
vn -0.1281 -0.4659 0.8755
vn -0.1495 -0.9643 0.2184
vn -0.1582 -0.7977 0.5819
vn -0.2200 -0.9460 0.2379
vn -0.1765 -0.8014 0.5715
vn -0.2531 -0.9300 -0.2667
vn -0.1339 -0.9305 -0.3409
vn 0.0333 0.2948 -0.9550
vn -0.0385 0.3031 -0.9522
vn 0.1122 0.5127 -0.8512
vn 0.1929 0.4522 -0.8708
vn -0.3331 0.4160 -0.8462
vn -0.1874 0.7312 -0.6559
vn 0.1840 0.9245 -0.3338
vn 0.3097 0.8457 -0.4347
vn 0.4090 0.7631 -0.5004
vn -0.3386 -0.1349 -0.9312
vn -0.3348 0.0205 -0.9421
vn -0.7871 -0.5005 -0.3605
vn -0.3324 -0.1986 -0.9220
vn -0.6679 -0.6346 -0.3888
vn -0.5727 -0.7007 -0.4254
vn 0.1002 0.3516 -0.9308
vn 0.1499 0.4953 -0.8557
vn -0.5147 -0.6732 0.5309
vn -0.3455 -0.7653 0.5432
vn -0.5971 -0.8021 0.0097
vn -0.6951 -0.7022 0.1540
vn -0.3955 -0.8107 0.4317
vn -0.5818 -0.8088 -0.0861
vn -0.3981 -0.4628 0.7921
vn -0.1604 -0.5113 0.8443
vn 0.0224 -0.1689 0.9854
vn -0.0753 -0.1439 0.9867
vn 0.1016 -0.1866 0.9772
vn -0.0950 -0.5439 0.8338
vn 0.2924 0.2392 0.9259
vn 0.2950 0.2424 0.9242
vn 0.4908 0.6163 0.6159
vn 0.5342 0.6036 0.5919
vn 0.5026 0.6732 0.5424
vn 0.3300 0.2489 0.9106
vn 0.5822 0.8130 -0.0030
vn 0.5610 0.8081 -0.1795
vn 0.4342 0.5446 -0.7175
vn 0.5079 0.8597 0.0535
vn 0.4866 0.6284 -0.6069
vn 0.2787 0.4163 -0.8655
vn 0.3570 0.5176 -0.7776
vn 0.0625 0.7291 -0.6815
vn -0.0100 0.2884 -0.9575
vn 0.1305 0.9804 -0.1476
vn 0.0520 0.7018 -0.7105
vn 0.0601 0.9862 -0.1540
vn -0.0655 0.3420 -0.9374
vn 0.1131 0.9325 0.3430
vn 0.0372 0.9291 0.3679
vn 0.0772 0.6633 0.7443
vn 0.0588 0.6290 0.7751
vn -0.1244 -0.5069 0.8530
vn -0.0250 0.1184 0.9927
vn -0.0117 0.0792 0.9968
vn -0.1013 -0.5500 0.8290
vn -0.2683 -0.9286 0.2564
vn -0.1845 -0.8134 0.5517
vn -0.1717 -0.8258 0.5372
vn -0.2987 -0.9165 0.2659
vn -0.3591 -0.9088 -0.2123
vn -0.3633 -0.5804 -0.7288
vn -0.5823 -0.4521 -0.6757
vn -0.4936 -0.8587 -0.1378
vn -0.3513 0.0195 -0.9361
vn -0.1759 -0.1089 -0.9784
vn 0.0089 0.9980 -0.0624
vn -0.1180 0.8051 -0.5812
vn -0.6025 0.7850 -0.1441
vn -0.2475 0.9566 0.1541
vn -0.9189 0.2056 -0.3367
vn -0.4659 0.4262 -0.7754
vn -0.9026 -0.2454 -0.3536
vn -0.7826 -0.5962 0.1790
vn -0.9052 -0.3442 0.2491
vn -0.9473 0.1982 -0.2517
vn -0.8115 -0.2914 0.5066
vn -0.6298 -0.6067 0.4851
vn -0.0412 0.4301 0.9018
vn -0.1484 0.2021 0.9681
vn -0.5661 0.3920 0.7252
vn -0.2508 0.7690 0.5881
vn -0.5837 -0.1271 0.8019
vn -0.0062 -0.0095 0.9999
vn -0.7621 0.4775 0.4373
vn 0.0175 0.5650 0.8249
vn -0.0423 0.8891 0.4557
vn -0.4553 -0.4578 0.7636
vn -0.0229 -0.1792 0.9835
vn -0.0251 -0.5566 0.8304
vn 0.0599 0.0482 0.9970
vn 0.1298 0.0927 0.9872
vn 0.0410 -0.5197 0.8534
vn -0.3728 -0.8686 0.3266
vn -0.1505 -0.8192 0.5534
vn -0.1592 -0.7558 0.6351
vn -0.4343 -0.8095 0.3950
vn -0.9965 0.0778 -0.0319
vn -0.9364 0.1416 0.3211
vn 0.5861 0.2712 0.7635
vn 0.6039 0.4296 0.6714
vn 0.3738 0.1005 0.9220
vn 0.3617 0.0468 0.9311
vn 0.7223 0.4950 0.4830
vn 0.7856 0.2426 0.5692
vn 0.8228 0.4453 0.3533
vn 0.6444 0.7565 0.1112
vn 0.4400 0.7932 -0.4209
vn 0.7619 0.6410 0.0922
vn 0.5092 0.2183 0.8325
vn 0.5196 0.0928 0.8493
vn 0.6247 0.7665 -0.1494
vn 0.3198 0.6764 -0.6635
vn 0.2263 0.9016 -0.3686
vn 0.2603 0.7462 -0.6128
vn 0.0265 0.7427 -0.6691
vn -0.0869 0.9378 -0.3361
vn -0.5137 0.3654 -0.7762
vn -0.5954 0.6383 -0.4880
vn -0.2830 0.9443 -0.1681
vn -0.5976 0.7219 -0.3489
vn -0.6227 0.7215 -0.3028
vn -0.4256 0.8951 -0.1326
vn -0.8871 0.3425 -0.3095
vn -0.8912 0.3381 -0.3023
vn -0.6748 0.6759 -0.2964
vn -0.6669 0.6511 -0.3623
vn -0.4591 0.8714 -0.1727
vn -0.4043 0.8794 -0.2513
vn -0.8092 0.4087 -0.4221
vn -0.8521 0.3670 -0.3732
vn -0.8876 0.2474 -0.3886
vn -0.7891 0.3981 -0.4677
vn -0.8725 -0.1101 -0.4760
vn -0.9195 -0.1350 -0.3692
vn -0.8429 0.2692 -0.4658
vn -0.8432 -0.0674 -0.5334
vn -0.9114 0.0796 -0.4037
vn -0.3749 0.8893 -0.2618
vn -0.5056 0.8496 -0.1504
vn -0.3968 0.8910 -0.2208
vn -0.8882 0.3280 -0.3219
vn -0.5916 0.7633 -0.2595
vn -0.4793 0.8604 -0.1730
vn -0.8040 0.5382 -0.2529
vn 0.0103 0.9999 0.0071
vn -0.1011 0.9838 -0.1479
vn 0.1178 0.9802 0.1591
vn -0.2716 0.9624 0.0009
vn -0.6900 0.6831 -0.2393
vn -0.1571 0.9235 -0.3500
vn -0.6281 0.6411 -0.4410
vn -0.7156 0.5721 -0.4008
vn -0.2283 0.8506 -0.4737
vn -0.8905 0.1902 -0.4133
vn 0.3425 0.8059 -0.4828
vn 0.3915 0.8959 -0.2101
vn 0.7504 0.6555 -0.0848
vn 0.7470 0.5598 -0.3587
vn 0.6828 0.7234 0.1026
vn 0.3910 0.9203 -0.0113
vn -0.0911 0.6530 0.7519
vn 0.2666 0.9539 0.1378
vn 0.4503 0.7572 0.4732
vn 0.4080 0.4858 0.7730
vn 0.7332 0.5029 0.4577
vn 0.6869 0.3553 0.6340
vn 0.1867 0.9824 -0.0018
vn -0.1658 0.7724 0.6131
vn -0.5285 0.5499 0.6468
vn -0.0862 0.9958 0.0309
vn -0.3751 -0.0453 0.9259
vn -0.0923 0.2147 0.9723
vn -0.3292 0.2739 0.9037
vn -0.0541 -0.1033 0.9932
vn -0.3585 0.9312 0.0659
vn -0.9579 0.2755 0.0814
vn -0.9970 0.0127 -0.0762
vn -0.7895 -0.1961 0.5816
vn -0.9537 -0.0376 0.2983
vn -0.9563 0.2033 -0.2101
vn -0.3638 -0.3797 0.8506
vn -0.4027 -0.4507 0.7967
vn -0.0471 -0.4092 0.9112
vn -0.0308 -0.5297 0.8476
vn -0.8426 0.4905 -0.2224
vn -0.7753 0.5631 -0.2860
vn -0.4893 0.6721 -0.5557
vn -0.3419 0.7480 -0.5688
vn -0.7787 0.0417 0.6260
vn -0.8671 0.3859 0.3150
vn -0.9047 0.4053 -0.1310
vn -0.8951 -0.0170 0.4456
vn -0.6510 0.6584 -0.3778
vn -0.7467 0.6651 -0.0067
vn 0.6597 0.5782 -0.4801
vn 0.9104 0.3944 -0.1250
vn 0.9232 0.2088 -0.3226
vn 0.6519 0.4907 -0.5781
vn 0.9609 0.0939 0.2605
vn 0.9820 -0.0943 0.1635
vn 0.9562 0.2265 -0.1854
vn 0.9843 0.0220 0.1754
vn 0.2354 0.6938 -0.6806
vn 0.1701 0.7147 -0.6785
vn 0.7024 0.0043 0.7117
vn 0.6382 -0.3257 0.6976
vn 0.2266 -0.1740 0.9583
vn 0.0403 -0.4523 0.8910
vn 0.5930 -0.3832 0.7081
vn 0.6064 0.6754 0.4198
vn 0.7176 0.6843 -0.1295
vn 0.0887 0.9054 -0.4152
vn -0.1031 0.9274 0.3595
vn -0.3882 -0.4339 0.8130
vn -0.3506 -0.2057 0.9136
vn -0.2879 0.3322 0.8982
vn 0.4823 0.3145 0.8176
vn 0.8340 0.4133 0.3656
vn -0.2422 0.7362 0.6319
vn 0.0575 0.7883 0.6126
vn 0.0052 0.6780 0.7350
vn -0.2729 0.6706 0.6898
vn 0.0817 0.8193 0.5675
vn -0.2462 0.7607 0.6006
vn -0.2604 0.7523 0.6052
vn 0.1063 0.7818 0.6144
vn -0.2088 0.7400 0.6394
vn -0.2107 0.7583 0.6169
vn -0.0677 0.7941 0.6040
vn -0.1028 0.7766 0.6215
vn -0.0633 0.8109 0.5817
vn -0.2151 0.7491 0.6266
vn -0.2739 0.7274 0.6292
vn 0.1415 0.7050 0.6949
vn -0.2725 0.7038 0.6561
vn 0.2011 0.6064 0.7693
vn -0.0502 0.7557 0.6530
vn -0.1812 0.7473 0.6393
vn -0.1993 0.7004 0.6853
vn -0.0882 0.6470 0.7574
vn -0.2474 0.6997 0.6702
vn 0.2789 0.5560 0.7830
vn -0.1943 0.6968 0.6904
vn 0.3745 0.4886 0.7881
vn -0.2728 0.6741 0.6864
vn -0.1134 0.6349 0.7642
vn -0.3159 0.6773 0.6645
vn -0.1180 0.6673 0.7354
vn 0.0017 0.6653 0.7466
vn 0.0230 0.6831 0.7300
vn 0.6888 0.3138 0.6535
vn 0.6456 0.2995 0.7025
vn 0.5106 0.3841 0.7693
vn -0.1085 0.6806 0.7246
vn -0.3165 0.6861 0.6550
vn -0.1382 0.6821 0.7181
vn -0.2876 0.7166 0.6355
vn -0.1524 0.7014 0.6962
vn -0.2110 0.6756 0.7064
vn -0.2071 0.7062 0.6770
vn -0.1236 0.7296 0.6726
vn -0.4413 0.6627 0.6050
vn -0.2310 0.6565 0.7181
vn -0.4831 0.6073 0.6307
vn -0.1863 0.6165 0.7650
vn -0.5562 0.5037 0.6610
vn -0.9732 0.2258 0.0443
vn -0.9880 0.1526 0.0245
vn -0.8795 -0.2098 -0.4272
vn -0.8653 -0.2220 -0.4494
vn -0.9998 0.0169 -0.0055
vn -0.8556 -0.2842 -0.4326
vn -0.1560 0.7484 0.6446
vn -0.1909 0.7695 0.6095
vn -0.5809 0.6707 0.4612
vn -0.5404 0.6469 0.5381
vn -0.8655 -0.1444 -0.4796
vn -0.9679 0.2394 -0.0764
vn -0.9527 0.3034 0.0153
vn -0.9003 -0.0290 -0.4342
vn -0.2554 0.7465 0.6144
vn -0.2130 0.7905 0.5742
vn -0.5962 0.6289 0.4990
vn -0.6456 0.5679 0.5106
vn -0.8312 -0.2604 -0.4912
vn -0.7515 -0.2446 -0.6128
vn -0.7590 -0.2452 -0.6031
vn -0.8347 -0.2634 -0.4837
vn -0.7625 -0.1919 -0.6179
vn -0.7034 -0.2904 -0.6488
vn -0.7852 -0.2592 -0.5623
vn -0.6896 -0.3298 -0.6448
vn -0.8130 -0.2839 -0.5084
vn -0.9425 0.2538 0.2173
vn -0.9411 0.3031 0.1496
vn -0.9671 -0.0026 -0.2544
vn -0.9870 -0.0169 -0.1597
vn -0.8658 -0.1621 -0.4734
vn -0.8697 -0.2017 -0.4505
vn -0.6793 -0.3777 -0.6291
vn -0.7046 -0.4278 -0.5661
vn -0.7160 -0.4482 -0.5353
vn -0.7171 -0.3497 -0.6028
vn -0.6906 0.5394 0.4818
vn -0.2934 0.7025 0.6484
vn -0.2621 0.6900 0.6747
vn -0.7124 0.5391 0.4493
vn -0.8829 -0.2594 -0.3913
vn -0.8813 -0.2232 -0.4164
vn -0.9917 -0.0111 -0.1279
vn -0.9931 -0.0024 -0.1171
vn -0.9473 0.2720 0.1690
vn -0.9461 0.2334 0.2247
vn -0.7103 0.5190 0.4754
vn -0.2386 0.6648 0.7079
vn -0.2448 0.6170 0.7479
vn -0.6995 0.4887 0.5214
vn -0.9533 0.2561 0.1603
vn -0.9949 -0.0432 -0.0913
vn -0.9928 -0.1068 -0.0539
vn -0.9586 0.2022 0.2005
vn -0.7308 -0.5067 -0.4574
vn -0.8719 -0.3595 -0.3324
vn -0.7965 -0.4614 -0.3907
vn -0.8703 -0.4167 -0.2625
vn -0.8131 -0.3303 -0.4793
vn -0.7612 -0.3890 -0.5188
vn -0.9789 -0.2011 -0.0366
vn -0.9580 0.1445 0.2478
vn -0.9571 0.1442 0.2514
vn -0.9858 -0.1679 -0.0008
vn -0.6771 0.4717 0.5648
vn -0.6786 0.4894 0.5477
vn -0.2530 0.5920 0.7652
vn -0.2860 0.6306 0.7215
vn -0.9180 -0.3755 -0.1276
vn -0.8756 -0.4321 -0.2158
vn -0.2104 0.7249 0.6559
vn -0.2426 0.7597 0.6033
vn -0.2372 0.7871 0.5694
vn -0.5589 0.6573 0.5055
vn -0.8739 -0.1988 -0.4436
vn -0.8460 -0.2696 -0.4600
vn -0.8691 -0.3295 -0.3690
vn -0.9163 -0.1964 -0.3490
vn -0.3689 0.6701 0.6441
vn -0.7213 0.5207 0.4567
vn -0.9477 -0.1787 -0.2646
vn -0.9157 -0.3218 -0.2408
vn -0.9894 -0.1212 -0.0798
vn -0.9936 -0.0034 -0.1128
vn -0.9283 0.3250 0.1805
vn -0.9569 0.2207 0.1886
vn -0.5781 0.6781 0.4538
vn -0.2492 0.7972 0.5498
vn -0.2582 0.8090 0.5281
vn -0.5896 0.6923 0.4161
vn -0.9267 -0.0685 -0.3695
vn -0.8971 -0.1232 -0.4243
vn -0.9428 -0.0816 -0.3232
vn -0.9662 -0.0113 -0.2576
vn -0.9792 -0.0355 -0.2000
vn -0.9631 -0.0773 -0.2579
vn -0.9924 0.0733 -0.0985
vn -0.9935 0.0968 -0.0595
vn -0.8932 0.4092 0.1864
vn -0.9002 0.3917 0.1902
vn -0.6051 0.6872 0.4020
vn -0.2929 0.8055 0.5152
vn -0.6453 0.6551 0.3930
vn -0.3393 0.8146 0.4705
vn -0.9632 -0.0517 -0.2636
vn -0.9626 -0.0410 -0.2679
vn -0.9852 0.0603 -0.1604
vn -0.9823 0.1480 -0.1151
vn -0.9864 0.1272 -0.1040
vn -0.9885 0.0159 -0.1501
vn -0.9924 0.1123 -0.0498
vn -0.9858 0.1616 -0.0462
vn -0.9196 0.3662 0.1423
vn -0.9000 0.3998 0.1738
vn -0.9085 -0.0311 -0.4167
vn -0.9467 -0.0537 -0.3177
vn -0.9707 0.1895 -0.1475
vn -0.9457 0.2646 -0.1889
vn -0.9309 0.0113 -0.3650
vn -0.7200 -0.2768 -0.6364
vn -0.6685 0.1553 -0.7273
vn -0.8477 -0.2978 -0.4390
vn -0.8854 -0.2413 -0.3972
vn -0.8719 -0.3049 -0.3831
vn -0.9157 -0.1505 -0.3727
vn -0.8876 -0.1029 -0.4489
vn -0.9449 -0.0950 -0.3133
vn -0.6100 -0.7705 -0.1851
vn -0.6753 -0.7056 -0.2145
vn -0.9779 0.0152 -0.2086
vn -0.9663 0.0974 0.2382
vn -0.9982 -0.0352 -0.0483
vn -0.5251 0.6990 0.4855
vn -0.3716 0.5530 0.7458
vn -0.2414 0.3274 0.9135
vn -0.8441 0.1765 0.5063
vn -0.9830 -0.1783 -0.0435
vn -0.8807 -0.3819 -0.2802
vn -0.3359 0.0113 0.9418
vn -0.7899 0.1052 0.6041
vn -0.6699 -0.2134 0.7111
vn -0.8519 0.1170 0.5105
vn -0.9564 -0.0085 0.2918
vn -0.9771 -0.1124 0.1809
vn -0.5632 -0.6254 -0.5401
vn -0.3882 -0.7527 -0.5318
vn -0.4513 -0.8112 -0.3720
vn -0.6056 -0.6851 -0.4048
vn -0.4783 -0.7494 -0.4578
vn -0.5380 -0.7664 -0.3509
vn -0.6454 -0.7161 -0.2659
vn -0.5251 -0.8454 -0.0976
vn -0.5614 -0.7790 -0.2794
vn -0.4054 -0.4573 -0.7915
vn -0.3822 -0.3784 -0.8431
vn -0.2651 -0.6471 -0.7148
vn -0.2812 -0.6971 -0.6596
vn -0.2526 -0.5668 -0.7842
vn -0.3793 -0.3210 -0.8678
vn -0.2130 -0.6606 -0.7199
vn -0.2840 -0.7108 -0.6435
vn -0.2742 -0.7413 -0.6127
vn -0.3985 -0.2621 -0.8789
vn -0.2398 -0.4875 -0.8395
vn -0.2435 -0.4889 -0.8377
vn -0.4779 -0.2379 -0.8456
vn -0.0821 -0.6094 -0.7886
vn -0.1187 -0.6051 -0.7873
vn -0.6315 0.1145 -0.7669
vn -0.5832 0.1775 -0.7927
vn -0.5073 -0.1171 -0.8538
vn -0.5410 -0.1786 -0.8219
vn -0.4909 -0.0461 -0.8700
vn -0.5833 0.2279 -0.7797
vn -0.5337 0.8428 -0.0701
vn -0.4862 0.8667 -0.1112
vn -0.6315 0.4712 -0.6158
vn -0.6798 0.4548 -0.5754
vn -0.6055 0.5248 -0.5983
vn -0.4617 0.8718 -0.1639
vn -0.6329 0.3077 -0.7105
vn -0.5396 0.0030 -0.8419
vn -0.6670 0.0548 -0.7430
vn -0.7547 0.4084 -0.5135
vn -0.8912 0.3151 -0.3263
vn -0.8195 0.0073 -0.5730
vn -0.6663 -0.2267 -0.7104
vn -0.0230 0.7975 0.6029
vn -0.0232 0.8163 0.5772
vn -0.1568 0.8618 0.4823
vn -0.2404 0.8682 0.4341
vn -0.0617 0.8610 0.5049
vn -0.1897 0.8314 0.5224
vn -0.5999 0.7974 -0.0652
vn -0.6751 0.7370 -0.0335
vn -0.9115 0.4100 -0.0327
vn -0.9620 0.2698 -0.0416
vn -0.9562 0.2910 0.0303
vn -0.9062 0.4228 -0.0049
vn -0.3911 0.8577 0.3337
vn -0.4098 0.8522 0.3252
vn -0.7999 0.5765 0.1664
vn -0.8422 0.5324 -0.0853
vn 0.2775 0.7629 0.5839
vn 0.3300 0.7489 0.5747
vn -0.9100 0.4129 -0.0366
vn -0.9198 0.3773 0.1080
vn -0.2741 0.9597 0.0618
vn 0.1684 0.9351 0.3117
vn -0.6783 0.6719 -0.2975
vn -0.6496 0.7543 -0.0950
vn -0.8298 0.5520 -0.0824
vn -0.8377 0.5460 -0.0123
vn -0.6286 0.7418 0.2335
vn -0.5658 0.7298 -0.3837
vn -0.2936 0.9338 0.2047
vn -0.4184 0.7676 0.4855
vn -0.1040 0.8924 0.4392
vn -0.9388 0.3441 -0.0187
vn -0.8126 0.5518 0.1874
vn -0.8873 0.2339 -0.3974
vn -0.9045 0.1751 -0.3889
vn -0.6022 0.7718 0.2041
vn -0.8255 0.5052 -0.2515
vn -0.9365 -0.0439 -0.3480
vn -0.9742 0.0505 -0.2200
vn -0.9329 -0.0543 -0.3560
vn -0.9082 -0.2224 -0.3546
vn -0.9444 0.1802 -0.2752
vn -0.9224 0.3825 -0.0540
vn -0.8686 0.2283 -0.4397
vn -0.8881 0.3345 -0.3152
vn -0.9227 0.1076 -0.3703
vn -0.8993 0.4151 -0.1377
vn -0.3945 -0.2049 -0.8958
vn -0.6748 -0.0951 -0.7319
vn -0.5709 -0.7172 -0.3995
vn -0.6585 -0.6708 -0.3413
vn 0.0424 0.8052 0.5915
vn 0.3493 0.7562 0.5533
vn 0.3888 0.9165 0.0946
vn 0.1057 0.9893 0.1006
vn -0.1151 0.0977 0.9885
vn -0.5582 -0.1891 0.8079
vn -0.2736 -0.5056 0.8182
vn 0.0634 -0.0707 0.9955
vn -0.5502 -0.7701 0.3228
vn -0.7976 -0.5246 0.2977
vn -0.6381 -0.7587 -0.1311
vn -0.7572 -0.6411 -0.1247
vn -0.0800 0.4574 0.8857
vn 0.1862 0.3539 0.9166
vn -0.7330 0.6480 0.2070
vn -0.9344 0.0872 0.3454
vn -0.5300 0.3544 0.7704
vn -0.3904 0.7994 0.4567
vn -0.9462 -0.1161 -0.3020
vn -0.6584 0.6078 -0.4440
vn -0.3039 0.9420 -0.1423
vn -0.6228 -0.6025 -0.4991
vn -0.1286 -0.3554 -0.9258
vn -0.3825 0.3984 -0.8337
vn -0.0925 0.8421 -0.5313
vn -0.7812 -0.6239 -0.0212
vn -0.4393 -0.8964 -0.0582
vn -0.2872 -0.9423 0.1720
vn -0.4885 0.8577 0.1605
vn -0.4731 0.8652 0.1663
vn -0.7644 0.3405 -0.5475
vn -0.7794 0.4557 -0.4300
vn -0.7451 0.4247 -0.5143
vn -0.8148 -0.0421 -0.5782
vn -0.7275 -0.0237 -0.6857
vn -0.7113 0.3902 -0.5847
vn -0.7993 0.0388 -0.5997
vn -0.8565 -0.1351 -0.4981
vn -0.6389 0.3729 -0.6729
vn -0.7120 0.3351 -0.6171
vn -0.7287 0.1632 -0.6651
vn -0.6913 0.0504 -0.7208
vn -0.6520 0.3918 -0.6492
vn -0.6973 -0.0004 -0.7168
vn -0.7702 0.1849 -0.6105
vn -0.9417 -0.0746 -0.3281
vn -0.9219 -0.0868 -0.3775
vn -0.9289 0.1804 -0.3233
vn -0.8975 0.2742 -0.3455
vn -0.7217 0.4765 -0.5021
vn -0.9148 -0.1094 -0.3888
vn -0.8132 0.1186 -0.5697
vn -0.4316 0.8499 -0.3022
vn -0.6131 0.7322 -0.2967
vn -0.5928 0.6536 -0.4705
vn -0.5871 0.6708 -0.4531
vn -0.9491 0.0250 -0.3140
vn -0.5851 0.7896 -0.1849
vn -0.3599 0.9017 -0.2397
vn -0.6275 0.6674 -0.4010
vn -0.4175 -0.6986 -0.5811
vn -0.5244 -0.6092 -0.5949
vn -0.5619 -0.6402 -0.5238
vn -0.4749 -0.5487 -0.6881
vn -0.3513 -0.6393 -0.6840
vn -0.4969 -0.6357 -0.5908
vn -0.5264 -0.6883 -0.4992
vn -0.5240 -0.7230 -0.4503
vn -0.9438 0.2910 -0.1565
vn -0.9872 0.1269 -0.0967
vn -0.5212 0.8117 0.2638
vn -0.4112 0.8989 0.1512
vn -0.8355 0.4827 -0.2626
vn -0.7160 0.6713 -0.1917
vn -0.1457 0.8806 0.4509
vn -0.3002 0.9305 0.2098
vn -0.5546 0.8320 -0.0138
vn -0.0334 0.8226 0.5677
vn -0.1868 0.8664 0.4631
vn -0.1478 0.9012 0.4075
vn -0.6356 0.7641 0.1103
vn -0.6578 0.7440 0.1171
vn -0.5880 0.8083 0.0296
vn -0.1569 0.9412 0.2992
vn -0.2595 0.8538 0.4512
vn -0.6866 0.7251 0.0524
vn -0.4631 -0.5812 -0.6691
vn -0.4163 -0.5665 -0.7112
vn -0.2787 -0.6805 -0.6776
vn -0.2959 -0.6819 -0.6690
vn -0.2568 -0.6756 -0.6911
vn -0.4100 -0.5665 -0.7148
vn -0.3057 -0.6301 -0.7138
vn -0.2850 -0.5889 -0.7563
vn -0.7491 0.0341 -0.6615
vn -0.8095 0.0153 -0.5869
vn -0.8443 0.4340 -0.3143
vn -0.8084 0.4251 -0.4072
vn -0.8713 0.4312 -0.2342
vn -0.8593 -0.0061 -0.5114
vn -0.5119 -0.5918 -0.6227
vn -0.3358 -0.7049 -0.6248
vn -0.8805 0.4203 -0.2192
vn -0.8515 0.4282 -0.3026
vn -0.8868 -0.0050 -0.4622
vn -0.8799 0.0029 -0.4751
vn -0.6914 0.0574 -0.7202
vn -0.5703 -0.2551 -0.7808
vn -0.5815 -0.3233 -0.7466
vn -0.4303 -0.5478 -0.7175
vn -0.6728 -0.3719 -0.6396
vn -0.6266 -0.3579 -0.6923
vn -0.7483 0.4358 -0.5001
vn -0.6972 -0.3697 -0.6142
vn -0.7379 -0.3873 -0.5527
vn 0.7829 0.3007 0.5447
vn 0.7668 0.3425 0.5428
vn 0.7744 0.3691 0.5139
vn 0.7505 0.3368 0.5686
vn 0.6006 0.5233 0.6046
vn 0.5930 0.5246 0.6109
vn 0.5813 0.5603 0.5901
vn 0.5772 0.5338 0.6180
vn 0.7839 0.2568 0.5653
vn 0.5720 0.5265 0.6290
vn 0.5578 0.5445 0.6264
vn 0.7932 0.2498 0.5554
vn 0.5438 0.6408 0.5418
vn 0.5697 0.6022 0.5594
vn 0.4177 0.6147 0.6691
vn 0.3971 0.6468 0.6511
vn 0.3919 0.7005 0.5965
vn 0.3558 0.7115 0.6059
vn 0.4530 0.6780 0.5789
vn 0.3994 0.7208 0.5665
vn 0.9127 0.3920 -0.1154
vn 0.6945 0.6331 0.3420
vn 0.6455 0.6446 0.4097
vn 0.9092 0.4156 -0.0256
vn 0.8590 -0.0050 -0.5120
vn 0.9153 0.1476 -0.3747
vn -0.3544 -0.7026 -0.6171
vn -0.3656 -0.6389 -0.6768
vn -0.4122 -0.6366 -0.6518
vn -0.4168 -0.6685 -0.6160
vn -0.4336 -0.6289 -0.6454
vn -0.4169 -0.6827 -0.6002
vn -0.4891 -0.6514 -0.5800
vn -0.4989 -0.6152 -0.6104
vn -0.5230 -0.5652 -0.6380
vn -0.4963 -0.5845 -0.6419
vn -0.5727 -0.5263 -0.6285
vn -0.5684 -0.5478 -0.6139
vn -0.4817 -0.6142 -0.6251
vn -0.3014 -0.6914 -0.6566
vn -0.3648 -0.7398 -0.5653
vn -0.5031 -0.6623 -0.5552
vn -0.5810 -0.5502 -0.5997
vn -0.5522 -0.5637 -0.6143
vn -0.5547 -0.5951 -0.5815
vn -0.5703 -0.5763 -0.5854
vn -0.5790 -0.5533 -0.5989
vn -0.5626 -0.5730 -0.5960
vn -0.4564 -0.5938 -0.6627
vn -0.4764 -0.6407 -0.6022
vn -0.1636 -0.6631 -0.7305
vn -0.4804 -0.4290 -0.7649
vn 0.0522 -0.7085 -0.7038
vn -0.2734 -0.5051 -0.8186
vn -0.1259 -0.7386 -0.6622
vn -0.2304 -0.7041 -0.6716
vn -0.4821 -0.3763 -0.7912
vn -0.4281 -0.4320 -0.7938
vn -0.4673 -0.6971 -0.5437
vn -0.4824 -0.4046 -0.7769
vn -0.3135 -0.6435 -0.6983
vn -0.3271 -0.9154 -0.2345
vn -0.2875 -0.9533 0.0920
vn -0.4219 -0.9033 -0.0775
vn -0.5411 -0.7229 -0.4296
vn -0.5254 -0.3991 -0.7514
vn -0.5254 -0.4288 -0.7349
vn -0.5542 -0.5028 -0.6634
vn -0.5550 -0.4707 -0.6859
vn -0.5777 -0.7107 -0.4015
vn -0.5823 -0.6430 -0.4975
vn -0.3840 -0.3623 -0.8493
vn -0.4242 -0.3508 -0.8348
vn -0.4893 -0.6465 -0.5854
vn -0.4251 -0.6307 -0.6493
vn -0.3931 -0.4161 -0.8199
vn -0.3645 -0.2969 -0.8826
vn -0.3773 -0.2391 -0.8947
vn -0.3907 -0.2349 -0.8900
vn -0.4303 -0.4799 -0.7646
vn 0.3937 0.8474 0.3563
vn 0.5011 0.8246 0.2624
vn 0.5339 0.7722 0.3444
vn 0.4257 0.8051 0.4130
vn 0.6072 0.7430 0.2816
vn 0.5027 0.8644 0.0078
vn 0.5754 0.3742 0.7273
vn 0.5219 0.4520 0.7234
vn 0.3911 0.4834 0.7832
vn 0.7888 0.5049 0.3507
vn 0.5601 0.7112 0.4248
vn 0.4528 0.8900 -0.0533
vn 0.7169 0.6971 -0.0129
vn 0.4978 0.8516 0.1642
vn 0.5245 0.6614 0.5362
vn 0.5128 0.2209 0.8296
vn 0.5373 0.2211 0.8139
vn 0.4211 -0.0096 0.9070
vn 0.4481 -0.1838 0.8749
vn 0.4415 0.1119 0.8902
vn 0.5776 0.0940 0.8109
vn 0.4454 0.0184 0.8951
vn 0.5311 0.3344 0.7785
vn 0.5181 0.2483 0.8185
vn 0.4746 0.8799 0.0221
vn 0.6002 0.7093 0.3698
vn 0.5629 0.5188 0.6434
vn 0.6192 0.7830 0.0592
vn 0.4770 0.2707 0.8362
vn 0.5222 0.8350 0.1736
vn 0.4846 0.1293 0.8651
vn 0.6357 0.4076 0.6555
vn 0.4229 0.0196 0.9060
vn 0.7850 0.3206 0.5301
vn 0.8636 0.2060 0.4601
vn 0.5652 0.6709 0.4800
vn 0.6654 0.5928 0.4537
vn 0.8468 0.3177 0.4266
vn 0.9594 0.1606 0.2320
vn 0.8094 0.3015 0.5040
vn 0.7168 0.5679 0.4046
vn 0.7914 0.3181 0.5220
vn 0.7945 0.4327 0.4262
vn 0.7115 0.5466 0.4416
vn 0.7413 0.1854 0.6450
vn 0.6684 0.3606 0.6505
vn 0.6986 0.3637 0.6162
vn 0.4020 0.9041 0.1448
vn 0.6394 0.7356 0.2238
vn 0.6152 0.7290 0.3003
vn 0.4352 0.8659 0.2467
vn 0.4157 0.8053 0.4227
vn 0.5678 0.7283 0.3836
vn 0.6186 0.0824 0.7814
vn 0.3698 0.1669 0.9140
vn 0.4008 -0.0914 0.9116
vn 0.7233 0.1546 0.6730
vn 0.5890 0.6954 0.4117
vn 0.6752 0.6516 0.3458
vn 0.6391 0.5672 0.5194
vn 0.7288 0.5365 0.4255
vn 0.7680 0.4491 0.4566
vn 0.7566 0.0580 0.6513
vn 0.7667 0.0224 0.6417
vn 0.7629 0.2923 0.5766
vn 0.7450 0.3119 0.5896
vn 0.7884 0.5508 0.2738
vn 0.7529 0.6078 0.2523
vn 0.8912 0.1047 0.4414
vn 0.8844 0.4544 0.1063
vn 0.4895 -0.3827 0.7835
vn 0.7047 0.1901 0.6835
vn 0.6838 0.1680 0.7101
vn 0.7509 0.5614 0.3478
vn 0.7807 0.5504 0.2960
vn 0.7365 0.6747 0.0484
vn 0.7059 0.7005 0.1049
vn 0.7310 0.6807 -0.0470
vn 0.8509 0.4734 0.2278
vn 0.6625 0.6965 -0.2757
vn 0.7271 0.6491 -0.2235
vn 0.6728 0.7357 0.0782
vn 0.6061 0.6799 -0.4127
vn 0.6874 0.5575 -0.4654
vn 0.5889 0.5243 -0.6150
vn 0.5381 0.5761 -0.6153
vn 0.7096 0.3858 -0.5896
vn 0.7935 0.5283 -0.3021
vn 0.7581 0.5738 -0.3099
vn 0.9639 0.2638 -0.0373
vn 0.9111 0.0116 -0.4121
vn 0.6991 0.3988 -0.5935
vn 0.8001 -0.4766 0.3642
vn 0.9775 -0.1331 0.1637
vn 0.9068 0.1410 0.3972
vn 0.8450 -0.2092 0.4922
vn 0.6466 -0.7574 0.0912
vn 0.8900 -0.4162 -0.1862
vn 0.5384 0.1026 -0.8364
vn 0.3760 0.3190 -0.8700
vn 0.6640 -0.2442 -0.7067
vn 0.2941 -0.3045 -0.9060
vn 0.2639 -0.0676 -0.9622
vn 0.2680 0.1487 -0.9519
vn 0.3997 -0.8714 -0.2846
vn 0.6373 -0.5623 -0.5270
vn 0.2696 -0.5457 -0.7934
vn 0.1142 -0.8260 -0.5520
vn -0.0119 -0.8568 -0.5155
vn 0.0913 -0.6017 -0.7935
vn -0.0612 -0.9176 -0.3927
vn -0.0756 -0.6059 -0.7919
vn 0.1611 -0.3730 -0.9137
vn -0.0622 -0.2430 -0.9680
vn -0.5588 -0.7715 -0.3043
vn -0.5261 -0.8308 -0.1815
vn -0.5120 -0.8565 -0.0654
vn -0.4771 -0.8777 0.0447
vn -0.5117 -0.8455 -0.1525
vn -0.5449 -0.8144 -0.1997
vn -0.5733 -0.5735 -0.5851
vn -0.4656 -0.3158 -0.8268
vn -0.5607 -0.5645 -0.6058
vn -0.5573 -0.6159 -0.5568
vn -0.4563 -0.5710 -0.6824
vn -0.2740 -0.1902 -0.9427
vn -0.1121 -0.5945 -0.7962
vn -0.0303 -0.5253 -0.8504
vn -0.4101 -0.8639 -0.2923
vn -0.4078 -0.9107 -0.0657
vn -0.4367 -0.4104 -0.8006
vn -0.4602 -0.6594 -0.5945
vn -0.4509 -0.5504 -0.7027
vn -0.3180 -0.8976 -0.3053
vn -0.3496 -0.7126 -0.6083
vn -0.4275 -0.2309 -0.8740
vn -0.3557 -0.4388 -0.8252
vn -0.2354 -0.3742 -0.8970
vn -0.3518 -0.2116 -0.9118
vn -0.2432 0.0497 -0.9687
vn -0.3404 -0.0718 -0.9375
vn -0.2725 0.0480 -0.9610
vn -0.3694 0.0481 -0.9280
vn -0.4688 -0.1927 -0.8620
vn -0.3003 -0.1789 -0.9369
vn -0.1647 -0.2744 -0.9474
vn -0.0056 -0.5781 -0.8160
vn -0.1759 0.0896 -0.9803
vn -0.0535 -0.6383 -0.7680
vn -0.0598 -0.5694 -0.8199
vn -0.4417 -0.0767 -0.8939
vn -0.2175 -0.5427 -0.8113
vn -0.3403 -0.6126 -0.7134
vn -0.2697 0.0411 -0.9621
vn -0.5168 -0.2825 -0.8081
vn -0.2225 -0.6771 -0.7014
vn -0.2625 -0.6944 -0.6700
vn -0.4244 -0.4903 -0.7612
vn -0.3810 -0.4566 -0.8040
vn -0.4225 -0.5403 -0.7277
vn -0.3233 -0.4469 -0.8341
vn -0.2915 -0.7707 -0.5666
vn -0.2048 -0.7117 -0.6720
vn -0.1730 -0.8687 -0.4641
vn -0.0983 -0.5944 -0.7982
vn -0.1582 -0.9308 -0.3296
vn -0.1165 -0.6842 -0.7199
vn -0.2840 -0.4254 -0.8593
vn -0.2178 -0.5036 -0.8361
vn -0.1109 -0.3354 -0.9355
vn -0.1595 -0.3455 -0.9248
vn -0.3252 -0.4191 -0.8477
vn -0.2216 -0.3860 -0.8955
vn -0.0698 -0.4594 -0.8855
vn -0.0381 -0.3545 -0.9343
vn -0.2944 -0.4841 -0.8240
vn -0.2558 -0.4730 -0.8431
vn -0.2128 -0.4326 -0.8761
vn -0.3838 -0.5836 -0.7156
vn -0.1350 -0.3291 -0.9346
vn -0.3577 -0.5180 -0.7770
vn -0.4930 -0.6723 -0.5522
vn -0.5171 -0.6162 -0.5941
vn -0.0233 -0.3212 -0.9467
vn -0.0758 -0.3373 -0.9383
vn -0.0233 -0.1681 -0.9855
vn 0.0217 -0.1313 -0.9911
vn -0.1672 -0.3714 -0.9133
vn -0.0244 -0.3118 -0.9498
vn -0.0175 -0.0971 -0.9951
vn -0.0125 -0.1100 -0.9939
vn -0.2535 -0.3412 -0.9052
vn -0.2363 -0.2784 -0.9310
vn -0.5158 -0.5353 -0.6688
vn -0.5510 -0.5954 -0.5847
vn -0.4938 -0.4223 -0.7602
vn -0.4261 -0.4031 -0.8099
vn -0.4914 -0.4602 -0.7394
vn -0.4193 -0.4051 -0.8125
vn -0.4765 -0.4913 -0.7291
vn -0.4130 -0.4395 -0.7977
vn -0.3561 -0.4515 -0.8181
vn -0.4246 -0.4691 -0.7744
vn -0.1883 -0.2672 -0.9451
vn -0.1661 -0.2828 -0.9447
vn -0.1306 -0.2164 -0.9675
vn -0.4514 -0.3363 -0.8265
vn -0.3765 -0.4533 -0.8079
vn -0.0856 -0.2319 -0.9690
vn -0.5981 -0.5682 -0.5651
vn -0.7212 -0.4089 -0.5591
vn -0.5273 -0.4336 -0.7307
vn -0.5351 -0.4071 -0.7402
vn -0.5430 -0.4817 -0.6878
vn -0.5761 -0.4830 -0.6594
vn -0.5724 -0.5228 -0.6317
vn -0.5277 -0.5198 -0.6718
vn -0.4343 -0.4662 -0.7707
vn -0.4807 -0.4689 -0.7410
vn -0.2264 -0.2922 -0.9292
vn -0.1613 -0.2688 -0.9496
vn -0.1775 -0.0858 -0.9804
vn -0.2160 -0.1996 -0.9558
vn -0.1554 -0.0998 -0.9828
vn -0.2567 -0.1568 -0.9537
vn -0.1006 -0.0809 -0.9916
vn -0.1577 -0.2424 -0.9573
vn -0.4124 -0.4695 -0.7807
vn -0.4004 -0.4210 -0.8139
vn -0.5095 -0.4186 -0.7518
vn -0.4586 -0.5574 -0.6921
vn -0.5292 -0.6848 -0.5009
vn -0.4703 -0.4217 -0.7752
vn -0.6333 -0.6237 -0.4582
vn -0.3662 -0.6392 -0.6763
vn -0.3681 -0.5670 -0.7369
vn 0.6599 0.6722 0.3358
vn 0.6831 0.5972 0.4204
vn 0.6929 0.6120 0.3813
vn 0.5902 0.7579 0.2780
vn 0.7443 0.6090 0.2741
vn 0.7424 0.6195 0.2552
vn 0.5526 0.4322 0.7126
vn 0.5573 0.5252 0.6431
vn 0.5171 0.7179 0.4661
vn 0.8046 0.5690 0.1699
vn 0.7532 0.5319 0.3870
vn 0.7339 0.5018 0.4578
vn 0.8078 0.5545 0.2000
vn 0.5989 0.4405 0.6688
vn 0.6085 0.4723 0.6377
vn 0.5712 0.3613 0.7370
vn 0.5699 0.3969 0.7195
vn 0.4941 0.4287 0.7564
vn 0.5740 0.4977 0.6502
vn 0.6150 0.4192 0.6678
vn 0.5918 0.4962 0.6353
vn 0.6725 0.5815 0.4578
vn 0.7428 0.5508 0.3806
vn 0.7989 0.5859 0.1358
vn 0.7044 0.5775 0.4127
vn 0.7862 0.6058 0.1220
vn 0.8001 0.5987 -0.0383
vn 0.6649 0.4981 0.5565
vn 0.6997 0.5465 0.4602
vn 0.6255 0.5440 0.5593
vn 0.7528 0.5453 0.3688
vn 0.7208 0.4768 0.5031
vn 0.7134 0.4025 0.5736
vn 0.6784 0.5524 0.4844
vn 0.6969 0.3440 0.6293
vn 0.7539 0.3069 0.5808
vn 0.5503 0.1625 0.8190
vn 0.5719 0.3289 0.7515
vn 0.5814 0.4626 0.6693
vn 0.7312 -0.1823 0.6574
vn 0.5963 -0.2844 0.7507
vn 0.6471 -0.0597 0.7600
vn 0.7069 0.1283 0.6956
vn 0.7386 0.3500 0.5762
vn 0.6193 0.0381 0.7842
vn 0.7539 0.6371 0.1605
vn 0.6927 0.5388 0.4794
vn 0.5532 0.4307 0.7130
vn 0.6370 0.3873 0.6665
vn 0.7186 0.2847 0.6344
vn 0.7022 0.3022 0.6447
vn 0.7223 0.1113 0.6826
vn 0.7994 0.0019 0.6008
vn 0.7116 0.1483 0.6867
vn 0.9245 0.3476 0.1563
vn 0.9280 0.1296 0.3494
vn 0.7118 0.1340 0.6895
vn 0.7646 0.3038 0.5684
vn 0.7476 0.3720 0.5502
vn 0.8175 0.2226 0.5312
vn 0.8335 0.4670 0.2954
vn 0.7193 0.2940 0.6295
vn 0.7408 0.0787 0.6671
vn 0.7948 0.6055 -0.0409
vn 0.7726 0.6348 -0.0136
vn 0.7956 0.5932 0.1227
vn 0.0846 0.1400 0.9865
vn 0.3009 0.2703 0.9145
vn 0.3789 0.2918 0.8782
vn 0.2473 0.0635 0.9669
vn 0.0604 0.0899 0.9941
vn 0.2302 0.2305 0.9455
vn 0.1485 0.1121 0.9825
vn 0.1990 0.1578 0.9672
vn 0.4260 0.3259 0.8440
vn 0.5075 0.3760 0.7753
vn 0.3148 0.2509 0.9154
vn 0.2045 0.2018 0.9578
vn 0.4252 0.3286 0.8434
vn 0.4957 0.3757 0.7830
vn 0.1518 0.1933 0.9693
vn 0.1447 0.1868 0.9717
vn -0.0189 0.2069 0.9782
vn 0.1339 0.4048 0.9046
vn 0.3950 0.4030 0.8255
vn 0.4437 0.4184 0.7925
vn 0.3754 0.3837 0.8437
vn 0.2923 0.3833 0.8762
vn 0.0164 0.1976 0.9801
vn 0.0733 0.3100 0.9479
vn 0.0855 0.3008 0.9499
vn 0.0384 0.2537 0.9665
vn 0.2155 0.4076 0.8874
vn 0.2077 0.4655 0.8603
vn 0.1693 0.3500 0.9213
vn 0.1119 0.2494 0.9619
vn 0.0873 0.1921 0.9775
vn -0.5815 -0.6434 -0.4978
vn -0.6038 -0.6873 -0.4037
vn -0.5740 -0.6556 -0.4907
vn -0.5673 -0.6549 -0.4993
vn -0.6516 -0.5810 -0.4877
vn -0.6310 -0.5817 -0.5134
vn -0.7040 -0.6567 -0.2705
vn -0.6677 -0.6650 -0.3347
vn -0.6636 -0.5802 -0.4722
vn -0.6658 -0.5601 -0.4929
vn -0.7646 -0.4368 -0.4740
vn -0.7125 -0.4746 -0.5167
vn -0.6137 -0.6790 -0.4030
vn -0.5535 -0.7130 -0.4305
vn -0.5709 -0.7466 -0.3415
vn -0.6554 -0.7132 -0.2486
vn -0.6467 -0.6556 -0.3899
vn -0.6938 -0.6934 -0.1945
vn -0.6829 -0.7302 -0.0211
vn -0.5268 -0.7984 -0.2917
vn -0.6789 -0.7274 -0.1000
vn -0.4467 -0.8555 -0.2617
vn -0.3412 -0.7205 -0.6037
vn -0.4712 -0.7276 -0.4986
vn -0.5790 -0.6389 -0.5066
vn -0.5570 -0.5894 -0.5851
vn -0.7166 -0.6740 -0.1796
vn -0.6655 -0.6263 -0.4061
vn -0.6878 -0.6264 -0.3669
vn -0.5830 -0.5407 -0.6064
vn -0.3319 -0.8266 -0.4545
vn -0.0276 -0.7385 -0.6737
vn -0.5352 -0.6528 -0.5361
vn -0.2626 -0.5674 -0.7804
vn 0.1349 0.0980 0.9860
vn 0.2941 0.3118 0.9035
vn 0.4502 0.3989 0.7989
vn 0.3499 0.0437 0.9358
vn 0.5878 0.4241 0.6890
vn 0.5122 0.3624 0.7787
vn 0.5157 0.1430 0.8447
vn 0.5057 0.0789 0.8591
vn 0.3142 -0.1931 0.9295
vn 0.3147 -0.2378 0.9189
vn 0.2909 -0.2172 0.9318
vn 0.3929 -0.2031 0.8969
vn 0.2615 -0.1223 0.9574
vn 0.5178 -0.0052 0.8555
vn 0.7521 -0.1307 -0.6459
vn 0.3877 -0.6465 -0.6570
vn 0.1620 -0.5686 -0.8065
vn 0.5785 -0.0732 -0.8124
vn 0.8776 -0.2416 -0.4142
vn 0.6254 -0.6970 -0.3509
vn 0.3241 -0.9190 -0.2246
vn 0.0488 -0.9318 -0.3596
vn -0.1977 -0.8609 -0.4687
vn 0.5936 -0.0225 0.8044
vn 0.1524 -0.5923 0.7912
vn 0.4462 -0.5728 0.6876
vn 0.8597 0.2713 0.4328
vn 0.7931 0.4257 0.4356
vn 0.7858 -0.1233 0.6061
vn 0.4651 0.0001 0.8852
vn 0.7773 0.4386 0.4510
vn 0.0335 -0.5686 0.8219
vn -0.3003 -0.9382 0.1718
vn -0.0769 -0.9541 0.2893
vn -0.0170 -0.8390 0.5438
vn -0.1540 -0.8356 0.5273
vn 0.3558 -0.9049 0.2335
vn 0.4087 -0.7955 0.4474
vn 0.9071 -0.3929 0.1512
vn 0.8937 -0.2530 0.3705
vn 0.9520 0.2960 0.0778
vn 0.9207 0.3310 0.2068
vn 0.3251 -0.9457 -0.0035
vn -0.0813 -0.9962 -0.0320
vn -0.3405 -0.9333 -0.1144
vn 0.7960 -0.6019 -0.0640
vn 0.9891 0.0671 -0.1310
vn 0.8208 0.3608 -0.4429
vn 0.9023 0.3168 -0.2923
vn 0.8626 0.5029 0.0554
vn 0.8580 0.5132 0.0210
vn 0.8218 0.5392 0.1840
vn 0.8022 0.5631 0.1987
vn -0.0821 0.4498 0.8893
vn -0.0534 0.4544 0.8892
vn 0.1701 0.4782 0.8616
vn 0.1550 0.5060 0.8485
vn 0.3716 0.5095 0.7761
vn 0.0776 0.5122 0.8553
vn 0.7378 0.4462 0.5065
vn 0.5487 0.4881 0.6787
vn 0.4901 0.5334 0.6894
vn -0.3108 0.3902 0.8667
vn -0.2837 0.3933 0.8746
vn -0.5948 0.2509 0.7637
vn -0.6166 0.2650 0.7413
vn -0.5851 0.3229 0.7439
vn -0.1983 0.4707 0.8597
vn 0.0149 0.3564 0.9342
vn -0.0776 0.5255 0.8472
vn 0.2080 0.5763 0.7903
vn 0.2251 0.3077 0.9245
vn 0.5290 0.5480 0.6480
vn 0.3152 0.1839 0.9310
vn -0.2123 0.3104 0.9266
vn -0.3146 0.4638 0.8282
vn -0.6510 0.3201 0.6883
vn -0.6377 0.1874 0.7471
vn 0.4214 -0.1301 0.8975
vn 0.3030 -0.2396 0.9224
vn 0.2010 -0.3100 0.9292
vn 0.5004 -0.1954 0.8435
vn 0.4266 0.1693 0.8885
vn -0.9049 -0.0454 0.4231
vn -0.3943 -0.2728 0.8775
vn -0.7714 -0.5565 0.3086
vn -0.7285 -0.4546 0.5125
vn -0.1306 -0.7072 0.6949
vn -0.7778 -0.6284 -0.0117
vn -0.3376 -0.7795 0.5276
vn 0.8085 0.0984 0.5802
vn 0.6893 -0.1377 0.7113
vn 0.6822 0.1900 0.7061
vn 0.5943 0.0641 0.8017
vn -0.1744 -0.6757 0.7163
vn -0.0567 -0.6491 0.7586
vn 0.2316 -0.2183 0.9480
vn 0.1181 -0.3514 0.9287
vn 0.0322 -0.3583 0.9330
vn 0.2426 -0.5402 0.8058
vn 0.0368 -0.7142 0.6990
vn -0.0101 -0.2384 0.9711
vn 0.2226 0.0862 0.9711
vn 0.3680 0.1250 0.9214
vn 0.3862 -0.0118 0.9223
vn 0.1631 0.1187 0.9794
vn 0.0775 -0.7578 0.6479
vn 0.2004 -0.5215 0.8294
vn 0.0557 -0.6814 0.7298
vn 0.4216 -0.3024 0.8549
vn -0.0768 -0.1741 0.9817
vn -0.9252 0.1311 0.3561
vn -0.8892 0.1773 0.4217
vn -0.9570 0.0121 0.2897
vn -0.9466 0.1354 0.2927
vn -0.7127 -0.3714 -0.5951
vn -0.6133 -0.5064 -0.6061
vn -0.3828 -0.6254 -0.6799
vn -0.4663 -0.5397 -0.7009
vn -0.8532 -0.4995 -0.1501
vn -0.7485 -0.6437 -0.1596
vn -0.7913 -0.3186 -0.5219
vn -0.9521 -0.0044 -0.3057
vn -0.6732 -0.5000 -0.5448
vn -0.9149 -0.3141 -0.2537
vn -0.9996 0.0229 -0.0182
vn -0.6894 -0.7045 0.1687
vn -0.9957 -0.0014 0.0921
vn -0.1279 -0.5937 -0.7944
vn -0.3286 -0.5603 -0.7603
vn -0.0111 -0.5908 -0.8067
vn 0.0820 -0.5395 -0.8380
vn -0.9389 0.0028 0.3442
vn -0.8746 0.1531 0.4601
vn -0.8606 0.0722 0.5042
vn -0.9490 -0.0946 0.3008
vn -0.8817 -0.4201 -0.2146
vn -0.9687 -0.1739 0.1769
vn -0.9544 -0.2898 0.0714
vn -0.8182 -0.5077 -0.2698
vn -0.5447 -0.6058 -0.5799
vn -0.6190 -0.5601 -0.5505
vn -0.9618 -0.1379 0.2364
vn -0.8558 0.0520 0.5147
vn -0.8694 0.1100 0.4818
vn -0.9807 -0.1187 0.1554
vn -0.3045 -0.5368 -0.7869
vn -0.4656 -0.5261 -0.7116
vn -0.4749 -0.5746 -0.6665
vn -0.2081 -0.5765 -0.7902
vn -0.7975 -0.4772 -0.3691
vn -0.8014 -0.4320 -0.4137
vn -0.9372 -0.3361 -0.0932
vn -0.9409 -0.3064 -0.1444
vn -0.9858 -0.0799 0.1476
vn -0.8492 0.2021 0.4879
vn -0.9946 -0.0550 0.0875
vn -0.8625 0.2364 0.4474
vn -0.4986 0.4670 0.7302
vn -0.5256 0.4305 0.7338
vn -0.3948 -0.4185 -0.8179
vn -0.6960 -0.3973 -0.5981
vn -0.5237 -0.4884 -0.6980
vn -0.3205 -0.4955 -0.8073
vn -0.8400 -0.3911 -0.3762
vn -0.8969 -0.3348 -0.2889
vn -0.9607 -0.2480 -0.1245
vn -0.9566 -0.2665 -0.1180
vn -0.8199 0.0610 0.5692
vn -0.5569 0.2567 0.7899
vn -0.6197 0.2454 0.7455
vn -0.8087 0.0792 0.5828
vn -0.3169 0.4231 0.8488
vn -0.2171 0.4038 0.8887
vn -0.3029 0.3335 0.8928
vn -0.6351 0.1350 0.7605
vn -0.8531 -0.0260 0.5211
vn -0.9094 -0.3725 -0.1849
vn -0.9589 -0.1446 0.2440
vn -0.9591 -0.1836 0.2154
vn -0.9058 -0.3809 -0.1857
vn -0.8893 -0.4165 -0.1889
vn -0.9549 -0.1962 0.2231
vn -0.3437 -0.5542 -0.7581
vn -0.5635 -0.5616 -0.6059
vn -0.5657 -0.5115 -0.6468
vn -0.3618 -0.5259 -0.7698
vn -0.5914 -0.4953 -0.6364
vn -0.4453 -0.5299 -0.7217
vn 0.0941 0.9726 0.2124
vn 0.0920 0.9876 0.1271
vn 0.1453 0.9705 0.1924
vn 0.1219 0.9666 0.2255
vn 0.3411 0.6867 0.6419
vn 0.2567 0.7931 0.5523
vn 0.3314 -0.5340 0.7778
vn 0.4027 0.0355 0.9146
vn 0.2722 -0.4556 0.8475
vn 0.3603 0.2816 0.8893
vn 0.3119 -0.6455 0.6972
vn 0.3616 -0.2819 0.8887
vn 0.2418 -0.2336 0.9418
vn 0.2121 -0.5595 0.8012
vn 0.4739 0.6810 0.5583
vn 0.4472 0.6668 0.5962
vn 0.4601 0.7376 0.4942
vn 0.4194 0.8399 0.3445
vn 0.4945 0.6901 0.5284
vn 0.4349 0.7109 0.5528
vn 0.3884 0.7553 0.5280
vn 0.3790 0.7244 0.5758
vn 0.8376 -0.4132 -0.3572
vn 0.7570 -0.6402 -0.1310
vn 0.3592 -0.6397 -0.6795
vn 0.4753 -0.7264 -0.4964
vn -0.1479 -0.0139 -0.9889
vn -0.0289 0.3883 -0.9211
vn -0.0181 -0.0055 -0.9998
vn 0.2458 0.2693 -0.9312
vn 0.2838 -0.1574 -0.9459
vn 0.4486 -0.3550 -0.8202
vn 0.8414 -0.0558 -0.5375
vn 0.7426 0.0983 -0.6625
vn 0.2849 0.1527 -0.9463
vn 0.4767 0.3334 -0.8134
vn -0.0067 -0.0201 -0.9998
vn 0.4638 0.1360 -0.8755
vn 0.8175 0.1351 -0.5598
vn 0.7426 0.3088 -0.5943
vn 0.3929 -0.0425 -0.9186
vn 0.3599 -0.2558 -0.8972
vn -0.1603 -0.3117 -0.9366
vn -0.2344 -0.4889 -0.8403
vn -0.0507 0.0872 -0.9949
vn 0.2097 -0.0598 -0.9759
vn 0.0076 -0.9975 -0.0700
vn 0.4104 -0.9027 0.1291
vn 0.3929 -0.8888 -0.2361
vn -0.0757 -0.9853 -0.1534
vn 0.0414 -0.5391 0.8412
vn 0.3756 0.0335 0.9262
vn 0.3389 0.1191 0.9332
vn 0.2129 -0.4133 0.8854
vn 0.7325 0.4705 0.4920
vn 0.6536 0.5392 0.5310
vn -0.0689 -0.8888 0.4530
vn -0.2029 -0.9792 0.0006
vn 0.2400 -0.9042 0.3533
vn 0.0691 -0.9764 -0.2045
vn 0.4567 -0.3334 -0.8248
vn 0.9363 0.0537 -0.3471
vn 0.8239 0.2666 -0.5002
vn 0.4721 -0.0709 -0.8787
vn 0.8721 0.4892 0.0117
vn 0.8453 0.5131 0.1489
vn 0.7732 0.5992 0.2076
vn 0.7197 0.6530 0.2360
vn 0.7475 0.2797 0.6025
vn 0.8350 0.2310 0.4994
vn 0.8482 -0.1732 0.5005
vn 0.7341 -0.0313 0.6784
vn 0.7443 -0.6034 0.2863
vn 0.8366 -0.5052 0.2118
vn -0.3391 -0.4440 -0.8294
vn -0.4567 -0.3578 -0.8145
vn -0.3866 -0.5053 -0.7715
vn -0.3922 -0.6023 -0.6953
vn -0.3528 -0.5885 -0.7274
vn -0.5480 -0.4828 -0.6831
vn -0.4385 -0.6723 -0.5965
vn -0.6287 -0.5838 -0.5138
vn -0.3573 -0.6639 -0.6569
vn 0.6279 0.5536 0.5470
vn 0.5533 0.5960 0.5819
vn 0.6129 0.5094 0.6040
vn 0.6525 0.4908 0.5774
vn 0.4680 0.5460 0.6949
vn 0.3121 0.6823 0.6611
vn 0.5214 0.4505 0.7247
vn 0.6407 0.4436 0.6267
vn 0.6953 0.4275 0.5778
vn -0.3969 -0.5735 -0.7167
vn -0.3325 -0.5628 -0.7568
vn -0.2915 -0.6846 -0.6681
vn -0.3456 -0.6874 -0.6388
vn -0.1835 -0.6658 -0.7232
vn -0.2347 -0.5387 -0.8092
vn 0.8530 0.3733 -0.3647
vn 0.6508 0.0168 -0.7591
vn 0.6881 0.0253 -0.7252
vn 0.8203 0.1253 -0.5581
vn 0.8192 0.4071 -0.4040
vn 0.6280 0.0147 -0.7781
vn 0.4379 -0.1909 -0.8785
vn 0.5020 -0.1540 -0.8510
vn 0.6009 -0.0648 -0.7967
vn 0.5495 0.1006 -0.8294
vn 0.2590 -0.1438 -0.9551
vn 0.7050 0.2889 -0.6477
vn 0.6809 0.7274 -0.0852
vn 0.3299 0.8326 0.4448
vn 0.6143 0.7231 0.3158
vn 0.4048 0.7022 0.5857
vn 0.7149 0.6107 0.3405
vn 0.9403 0.3373 -0.0453
vn 0.4520 0.5189 0.7256
vn 0.4733 0.5622 0.6782
vn 0.1356 0.8763 0.4623
vn 0.2830 0.8645 0.4153
vn 0.1842 0.9349 0.3033
vn 0.1152 0.9317 0.3445
vn 0.3292 0.8779 0.3477
vn 0.4178 0.8005 0.4297
vn 0.4109 0.7541 0.5124
vn 0.5452 0.6727 0.5003
vn 0.1788 0.7986 0.5747
vn -0.0528 -0.6411 -0.7656
vn 0.3161 -0.4685 -0.8250
vn 0.1900 -0.6072 -0.7715
vn 0.5654 -0.3633 -0.7405
vn 0.8169 -0.0906 -0.5696
vn 0.4638 0.7224 0.5129
vn 0.4519 0.7008 0.5519
vn 0.4827 0.6601 0.5755
vn 0.5240 0.6971 0.4893
vn 0.4101 0.6143 0.6741
vn 0.4599 0.6205 0.6352
vn 0.4466 0.7255 0.5237
vn 0.3802 0.7170 0.5843
vn 0.5025 0.7309 0.4619
vn 0.8566 -0.0510 -0.5135
vn 0.8980 0.0403 -0.4382
vn 0.5168 -0.4007 -0.7566
vn 0.5051 -0.2845 -0.8148
vn 0.7377 0.1624 -0.6553
vn 0.8457 0.2168 -0.4876
vn 0.3508 -0.0257 -0.9361
vn 0.1112 -0.0743 -0.9910
vn 0.8282 0.1109 -0.5494
vn 0.3743 -0.1601 -0.9134
vn 0.8917 0.3664 0.2656
vn 0.4105 0.2861 0.8658
vn 0.5693 0.3303 0.7528
vn 0.5457 0.4583 0.7016
vn 0.3845 0.4832 0.7865
vn -0.4660 -0.5892 -0.6601
vn -0.5082 -0.5321 -0.6772
vn -0.4993 -0.7336 -0.4610
vn -0.4585 -0.6958 -0.5529
vn -0.4229 -0.8216 -0.3823
vn -0.4398 -0.6347 -0.6354
vn 0.8283 0.4145 0.3769
vn 0.8532 0.0401 0.5200
vn 0.6615 0.1606 0.7326
vn 0.5433 0.5269 0.6536
vn 0.7100 0.6855 0.1616
vn 0.3705 0.7930 0.4836
vn 0.0907 -0.6730 -0.7340
vn 0.1529 -0.6721 -0.7245
vn 0.0195 -0.5142 -0.8574
vn 0.0830 -0.4784 -0.8742
vn -0.0065 -0.1447 -0.9895
vn -0.0787 -0.2690 -0.9599
vn 0.2324 0.2048 0.9508
vn 0.3987 0.3012 0.8662
vn 0.4694 0.3261 0.8206
vn 0.3278 0.1991 0.9235
vn 0.3703 0.1911 0.9090
vn 0.2603 0.0292 0.9651
vn -0.1981 -0.3880 -0.9001
vn -0.2526 -0.3970 -0.8824
vn -0.2980 -0.4410 -0.8466
vn -0.2196 -0.4893 -0.8440
vn -0.2496 -0.4747 -0.8440
vn -0.3467 -0.3562 -0.8677
vn -0.2144 -0.6166 -0.7575
vn -0.2998 -0.5068 -0.8082
vn -0.2006 -0.6156 -0.7621
vn -0.2792 -0.7870 -0.5502
vn 0.0316 -0.4701 -0.8820
vn -0.0055 -0.4956 -0.8685
vn -0.1621 -0.7695 -0.6177
vn -0.3104 -0.9274 -0.2086
vn -0.1097 -0.9279 -0.3564
vn 0.5706 0.6846 0.4535
vn 0.5127 0.7832 0.3518
vn 0.5423 0.7808 0.3103
vn 0.6613 0.7104 0.2409
vn 0.5528 0.7965 0.2452
vn 0.5180 0.7826 0.3452
vn 0.4711 0.6979 0.5395
vn 0.4854 0.7698 0.4145
vn 0.6401 0.7156 0.2796
vn 0.2618 0.5365 0.8023
vn 0.2623 0.4702 0.8427
vn 0.2721 0.4660 0.8419
vn 0.2626 -0.0315 0.9644
vn 0.2568 0.0456 0.9654
vn 0.2945 0.1734 0.9398
vn 0.2516 0.0199 0.9676
vn 0.2839 0.2849 0.9155
vn 0.2848 0.1961 0.9383
vn 0.3476 0.2630 0.9000
vn 0.2530 0.2096 0.9445
vn 0.1853 0.0917 0.9784
vn 0.4038 0.3286 0.8538
vn 0.4036 0.2810 0.8707
vn 0.2441 0.3300 0.9119
vn 0.3163 0.4252 0.8480
vn 0.3293 0.3000 0.8953
vn 0.4368 0.4216 0.7946
vn 0.8862 0.4422 -0.1380
vn 0.8229 0.5280 -0.2098
vn 0.6349 0.7054 0.3152
vn 0.6370 0.6839 0.3558
vn 0.6490 0.6391 0.4128
vn 0.9292 0.3666 -0.0460
vn -0.3924 -0.6785 -0.6210
vn -0.4362 -0.6556 -0.6164
vn -0.4381 -0.6681 -0.6014
vn -0.4095 -0.6391 -0.6510
vn -0.4441 -0.6489 -0.6178
vn -0.3865 -0.7225 -0.5732
vn -0.3140 -0.1645 -0.9351
vn -0.4263 -0.4395 -0.7906
vn -0.4175 -0.5894 -0.6916
vn -0.3512 -0.2217 -0.9097
vn -0.4282 -0.5193 -0.7396
vn -0.3549 -0.1846 -0.9165
vn 0.8941 -0.3802 0.2366
vn 0.5681 -0.5575 -0.6054
vn 0.3510 -0.7284 -0.5885
vn 0.5589 0.0789 0.8255
vn 0.7871 -0.5697 0.2365
vn 0.5281 -0.0277 0.8487
vn 0.6565 0.3248 0.6808
vn 0.9326 -0.0715 0.3537
vn 0.5588 -0.6428 -0.5240
vn 0.8714 -0.3973 0.2879
vn 0.6274 -0.0110 0.7786
vn 0.4789 -0.7926 -0.3774
vn 0.2668 0.2324 0.9353
vn 0.2985 0.1558 0.9416
vn 0.3949 0.6949 0.6010
vn 0.4107 0.6708 0.6176
vn 0.3039 0.1152 0.9457
vn 0.4097 0.8558 0.3158
vn 0.3801 0.9002 0.2125
vn -0.2958 0.0110 -0.9552
vn -0.1920 0.3518 -0.9162
vn -0.4121 -0.0901 -0.9067
vn -0.4048 -0.2648 -0.8752
vn -0.3077 -0.0683 -0.9490
vn -0.0971 0.4404 -0.8925
vn -0.1870 0.2742 -0.9433
vn -0.1474 0.3446 -0.9271
vn -0.2445 0.0346 -0.9690
vn 0.8081 0.2787 0.5190
vn 0.9598 -0.2802 -0.0163
vn 0.9109 -0.3996 0.1027
vn 0.7870 0.4292 0.4433
vn 0.3560 -0.7196 -0.5961
vn 0.2342 -0.8487 -0.4743
vn 0.5262 -0.5825 -0.6195
vn 0.8721 0.4348 0.2244
vn 0.9854 -0.1186 -0.1225
vn 0.5433 0.5397 0.6431
vn 0.4543 0.5606 0.6924
vn 0.5963 0.6174 0.5131
vn 0.4991 0.7215 0.4799
vn 0.4247 0.6395 0.6408
vn 0.4161 0.8266 0.3790
vn 0.4766 0.7892 0.3873
vn 0.4213 0.7426 0.5205
vn 0.6155 0.6740 0.4085
vn 0.3036 -0.8857 0.3512
vn 0.2052 -0.4550 0.8665
vn 0.2112 -0.0653 0.9753
vn 0.4155 -0.6487 0.6376
vn 0.0431 -0.9710 -0.2352
vn 0.2250 -0.9475 -0.2271
vn -0.4244 -0.4856 -0.7642
vn -0.4387 -0.4884 -0.7544
vn -0.5304 -0.5885 -0.6101
vn -0.5194 -0.5801 -0.6274
vn -0.5117 -0.4841 -0.7098
vn -0.3954 -0.4389 -0.8069
vn 0.7545 0.5056 0.4184
vn 0.7268 0.5926 0.3473
vn 0.8419 0.5154 0.1601
vn 0.8836 0.4232 0.2003
vn 0.8420 0.5136 0.1654
vn 0.7209 0.5798 0.3797
vn 0.7739 0.5408 0.3295
vn 0.7809 0.5497 0.2967
vn 0.8803 0.4248 0.2114
vn 0.2062 0.6020 0.7714
vn 0.2554 0.5539 0.7925
vn 0.2447 0.5230 0.8164
vn 0.0912 0.8933 0.4402
vn 0.0627 0.9371 0.3434
vn 0.0756 0.9490 0.3061
vn 0.1544 0.8785 0.4521
vn 0.1978 0.8472 0.4930
vn 0.3418 0.7103 0.6153
vn 0.3116 -0.4076 0.8584
vn 0.2433 -0.1721 0.9546
vn 0.4848 -0.0233 0.8743
vn 0.5701 -0.1468 0.8084
vn 0.6096 0.0627 0.7902
vn 0.4625 -0.0977 0.8812
vn 0.3571 0.5772 0.7344
vn 0.4315 0.5745 0.6955
vn 0.4325 0.6428 0.6323
vn 0.2965 0.6709 0.6797
vn 0.3892 0.7335 0.5573
vn 0.2987 0.7398 0.6029
vn 0.4072 0.8648 0.2937
vn 0.4180 0.8467 0.3291
vn 0.3818 0.8969 0.2232
vn 0.4192 0.8828 0.2119
vn 0.3869 0.7469 0.5408
vn 0.4705 0.6712 0.5728
vn -0.3093 -0.4354 -0.8454
vn -0.1981 -0.6146 -0.7635
vn -0.0312 -0.5273 -0.8491
vn -0.1935 -0.3530 -0.9154
vn 0.0050 -0.6864 -0.7272
vn -0.0814 -0.7968 -0.5987
vn -0.3584 -0.0104 -0.9335
vn -0.3677 -0.0265 -0.9296
vn -0.3560 0.0701 -0.9319
vn -0.3945 -0.0884 -0.9146
vn -0.3349 -0.1561 -0.9292
vn -0.3900 -0.3053 -0.8687
vn -0.3029 -0.7020 -0.6445
vn -0.3364 -0.6319 -0.6982
vn -0.0438 -0.6189 -0.7843
vn -0.0682 -0.6921 -0.7185
vn -0.1639 -0.4995 -0.8507
vn -0.3950 -0.5233 -0.7550
vn 0.0846 0.0022 0.9964
vn 0.2532 0.2696 0.9291
vn 0.1623 0.3362 0.9277
vn -0.0406 0.1295 0.9907
vn 0.5567 0.6236 0.5488
vn 0.4793 0.6999 0.5296
vn 0.5865 0.3515 0.7297
vn 0.4199 0.4860 0.7665
vn 0.4109 0.2935 0.8631
vn 0.5255 0.1457 0.8382
vn 0.6145 0.6244 0.4821
vn 0.3448 0.5460 0.7636
vn 0.4167 0.4610 0.7835
vn 0.4384 0.7280 0.5271
vn 0.4780 0.6622 0.5770
vn 0.5216 0.6702 0.5279
vn 0.6215 0.5847 0.5215
vn 0.0560 0.4756 0.8779
vn 0.3256 0.4654 0.8231
vn 0.1937 0.5876 0.7856
vn 0.0273 0.5720 0.8198
vn 0.0809 0.6961 0.7134
vn 0.1458 0.6935 0.7055
vn 0.1571 0.8759 0.4562
vn 0.1832 0.8978 0.4004
vn 0.0755 0.8740 0.4800
vn 0.1245 0.8342 0.5372
vn 0.1615 0.8979 0.4096
vn 0.2428 0.8214 0.5160
vn 0.4170 0.6270 0.6580
vn 0.0964 0.8862 0.4532
vn 0.1170 0.8234 0.5553
vn 0.5750 0.2719 0.7716
vn 0.5330 0.3709 0.7605
vn 0.6542 -0.0194 0.7560
vn 0.6797 -0.1348 0.7210
vn 0.6794 -0.0183 0.7335
vn 0.4014 0.5162 0.7566
vn 0.6847 0.2469 0.6857
vn 0.4402 0.2613 0.8590
vn 0.4676 0.2523 0.8472
vn 0.7279 0.2836 0.6243
vn 0.1836 0.1409 0.9728
vn 0.1656 0.2177 0.9619
vn 0.2778 0.2556 0.9260
vn 0.3935 0.4269 0.8142
vn 0.4001 0.4316 0.8085
vn 0.3021 0.2471 0.9207
vn 0.3726 0.5975 0.7100
vn 0.3808 0.6859 0.6201
vn 0.4737 0.7004 0.5339
vn 0.3710 0.4613 0.8060
vn 0.3083 0.2516 0.9174
vn 0.4471 0.7193 0.5317
vn 0.4566 0.7215 0.5206
vn 0.4302 0.7400 0.5170
vn 0.4353 0.7109 0.5524
vn 0.4698 0.8328 0.2929
vn 0.5522 0.8119 0.1894
vn 0.4329 0.7470 0.5045
vn 0.4249 0.7482 0.5095
vn 0.0043 -0.5518 -0.8340
vn -0.1047 -0.4417 -0.8910
vn -0.1717 -0.4895 -0.8549
vn -0.0507 -0.6352 -0.7707
vn -0.2665 -0.2259 -0.9370
vn -0.2417 -0.1546 -0.9580
vn -0.2159 -0.2192 -0.9515
vn -0.3229 -0.2610 -0.9097
vn -0.1924 -0.6526 -0.7329
vn -0.0601 -0.6240 -0.7791
vn -0.0899 -0.1170 -0.9891
vn -0.0014 -0.1323 -0.9912
vn 0.0981 -0.5282 -0.8434
vn 0.0319 -0.3352 -0.9416
vn 0.2022 -0.4027 -0.8927
vn 0.0254 -0.8331 -0.5525
vn -0.0487 -0.8875 -0.4582
vn -0.0988 -0.8607 -0.4995
vn -0.2249 -0.6329 -0.7408
vn -0.2732 -0.4654 -0.8419
vn 0.0629 -0.7322 -0.6782
vn -0.2638 -0.6463 -0.7161
vn -0.3293 -0.4917 -0.8061
vn -0.3802 -0.5306 -0.7576
vn -0.4037 -0.5967 -0.6935
vn -0.3583 -0.4315 -0.8279
vn -0.2545 0.0459 -0.9660
vn -0.1413 0.2274 -0.9635
vn -0.3929 -0.3706 -0.8416
vn -0.3086 -0.5594 -0.7693
vn -0.4317 -0.2250 -0.8735
vn -0.3749 -0.3939 -0.8392
vn -0.4128 -0.3782 -0.8286
vn -0.4724 -0.2203 -0.8534
vn -0.3859 -0.5361 -0.7508
vn -0.4069 -0.6283 -0.6630
vn -0.4127 -0.6900 -0.5946
vn -0.1674 -0.3549 -0.9198
vn -0.2551 -0.2073 -0.9444
vn -0.4310 -0.6790 -0.5943
vn -0.2666 -0.8704 -0.4140
vn -0.3450 -0.7467 -0.5687
vn -0.3191 -0.7050 -0.6334
vn -0.0842 -0.8345 -0.5445
vn -0.2841 -0.5161 -0.8081
vn -0.2089 -0.4979 -0.8417
vn 0.0556 -0.5777 -0.8143
vn -0.2365 -0.5011 -0.8325
vn 0.0079 -0.7469 -0.6649
vn 0.0510 -0.9054 -0.4216
vn 0.1321 -0.8064 -0.5765
vn 0.1786 -0.6388 -0.7484
vn -0.1117 -0.9680 -0.2245
vn -0.2974 -0.8686 -0.3963
vn -0.4055 -0.6318 -0.6606
vn -0.3719 -0.5863 -0.7196
vn -0.3660 -0.4528 -0.8131
vn -0.4618 -0.6196 -0.6347
vn -0.2414 -0.4816 -0.8425
vn -0.1366 -0.1446 -0.9800
vn 0.0054 -0.0799 -0.9968
vn -0.1156 -0.3580 -0.9265
vn -0.1547 -0.5649 -0.8105
vn -0.2374 -0.4418 -0.8651
vn 0.0087 -0.5378 -0.8430
vn -0.0668 -0.4907 -0.8688
vn -0.1194 -0.7022 -0.7019
vn -0.0387 -0.6941 -0.7188
vn -0.1038 -0.7045 -0.7021
vn -0.3966 -0.6196 -0.6773
vn -0.2456 -0.7122 -0.6576
vn -0.3042 -0.7172 -0.6270
vn -0.4733 -0.6465 -0.5983
vn -0.5333 -0.6526 -0.5383
vn -0.3868 -0.7112 -0.5869
vn -0.4370 -0.6340 -0.6380
vn -0.4516 -0.5942 -0.6656
vn -0.0463 -0.8602 -0.5078
vn -0.0935 -0.8076 -0.5823
vn -0.4085 -0.6178 -0.6719
vn -0.1197 -0.8454 -0.5205
vn -0.4083 -0.5810 -0.7041
vn -0.5571 -0.6180 -0.5547
vn -0.6778 -0.5719 -0.4621
vn -0.4104 -0.5734 -0.7090
vn -0.8632 -0.5028 -0.0448
vn -0.8259 -0.5380 -0.1687
vn -0.8745 -0.3187 0.3655
vn -0.9000 -0.3407 0.2718
vn -0.7375 -0.0950 0.6686
vn -0.7125 -0.0795 0.6971
vn -0.4247 0.1606 0.8910
vn -0.4112 0.1317 0.9020
vn -0.0876 0.3031 0.9489
vn -0.1607 0.3222 0.9329
vn 0.3299 0.4452 0.8325
vn 0.3057 0.4860 0.8187
vn 0.7422 0.5115 0.4330
vn 0.7304 0.4633 0.5018
vn 0.9126 0.3883 0.1283
vn 0.9073 0.4142 0.0719
vn 0.9090 0.4091 0.0794
vn 0.9107 0.3835 0.1537
vn 0.2247 0.1710 0.9593
vn 0.0029 0.1440 0.9896
vn 0.1866 0.1565 0.9699
vn 0.2839 0.2215 0.9329
vn 0.0847 0.1524 0.9847
vn 0.2174 0.3510 0.9108
vn 0.5135 0.7140 0.4759
vn 0.0233 0.0475 0.9986
vn 0.1249 0.2139 0.9688
vn 0.5721 0.7997 0.1822
vn 0.5677 0.7944 0.2158
vn 0.5539 0.7613 0.3370
vn 0.5334 0.7179 0.4473
vn 0.5081 0.5906 0.6269
vn 0.5810 0.6830 0.4427
vn 0.6265 0.6900 0.3625
vn 0.5956 0.6172 0.5141
vn 0.6235 0.7226 0.2986
vn 0.6334 0.7371 0.2356
vn 0.1614 0.0894 0.9828
vn 0.3034 0.1360 0.9431
vn 0.0874 0.1292 0.9878
vn 0.1170 0.1262 0.9851
vn 0.2231 0.2932 0.9297
vn 0.3464 0.5103 0.7871
vn 0.4682 0.1092 0.8768
vn 0.3241 0.0810 0.9425
vn 0.2964 0.2639 0.9179
vn 0.2240 0.2705 0.9363
vn 0.3998 0.5137 0.7592
vn 0.5273 0.5880 0.6134
vn 0.3137 0.2353 0.9199
vn -0.2118 -0.7516 -0.6247
vn -0.3509 -0.6925 -0.6304
vn -0.2937 -0.5870 -0.7545
vn -0.1347 -0.6103 -0.7806
vn 0.1844 -0.4834 -0.8558
vn -0.0388 -0.4903 -0.8707
vn -0.4484 -0.5518 -0.7031
vn -0.3247 -0.4918 -0.8079
vn -0.4994 -0.6390 -0.5851
vn 0.2105 0.5469 0.8103
vn -0.0823 0.4588 0.8847
vn 0.3529 0.6965 0.6247
vn 0.1735 -0.5077 -0.8439
vn 0.3337 -0.3340 -0.8815
vn 0.4787 -0.1997 -0.8550
vn 0.2380 -0.3715 -0.8974
vn -0.0461 -0.4896 -0.8707
vn 0.0062 -0.6200 -0.7846
vn 0.0892 0.7631 0.6401
vn 0.2044 0.7674 0.6077
vn 0.2881 0.8063 0.5167
vn 0.5091 0.6696 0.5409
vn 0.4091 0.7003 0.5850
vn 0.3918 0.7609 0.5172
vn -0.2660 -0.7029 -0.6597
vn -0.4148 -0.6648 -0.6213
vn -0.0861 -0.6930 -0.7158
vn -0.4054 -0.2637 -0.8753
vn -0.3832 -0.2983 -0.8742
vn -0.3746 -0.2287 -0.8985
vn 0.5197 0.2351 0.8214
vn 0.3879 0.1448 0.9102
vn 0.2557 0.0950 0.9621
vn -0.4103 -0.4681 -0.7826
vn -0.3957 -0.2835 -0.8735
vn -0.2305 -0.2046 -0.9513
vn -0.3944 -0.9179 -0.0428
vn -0.5217 -0.8526 0.0296
vn -0.3053 -0.9127 -0.2717
vn -0.4314 -0.8593 -0.2747
vn -0.5704 0.8213 0.0085
vn -0.1550 0.9493 0.2734
vn -0.2087 0.8330 0.5123
vn -0.6497 0.7168 0.2530
vn -0.8483 -0.2742 -0.4530
vn -0.9479 0.2714 -0.1670
vn -0.8370 0.4121 -0.3601
vn -0.8396 -0.0773 -0.5376
vn -0.6663 0.4762 0.5739
vn -0.1908 0.6100 0.7691
vn -0.5636 0.1898 0.8040
vn -0.1555 0.3135 0.9368
vn -0.9719 -0.0513 0.2296
vn -0.8141 -0.5498 -0.1868
vn -0.6215 -0.7596 0.1915
vn -0.7191 -0.3141 0.6198
vn -0.2868 -0.7376 0.6113
vn -0.1860 -0.2197 0.9577
vn -0.4267 -0.8887 -0.1677
vn -0.2764 -0.9610 0.0088
vn -0.5457 -0.7566 -0.3602
vn -0.6293 -0.6232 -0.4644
vn -0.7149 -0.4727 -0.5152
vn 0.5391 0.4349 0.7213
vn 0.6708 0.4416 0.5958
vn 0.7521 0.4608 0.4712
vn 0.6332 0.4593 0.6230
vn 0.7382 0.4888 0.4649
vn 0.7126 0.4583 0.5312
vn 0.9068 0.3356 0.2550
vn 0.8798 0.3249 0.3470
vn 0.7745 0.4279 0.4660
vn 0.7748 0.4407 0.4534
vn 0.6361 0.4072 0.6554
vn 0.5704 0.4000 0.7174
vn 0.5473 0.3981 0.7362
vn 0.5855 0.4044 0.7026
vn 0.6956 0.4172 0.5849
vn 0.7413 0.4219 0.5220
vn 0.7066 0.3848 0.5938
vn 0.6397 0.4010 0.6558
vn 0.7592 0.3804 0.5281
vn 0.7710 0.3644 0.5223
vn 0.5249 0.4247 0.7377
vn 0.3397 0.4138 0.8446
vn 0.3705 0.5124 0.7747
vn 0.4526 0.5702 0.6856
vn 0.3563 0.5718 0.7390
vn 0.4551 0.5967 0.6609
vn 0.6954 0.5561 0.4552
vn 0.6469 0.6104 0.4571
vn 0.7049 0.5820 0.4055
vn 0.7164 0.5598 0.4163
vn 0.8368 0.4657 0.2879
vn 0.7543 0.5333 0.3829
vn 0.5351 0.6131 0.5812
vn 0.5319 0.6095 0.5879
vn 0.5772 0.6325 0.5165
vn 0.5940 0.6186 0.5143
vn 0.6708 0.5309 0.5178
vn 0.6167 0.4881 0.6175
vn 0.6783 0.5476 0.4899
vn 0.6105 0.6344 0.4741
vn 0.6645 0.5938 0.4537
vn 0.3181 0.3229 0.8914
vn 0.5086 0.3851 0.7701
vn 0.5315 0.3430 0.7745
vn 0.3933 0.1828 0.9010
vn 0.7510 0.5136 0.4151
vn 0.7823 0.4239 0.4565
vn 0.8329 0.4133 0.3681
vn 0.8250 0.4882 0.2847
vn 0.6728 0.5079 0.5379
vn 0.7079 0.4639 0.5326
vn 0.7370 0.4379 0.5149
vn 0.6829 0.5170 0.5161
vn 0.6515 0.4484 0.6119
vn 0.6602 0.4692 0.5865
vn 0.4132 0.0149 0.9105
vn 0.3995 0.1405 0.9059
vn 0.5581 0.3069 0.7710
vn 0.6571 0.1793 0.7322
vn 0.7158 0.4592 0.5261
vn 0.7089 0.4273 0.5612
vn 0.8679 -0.0221 0.4962
vn 0.8870 -0.0365 0.4603
vn 0.6756 -0.6616 0.3253
vn 0.4054 -0.6438 0.6490
vn -0.1352 -0.8901 -0.4353
vn 0.1074 -0.9231 -0.3693
vn 0.5493 -0.8285 0.1084
vn 0.5981 -0.8011 0.0238
vn 0.0211 -0.9344 -0.3557
vn -0.1763 -0.9416 -0.2868
vn -0.3600 -0.5442 -0.7578
vn -0.2809 -0.5826 -0.7627
vn -0.1162 -0.7922 -0.5991
vn -0.2614 -0.6612 -0.7032
vn -0.6437 -0.6428 -0.4153
vn -0.5123 -0.6883 -0.5137
vn -0.3161 -0.8215 -0.4746
vn -0.5429 -0.7222 -0.4285
vn -0.5035 -0.5958 -0.6257
vn -0.4107 -0.5778 -0.7053
vn -0.4482 -0.5537 -0.7018
vn -0.5458 -0.5577 -0.6253
vn -0.4839 -0.6160 -0.6216
vn -0.3489 -0.5975 -0.7220
vn -0.4288 -0.4985 -0.7534
vn -0.2883 -0.5137 -0.8081
vn -0.3872 -0.4076 -0.8270
vn -0.5382 -0.4129 -0.7347
vn -0.6532 -0.5437 -0.5270
vn -0.7167 -0.5545 -0.4229
vn -0.7138 -0.5131 -0.4767
vn -0.6999 -0.4777 -0.5310
vn -0.6375 -0.5402 -0.5494
vn -0.6488 -0.6022 -0.4652
vn -0.6190 -0.6195 -0.4828
vn -0.5852 -0.5398 -0.6051
vn -0.5461 -0.5488 -0.6330
vn -0.6228 -0.5626 -0.5437
vn -0.6610 -0.5305 -0.5308
vn -0.5059 -0.5103 -0.6955
vn -0.3768 -0.4542 -0.8073
vn -0.4019 -0.4383 -0.8040
vn -0.5510 -0.4992 -0.6687
vn -0.6287 -0.5464 -0.5533
vn -0.6547 -0.5800 -0.4848
vn -0.6706 -0.5390 -0.5097
vn -0.6446 -0.5335 -0.5476
vn -0.6740 -0.5367 -0.5076
vn -0.6341 -0.5820 -0.5090
vn -0.5781 -0.4239 -0.6972
vn -0.4624 -0.3882 -0.7971
vn -0.4483 -0.4070 -0.7959
vn -0.5564 -0.4614 -0.6910
vn -0.3788 -0.3486 -0.8573
vn -0.3826 -0.3747 -0.8445
vn -0.6544 -0.5038 -0.5638
vn -0.6783 -0.5193 -0.5198
vn -0.6972 -0.4677 -0.5433
vn -0.6734 -0.4455 -0.5900
vn -0.3888 -0.5293 -0.7541
vn -0.4812 -0.4866 -0.7292
vn -0.4558 -0.5064 -0.7320
vn -0.6219 -0.4514 -0.6399
vn -0.6195 -0.4683 -0.6300
vn -0.4262 -0.4622 -0.7777
vn -0.4114 -0.5032 -0.7600
vn -0.4903 -0.4933 -0.7185
vn -0.5290 -0.4757 -0.7027
vn -0.5014 -0.5084 -0.7001
vn -0.4996 -0.4383 -0.7472
vn -0.5478 -0.4438 -0.7092
vn -0.5874 -0.4336 -0.6834
vn -0.5565 -0.5537 -0.6194
vn -0.4944 -0.4568 -0.7395
vn -0.2340 -0.5366 -0.8107
vn -0.2773 -0.4761 -0.8345
vn -0.2291 -0.7938 -0.5634
vn -0.1008 -0.9238 -0.3695
vn -0.2178 -0.4800 -0.8498
vn 0.2084 -0.9776 0.0277
vn 0.4457 -0.4992 -0.7431
vn -0.0225 -0.5036 -0.8636
vn -0.0601 -0.9390 -0.3385
vn 0.7456 -0.5967 0.2966
vn 0.7328 0.0114 -0.6803
vn 0.9696 -0.2215 0.1036
vn 0.8652 -0.3336 -0.3743
vn 0.7452 0.1371 -0.6526
vn 0.9505 -0.2670 -0.1589
vn 0.8851 -0.0146 0.4651
vn 0.7878 0.4537 0.4166
vn 0.9180 0.2903 -0.2703
vn 0.3537 0.4723 0.8074
vn -0.9003 -0.2164 -0.3777
vn -0.9547 -0.1398 -0.2627
vn -0.9019 -0.3164 -0.2940
vn -0.8196 -0.3336 -0.4658
vn -0.7748 -0.3387 -0.5338
vn -0.6993 -0.4881 -0.5222
vn -0.1106 -0.1659 -0.9799
vn 0.1092 -0.7214 -0.6838
vn 0.1854 -0.5633 -0.8052
vn -0.2890 -0.0176 -0.9572
vn -0.0599 0.0188 -0.9980
vn -0.2460 0.0948 -0.9646
vn 0.1866 -0.9611 -0.2036
vn -0.0310 -0.9124 -0.4081
vn 0.2342 -0.9075 -0.3486
vn 0.3923 -0.8877 -0.2411
vn 0.2943 0.7524 0.5893
vn 0.3439 0.6679 0.6600
vn 0.3454 0.6402 0.6862
vn 0.3219 0.8421 0.4327
vn 0.0087 -0.0544 -0.9985
vn -0.1678 -0.0531 -0.9844
vn -0.2066 -0.1710 -0.9634
vn -0.0186 -0.2311 -0.9727
vn -0.2595 -0.2450 -0.9341
vn -0.1406 -0.4222 -0.8955
vn -0.3542 -0.6101 -0.7088
vn -0.3350 -0.7557 -0.5628
vn -0.2486 -0.7446 -0.6195
vn -0.3086 -0.7587 -0.5737
vn 0.3534 0.9135 0.2017
vn 0.4503 0.7184 0.5302
vn 0.5416 0.6684 0.5097
vn 0.5033 0.8289 0.2440
vn 0.5431 0.6468 0.5354
vn 0.4840 0.6800 0.5508
vn 0.4961 0.0268 0.8678
vn 0.4558 -0.2605 0.8511
vn 0.3779 -0.2463 0.8925
vn 0.4896 0.0922 0.8671
vn 0.2953 -0.3687 0.8814
vn 0.4200 -0.3807 0.8238
vn -0.4989 -0.6178 -0.6078
vn -0.5798 -0.4884 -0.6521
vn -0.4389 -0.3706 -0.8186
vn -0.3710 -0.4128 -0.8318
vn -0.6503 0.0064 0.7596
vn -0.8417 -0.2098 0.4975
vn -0.3250 0.2281 0.9178
vn -0.2193 0.0287 0.9752
vn -0.5440 -0.2383 0.8045
vn -0.7667 -0.4446 0.4632
vn 0.2905 0.4413 0.8490
vn 0.3753 0.2712 0.8863
vn 0.7816 0.4288 0.4531
vn 0.8163 0.2485 0.5215
vn 0.9387 0.3074 0.1558
vn 0.9178 0.3182 0.2373
vn 0.9610 0.2099 0.1799
vn 0.9725 0.2303 0.0335
vn 0.8900 0.3878 0.2398
vn 0.9254 0.3408 0.1656
vn 0.8084 0.4496 0.3799
vn 0.8149 0.4233 0.3958
vn 0.7946 0.5961 0.1155
vn 0.7777 0.5980 0.1940
vn 0.7188 0.5785 0.3857
vn 0.7274 0.5870 0.3553
vn 0.6834 0.5493 0.4808
vn 0.6799 0.5785 0.4506
vn 0.4182 -0.1754 0.8913
vn 0.4823 0.0316 0.8754
vn 0.3836 0.0547 0.9219
vn 0.3490 -0.1119 0.9304
vn 0.4276 0.1399 0.8931
vn 0.5195 0.1589 0.8395
vn 0.4189 -0.1105 0.9013
vn 0.4242 0.0094 0.9055
vn 0.6227 0.4351 0.6503
vn 0.5940 0.4068 0.6940
vn 0.5893 0.4253 0.6869
vn 0.6338 0.4192 0.6501
vn 0.5525 0.4221 0.7188
vn 0.5464 0.3724 0.7502
vn 0.4314 0.3532 0.8301
vn 0.5088 0.4204 0.7512
vn 0.6124 0.3393 0.7140
vn 0.6273 0.4833 0.6107
vn 0.6288 0.4801 0.6117
vn 0.5861 0.3594 0.7261
vn 0.5809 0.2406 0.7776
vn 0.5066 0.2449 0.8267
vn 0.3706 0.4935 0.7869
vn 0.4738 0.4815 0.7373
vn 0.5094 0.4836 0.7118
vn 0.4225 0.5336 0.7326
vn -0.3997 -0.3366 -0.8526
vn -0.3615 -0.3961 -0.8441
vn -0.3360 -0.6597 -0.6722
vn -0.3479 -0.6484 -0.6771
vn -0.5235 -0.5197 -0.6752
vn -0.4297 -0.6327 -0.6442
vn -0.4954 -0.6030 -0.6253
vn -0.5684 -0.5020 -0.6518
vn -0.4645 -0.5490 -0.6949
vn -0.3736 -0.6533 -0.6585
vn -0.3718 -0.6486 -0.6641
vn -0.4116 -0.6389 -0.6499
vn -0.4007 0.1938 -0.8955
vn -0.4460 -0.3459 -0.8255
vn -0.4331 -0.3168 -0.8438
vn -0.2903 0.1743 -0.9409
vn -0.4305 -0.3686 -0.8239
vn -0.4469 -0.6023 -0.6614
vn -0.4522 0.1536 -0.8786
vn -0.4374 -0.5711 -0.6946
vn -0.3660 -0.6732 -0.6425
vn -0.5793 -0.4990 -0.6445
vn -0.5300 -0.5790 -0.6196
vn -0.5413 -0.3968 -0.7414
vn -0.4028 -0.6843 -0.6078
vn -0.4177 -0.6376 -0.6473
vn -0.5436 -0.4075 -0.7338
vn 0.5963 0.4604 0.6576
vn 0.6523 0.5029 0.5671
vn 0.6590 0.4815 0.5778
vn 0.6662 0.4334 0.6069
vn 0.6357 0.5468 0.5449
vn 0.6203 0.5295 0.5787
vn 0.4406 0.5608 0.7010
vn 0.4788 0.5348 0.6962
vn 0.6096 0.5281 0.5912
vn 0.5138 0.5144 0.6866
vn 0.5657 0.4986 0.6569
vn 0.4569 0.4771 0.7508
vn 0.3638 0.5104 0.7792
vn 0.3801 0.4791 0.7912
vn 0.4162 0.5665 0.7112
vn 0.4282 0.5364 0.7273
vn 0.4826 0.5471 0.6839
vn 0.4246 0.6096 0.6694
vn 0.4122 0.6278 0.6603
vn 0.3906 0.6839 0.6163
vn 0.5289 0.5910 0.6091
vn 0.3759 0.5433 0.7507
vn 0.3383 0.6704 0.6604
vn 0.3109 0.8618 0.4008
vn 0.4360 0.7634 0.4766
vn 0.1719 0.9039 0.3918
vn 0.1613 0.8791 0.4485
vn 0.3848 0.7185 0.5794
vn 0.0618 0.9278 0.3680
vn -0.1325 0.9689 0.2089
vn 0.5669 0.6258 0.5357
vn -0.3391 -0.7461 -0.5730
vn -0.3257 -0.7499 -0.5759
vn -0.3217 -0.7074 -0.6294
vn -0.3249 -0.7013 -0.6345
vn 0.2455 0.7910 0.5604
vn 0.3729 0.6753 0.6363
vn -0.3468 -0.6343 -0.6909
vn -0.3503 -0.6174 -0.7043
vn -0.4166 -0.5049 -0.7560
vn -0.3826 -0.5335 -0.7544
vn -0.4582 -0.6534 -0.6026
vn -0.4468 -0.5785 -0.6824
vn -0.4459 -0.5881 -0.6748
vn -0.4721 -0.6531 -0.5921
vn -0.4052 -0.4921 -0.7705
vn -0.4545 -0.4701 -0.7566
vn 0.5102 0.6683 0.5414
vn 0.5512 0.6201 0.5582
vn 0.5571 0.6137 0.5595
vn 0.5703 0.5625 0.5986
vn -0.4046 -0.5044 -0.7628
vn -0.4421 -0.5999 -0.6668
vn -0.4628 -0.6641 -0.5872
vn 0.5870 0.5607 0.5840
vn 0.5883 0.5429 0.5993
vn 0.6042 0.4949 0.6246
vn 0.5854 0.5108 0.6296
vn 0.5583 0.6383 0.5300
vn 0.5715 0.5674 0.5929
vn 0.5558 0.5675 0.6075
vn 0.5505 0.6440 0.5312
vn 0.5139 0.5162 0.6851
vn 0.5497 0.5169 0.6563
vn 0.4873 0.5083 0.7101
vn 0.5139 0.5792 0.6328
vn 0.4931 0.6677 0.5577
vn -0.4975 -0.3931 -0.7733
vn -0.4171 -0.4077 -0.8123
vn -0.4635 -0.3709 -0.8047
vn -0.3702 -0.3669 -0.8534
vn -0.3579 -0.4499 -0.8182
vn -0.4520 -0.4174 -0.7883
vn -0.3072 -0.4320 -0.8480
vn -0.3609 -0.4086 -0.8383
vn -0.3897 -0.4464 -0.8055
vn -0.3744 -0.4360 -0.8184
vn 0.5898 0.4730 0.6545
vn 0.5898 0.4601 0.6637
vn 0.5448 0.4911 0.6797
vn 0.5607 0.5193 0.6449
vn 0.5148 0.4430 0.7340
vn 0.5232 0.4564 0.7197
vn 0.5392 0.4693 0.6993
vn 0.4925 0.4814 0.7251
vn -0.2945 -0.7531 -0.5883
vn -0.2782 -0.4733 -0.8358
vn -0.0767 -0.5840 -0.8081
vn -0.0936 -0.8403 -0.5340
vn 0.4596 0.4596 0.7599
vn 0.4611 0.4814 0.7455
vn -0.3615 -0.4644 -0.8085
vn -0.3021 -0.7344 -0.6078
vn -0.4186 -0.6384 -0.6459
vn -0.2035 -0.8410 -0.5013
vn -0.6142 -0.7346 -0.2884
vn -0.3564 -0.8314 -0.4264
vn -0.4339 -0.8779 -0.2025
vn -0.6007 -0.7884 -0.1327
vn -0.5614 -0.7360 -0.3784
vn -0.5677 -0.7176 -0.4034
vn 0.4801 -0.0427 0.8762
vn 0.3819 -0.0262 0.9238
vn 0.3968 0.4831 0.7805
vn 0.4801 0.3977 0.7819
vn -0.6132 -0.7521 -0.2416
vn -0.6071 -0.7706 -0.1938
vn -0.5746 -0.6031 -0.5533
vn -0.3318 0.2399 -0.9123
vn -0.4686 0.2560 -0.8455
vn -0.5045 -0.2508 -0.8262
vn -0.2358 -0.3106 -0.9208
vn -0.5412 0.2005 -0.8167
vn -0.6002 -0.3006 -0.7412
vn 0.2826 0.8222 0.4941
vn 0.3710 0.8298 0.4169
vn -0.1517 0.1586 -0.9756
vn 0.0491 -0.4153 -0.9083
vn -0.4750 -0.5437 -0.6919
vn -0.3177 -0.9122 -0.2587
vn -0.4432 -0.8551 -0.2691
vn -0.2530 -0.8968 -0.3629
vn 0.1486 -0.8893 -0.4325
vn 0.0033 -0.9998 -0.0217
vn 0.3348 -0.9402 -0.0621
vn -0.4918 0.0357 -0.8700
vn -0.1896 -0.5827 -0.7902
vn -0.2163 -0.5131 -0.8306
vn -0.3011 -0.3763 -0.8762
vn -0.3067 -0.3915 -0.8676
vn -0.3507 -0.3514 -0.8680
vn -0.3510 -0.4488 -0.8218
vn 0.4128 -0.8402 -0.3517
vn 0.4211 -0.8816 -0.2134
vn -0.2845 -0.5964 -0.7506
vn -0.3430 -0.3905 -0.8543
vn -0.3950 -0.4164 -0.8189
vn -0.2942 -0.5682 -0.7685
vn -0.1029 -0.6793 -0.7266
vn 0.1108 -0.7989 -0.5912
vn 0.1348 -0.8994 -0.4159
vn -0.2861 -0.3519 -0.8912
vn -0.0868 -0.9320 -0.3518
vn 0.5077 0.1437 0.8494
vn 0.5210 0.3468 0.7800
vn 0.4980 0.2782 0.8213
vn 0.4816 0.1288 0.8669
vn 0.5168 0.4280 0.7414
vn 0.5414 0.4560 0.7064
vn -0.5966 -0.5995 -0.5336
vn -0.4315 -0.7562 -0.4920
vn -0.5662 -0.7851 -0.2509
vn -0.7461 -0.6183 -0.2472
vn -0.5754 -0.7371 -0.3544
vn -0.5069 -0.6975 -0.5065
vn -0.5985 -0.7064 -0.3780
vn -0.7832 -0.5694 -0.2498
vn 0.0280 -0.1080 -0.9938
vn -0.2499 -0.3746 -0.8929
vn -0.3876 -0.1797 -0.9041
vn -0.0659 -0.0788 -0.9947
vn -0.7528 -0.3670 -0.5464
vn -0.5969 -0.5216 -0.6097
vn -0.3438 -0.2864 -0.8943
vn -0.3024 -0.4678 -0.8305
vn -0.0820 -0.2114 -0.9740
vn -0.1184 -0.0731 -0.9903
vn -0.1610 -0.5394 -0.8265
vn 0.0403 -0.2363 -0.9708
vn -0.6665 -0.5861 -0.4607
vn -0.8590 -0.4356 -0.2690
vn -0.8379 -0.4850 -0.2506
vn 0.2370 0.2345 0.9428
vn 0.3022 0.0205 0.9530
vn 0.6306 0.4747 0.6140
vn 0.6769 0.3168 0.6644
vn 0.1696 0.0231 0.9852
vn 0.0557 0.1212 0.9911
vn 0.7966 0.5675 0.2084
vn 0.8415 0.5094 0.1799
vn 0.4543 0.3768 0.8072
vn 0.4699 0.3840 0.7948
vn 0.4890 0.4754 0.7314
vn 0.5055 0.4059 0.7614
vn 0.5250 0.5098 0.6815
vn 0.5668 0.3801 0.7309
vn 0.4638 0.3274 0.8232
vn 0.4296 0.2334 0.8723
vn 0.4617 0.4130 0.7850
vn 0.3926 0.2825 0.8753
vn 0.1749 -0.0222 0.9843
vn 0.3672 0.1423 0.9192
vn 0.3860 -0.0011 0.9225
vn 0.3308 -0.1632 0.9295
vn 0.5093 0.2127 0.8339
vn 0.4766 0.2655 0.8380
vn 0.4838 0.2969 0.8233
vn 0.5513 0.3080 0.7754
vn 0.5233 0.2958 0.7992
vn 0.6014 0.3211 0.7316
vn 0.5654 0.3428 0.7502
vn 0.4375 0.2890 0.8515
vn 0.2875 0.1530 0.9455
vn 0.4326 0.8111 0.3936
vn 0.4188 0.7458 0.5180
vn 0.3717 0.7303 0.5731
vn 0.3932 0.7704 0.5019
vn 0.5539 0.2691 0.7879
vn 0.5850 0.3360 0.7382
vn 0.4586 0.7657 0.4510
vn 0.5417 0.6831 0.4898
vn 0.5430 0.7056 0.4552
vn 0.4621 0.8113 0.3580
vn 0.4608 0.7727 0.4366
vn 0.4805 0.8481 0.2230
vn 0.4559 0.8254 0.3329
vn 0.4452 0.8865 0.1258
vn 0.3773 0.9079 0.1825
vn 0.3066 0.9511 -0.0370
vn 0.4375 0.8970 -0.0629
vn 0.4823 0.7435 0.4632
vn -0.4384 -0.7109 -0.5500
vn -0.4345 -0.6842 -0.5857
vn -0.4610 -0.6605 -0.5927
vn -0.4566 -0.7035 -0.5447
vn 0.2381 0.9669 0.0918
vn 0.3712 0.8465 0.3817
vn -0.4370 -0.6663 -0.6042
vn -0.4561 -0.6929 -0.5585
vn -0.4866 -0.6795 -0.5490
vn -0.5177 -0.6079 -0.6020
vn -0.4321 -0.6465 -0.6288
vn -0.4591 -0.6126 -0.6433
vn -0.4147 -0.2179 -0.8835
vn -0.4572 -0.4234 -0.7821
vn -0.5397 -0.4726 -0.6967
vn -0.5266 -0.1662 -0.8337
vn -0.5092 -0.6512 -0.5628
vn -0.5154 -0.4246 -0.7443
vn -0.4401 -0.1425 -0.8866
vn -0.4788 -0.6966 -0.5344
vn -0.4717 -0.4276 -0.7711
vn -0.5311 -0.3313 -0.7798
vn -0.5866 -0.3514 -0.7297
vn -0.5180 -0.4286 -0.7402
vn -0.6121 -0.3129 -0.7263
vn -0.5595 -0.2648 -0.7854
vn -0.6435 -0.4235 -0.6377
vn -0.6433 -0.4068 -0.6486
vn -0.5755 -0.4855 -0.6581
vn -0.3557 -0.5936 -0.7219
vn -0.1837 -0.2954 -0.9375
vn -0.5235 -0.4229 -0.7397
vn -0.5266 -0.4220 -0.7380
vn -0.5657 -0.5023 -0.6540
vn -0.4908 -0.2497 -0.8347
vn -0.4298 -0.2753 -0.8599
vn -0.5248 -0.3686 -0.7673
vn -0.5549 -0.4726 -0.6846
vn -0.4942 -0.5437 -0.6784
vn -0.5718 -0.3172 -0.7566
vn -0.6429 -0.4337 -0.6313
vn 0.2781 0.0741 0.9577
vn 0.3411 0.0202 0.9398
vn 0.4791 0.3761 0.7931
vn 0.3450 0.4424 0.8278
vn -0.5291 -0.4846 -0.6966
vn 0.5243 0.7864 0.3266
vn 0.4191 0.8414 0.3412
vn 0.3721 0.3944 0.8402
vn 0.4681 0.3928 0.7916
vn 0.4847 0.8569 0.1753
vn 0.3016 0.9274 0.2214
vn 0.3273 0.3825 0.8640
vn 0.2930 0.9129 0.2843
vn 0.1980 0.1271 0.9719
vn 0.1911 0.0825 0.9781
vn -0.5322 -0.4429 -0.7215
vn -0.4117 -0.0004 -0.9113
vn -0.3998 -0.0741 -0.9136
vn -0.5425 -0.5982 -0.5898
vn 0.3780 0.0293 0.9253
vn -0.2967 -0.5296 -0.7947
vn -0.5763 -0.4190 -0.7016
vn -0.4766 -0.0544 -0.8774
vn -0.1901 -0.1555 -0.9694
vn -0.4278 -0.0696 -0.9012
vn -0.2850 0.1475 -0.9471
vn -0.4283 -0.0554 -0.9019
vn -0.4480 0.0556 -0.8923
vn -0.4202 0.0344 -0.9068
vn -0.5667 -0.5076 -0.6490
vn -0.2463 -0.3321 -0.9105
vn -0.2181 -0.4090 -0.8861
vn -0.5177 -0.5838 -0.6254
vn -0.5548 -0.4631 -0.6911
vn -0.5291 -0.6086 -0.5913
vn -0.2672 -0.4024 -0.8756
vn -0.1033 -0.0022 -0.9946
vn -0.5294 -0.4199 -0.7372
vn -0.2619 -0.2652 -0.9279
vn -0.6132 -0.6013 -0.5123
vn -0.6637 -0.5366 -0.5212
vn -0.6132 -0.5469 -0.5700
vn -0.6410 -0.4645 -0.6111
vn -0.6289 -0.4574 -0.6287
vn -0.3717 -0.3757 -0.8489
vn 0.6868 0.5298 0.4977
vn 0.6432 0.5645 0.5174
vn 0.6693 0.5957 0.4440
vn 0.7019 0.5824 0.4100
vn 0.5812 0.5190 0.6268
vn 0.6266 0.4139 0.6604
vn -0.5922 -0.5098 -0.6240
vn 0.6152 0.4777 0.6271
vn 0.6076 0.4630 0.6453
vn 0.6528 0.6100 0.4492
vn 0.6645 0.5946 0.4527
vn 0.6897 0.5621 0.4565
vn 0.6922 0.6587 0.2949
vn 0.6820 0.6840 0.2590
vn 0.6692 0.7425 0.0280
vn 0.6886 0.7251 -0.0080
vn 0.6458 0.4163 0.6401
vn 0.5478 0.4177 0.7249
vn 0.4529 0.3492 0.8203
vn 0.4692 0.2336 0.8516
vn 0.5825 0.3173 0.7484
vn 0.3708 0.1195 0.9210
vn 0.3715 0.2363 0.8979
vn 0.3372 0.0325 0.9409
vn 0.4701 0.1473 0.8702
vn 0.5880 0.2622 0.7652
vn 0.7072 0.6416 0.2970
vn 0.7473 0.6636 0.0341
vn 0.4280 0.2144 0.8780
vn 0.5754 0.2849 0.7667
vn 0.3176 0.1695 0.9329
vn 0.2649 0.1429 0.9536
vn 0.1474 0.2582 0.9548
vn 0.3003 0.3805 0.8747
vn 0.4309 0.4657 0.7730
vn 0.5070 0.5150 0.6912
vn -0.5857 -0.4730 -0.6582
vn -0.6263 -0.5191 -0.5817
vn -0.5263 -0.4461 -0.7239
vn -0.4515 -0.4278 -0.7831
vn -0.5732 -0.3969 -0.7169
vn -0.4775 -0.3339 -0.8127
vn -0.4738 -0.3561 -0.8055
vn -0.5784 -0.4220 -0.6981
vn -0.4361 -0.3253 -0.8390
vn -0.4635 -0.3544 -0.8121
vn -0.6724 -0.4876 -0.5569
vn -0.6840 -0.4770 -0.5519
vn -0.4697 -0.3864 -0.7938
vn -0.4852 -0.4011 -0.7770
vn -0.5374 -0.4066 -0.7388
vn -0.4593 -0.4052 -0.7905
vn -0.5476 -0.4124 -0.7280
vn -0.4726 -0.3510 -0.8083
vn -0.5703 -0.3763 -0.7301
vn -0.5380 -0.5017 -0.6774
vn -0.3907 -0.7693 -0.5055
vn -0.3292 -0.7183 -0.6129
vn -0.5172 -0.6129 -0.5974
vn -0.4367 -0.6102 -0.6610
vn -0.6422 -0.5709 -0.5116
vn -0.5428 -0.5931 -0.5946
vn -0.4862 -0.4700 -0.7367
vn -0.2170 -0.4121 -0.8849
vn -0.2212 -0.6096 -0.7612
vn -0.4412 -0.7056 -0.5546
vn -0.4607 -0.4898 -0.7401
vn -0.4636 -0.4390 -0.7697
vn -0.6675 -0.4950 -0.5563
vn -0.6772 -0.5357 -0.5045
vn 0.7982 0.4120 0.4394
vn 0.8646 0.3569 0.3537
vn 0.9530 0.2822 0.1105
vn 0.9182 0.3350 0.2113
vn 0.9111 0.3451 0.2254
vn 0.9420 0.3181 0.1071
vn -0.2620 -0.3589 -0.8959
vn -0.5343 -0.4646 -0.7062
vn -0.4526 -0.3413 -0.8238
vn 0.7907 0.4223 0.4432
vn 0.7725 0.4503 0.4476
vn 0.8819 0.4003 0.2489
vn 0.8994 0.3863 0.2047
vn 0.9259 0.3680 0.0854
vn 0.9285 0.3711 0.0093
vn 0.6785 0.4413 0.5873
vn 0.7082 0.4071 0.5768
vn 0.5335 0.5818 0.6139
vn 0.2721 0.5590 0.7832
vn -0.0995 0.5574 0.8243
vn 0.0206 0.6032 0.7973
vn 0.6581 0.4796 0.5804
vn 0.8400 0.4456 0.3096
vn 0.9337 0.3406 0.1105
vn 0.8070 0.3981 0.4361
vn 0.9543 0.2886 -0.0777
vn -0.9196 -0.3457 0.1867
vn -0.9015 -0.4100 -0.1383
vn -0.8230 -0.5675 0.0239
vn -0.7763 -0.5367 0.3306
vn -0.8381 -0.5357 -0.1026
vn -0.8992 -0.3766 -0.2229
vn -0.8506 -0.5241 -0.0428
vn -0.8474 -0.5059 0.1614
vn -0.9473 -0.2412 -0.2110
vn -0.9213 -0.2889 -0.2601
vn -0.9934 -0.0932 0.0667
vn -0.6439 -0.5264 -0.5552
vn -0.9130 -0.3886 -0.1241
vn -0.6864 -0.6560 -0.3137
vn -0.7564 -0.6045 -0.2499
vn -0.8361 -0.4133 -0.3606
vn -0.9310 -0.2885 0.2235
vn 0.7444 0.3551 0.5655
vn 0.7864 0.3790 0.4878
vn 0.7760 0.4286 0.4628
vn 0.7060 0.4463 0.5499
vn 0.7419 0.3371 0.5797
vn 0.7472 0.3941 0.5352
vn -0.8251 -0.3257 -0.4616
vn 0.6962 0.4448 0.5635
vn 0.6816 0.4020 0.6114
vn 0.6361 0.4384 0.6349
vn 0.5872 0.5328 0.6094
vn 0.6559 0.5322 0.5354
vn 0.6892 0.3107 0.6546
vn 0.6673 0.3541 0.6552
vn 0.7365 0.4936 0.4625
vn -0.6598 -0.4420 -0.6077
vn -0.6836 -0.4895 -0.5415
vn -0.6654 -0.4510 -0.5949
vn -0.6525 -0.4273 -0.6258
vn -0.6596 -0.5148 -0.5476
vn -0.6622 -0.5075 -0.5513
vn 0.6629 0.3433 0.6653
vn -0.6637 -0.4600 -0.5898
vn -0.6931 -0.4662 -0.5499
vn -0.6141 -0.4194 -0.6686
vn -0.5913 -0.4133 -0.6925
vn -0.6177 -0.4178 -0.6662
vn -0.6304 -0.4681 -0.6193
vn -0.6318 -0.4129 -0.6560
vn -0.6248 -0.4313 -0.6508
vn -0.6589 -0.4579 -0.5968
vn 0.0447 0.6133 0.7886
vn 0.1264 0.1516 0.9803
vn 0.2024 0.1387 0.9694
vn 0.0639 0.6341 0.7706
vn 0.2847 -0.3363 0.8977
vn 0.1715 -0.2735 0.9465
vn 0.1890 0.1099 0.9758
vn 0.1427 -0.3143 0.9385
vn 0.1714 0.5853 0.7925
vn -0.0385 0.8762 0.4803
vn -0.0677 0.8880 0.4548
vn 0.1140 0.8251 0.5534
vn 0.1353 -0.5419 0.8295
vn 0.3530 -0.1638 0.9212
vn 0.2239 -0.3980 0.8897
vn 0.1243 -0.5742 0.8092
vn 0.3964 0.3718 0.8394
vn 0.4406 0.3229 0.8376
vn 0.4383 0.4329 0.7877
vn 0.4732 0.3839 0.7929
vn 0.3548 -0.4947 0.7933
vn 0.4630 0.0193 0.8861
vn 0.4180 0.0634 0.9062
vn 0.4604 0.3469 0.8171
vn 0.3037 -0.5822 0.7542
vn 0.4769 0.1428 0.8673
vn 0.4919 0.3640 0.7909
vn 0.2896 0.0246 0.9568
vn 0.1745 -0.1342 0.9755
vn 0.2011 -0.0864 0.9758
vn 0.1003 -0.1947 0.9757
vn 0.6809 0.7245 0.1069
vn 0.7889 0.6013 0.1270
vn 0.6503 0.4964 0.5750
vn 0.6938 0.3399 0.6349
vn -0.0569 0.0074 0.9984
vn 0.2352 0.3144 0.9197
vn 0.3628 0.0496 0.9306
vn 0.5356 0.6805 0.5000
vn 0.0998 0.0731 0.9923
vn 0.3650 -0.0677 0.9286
vn 0.6017 0.7902 0.1165
vn -0.5217 -0.3209 0.7905
vn -0.1232 -0.0088 0.9923
vn -0.1902 0.2850 0.9395
vn -0.6971 -0.0662 0.7139
vn -0.8182 0.2294 0.5271
vn -0.3456 0.5038 0.7917
vn 0.1503 0.6113 0.7770
vn 0.2738 0.4964 0.8238
vn 0.6741 0.5679 0.4723
vn 0.6080 0.6121 0.5056
vn 0.7848 0.3321 0.5232
vn 0.3771 0.2639 0.8878
vn 0.9341 0.3327 0.1299
vn 0.8611 0.4784 0.1722
vn 0.8553 0.4589 0.2406
vn -0.4552 -0.7914 -0.4080
vn -0.1736 -0.9521 -0.2518
vn -0.0356 -0.8271 -0.5609
vn -0.4076 -0.6842 -0.6047
vn -0.3983 -0.5650 -0.7226
vn -0.3833 -0.5757 -0.7223
vn -0.2823 -0.5904 -0.7562
vn -0.2021 -0.5942 -0.7785
vn -0.9214 -0.3802 -0.0804
vn -0.9013 -0.4296 -0.0558
vn -0.7220 -0.5378 -0.4354
vn -0.7288 -0.5289 -0.4348
vn -0.9434 -0.2043 0.2612
vn -0.9269 -0.2346 0.2929
vn -0.7545 0.0517 0.6542
vn -0.7679 0.0552 0.6382
vn -0.4497 0.2625 0.8537
vn -0.4703 0.2900 0.8335
vn -0.1704 0.4117 0.8952
vn -0.0997 0.3421 0.9344
vn 0.7407 0.4905 0.4590
vn 0.7115 0.5645 0.4184
vn 0.2831 0.5350 0.7960
vn 0.3157 0.4417 0.8398
vn 0.9134 0.3976 0.0869
vn 0.8851 0.4618 0.0576
vn 0.8730 0.4814 0.0781
vn 0.8906 0.4367 0.1268
vn 0.7077 0.5753 0.4101
vn 0.6681 0.5636 0.4858
vn 0.8370 -0.1624 0.5225
vn 0.9105 0.0021 0.4134
vn 0.8582 0.3913 0.3321
vn 0.7749 0.5555 0.3015
vn 0.2591 -0.9625 0.0802
vn 0.5727 -0.8181 -0.0525
vn -0.4022 -0.6325 -0.6620
vn -0.4071 -0.6053 -0.6840
vn -0.0583 -0.6162 -0.7854
vn -0.0021 -0.6163 -0.7875
vn 0.2798 -0.6857 -0.6720
vn 0.4133 -0.5508 -0.7252
vn -0.7200 -0.5672 -0.3998
vn -0.7383 -0.5404 -0.4036
vn -0.9136 -0.4005 -0.0698
vn -0.8903 -0.4504 -0.0670
vn -0.8974 -0.2834 0.3383
vn -0.9235 -0.2284 0.3082
vn -0.7344 -0.0100 0.6787
vn -0.7024 -0.0952 0.7054
vn -0.3596 0.0640 0.9309
vn -0.3869 0.1882 0.9027
vn 0.0703 0.1843 0.9804
vn -0.0241 0.2675 0.9633
vn 0.7716 0.1905 0.6069
vn 0.7515 0.3053 0.5848
vn 0.3451 0.2816 0.8953
vn 0.4663 0.2234 0.8559
vn -0.2779 -0.7281 -0.6266
vn -0.6037 -0.6856 -0.4068
vn -0.3828 -0.8976 -0.2187
vn -0.0393 -0.9225 -0.3839
vn -0.6242 -0.7809 -0.0245
vn -0.8118 -0.5790 -0.0755
vn -0.5745 -0.7669 0.2860
vn -0.8247 -0.4607 0.3280
vn -0.5016 -0.6054 0.6179
vn -0.6332 -0.3186 0.7053
vn 0.9899 0.0097 -0.1416
vn 0.9850 0.1415 0.0988
vn 0.9534 0.2437 0.1778
vn 0.9723 0.1216 0.1996
vn -0.1401 -0.6647 0.7338
vn -0.2746 -0.2350 0.9324
vn 0.2643 -0.6444 0.7176
vn 0.1749 -0.1564 0.9721
vn 0.2115 -0.9635 0.1641
vn -0.2110 -0.9484 0.2367
vn 0.6923 -0.5532 -0.4633
vn 0.7801 -0.6200 -0.0845
vn 0.5555 -0.8305 0.0412
vn 0.3511 -0.8200 -0.4520
vn 0.6187 -0.5425 0.5682
vn 0.8751 -0.3676 0.3147
vn 0.5858 -0.0194 0.8102
vn 0.8448 0.0448 0.5332
vn 0.9202 -0.3046 -0.2458
vn 0.7856 -0.4078 -0.4653
vn 0.7002 -0.6599 -0.2726
vn 0.9460 -0.3172 0.0674
vn 0.5171 -0.5191 -0.6806
vn 0.1480 -0.6677 -0.7296
vn 0.9683 -0.1563 -0.1949
vn 0.9592 -0.1620 -0.2316
vn 0.8839 -0.3038 -0.3555
vn 0.9141 -0.1271 -0.3851
vn 0.9810 -0.0225 -0.1927
vn 0.8531 -0.2512 -0.4572
vn 0.7561 -0.4049 -0.5141
vn 0.8624 -0.4487 -0.2345
vn 0.9812 -0.1921 0.0207
vn 0.9836 0.0398 0.1757
vn -0.6337 -0.5764 -0.5160
vn -0.4206 -0.7534 -0.5055
vn -0.1704 -0.7946 -0.5827
vn -0.4609 -0.6684 -0.5838
vn -0.2883 -0.8220 -0.4911
vn -0.7213 -0.6121 -0.3241
vn -0.6999 -0.4589 -0.5473
vn -0.4881 -0.6132 -0.6211
vn -0.4673 -0.5226 -0.7131
vn -0.6629 -0.3696 -0.6511
vn -0.2011 -0.8213 -0.5338
vn -0.2409 -0.8005 -0.5487
vn -0.3559 -0.6907 -0.6295
vn -0.3093 -0.7455 -0.5904
vn -0.2598 -0.6410 -0.7222
vn -0.0358 -0.7477 -0.6631
vn -0.0990 -0.9160 -0.3888
vn -0.0404 -0.9131 -0.4058
vn 0.2194 -0.9753 0.0251
vn 0.3586 -0.9326 0.0418
vn 0.2548 -0.7936 -0.5525
vn 0.1901 -0.4772 -0.8580
vn -0.0717 -0.5249 -0.8481
vn 0.0212 -0.5219 -0.8527
vn 0.1952 -0.4842 -0.8529
vn 0.1551 -0.5341 -0.8311
vn 0.1727 -0.4885 -0.8553
vn 0.3086 -0.5406 -0.7827
vn 0.1484 -0.5099 -0.8473
vn 0.4516 -0.5279 -0.7193
vn 0.1300 -0.5322 -0.8366
vn -0.2213 -0.5261 -0.8211
vn -0.3422 -0.5227 -0.7808
vn -0.2693 -0.5175 -0.8122
vn -0.3196 -0.5177 -0.7936
vn -0.3096 -0.4965 -0.8110
vn -0.3098 -0.4921 -0.8136
vn -0.3279 -0.4642 -0.8228
vn -0.3107 -0.4491 -0.8377
vn -0.3204 -0.4299 -0.8441
vn -0.3213 -0.4107 -0.8533
vn -0.4540 -0.4877 -0.7457
vn -0.5445 -0.4476 -0.7094
vn -0.3997 -0.4725 -0.7855
vn -0.5011 -0.4272 -0.7526
vn -0.3715 -0.4607 -0.8061
vn -0.4823 -0.4316 -0.7623
vn -0.3755 -0.4393 -0.8161
vn -0.4808 -0.4308 -0.7637
vn -0.3998 -0.4180 -0.8157
vn -0.4923 -0.4242 -0.7601
vn -0.3951 -0.4212 -0.8164
vn -0.3622 -0.4204 -0.8319
vn -0.3823 -0.3574 -0.8521
vn -0.4193 -0.3644 -0.8315
vn -0.3231 -0.4238 -0.8461
vn -0.3346 -0.3568 -0.8722
vn -0.4596 -0.3515 -0.8156
vn -0.4050 -0.3316 -0.8520
vn -0.3832 -0.4191 -0.8231
vn -0.4553 -0.4350 -0.7768
vn -0.3373 -0.3133 -0.8877
vn -0.2977 -0.3925 -0.8702
vn -0.4011 -0.3208 -0.8580
vn -0.4423 -0.3335 -0.8326
vn -0.3448 -0.3106 -0.8858
vn -0.5018 -0.4363 -0.7469
vn -0.5011 -0.3727 -0.7811
vn -0.5295 -0.4291 -0.7318
vn -0.5329 -0.3872 -0.7524
vn -0.0918 -0.2728 -0.9577
vn 0.0724 -0.2937 -0.9531
vn -0.1669 -0.3568 -0.9192
vn -0.2466 -0.2956 -0.9229
vn 0.4835 -0.1281 -0.8659
vn 0.5800 -0.1060 -0.8077
vn 0.3756 -0.1961 -0.9058
vn 0.1920 -0.2180 -0.9569
vn -0.2729 -0.3064 -0.9120
vn -0.1565 -0.3019 -0.9404
vn -0.2766 -0.3616 -0.8904
vn -0.1793 -0.3637 -0.9141
vn -0.2752 -0.4321 -0.8588
vn -0.1956 -0.4407 -0.8761
vn 0.8422 0.0769 -0.5336
vn 0.6951 -0.0352 -0.7180
vn 0.6368 -0.0667 -0.7681
vn 0.8353 0.0748 -0.5447
vn 0.0871 -0.2628 -0.9609
vn 0.4019 -0.1627 -0.9011
vn 0.0437 -0.3209 -0.9461
vn 0.3645 -0.1753 -0.9146
vn 0.0335 -0.3867 -0.9216
vn 0.3893 -0.1849 -0.9024
vn 0.5923 -0.0621 -0.8033
vn 0.8042 0.1258 -0.5809
vn 0.5778 -0.0144 -0.8161
vn 0.7664 0.1754 -0.6179
vn 0.5997 0.0241 -0.7999
vn 0.7546 0.1915 -0.6276
vn 0.8828 0.4235 0.2034
vn 0.2034 0.4657 0.8612
vn 0.8787 0.3839 0.2839
vn 0.2651 0.3601 0.8944
vn 0.8884 0.4146 0.1971
vn 0.3929 0.3615 0.8456
vn 0.9044 0.4256 0.0296
vn 0.5548 0.3977 0.7308
vn 0.9182 0.3718 -0.1368
vn 0.7054 0.4113 0.5773
vn 0.5356 0.3306 0.7771
vn 0.3675 0.3345 0.8678
vn 0.3690 0.2520 0.8946
vn 0.5264 0.2663 0.8075
vn 0.1771 0.3478 0.9207
vn 0.2223 0.2467 0.9433
vn 0.0048 0.3657 0.9307
vn 0.1017 0.2686 0.9579
vn 0.1833 0.2485 0.9511
vn 0.2385 0.2348 0.9423
vn 0.2519 0.2857 0.9246
vn 0.2346 0.2795 0.9310
vn 0.3085 0.3546 0.8827
vn 0.2177 0.3674 0.9042
vn 0.2026 0.4660 0.8613
vn 0.6678 0.3302 0.6671
vn 0.6932 0.3754 0.6153
vn 0.6518 0.3461 0.6748
vn 0.6359 0.2855 0.7170
vn 0.3602 0.2657 0.8942
vn 0.5154 0.3001 0.8027
vn 0.3464 0.3415 0.8737
vn 0.5014 0.3800 0.7773
vn 0.3315 0.4399 0.8346
vn 0.3430 0.4931 0.7995
vn 0.5167 0.4164 0.7481
vn 0.5639 0.3893 0.7283
vn 0.6133 0.3195 0.7223
vn 0.6428 0.3474 0.6827
vn 0.6090 0.3601 0.7067
vn 0.6395 0.3422 0.6884
vn 0.6510 0.3297 0.6837
vn 0.6979 0.2913 0.6543
vn 0.6833 0.1533 0.7139
vn 0.6592 0.2379 0.7133
vn 0.6535 0.4206 0.6293
vn 0.5482 0.4608 0.6980
vn 0.6187 0.3792 0.6881
vn 0.5292 0.4054 0.7454
vn 0.6209 0.3507 0.7011
vn 0.5744 0.3254 0.7511
vn 0.6530 0.3296 0.6819
vn 0.6297 0.2636 0.7308
vn 0.3790 0.4228 0.8232
vn 0.3838 0.5202 0.7630
vn 0.4244 0.4888 0.7622
vn 0.4222 0.4093 0.8089
vn 0.6996 0.2638 0.6641
vn 0.7258 0.1832 0.6630
vn 0.7354 0.1375 0.6635
vn 0.7066 0.1722 0.6864
vn 0.5550 0.4777 0.6810
vn 0.1218 0.5821 0.8039
vn 0.6870 0.4015 0.6056
vn 0.6847 0.4260 0.5913
vn 0.4721 0.5349 0.7007
vn 0.0329 0.5824 0.8122
vn 0.2546 0.5575 0.7902
vn 0.2918 0.5438 0.7868
vn 0.4862 0.4324 0.7594
vn 0.3962 0.4705 0.7885
vn 0.0727 0.4797 0.8744
vn -0.0248 0.5755 0.8174
vn 0.3650 0.5670 0.7384
vn -0.0139 0.6033 0.7974
vn 0.5731 0.4198 0.7038
vn -0.0010 0.5513 0.8343
vn 0.4275 0.5524 0.7156
vn 0.6416 0.4200 0.6419
vn -0.4524 0.4992 0.7390
vn -0.4396 0.5110 0.7387
vn -0.4398 0.4890 0.7533
vn -0.3667 0.3351 0.8679
vn -0.3543 0.2967 0.8868
vn -0.3646 0.5033 0.7834
vn -0.3438 0.4820 0.8059
vn -0.3310 0.3948 0.8571
vn -0.3097 0.4871 0.8166
vn -0.2298 0.3532 0.9069
vn -0.3110 0.3789 0.8716
vn -0.3223 0.4251 0.8458
vn -0.1453 0.5617 0.8145
vn -0.6673 0.4053 0.6248
vn -0.1713 0.4995 0.8492
vn -0.7326 0.2971 0.6124
vn -0.2275 0.4324 0.8725
vn -0.7120 0.2678 0.6492
vn -0.2643 0.4479 0.8541
vn -0.6588 0.2637 0.7046
vn -0.8280 -0.3993 -0.3936
vn -0.8314 -0.3530 -0.4292
vn -0.9926 -0.1009 -0.0678
vn -0.9868 -0.1612 -0.0136
vn -0.2542 0.4595 0.8510
vn -0.2309 0.4904 0.8404
vn -0.5174 0.3276 0.7905
vn -0.6022 0.2676 0.7521
vn -0.0173 -0.8741 -0.4854
vn -0.3014 -0.7971 -0.5233
vn -0.1648 -0.9640 -0.2087
vn 0.1429 -0.9841 -0.1054
vn 0.0275 -0.8401 -0.5418
vn -0.2266 -0.7962 -0.5611
vn -0.0117 -0.8107 -0.5853
vn -0.1970 -0.8051 -0.5594
vn -0.9137 -0.3468 -0.2121
vn -0.9718 -0.0803 0.2216
vn -0.9365 -0.0825 0.3409
vn -0.9225 -0.3742 -0.0944
vn -0.7854 -0.0636 0.6157
vn -0.7941 -0.5558 0.2462
vn -0.9879 -0.1449 -0.0549
vn -0.9979 -0.0632 -0.0133
vn -0.9286 -0.2311 -0.2902
vn -0.8736 -0.3539 -0.3341
vn -0.8607 -0.4007 -0.3140
vn -0.9865 -0.1298 0.0994
vn -0.8422 -0.4245 -0.3324
vn -0.9594 -0.2649 -0.0967
vn -0.8424 -0.4358 -0.3169
vn -0.9419 -0.3182 -0.1071
vn -0.8243 -0.5092 -0.2474
vn -0.5898 -0.7892 -0.1714
vn -0.9273 -0.3585 -0.1079
vn -0.1111 -0.8072 0.5797
vn -0.9073 -0.3504 -0.2324
vn -0.8416 -0.4939 -0.2187
vn -0.8135 -0.4523 -0.3655
vn -0.9323 -0.2832 -0.2248
vn -0.8065 -0.4665 -0.3632
vn -0.9638 -0.2306 -0.1340
vn -0.9937 -0.0319 0.1076
vn -0.9982 -0.0002 0.0592
vn -0.9893 -0.1252 0.0749
vn -0.9948 -0.0547 0.0855
vn -0.9800 -0.1867 0.0695
vn -0.9871 -0.1414 0.0747
vn -0.9716 -0.2272 0.0662
vn -0.6275 -0.6431 0.4389
vn -0.9710 -0.2353 0.0428
vn -0.9806 -0.1879 0.0560
vn -0.9964 -0.0849 0.0027
vn -0.8487 -0.5065 -0.1523
vn -0.8050 -0.4849 -0.3417
vn -0.9912 -0.1194 -0.0571
vn -0.9875 -0.1577 -0.0022
vn -0.9949 -0.0664 0.0757
vn -0.9731 -0.2232 -0.0571
vn -0.9523 -0.2807 -0.1201
vn -0.5760 -0.4266 -0.6973
vn -0.5772 -0.4211 -0.6997
vn -0.5611 -0.4065 -0.7211
vn -0.5766 -0.3987 -0.7131
vn -0.5473 -0.4113 -0.7289
vn -0.5570 -0.3973 -0.7293
vn -0.5314 -0.4172 -0.7373
vn -0.5395 -0.4075 -0.7368
vn -0.5615 -0.3940 -0.7277
vn -0.5567 -0.4230 -0.7149
vn -0.4278 -0.4489 -0.7846
vn -0.4031 -0.4787 -0.7800
vn -0.4774 -0.4371 -0.7623
vn -0.4277 -0.6122 -0.6650
vn -0.5234 -0.4224 -0.7400
vn -0.4643 -0.6078 -0.6442
vn -0.5247 -0.4241 -0.7382
vn -0.5268 -0.4237 -0.7369
vn -0.4286 -0.4251 -0.7973
vn -0.4688 -0.4277 -0.7728
vn -0.4530 -0.3776 -0.8076
vn -0.4888 -0.3914 -0.7797
vn -0.5209 -0.4001 -0.7540
vn -0.5065 -0.4262 -0.7495
vn 0.5752 0.4825 0.6605
vn 0.6290 0.4410 0.6402
vn 0.4700 0.5349 0.7021
vn 0.5041 0.4816 0.7169
vn -0.4770 -0.3529 -0.8049
vn -0.5105 -0.3724 -0.7751
vn -0.5401 -0.3861 -0.7478
vn 0.4316 0.5408 0.7220
vn 0.4318 0.4606 0.7755
vn 0.6269 0.3018 0.7183
vn 0.6422 0.3550 0.6794
vn 0.5150 0.3789 0.7689
vn 0.4939 0.3167 0.8098
vn 0.4471 0.2335 0.8635
vn 0.5960 0.2819 0.7519
vn 0.5189 0.2509 0.8172
vn 0.3962 0.0490 0.9169
vn 0.4606 0.3463 0.8173
vn 0.4568 -0.0146 0.8895
vn 0.5108 0.1884 0.8388
vn 0.2663 0.1605 0.9504
vn 0.3376 0.2372 0.9109
vn 0.4261 0.1973 0.8829
vn 0.5469 0.2178 0.8084
vn 0.4985 0.2238 0.8375
vn 0.4345 0.1197 0.8927
vn 0.3966 0.3195 0.8606
vn 0.4016 0.2819 0.8713
vn 0.4876 0.2969 0.8210
vn 0.9976 -0.0188 0.0666
# 3499 vertex normals

vt 0.0000 0.0000 0.0000
# 1 texture coords

o ALAdwn
g ALAdwn
usemtl aladown_17174_Tiamat_new__17174_Tiamat_v1default
s 1
f 1/1/1 2/1/2 3/1/3 
f 3/1/3 4/1/4 1/1/1 
f 5/1/5 3/1/3 2/1/2 
f 2/1/2 6/1/6 5/1/5 
f 7/1/7 8/1/8 3/1/3 
f 3/1/3 5/1/5 7/1/7 
f 4/1/4 3/1/3 8/1/8 
f 8/1/8 9/1/9 4/1/4 
f 10/1/10 11/1/11 12/1/12 
f 12/1/12 13/1/13 10/1/10 
f 5/1/5 12/1/12 11/1/11 
f 11/1/11 7/1/7 5/1/5 
f 6/1/6 14/1/14 12/1/12 
f 12/1/12 5/1/5 6/1/6 
f 13/1/13 12/1/12 14/1/14 
f 14/1/14 15/1/15 13/1/13 
f 16/1/16 17/1/17 18/1/18 
f 18/1/18 19/1/19 16/1/16 
f 18/1/18 17/1/17 20/1/20 
f 15/1/15 14/1/14 18/1/18 
f 18/1/18 21/1/21 15/1/15 
f 19/1/19 18/1/18 14/1/14 
f 14/1/14 6/1/6 19/1/19 
f 22/1/22 23/1/23 24/1/24 
f 24/1/24 25/1/25 22/1/22 
f 16/1/16 19/1/19 23/1/23 
f 23/1/23 22/1/22 16/1/16 
f 6/1/6 2/1/2 23/1/23 
f 23/1/23 19/1/19 6/1/6 
f 24/1/24 23/1/23 2/1/2 
f 2/1/2 1/1/1 24/1/24 
f 26/1/26 27/1/27 28/1/28 
f 28/1/28 29/1/29 26/1/26 
f 30/1/30 28/1/28 27/1/27 
f 27/1/27 31/1/31 30/1/30 
f 32/1/32 33/1/33 28/1/28 
f 28/1/28 30/1/30 32/1/32 
f 29/1/29 28/1/28 33/1/33 
f 33/1/33 34/1/34 29/1/29 
f 25/1/25 35/1/35 36/1/36 
f 36/1/36 22/1/22 25/1/25 
f 30/1/30 36/1/36 35/1/35 
f 35/1/35 32/1/32 30/1/30 
f 31/1/31 37/1/37 36/1/36 
f 36/1/36 30/1/30 31/1/31 
f 22/1/22 36/1/36 37/1/37 
f 37/1/37 16/1/16 22/1/22 
f 38/1/38 39/1/39 40/1/40 
f 40/1/40 41/1/41 38/1/38 
f 39/1/39 42/1/42 43/1/43 
f 44/1/44 45/1/45 46/1/46 
f 46/1/46 47/1/47 44/1/44 
f 48/1/48 49/1/49 45/1/45 
f 45/1/45 44/1/44 48/1/48 
f 50/1/50 51/1/51 52/1/52 
f 52/1/52 53/1/53 50/1/50 
f 41/1/41 51/1/51 50/1/50 
f 50/1/50 38/1/38 41/1/41 
f 54/1/54 55/1/55 43/1/43 
f 43/1/43 42/1/42 54/1/54 
f 56/1/56 55/1/55 54/1/54 
f 54/1/54 57/1/57 56/1/56 
f 58/1/58 59/1/59 60/1/60 
f 60/1/60 61/1/61 58/1/58 
f 62/1/62 60/1/60 59/1/59 
f 59/1/59 63/1/63 62/1/62 
f 64/1/64 65/1/65 60/1/60 
f 60/1/60 62/1/62 64/1/64 
f 61/1/61 60/1/60 65/1/65 
f 65/1/65 66/1/66 61/1/61 
f 67/1/67 68/1/68 69/1/69 
f 69/1/69 70/1/70 67/1/67 
f 71/1/71 69/1/69 68/1/68 
f 68/1/68 72/1/72 71/1/71 
f 66/1/66 73/1/73 69/1/69 
f 69/1/69 71/1/71 66/1/66 
f 74/1/74 70/1/70 69/1/69 
f 69/1/69 73/1/73 74/1/74 
f 75/1/75 76/1/76 77/1/77 
f 77/1/77 78/1/78 75/1/75 
f 73/1/73 77/1/77 76/1/76 
f 76/1/76 74/1/74 73/1/73 
f 66/1/66 65/1/65 77/1/77 
f 77/1/77 73/1/73 66/1/66 
f 78/1/78 77/1/77 65/1/65 
f 65/1/65 64/1/64 78/1/78 
f 79/1/79 80/1/80 81/1/81 
f 81/1/81 82/1/82 79/1/79 
f 62/1/62 81/1/81 80/1/80 
f 80/1/80 64/1/64 62/1/62 
f 63/1/63 83/1/83 81/1/81 
f 81/1/81 62/1/62 63/1/63 
f 82/1/82 81/1/81 83/1/83 
f 83/1/83 84/1/84 82/1/82 
f 85/1/85 86/1/86 87/1/87 
f 87/1/87 88/1/88 85/1/85 
f 89/1/89 87/1/87 86/1/86 
f 86/1/86 90/1/90 89/1/89 
f 91/1/91 92/1/92 87/1/87 
f 87/1/87 89/1/89 91/1/91 
f 88/1/88 87/1/87 92/1/92 
f 92/1/92 93/1/93 88/1/88 
f 20/1/20 94/1/94 95/1/95 
f 95/1/95 21/1/21 20/1/20 
f 96/1/96 95/1/95 94/1/94 
f 94/1/94 97/1/97 96/1/96 
f 98/1/98 99/1/99 95/1/95 
f 95/1/95 96/1/96 98/1/98 
f 21/1/21 95/1/95 99/1/99 
f 99/1/99 15/1/15 21/1/21 
f 100/1/100 101/1/101 102/1/102 
f 102/1/102 103/1/103 100/1/100 
f 101/1/101 104/1/104 105/1/105 
f 98/1/98 96/1/96 102/1/102 
f 102/1/102 105/1/105 98/1/98 
f 103/1/103 102/1/102 96/1/96 
f 96/1/96 97/1/97 103/1/103 
f 98/1/98 106/1/106 107/1/107 
f 107/1/107 99/1/99 98/1/98 
f 108/1/108 107/1/107 106/1/106 
f 106/1/106 109/1/109 108/1/108 
f 10/1/10 13/1/13 107/1/107 
f 107/1/107 108/1/108 10/1/10 
f 99/1/99 107/1/107 13/1/13 
f 13/1/13 15/1/15 99/1/99 
f 110/1/110 105/1/105 104/1/104 
f 111/1/111 110/1/110 112/1/112 
f 112/1/112 113/1/113 111/1/111 
f 109/1/109 106/1/106 110/1/110 
f 110/1/110 111/1/111 109/1/109 
f 98/1/98 105/1/105 110/1/110 
f 110/1/110 106/1/106 98/1/98 
f 16/1/16 37/1/37 114/1/114 
f 114/1/114 17/1/17 16/1/16 
f 115/1/115 114/1/114 37/1/37 
f 37/1/37 31/1/31 115/1/115 
f 116/1/116 117/1/117 114/1/114 
f 114/1/114 115/1/115 116/1/116 
f 117/1/117 20/1/20 17/1/17 
f 20/1/20 117/1/117 118/1/118 
f 118/1/118 94/1/94 20/1/20 
f 119/1/119 118/1/118 117/1/117 
f 117/1/117 116/1/116 119/1/119 
f 120/1/120 121/1/121 118/1/118 
f 118/1/118 119/1/119 120/1/120 
f 94/1/94 118/1/118 121/1/121 
f 121/1/121 97/1/97 94/1/94 
f 122/1/122 103/1/103 97/1/97 
f 123/1/123 122/1/122 121/1/121 
f 121/1/121 120/1/120 123/1/123 
f 124/1/124 125/1/125 122/1/122 
f 122/1/122 123/1/123 124/1/124 
f 125/1/125 100/1/100 103/1/103 
f 31/1/31 27/1/27 126/1/126 
f 126/1/126 115/1/115 31/1/31 
f 127/1/127 126/1/126 27/1/27 
f 27/1/27 26/1/26 127/1/127 
f 128/1/128 129/1/129 126/1/126 
f 126/1/126 127/1/127 128/1/128 
f 115/1/115 126/1/126 129/1/129 
f 129/1/129 116/1/116 115/1/115 
f 130/1/130 131/1/131 132/1/132 
f 132/1/132 133/1/133 130/1/130 
f 134/1/134 132/1/132 131/1/131 
f 131/1/131 135/1/135 134/1/134 
f 136/1/136 137/1/137 132/1/132 
f 132/1/132 134/1/134 136/1/136 
f 133/1/133 132/1/132 137/1/137 
f 137/1/137 138/1/138 133/1/133 
f 139/1/139 140/1/140 141/1/141 
f 134/1/134 142/1/142 141/1/141 
f 141/1/141 136/1/136 134/1/134 
f 135/1/135 143/1/143 142/1/142 
f 142/1/142 134/1/134 135/1/135 
f 144/1/144 139/1/139 142/1/142 
f 142/1/142 143/1/143 144/1/144 
f 145/1/145 146/1/146 147/1/147 
f 148/1/148 145/1/145 149/1/149 
f 149/1/149 150/1/150 148/1/148 
f 151/1/151 152/1/152 145/1/145 
f 145/1/145 148/1/148 151/1/151 
f 146/1/146 145/1/145 152/1/152 
f 152/1/152 130/1/130 146/1/146 
f 153/1/153 154/1/154 76/1/76 
f 76/1/76 75/1/75 153/1/153 
f 153/1/153 155/1/155 156/1/156 
f 154/1/154 156/1/156 157/1/157 
f 76/1/76 154/1/154 158/1/158 
f 158/1/158 74/1/74 76/1/76 
f 159/1/159 160/1/160 161/1/161 
f 161/1/161 162/1/162 159/1/159 
f 163/1/163 161/1/161 160/1/160 
f 160/1/160 164/1/164 163/1/163 
f 165/1/165 161/1/161 163/1/163 
f 163/1/163 166/1/166 165/1/165 
f 167/1/167 162/1/162 161/1/161 
f 161/1/161 165/1/165 167/1/167 
f 164/1/164 168/1/168 169/1/169 
f 169/1/169 163/1/163 164/1/164 
f 170/1/170 169/1/169 168/1/168 
f 168/1/168 171/1/171 170/1/170 
f 172/1/172 173/1/173 169/1/169 
f 169/1/169 170/1/170 172/1/172 
f 163/1/163 169/1/169 173/1/173 
f 173/1/173 166/1/166 163/1/163 
f 174/1/174 175/1/175 176/1/176 
f 176/1/176 177/1/177 174/1/174 
f 178/1/178 176/1/176 175/1/175 
f 175/1/175 179/1/179 178/1/178 
f 180/1/180 181/1/181 176/1/176 
f 176/1/176 178/1/178 180/1/180 
f 177/1/177 176/1/176 181/1/181 
f 181/1/181 182/1/182 177/1/177 
f 183/1/183 184/1/184 185/1/185 
f 185/1/185 186/1/186 183/1/183 
f 177/1/177 185/1/185 184/1/184 
f 184/1/184 174/1/174 177/1/177 
f 182/1/182 187/1/187 185/1/185 
f 185/1/185 177/1/177 182/1/182 
f 186/1/186 185/1/185 187/1/187 
f 187/1/187 188/1/188 186/1/186 
f 189/1/189 190/1/190 191/1/191 
f 191/1/191 192/1/192 189/1/189 
f 193/1/193 194/1/194 191/1/191 
f 191/1/191 190/1/190 193/1/193 
f 186/1/186 191/1/191 194/1/194 
f 194/1/194 183/1/183 186/1/186 
f 188/1/188 192/1/192 191/1/191 
f 191/1/191 186/1/186 188/1/188 
f 155/1/155 195/1/195 196/1/196 
f 196/1/196 156/1/156 155/1/155 
f 197/1/197 196/1/196 195/1/195 
f 195/1/195 198/1/198 197/1/197 
f 199/1/199 200/1/200 196/1/196 
f 196/1/196 197/1/197 199/1/199 
f 200/1/200 157/1/157 156/1/156 
f 201/1/201 202/1/202 203/1/203 
f 203/1/203 204/1/204 201/1/201 
f 197/1/197 203/1/203 202/1/202 
f 202/1/202 199/1/199 197/1/197 
f 198/1/198 205/1/205 203/1/203 
f 203/1/203 197/1/197 198/1/198 
f 204/1/204 203/1/203 205/1/205 
f 205/1/205 206/1/206 204/1/204 
f 207/1/207 208/1/208 209/1/209 
f 209/1/209 210/1/210 207/1/207 
f 211/1/211 209/1/209 208/1/208 
f 208/1/208 212/1/212 211/1/211 
f 90/1/90 86/1/86 209/1/209 
f 209/1/209 211/1/211 90/1/90 
f 210/1/210 209/1/209 86/1/86 
f 86/1/86 85/1/85 210/1/210 
f 212/1/212 213/1/213 214/1/214 
f 214/1/214 211/1/211 212/1/212 
f 215/1/215 214/1/214 213/1/213 
f 213/1/213 216/1/216 215/1/215 
f 217/1/217 218/1/218 214/1/214 
f 214/1/214 215/1/215 217/1/217 
f 211/1/211 214/1/214 218/1/218 
f 218/1/218 90/1/90 211/1/211 
f 216/1/216 219/1/219 220/1/220 
f 220/1/220 215/1/215 216/1/216 
f 221/1/221 220/1/220 219/1/219 
f 219/1/219 222/1/222 221/1/221 
f 223/1/223 224/1/224 220/1/220 
f 220/1/220 221/1/221 223/1/223 
f 215/1/215 220/1/220 224/1/224 
f 224/1/224 217/1/217 215/1/215 
f 222/1/222 225/1/225 226/1/226 
f 226/1/226 221/1/221 222/1/222 
f 227/1/227 226/1/226 225/1/225 
f 225/1/225 228/1/228 227/1/227 
f 229/1/229 230/1/230 226/1/226 
f 226/1/226 227/1/227 229/1/229 
f 221/1/221 226/1/226 230/1/230 
f 230/1/230 223/1/223 221/1/221 
f 231/1/231 232/1/232 233/1/233 
f 234/1/234 235/1/235 231/1/231 
f 236/1/236 231/1/231 235/1/235 
f 235/1/235 237/1/237 236/1/236 
f 236/1/236 238/1/238 232/1/232 
f 239/1/239 240/1/240 241/1/241 
f 241/1/241 242/1/242 239/1/239 
f 243/1/243 241/1/241 240/1/240 
f 240/1/240 244/1/244 243/1/243 
f 245/1/245 246/1/246 241/1/241 
f 241/1/241 243/1/243 245/1/245 
f 242/1/242 241/1/241 246/1/246 
f 246/1/246 247/1/247 242/1/242 
f 248/1/248 249/1/249 250/1/250 
f 250/1/250 251/1/251 248/1/248 
f 252/1/252 250/1/250 249/1/249 
f 249/1/249 253/1/253 252/1/252 
f 254/1/254 255/1/255 250/1/250 
f 250/1/250 252/1/252 254/1/254 
f 251/1/251 250/1/250 255/1/255 
f 255/1/255 256/1/256 251/1/251 
f 257/1/257 258/1/258 259/1/259 
f 259/1/259 260/1/260 257/1/257 
f 261/1/261 259/1/259 258/1/258 
f 258/1/258 262/1/262 261/1/261 
f 263/1/263 264/1/264 259/1/259 
f 259/1/259 261/1/261 263/1/263 
f 260/1/260 259/1/259 264/1/264 
f 264/1/264 265/1/265 260/1/260 
f 266/1/266 267/1/267 268/1/268 
f 268/1/268 269/1/269 266/1/266 
f 270/1/270 268/1/268 267/1/267 
f 267/1/267 271/1/271 270/1/270 
f 253/1/253 249/1/249 268/1/268 
f 268/1/268 270/1/270 253/1/253 
f 269/1/269 268/1/268 249/1/249 
f 249/1/249 248/1/248 269/1/269 
f 272/1/272 273/1/273 274/1/274 
f 274/1/274 275/1/275 272/1/272 
f 276/1/276 274/1/274 273/1/273 
f 273/1/273 277/1/277 276/1/276 
f 278/1/278 274/1/274 276/1/276 
f 276/1/276 279/1/279 278/1/278 
f 275/1/275 274/1/274 278/1/278 
f 278/1/278 144/1/144 275/1/275 
f 171/1/171 280/1/280 281/1/281 
f 281/1/281 170/1/170 171/1/171 
f 282/1/282 281/1/281 280/1/280 
f 280/1/280 283/1/283 282/1/282 
f 284/1/284 281/1/281 282/1/282 
f 282/1/282 285/1/285 284/1/284 
f 170/1/170 281/1/281 284/1/284 
f 284/1/284 172/1/172 170/1/170 
f 286/1/286 287/1/287 288/1/288 
f 288/1/288 289/1/289 286/1/286 
f 290/1/290 288/1/288 287/1/287 
f 287/1/287 291/1/291 290/1/290 
f 288/1/288 290/1/290 201/1/201 
f 204/1/204 206/1/206 289/1/289 
f 292/1/292 293/1/293 294/1/294 
f 294/1/294 295/1/295 292/1/292 
f 251/1/251 294/1/294 293/1/293 
f 293/1/293 248/1/248 251/1/251 
f 256/1/256 296/1/296 294/1/294 
f 294/1/294 251/1/251 256/1/256 
f 295/1/295 294/1/294 296/1/296 
f 296/1/296 297/1/297 295/1/295 
f 298/1/298 299/1/299 300/1/300 
f 300/1/300 301/1/301 298/1/298 
f 302/1/302 300/1/300 299/1/299 
f 299/1/299 303/1/303 302/1/302 
f 113/1/113 112/1/112 300/1/300 
f 300/1/300 302/1/302 113/1/113 
f 301/1/301 300/1/300 112/1/112 
f 112/1/112 104/1/104 301/1/301 
f 212/1/212 208/1/208 304/1/304 
f 304/1/304 305/1/305 212/1/212 
f 306/1/306 304/1/304 208/1/208 
f 208/1/208 207/1/207 306/1/306 
f 303/1/303 299/1/299 304/1/304 
f 304/1/304 306/1/306 303/1/303 
f 305/1/305 304/1/304 299/1/299 
f 299/1/299 298/1/298 305/1/305 
f 307/1/307 308/1/308 309/1/309 
f 309/1/309 310/1/310 307/1/307 
f 301/1/301 309/1/309 308/1/308 
f 308/1/308 298/1/298 301/1/301 
f 104/1/104 101/1/101 309/1/309 
f 309/1/309 301/1/301 104/1/104 
f 310/1/310 309/1/309 101/1/101 
f 101/1/101 100/1/100 310/1/310 
f 216/1/216 213/1/213 311/1/311 
f 311/1/311 312/1/312 216/1/216 
f 305/1/305 311/1/311 213/1/213 
f 213/1/213 212/1/212 305/1/305 
f 298/1/298 308/1/308 311/1/311 
f 311/1/311 305/1/305 298/1/298 
f 312/1/312 311/1/311 308/1/308 
f 308/1/308 307/1/307 312/1/312 
f 313/1/313 314/1/314 315/1/315 
f 310/1/310 313/1/313 316/1/316 
f 316/1/316 307/1/307 310/1/310 
f 100/1/100 125/1/125 313/1/313 
f 313/1/313 310/1/310 100/1/100 
f 314/1/314 313/1/313 125/1/125 
f 125/1/125 124/1/124 314/1/314 
f 222/1/222 219/1/219 317/1/317 
f 317/1/317 318/1/318 222/1/222 
f 312/1/312 317/1/317 219/1/219 
f 219/1/219 216/1/216 312/1/312 
f 307/1/307 316/1/316 317/1/317 
f 317/1/317 312/1/312 307/1/307 
f 318/1/318 317/1/317 316/1/316 
f 316/1/316 315/1/315 318/1/318 
f 319/1/319 320/1/320 321/1/321 
f 321/1/321 322/1/322 319/1/319 
f 314/1/314 321/1/321 320/1/320 
f 320/1/320 315/1/315 314/1/314 
f 124/1/124 323/1/323 321/1/321 
f 321/1/321 314/1/314 124/1/124 
f 322/1/322 321/1/321 323/1/323 
f 323/1/323 324/1/324 322/1/322 
f 228/1/228 225/1/225 325/1/325 
f 325/1/325 326/1/326 228/1/228 
f 318/1/318 325/1/325 225/1/225 
f 225/1/225 222/1/222 318/1/318 
f 315/1/315 320/1/320 325/1/325 
f 325/1/325 318/1/318 315/1/315 
f 326/1/326 325/1/325 320/1/320 
f 320/1/320 319/1/319 326/1/326 
f 327/1/327 328/1/328 329/1/329 
f 329/1/329 330/1/330 327/1/327 
f 331/1/331 329/1/329 328/1/328 
f 328/1/328 332/1/332 331/1/331 
f 279/1/279 276/1/276 329/1/329 
f 329/1/329 331/1/331 279/1/279 
f 330/1/330 329/1/329 276/1/276 
f 276/1/276 277/1/277 330/1/330 
f 237/1/237 235/1/235 333/1/333 
f 333/1/333 334/1/334 237/1/237 
f 235/1/235 234/1/234 335/1/335 
f 332/1/332 328/1/328 333/1/333 
f 333/1/333 335/1/335 332/1/332 
f 334/1/334 333/1/333 328/1/328 
f 328/1/328 327/1/327 334/1/334 
f 189/1/189 336/1/336 337/1/337 
f 337/1/337 190/1/190 189/1/189 
f 338/1/338 337/1/337 336/1/336 
f 336/1/336 339/1/339 338/1/338 
f 340/1/340 341/1/341 337/1/337 
f 337/1/337 338/1/338 340/1/340 
f 190/1/190 337/1/337 341/1/341 
f 341/1/341 193/1/193 190/1/190 
f 342/1/342 343/1/343 240/1/240 
f 240/1/240 239/1/239 342/1/342 
f 338/1/338 343/1/343 342/1/342 
f 342/1/342 340/1/340 338/1/338 
f 339/1/339 344/1/344 343/1/343 
f 343/1/343 338/1/338 339/1/339 
f 240/1/240 343/1/343 344/1/344 
f 344/1/344 244/1/244 240/1/240 
f 345/1/345 287/1/287 286/1/286 
f 295/1/295 345/1/345 346/1/346 
f 346/1/346 292/1/292 295/1/295 
f 297/1/297 347/1/347 345/1/345 
f 345/1/345 295/1/295 297/1/297 
f 287/1/287 345/1/345 347/1/347 
f 347/1/347 291/1/291 287/1/287 
f 248/1/248 293/1/293 348/1/348 
f 348/1/348 269/1/269 248/1/248 
f 349/1/349 348/1/348 293/1/293 
f 293/1/293 292/1/292 349/1/349 
f 350/1/350 351/1/351 348/1/348 
f 348/1/348 349/1/349 350/1/350 
f 269/1/269 348/1/348 351/1/351 
f 351/1/351 266/1/266 269/1/269 
f 352/1/352 353/1/353 354/1/354 
f 354/1/354 355/1/355 352/1/352 
f 356/1/356 354/1/354 353/1/353 
f 353/1/353 357/1/357 356/1/356 
f 358/1/358 359/1/359 354/1/354 
f 354/1/354 356/1/356 358/1/358 
f 355/1/355 354/1/354 359/1/359 
f 359/1/359 360/1/360 355/1/355 
f 361/1/361 362/1/362 363/1/363 
f 363/1/363 364/1/364 361/1/361 
f 365/1/365 363/1/363 362/1/362 
f 362/1/362 366/1/366 365/1/365 
f 367/1/367 368/1/368 363/1/363 
f 363/1/363 365/1/365 367/1/367 
f 364/1/364 363/1/363 368/1/368 
f 368/1/368 369/1/369 364/1/364 
f 370/1/370 371/1/371 372/1/372 
f 372/1/372 373/1/373 370/1/370 
f 374/1/374 372/1/372 371/1/371 
f 371/1/371 375/1/375 374/1/374 
f 366/1/366 362/1/362 372/1/372 
f 372/1/372 374/1/374 366/1/366 
f 373/1/373 372/1/372 362/1/362 
f 362/1/362 361/1/361 373/1/373 
f 360/1/360 376/1/376 377/1/377 
f 377/1/377 355/1/355 360/1/360 
f 378/1/378 377/1/377 376/1/376 
f 376/1/376 379/1/379 378/1/378 
f 380/1/380 381/1/381 377/1/377 
f 377/1/377 378/1/378 380/1/380 
f 355/1/355 377/1/377 381/1/381 
f 381/1/381 352/1/352 355/1/355 
f 360/1/360 359/1/359 382/1/382 
f 382/1/382 383/1/383 360/1/360 
f 384/1/384 382/1/382 359/1/359 
f 359/1/359 358/1/358 384/1/384 
f 385/1/385 386/1/386 382/1/382 
f 382/1/382 384/1/384 385/1/385 
f 386/1/386 387/1/387 383/1/383 
f 388/1/388 389/1/389 367/1/367 
f 390/1/390 388/1/388 391/1/391 
f 391/1/391 392/1/392 390/1/390 
f 385/1/385 384/1/384 388/1/388 
f 388/1/388 390/1/390 385/1/385 
f 389/1/389 388/1/388 384/1/384 
f 384/1/384 358/1/358 389/1/389 
f 366/1/366 393/1/393 394/1/394 
f 394/1/394 365/1/365 366/1/366 
f 395/1/395 394/1/394 393/1/393 
f 393/1/393 396/1/396 395/1/395 
f 392/1/392 391/1/391 394/1/394 
f 394/1/394 395/1/395 392/1/392 
f 365/1/365 394/1/394 391/1/391 
f 391/1/391 367/1/367 365/1/365 
f 375/1/375 397/1/397 398/1/398 
f 398/1/398 374/1/374 375/1/375 
f 399/1/399 398/1/398 397/1/397 
f 397/1/397 400/1/400 399/1/399 
f 396/1/396 393/1/393 398/1/398 
f 398/1/398 399/1/399 396/1/396 
f 374/1/374 398/1/398 393/1/393 
f 393/1/393 366/1/366 374/1/374 
f 375/1/375 401/1/401 402/1/402 
f 402/1/402 397/1/397 375/1/375 
f 403/1/403 402/1/402 401/1/401 
f 401/1/401 379/1/379 403/1/403 
f 404/1/404 405/1/405 402/1/402 
f 402/1/402 403/1/403 404/1/404 
f 397/1/397 402/1/402 405/1/405 
f 405/1/405 400/1/400 397/1/397 
f 387/1/387 406/1/406 407/1/407 
f 407/1/407 383/1/383 387/1/387 
f 406/1/406 404/1/404 403/1/403 
f 379/1/379 376/1/376 407/1/407 
f 407/1/407 403/1/403 379/1/379 
f 383/1/383 407/1/407 376/1/376 
f 376/1/376 360/1/360 383/1/383 
f 387/1/387 386/1/386 408/1/408 
f 408/1/408 409/1/409 387/1/387 
f 410/1/410 408/1/408 386/1/386 
f 386/1/386 385/1/385 410/1/410 
f 411/1/411 412/1/412 408/1/408 
f 408/1/408 410/1/410 411/1/411 
f 409/1/409 408/1/408 412/1/412 
f 412/1/412 413/1/413 409/1/409 
f 385/1/385 390/1/390 414/1/414 
f 414/1/414 410/1/410 385/1/385 
f 392/1/392 415/1/415 414/1/414 
f 414/1/414 390/1/390 392/1/392 
f 416/1/416 417/1/417 414/1/414 
f 414/1/414 415/1/415 416/1/416 
f 410/1/410 414/1/414 417/1/417 
f 417/1/417 411/1/411 410/1/410 
f 396/1/396 418/1/418 419/1/419 
f 419/1/419 395/1/395 396/1/396 
f 420/1/420 419/1/419 418/1/418 
f 418/1/418 421/1/421 420/1/420 
f 416/1/416 415/1/415 419/1/419 
f 419/1/419 420/1/420 416/1/416 
f 395/1/395 419/1/419 415/1/415 
f 415/1/415 392/1/392 395/1/395 
f 400/1/400 422/1/422 423/1/423 
f 423/1/423 399/1/399 400/1/400 
f 424/1/424 423/1/423 422/1/422 
f 422/1/422 425/1/425 424/1/424 
f 423/1/423 424/1/424 421/1/421 
f 399/1/399 423/1/423 418/1/418 
f 418/1/418 396/1/396 399/1/399 
f 426/1/426 427/1/427 405/1/405 
f 405/1/405 404/1/404 426/1/426 
f 428/1/428 429/1/429 427/1/427 
f 427/1/427 426/1/426 428/1/428 
f 425/1/425 422/1/422 427/1/427 
f 427/1/427 429/1/429 425/1/425 
f 405/1/405 427/1/427 422/1/422 
f 422/1/422 400/1/400 405/1/405 
f 413/1/413 430/1/430 431/1/431 
f 431/1/431 409/1/409 413/1/413 
f 426/1/426 431/1/431 430/1/430 
f 430/1/430 428/1/428 426/1/426 
f 404/1/404 406/1/406 431/1/431 
f 431/1/431 426/1/426 404/1/404 
f 406/1/406 387/1/387 409/1/409 
f 432/1/432 433/1/433 434/1/434 
f 434/1/434 435/1/435 432/1/432 
f 436/1/436 437/1/437 434/1/434 
f 434/1/434 433/1/433 436/1/436 
f 438/1/438 439/1/439 434/1/434 
f 434/1/434 437/1/437 438/1/438 
f 435/1/435 434/1/434 439/1/439 
f 439/1/439 440/1/440 435/1/435 
f 441/1/441 442/1/442 443/1/443 
f 444/1/444 441/1/441 445/1/445 
f 445/1/445 446/1/446 444/1/444 
f 432/1/432 447/1/447 441/1/441 
f 441/1/441 444/1/444 432/1/432 
f 442/1/442 441/1/441 447/1/447 
f 447/1/447 448/1/448 442/1/442 
f 449/1/449 450/1/450 451/1/451 
f 451/1/451 452/1/452 449/1/449 
f 453/1/453 454/1/454 451/1/451 
f 451/1/451 450/1/450 453/1/453 
f 446/1/446 445/1/445 451/1/451 
f 451/1/451 454/1/454 446/1/446 
f 452/1/452 451/1/451 445/1/445 
f 445/1/445 443/1/443 452/1/452 
f 449/1/449 455/1/455 456/1/456 
f 456/1/456 450/1/450 449/1/449 
f 457/1/457 456/1/456 455/1/455 
f 455/1/455 458/1/458 457/1/457 
f 459/1/459 460/1/460 456/1/456 
f 456/1/456 457/1/457 459/1/459 
f 450/1/450 456/1/456 460/1/460 
f 460/1/460 453/1/453 450/1/450 
f 458/1/458 461/1/461 462/1/462 
f 462/1/462 457/1/457 458/1/458 
f 463/1/463 462/1/462 461/1/461 
f 461/1/461 464/1/464 463/1/463 
f 465/1/465 466/1/466 462/1/462 
f 462/1/462 463/1/463 465/1/465 
f 457/1/457 462/1/462 466/1/466 
f 466/1/466 459/1/459 457/1/457 
f 467/1/467 468/1/468 469/1/469 
f 470/1/470 467/1/467 471/1/471 
f 471/1/471 440/1/440 470/1/470 
f 463/1/463 467/1/467 470/1/470 
f 470/1/470 465/1/465 463/1/463 
f 463/1/463 464/1/464 468/1/468 
f 468/1/468 467/1/467 463/1/463 
f 440/1/440 471/1/471 472/1/472 
f 472/1/472 435/1/435 440/1/440 
f 469/1/469 473/1/473 472/1/472 
f 472/1/472 471/1/471 469/1/469 
f 472/1/472 473/1/473 448/1/448 
f 435/1/435 472/1/472 447/1/447 
f 447/1/447 432/1/432 435/1/435 
f 411/1/411 417/1/417 474/1/474 
f 474/1/474 475/1/475 411/1/411 
f 476/1/476 474/1/474 417/1/417 
f 417/1/417 416/1/416 476/1/476 
f 477/1/477 474/1/474 476/1/476 
f 476/1/476 478/1/478 477/1/477 
f 475/1/475 474/1/474 477/1/477 
f 477/1/477 479/1/479 475/1/475 
f 478/1/478 476/1/476 480/1/480 
f 480/1/480 481/1/481 478/1/478 
f 420/1/420 480/1/480 476/1/476 
f 476/1/476 416/1/416 420/1/420 
f 421/1/421 482/1/482 480/1/480 
f 480/1/480 420/1/420 421/1/421 
f 481/1/481 480/1/480 482/1/482 
f 482/1/482 483/1/483 481/1/481 
f 425/1/425 484/1/484 485/1/485 
f 485/1/485 424/1/424 425/1/425 
f 486/1/486 485/1/485 484/1/484 
f 484/1/484 487/1/487 486/1/486 
f 483/1/483 482/1/482 485/1/485 
f 485/1/485 486/1/486 483/1/483 
f 424/1/424 485/1/485 482/1/482 
f 482/1/482 421/1/421 424/1/424 
f 428/1/428 488/1/488 489/1/489 
f 489/1/489 429/1/429 428/1/428 
f 490/1/490 489/1/489 488/1/488 
f 488/1/488 491/1/491 490/1/490 
f 487/1/487 484/1/484 489/1/489 
f 489/1/489 490/1/490 487/1/487 
f 429/1/429 489/1/489 484/1/484 
f 484/1/484 425/1/425 429/1/429 
f 428/1/428 430/1/430 492/1/492 
f 492/1/492 488/1/488 428/1/428 
f 493/1/493 492/1/492 430/1/430 
f 430/1/430 413/1/413 493/1/493 
f 494/1/494 495/1/495 492/1/492 
f 492/1/492 493/1/493 494/1/494 
f 491/1/491 488/1/488 492/1/492 
f 492/1/492 495/1/495 491/1/491 
f 479/1/479 496/1/496 497/1/497 
f 497/1/497 475/1/475 479/1/479 
f 496/1/496 494/1/494 493/1/493 
f 413/1/413 412/1/412 497/1/497 
f 497/1/497 493/1/493 413/1/413 
f 475/1/475 497/1/497 412/1/412 
f 412/1/412 411/1/411 475/1/475 
f 478/1/478 498/1/498 499/1/499 
f 499/1/499 477/1/477 478/1/478 
f 500/1/500 499/1/499 498/1/498 
f 498/1/498 501/1/501 500/1/500 
f 499/1/499 500/1/500 502/1/502 
f 479/1/479 477/1/477 499/1/499 
f 499/1/499 503/1/503 479/1/479 
f 443/1/443 504/1/504 505/1/505 
f 505/1/505 452/1/452 443/1/443 
f 506/1/506 505/1/505 504/1/504 
f 504/1/504 507/1/507 506/1/506 
f 508/1/508 509/1/509 505/1/505 
f 505/1/505 506/1/506 508/1/508 
f 452/1/452 505/1/505 509/1/509 
f 509/1/509 449/1/449 452/1/452 
f 510/1/510 511/1/511 512/1/512 
f 512/1/512 513/1/513 510/1/510 
f 514/1/514 512/1/512 511/1/511 
f 511/1/511 515/1/515 514/1/514 
f 512/1/512 514/1/514 508/1/508 
f 513/1/513 512/1/512 516/1/516 
f 516/1/516 501/1/501 513/1/513 
f 483/1/483 517/1/517 518/1/518 
f 518/1/518 481/1/481 483/1/483 
f 513/1/513 518/1/518 517/1/517 
f 517/1/517 510/1/510 513/1/513 
f 501/1/501 498/1/498 518/1/518 
f 518/1/518 513/1/513 501/1/501 
f 481/1/481 518/1/518 498/1/498 
f 498/1/498 478/1/478 481/1/481 
f 514/1/514 519/1/519 509/1/509 
f 509/1/509 508/1/508 514/1/514 
f 520/1/520 519/1/519 514/1/514 
f 514/1/514 515/1/515 520/1/520 
f 455/1/455 519/1/519 520/1/520 
f 520/1/520 458/1/458 455/1/455 
f 449/1/449 509/1/509 519/1/519 
f 519/1/519 455/1/455 449/1/449 
f 487/1/487 521/1/521 522/1/522 
f 522/1/522 486/1/486 487/1/487 
f 523/1/523 522/1/522 521/1/521 
f 521/1/521 524/1/524 523/1/523 
f 510/1/510 517/1/517 522/1/522 
f 522/1/522 523/1/523 510/1/510 
f 486/1/486 522/1/522 517/1/517 
f 517/1/517 483/1/483 486/1/486 
f 491/1/491 525/1/525 526/1/526 
f 526/1/526 490/1/490 491/1/491 
f 527/1/527 526/1/526 525/1/525 
f 525/1/525 528/1/528 527/1/527 
f 524/1/524 521/1/521 526/1/526 
f 526/1/526 527/1/527 524/1/524 
f 490/1/490 526/1/526 521/1/521 
f 521/1/521 487/1/487 490/1/490 
f 506/1/506 507/1/507 529/1/529 
f 529/1/529 502/1/502 500/1/500 
f 530/1/530 500/1/500 501/1/501 
f 516/1/516 508/1/508 506/1/506 
f 531/1/531 532/1/532 533/1/533 
f 533/1/533 534/1/534 531/1/531 
f 461/1/461 533/1/533 532/1/532 
f 532/1/532 464/1/464 461/1/461 
f 458/1/458 520/1/520 533/1/533 
f 533/1/533 461/1/461 458/1/458 
f 534/1/534 533/1/533 520/1/520 
f 520/1/520 515/1/515 534/1/534 
f 535/1/535 536/1/536 537/1/537 
f 538/1/538 539/1/539 540/1/540 
f 531/1/531 541/1/541 535/1/535 
f 535/1/535 540/1/540 531/1/531 
f 536/1/536 535/1/535 541/1/541 
f 541/1/541 542/1/542 536/1/536 
f 543/1/543 540/1/540 539/1/539 
f 468/1/468 543/1/543 544/1/544 
f 544/1/544 469/1/469 468/1/468 
f 464/1/464 532/1/532 543/1/543 
f 543/1/543 468/1/468 464/1/464 
f 540/1/540 543/1/543 532/1/532 
f 532/1/532 531/1/531 540/1/540 
f 545/1/545 546/1/546 544/1/544 
f 544/1/544 539/1/539 545/1/545 
f 547/1/547 546/1/546 545/1/545 
f 545/1/545 548/1/548 547/1/547 
f 448/1/448 473/1/473 546/1/546 
f 546/1/546 547/1/547 448/1/448 
f 473/1/473 469/1/469 544/1/544 
f 448/1/448 547/1/547 549/1/549 
f 549/1/549 442/1/442 448/1/448 
f 550/1/550 549/1/549 547/1/547 
f 547/1/547 548/1/548 550/1/550 
f 507/1/507 504/1/504 549/1/549 
f 549/1/549 550/1/550 507/1/507 
f 504/1/504 443/1/443 442/1/442 
f 548/1/548 551/1/551 552/1/552 
f 552/1/552 550/1/550 548/1/548 
f 553/1/553 552/1/552 551/1/551 
f 551/1/551 554/1/554 553/1/553 
f 555/1/555 556/1/556 552/1/552 
f 552/1/552 553/1/553 555/1/555 
f 550/1/550 552/1/552 556/1/556 
f 556/1/556 507/1/507 550/1/550 
f 557/1/557 553/1/553 554/1/554 
f 558/1/558 557/1/557 559/1/559 
f 559/1/559 560/1/560 558/1/558 
f 561/1/561 562/1/562 557/1/557 
f 557/1/557 558/1/558 561/1/561 
f 553/1/553 557/1/557 562/1/562 
f 562/1/562 555/1/555 553/1/553 
f 563/1/563 564/1/564 565/1/565 
f 565/1/565 566/1/566 563/1/563 
f 567/1/567 568/1/568 565/1/565 
f 565/1/565 564/1/564 567/1/567 
f 565/1/565 568/1/568 569/1/569 
f 567/1/567 564/1/564 570/1/570 
f 570/1/570 571/1/571 567/1/567 
f 572/1/572 570/1/570 564/1/564 
f 564/1/564 563/1/563 572/1/572 
f 560/1/560 559/1/559 570/1/570 
f 570/1/570 572/1/572 560/1/560 
f 571/1/571 570/1/570 559/1/559 
f 559/1/559 554/1/554 571/1/571 
f 573/1/573 574/1/574 575/1/575 
f 575/1/575 576/1/576 573/1/573 
f 577/1/577 575/1/575 574/1/574 
f 574/1/574 578/1/578 577/1/577 
f 575/1/575 577/1/577 579/1/579 
f 580/1/580 581/1/581 576/1/576 
f 582/1/582 583/1/583 584/1/584 
f 584/1/584 585/1/585 582/1/582 
f 578/1/578 574/1/574 583/1/583 
f 583/1/583 582/1/582 578/1/578 
f 586/1/586 583/1/583 574/1/574 
f 574/1/574 573/1/573 586/1/586 
f 584/1/584 583/1/583 586/1/586 
f 586/1/586 569/1/569 584/1/584 
f 585/1/585 587/1/587 588/1/588 
f 588/1/588 582/1/582 585/1/585 
f 589/1/589 588/1/588 587/1/587 
f 587/1/587 590/1/590 589/1/589 
f 591/1/591 592/1/592 588/1/588 
f 588/1/588 589/1/589 591/1/591 
f 582/1/582 588/1/588 592/1/592 
f 592/1/592 578/1/578 582/1/582 
f 593/1/593 594/1/594 595/1/595 
f 595/1/595 596/1/596 593/1/593 
f 594/1/594 539/1/539 538/1/538 
f 537/1/537 597/1/597 595/1/595 
f 595/1/595 538/1/538 537/1/537 
f 596/1/596 595/1/595 597/1/597 
f 597/1/597 598/1/598 596/1/596 
f 599/1/599 600/1/600 601/1/601 
f 602/1/602 548/1/548 545/1/545 
f 539/1/539 594/1/594 599/1/599 
f 599/1/599 545/1/545 539/1/539 
f 594/1/594 593/1/593 600/1/600 
f 603/1/603 601/1/601 600/1/600 
f 593/1/593 604/1/604 605/1/605 
f 605/1/605 600/1/600 593/1/593 
f 606/1/606 603/1/603 605/1/605 
f 605/1/605 604/1/604 606/1/606 
f 607/1/607 602/1/602 601/1/601 
f 571/1/571 607/1/607 608/1/608 
f 608/1/608 567/1/567 571/1/571 
f 554/1/554 551/1/551 607/1/607 
f 607/1/607 571/1/571 554/1/554 
f 551/1/551 548/1/548 602/1/602 
f 609/1/609 568/1/568 567/1/567 
f 610/1/610 609/1/609 608/1/608 
f 608/1/608 601/1/601 610/1/610 
f 610/1/610 611/1/611 612/1/612 
f 612/1/612 569/1/569 568/1/568 
f 610/1/610 613/1/613 614/1/614 
f 614/1/614 611/1/611 610/1/610 
f 603/1/603 613/1/613 610/1/610 
f 610/1/610 601/1/601 603/1/603 
f 606/1/606 615/1/615 613/1/613 
f 613/1/613 603/1/603 606/1/606 
f 614/1/614 613/1/613 615/1/615 
f 615/1/615 616/1/616 614/1/614 
f 611/1/611 617/1/617 618/1/618 
f 618/1/618 612/1/612 611/1/611 
f 617/1/617 619/1/619 620/1/620 
f 585/1/585 584/1/584 618/1/618 
f 618/1/618 620/1/620 585/1/585 
f 612/1/612 618/1/618 584/1/584 
f 584/1/584 569/1/569 612/1/612 
f 621/1/621 622/1/622 623/1/623 
f 623/1/623 624/1/624 621/1/621 
f 625/1/625 623/1/623 622/1/622 
f 622/1/622 626/1/626 625/1/625 
f 619/1/619 617/1/617 623/1/623 
f 623/1/623 625/1/625 619/1/619 
f 624/1/624 623/1/623 617/1/617 
f 617/1/617 611/1/611 624/1/624 
f 627/1/627 628/1/628 629/1/629 
f 629/1/629 630/1/630 627/1/627 
f 631/1/631 632/1/632 629/1/629 
f 629/1/629 628/1/628 631/1/631 
f 633/1/633 629/1/629 632/1/632 
f 632/1/632 634/1/634 633/1/633 
f 633/1/633 590/1/590 630/1/630 
f 635/1/635 620/1/620 619/1/619 
f 627/1/627 630/1/630 635/1/635 
f 635/1/635 636/1/636 627/1/627 
f 635/1/635 630/1/630 590/1/590 
f 620/1/620 635/1/635 587/1/587 
f 587/1/587 585/1/585 620/1/620 
f 631/1/631 637/1/637 638/1/638 
f 638/1/638 632/1/632 631/1/631 
f 639/1/639 640/1/640 638/1/638 
f 638/1/638 637/1/637 639/1/639 
f 641/1/641 638/1/638 640/1/640 
f 640/1/640 616/1/616 641/1/641 
f 634/1/634 632/1/632 638/1/638 
f 638/1/638 641/1/641 634/1/634 
f 642/1/642 643/1/643 644/1/644 
f 644/1/644 645/1/645 642/1/642 
f 636/1/636 644/1/644 643/1/643 
f 643/1/643 627/1/627 636/1/636 
f 636/1/636 619/1/619 625/1/625 
f 626/1/626 645/1/645 644/1/644 
f 644/1/644 625/1/625 626/1/626 
f 616/1/616 640/1/640 646/1/646 
f 646/1/646 614/1/614 616/1/616 
f 647/1/647 646/1/646 640/1/640 
f 640/1/640 639/1/639 647/1/647 
f 621/1/621 624/1/624 646/1/646 
f 646/1/646 647/1/647 621/1/621 
f 614/1/614 646/1/646 624/1/624 
f 624/1/624 611/1/611 614/1/614 
f 648/1/648 647/1/647 639/1/639 
f 642/1/642 645/1/645 648/1/648 
f 648/1/648 649/1/649 642/1/642 
f 626/1/626 622/1/622 648/1/648 
f 648/1/648 645/1/645 626/1/626 
f 622/1/622 621/1/621 647/1/647 
f 650/1/650 643/1/643 642/1/642 
f 649/1/649 639/1/639 637/1/637 
f 650/1/650 637/1/637 631/1/631 
f 628/1/628 627/1/627 643/1/643 
f 651/1/651 652/1/652 653/1/653 
f 653/1/653 654/1/654 651/1/651 
f 78/1/78 653/1/653 652/1/652 
f 652/1/652 75/1/75 78/1/78 
f 64/1/64 80/1/80 653/1/653 
f 653/1/653 78/1/78 64/1/64 
f 654/1/654 653/1/653 80/1/80 
f 80/1/80 79/1/79 654/1/654 
f 75/1/75 652/1/652 655/1/655 
f 655/1/655 153/1/153 75/1/75 
f 656/1/656 655/1/655 652/1/652 
f 652/1/652 651/1/651 656/1/656 
f 657/1/657 658/1/658 655/1/655 
f 655/1/655 656/1/656 657/1/657 
f 153/1/153 655/1/655 658/1/658 
f 658/1/658 155/1/155 153/1/153 
f 651/1/651 659/1/659 660/1/660 
f 660/1/660 656/1/656 651/1/651 
f 661/1/661 660/1/660 659/1/659 
f 659/1/659 662/1/662 661/1/661 
f 663/1/663 664/1/664 660/1/660 
f 660/1/660 661/1/661 663/1/663 
f 656/1/656 660/1/660 664/1/664 
f 664/1/664 657/1/657 656/1/656 
f 665/1/665 666/1/666 658/1/658 
f 658/1/658 657/1/657 665/1/665 
f 667/1/667 668/1/668 666/1/666 
f 666/1/666 665/1/665 667/1/667 
f 198/1/198 195/1/195 666/1/666 
f 666/1/666 668/1/668 198/1/198 
f 658/1/658 666/1/666 195/1/195 
f 195/1/195 155/1/155 658/1/658 
f 663/1/663 669/1/669 670/1/670 
f 670/1/670 664/1/664 663/1/663 
f 671/1/671 670/1/670 669/1/669 
f 669/1/669 672/1/672 671/1/671 
f 667/1/667 665/1/665 670/1/670 
f 670/1/670 671/1/671 667/1/667 
f 657/1/657 664/1/664 670/1/670 
f 670/1/670 665/1/665 657/1/657 
f 673/1/673 674/1/674 668/1/668 
f 668/1/668 667/1/667 673/1/673 
f 674/1/674 673/1/673 675/1/675 
f 676/1/676 206/1/206 205/1/205 
f 668/1/668 674/1/674 205/1/205 
f 205/1/205 198/1/198 668/1/668 
f 667/1/667 671/1/671 677/1/677 
f 677/1/677 673/1/673 667/1/667 
f 672/1/672 678/1/678 677/1/677 
f 677/1/677 671/1/671 672/1/672 
f 679/1/679 677/1/677 678/1/678 
f 678/1/678 680/1/680 679/1/679 
f 673/1/673 677/1/677 679/1/679 
f 679/1/679 675/1/675 673/1/673 
f 681/1/681 682/1/682 683/1/683 
f 683/1/683 684/1/684 681/1/681 
f 349/1/349 683/1/683 682/1/682 
f 682/1/682 350/1/350 349/1/349 
f 292/1/292 346/1/346 683/1/683 
f 683/1/683 349/1/349 292/1/292 
f 683/1/683 346/1/346 286/1/286 
f 685/1/685 686/1/686 681/1/681 
f 684/1/684 286/1/286 289/1/289 
f 685/1/685 289/1/289 206/1/206 
f 676/1/676 675/1/675 686/1/686 
f 675/1/675 679/1/679 687/1/687 
f 687/1/687 686/1/686 675/1/675 
f 680/1/680 688/1/688 687/1/687 
f 687/1/687 679/1/679 680/1/680 
f 689/1/689 687/1/687 688/1/688 
f 688/1/688 690/1/690 689/1/689 
f 681/1/681 686/1/686 687/1/687 
f 687/1/687 689/1/689 681/1/681 
f 79/1/79 691/1/691 692/1/692 
f 692/1/692 654/1/654 79/1/79 
f 693/1/693 692/1/692 691/1/691 
f 691/1/691 694/1/694 693/1/693 
f 662/1/662 659/1/659 692/1/692 
f 692/1/692 693/1/693 662/1/662 
f 654/1/654 692/1/692 659/1/659 
f 659/1/659 651/1/651 654/1/654 
f 694/1/694 691/1/691 695/1/695 
f 695/1/695 696/1/696 694/1/694 
f 82/1/82 695/1/695 691/1/691 
f 691/1/691 79/1/79 82/1/82 
f 84/1/84 697/1/697 695/1/695 
f 695/1/695 82/1/82 84/1/84 
f 696/1/696 695/1/695 697/1/697 
f 697/1/697 698/1/698 696/1/696 
f 699/1/699 700/1/700 701/1/701 
f 701/1/701 702/1/702 699/1/699 
f 696/1/696 700/1/700 699/1/699 
f 699/1/699 694/1/694 696/1/696 
f 698/1/698 703/1/703 700/1/700 
f 700/1/700 696/1/696 698/1/698 
f 704/1/704 701/1/701 700/1/700 
f 700/1/700 703/1/703 704/1/704 
f 693/1/693 705/1/705 706/1/706 
f 706/1/706 662/1/662 693/1/693 
f 707/1/707 705/1/705 693/1/693 
f 693/1/693 694/1/694 707/1/707 
f 708/1/708 706/1/706 705/1/705 
f 705/1/705 707/1/707 708/1/708 
f 702/1/702 709/1/709 710/1/710 
f 710/1/710 699/1/699 702/1/702 
f 711/1/711 710/1/710 709/1/709 
f 709/1/709 712/1/712 711/1/711 
f 707/1/707 710/1/710 711/1/711 
f 711/1/711 708/1/708 707/1/707 
f 710/1/710 707/1/707 694/1/694 
f 713/1/713 714/1/714 715/1/715 
f 715/1/715 716/1/716 713/1/713 
f 661/1/661 714/1/714 713/1/713 
f 713/1/713 663/1/663 661/1/661 
f 662/1/662 706/1/706 714/1/714 
f 714/1/714 661/1/661 662/1/662 
f 715/1/715 714/1/714 706/1/706 
f 706/1/706 708/1/708 715/1/715 
f 717/1/717 718/1/718 719/1/719 
f 719/1/719 720/1/720 717/1/717 
f 721/1/721 719/1/719 718/1/718 
f 718/1/718 722/1/722 721/1/721 
f 712/1/712 709/1/709 719/1/719 
f 719/1/719 721/1/721 712/1/712 
f 720/1/720 719/1/719 709/1/709 
f 709/1/709 702/1/702 720/1/720 
f 722/1/722 718/1/718 723/1/723 
f 723/1/723 724/1/724 722/1/722 
f 725/1/725 723/1/723 718/1/718 
f 718/1/718 717/1/717 725/1/725 
f 7/1/7 11/1/11 723/1/723 
f 723/1/723 725/1/725 7/1/7 
f 724/1/724 723/1/723 11/1/11 
f 11/1/11 10/1/10 724/1/724 
f 726/1/726 727/1/727 728/1/728 
f 728/1/728 729/1/729 726/1/726 
f 716/1/716 715/1/715 727/1/727 
f 727/1/727 726/1/726 716/1/716 
f 708/1/708 711/1/711 727/1/727 
f 727/1/727 715/1/715 708/1/708 
f 712/1/712 728/1/728 727/1/727 
f 727/1/727 711/1/711 712/1/712 
f 721/1/721 730/1/730 728/1/728 
f 728/1/728 712/1/712 721/1/721 
f 722/1/722 731/1/731 730/1/730 
f 730/1/730 721/1/721 722/1/722 
f 729/1/729 728/1/728 730/1/730 
f 730/1/730 731/1/731 729/1/729 
f 10/1/10 108/1/108 732/1/732 
f 732/1/732 724/1/724 10/1/10 
f 109/1/109 733/1/733 732/1/732 
f 732/1/732 108/1/108 109/1/109 
f 734/1/734 735/1/735 732/1/732 
f 732/1/732 733/1/733 734/1/734 
f 724/1/724 732/1/732 735/1/735 
f 735/1/735 722/1/722 724/1/724 
f 716/1/716 736/1/736 737/1/737 
f 737/1/737 713/1/713 716/1/716 
f 738/1/738 737/1/737 736/1/736 
f 736/1/736 739/1/739 738/1/738 
f 672/1/672 669/1/669 737/1/737 
f 737/1/737 738/1/738 672/1/672 
f 713/1/713 737/1/737 669/1/669 
f 669/1/669 663/1/663 713/1/713 
f 740/1/740 741/1/741 735/1/735 
f 735/1/735 734/1/734 740/1/740 
f 742/1/742 741/1/741 740/1/740 
f 740/1/740 743/1/743 742/1/742 
f 729/1/729 731/1/731 741/1/741 
f 741/1/741 742/1/742 729/1/729 
f 735/1/735 741/1/741 731/1/731 
f 731/1/731 722/1/722 735/1/735 
f 743/1/743 744/1/744 745/1/745 
f 745/1/745 742/1/742 743/1/743 
f 736/1/736 745/1/745 744/1/744 
f 744/1/744 739/1/739 736/1/736 
f 726/1/726 745/1/745 736/1/736 
f 736/1/736 716/1/716 726/1/726 
f 742/1/742 745/1/745 726/1/726 
f 726/1/726 729/1/729 742/1/742 
f 739/1/739 746/1/746 747/1/747 
f 747/1/747 738/1/738 739/1/739 
f 748/1/748 747/1/747 746/1/746 
f 746/1/746 749/1/749 748/1/748 
f 680/1/680 678/1/678 747/1/747 
f 747/1/747 748/1/748 680/1/680 
f 738/1/738 747/1/747 678/1/678 
f 678/1/678 672/1/672 738/1/738 
f 739/1/739 744/1/744 750/1/750 
f 750/1/750 746/1/746 739/1/739 
f 751/1/751 750/1/750 744/1/744 
f 744/1/744 743/1/743 751/1/751 
f 752/1/752 753/1/753 750/1/750 
f 750/1/750 751/1/751 752/1/752 
f 746/1/746 750/1/750 753/1/753 
f 753/1/753 749/1/749 746/1/746 
f 734/1/734 754/1/754 755/1/755 
f 755/1/755 740/1/740 734/1/734 
f 756/1/756 757/1/757 755/1/755 
f 755/1/755 754/1/754 756/1/756 
f 751/1/751 755/1/755 757/1/757 
f 757/1/757 752/1/752 751/1/751 
f 740/1/740 755/1/755 751/1/751 
f 751/1/751 743/1/743 740/1/740 
f 113/1/113 758/1/758 759/1/759 
f 759/1/759 111/1/111 113/1/113 
f 754/1/754 759/1/759 758/1/758 
f 758/1/758 756/1/756 754/1/754 
f 734/1/734 733/1/733 759/1/759 
f 759/1/759 754/1/754 734/1/734 
f 111/1/111 759/1/759 733/1/733 
f 733/1/733 109/1/109 111/1/111 
f 760/1/760 761/1/761 762/1/762 
f 762/1/762 763/1/763 760/1/760 
f 764/1/764 762/1/762 761/1/761 
f 761/1/761 765/1/765 764/1/764 
f 749/1/749 753/1/753 762/1/762 
f 762/1/762 764/1/764 749/1/749 
f 763/1/763 762/1/762 753/1/753 
f 753/1/753 752/1/752 763/1/763 
f 749/1/749 764/1/764 766/1/766 
f 766/1/766 748/1/748 749/1/749 
f 767/1/767 766/1/766 764/1/764 
f 764/1/764 765/1/765 767/1/767 
f 690/1/690 688/1/688 766/1/766 
f 766/1/766 767/1/767 690/1/690 
f 748/1/748 766/1/766 688/1/688 
f 688/1/688 680/1/680 748/1/748 
f 752/1/752 757/1/757 768/1/768 
f 768/1/768 763/1/763 752/1/752 
f 769/1/769 768/1/768 757/1/757 
f 757/1/757 756/1/756 769/1/769 
f 763/1/763 768/1/768 769/1/769 
f 769/1/769 760/1/760 763/1/763 
f 690/1/690 770/1/770 771/1/771 
f 771/1/771 689/1/689 690/1/690 
f 772/1/772 771/1/771 770/1/770 
f 770/1/770 773/1/773 772/1/772 
f 350/1/350 682/1/682 771/1/771 
f 771/1/771 772/1/772 350/1/350 
f 689/1/689 771/1/771 682/1/682 
f 682/1/682 681/1/681 689/1/689 
f 303/1/303 774/1/774 775/1/775 
f 775/1/775 302/1/302 303/1/303 
f 776/1/776 775/1/775 774/1/774 
f 774/1/774 777/1/777 776/1/776 
f 756/1/756 758/1/758 775/1/775 
f 775/1/775 776/1/776 756/1/756 
f 302/1/302 775/1/775 758/1/758 
f 758/1/758 113/1/113 302/1/302 
f 767/1/767 778/1/778 770/1/770 
f 770/1/770 690/1/690 767/1/767 
f 765/1/765 779/1/779 778/1/778 
f 778/1/778 767/1/767 765/1/765 
f 778/1/778 779/1/779 773/1/773 
f 777/1/777 780/1/780 781/1/781 
f 781/1/781 776/1/776 777/1/777 
f 782/1/782 781/1/781 780/1/780 
f 780/1/780 783/1/783 782/1/782 
f 760/1/760 769/1/769 781/1/781 
f 781/1/781 782/1/782 760/1/760 
f 776/1/776 781/1/781 769/1/769 
f 769/1/769 756/1/756 776/1/776 
f 783/1/783 784/1/784 785/1/785 
f 785/1/785 782/1/782 783/1/783 
f 779/1/779 785/1/785 784/1/784 
f 784/1/784 773/1/773 779/1/779 
f 765/1/765 761/1/761 785/1/785 
f 785/1/785 779/1/779 765/1/765 
f 782/1/782 785/1/785 761/1/761 
f 761/1/761 760/1/760 782/1/782 
f 773/1/773 786/1/786 787/1/787 
f 787/1/787 772/1/772 773/1/773 
f 788/1/788 787/1/787 786/1/786 
f 786/1/786 789/1/789 788/1/788 
f 266/1/266 351/1/351 787/1/787 
f 787/1/787 788/1/788 266/1/266 
f 772/1/772 787/1/787 351/1/351 
f 351/1/351 350/1/350 772/1/772 
f 207/1/207 790/1/790 791/1/791 
f 791/1/791 306/1/306 207/1/207 
f 792/1/792 791/1/791 790/1/790 
f 790/1/790 793/1/793 792/1/792 
f 777/1/777 774/1/774 791/1/791 
f 791/1/791 792/1/792 777/1/777 
f 306/1/306 791/1/791 774/1/774 
f 774/1/774 303/1/303 306/1/306 
f 793/1/793 794/1/794 795/1/795 
f 795/1/795 792/1/792 793/1/793 
f 796/1/796 795/1/795 794/1/794 
f 794/1/794 797/1/797 796/1/796 
f 783/1/783 780/1/780 795/1/795 
f 795/1/795 796/1/796 783/1/783 
f 792/1/792 795/1/795 780/1/780 
f 780/1/780 777/1/777 792/1/792 
f 797/1/797 798/1/798 799/1/799 
f 799/1/799 796/1/796 797/1/797 
f 786/1/786 799/1/799 798/1/798 
f 798/1/798 789/1/789 786/1/786 
f 773/1/773 784/1/784 799/1/799 
f 799/1/799 786/1/786 773/1/773 
f 796/1/796 799/1/799 784/1/784 
f 784/1/784 783/1/783 796/1/796 
f 789/1/789 800/1/800 801/1/801 
f 801/1/801 788/1/788 789/1/789 
f 802/1/802 803/1/803 801/1/801 
f 801/1/801 800/1/800 802/1/802 
f 271/1/271 267/1/267 801/1/801 
f 801/1/801 803/1/803 271/1/271 
f 788/1/788 801/1/801 267/1/267 
f 267/1/267 266/1/266 788/1/788 
f 85/1/85 804/1/804 805/1/805 
f 805/1/805 210/1/210 85/1/85 
f 806/1/806 805/1/805 804/1/804 
f 804/1/804 807/1/807 806/1/806 
f 793/1/793 790/1/790 805/1/805 
f 805/1/805 806/1/806 793/1/793 
f 210/1/210 805/1/805 790/1/790 
f 790/1/790 207/1/207 210/1/210 
f 807/1/807 808/1/808 809/1/809 
f 809/1/809 806/1/806 807/1/807 
f 810/1/810 809/1/809 808/1/808 
f 808/1/808 811/1/811 810/1/810 
f 797/1/797 794/1/794 809/1/809 
f 809/1/809 810/1/810 797/1/797 
f 806/1/806 809/1/809 794/1/794 
f 794/1/794 793/1/793 806/1/806 
f 811/1/811 812/1/812 813/1/813 
f 813/1/813 810/1/810 811/1/811 
f 800/1/800 813/1/813 812/1/812 
f 812/1/812 802/1/802 800/1/800 
f 789/1/789 798/1/798 813/1/813 
f 813/1/813 800/1/800 789/1/789 
f 810/1/810 813/1/813 798/1/798 
f 798/1/798 797/1/797 810/1/810 
f 814/1/814 815/1/815 88/1/88 
f 88/1/88 93/1/93 814/1/814 
f 816/1/816 815/1/815 814/1/814 
f 814/1/814 817/1/817 816/1/816 
f 807/1/807 804/1/804 815/1/815 
f 815/1/815 816/1/816 807/1/807 
f 88/1/88 815/1/815 804/1/804 
f 804/1/804 85/1/85 88/1/88 
f 503/1/503 502/1/502 818/1/818 
f 819/1/819 820/1/820 818/1/818 
f 818/1/818 821/1/821 819/1/819 
f 820/1/820 819/1/819 494/1/494 
f 496/1/496 479/1/479 503/1/503 
f 822/1/822 823/1/823 824/1/824 
f 824/1/824 825/1/825 822/1/822 
f 826/1/826 824/1/824 823/1/823 
f 823/1/823 821/1/821 826/1/826 
f 555/1/555 562/1/562 824/1/824 
f 824/1/824 826/1/826 555/1/555 
f 825/1/825 824/1/824 562/1/562 
f 562/1/562 561/1/561 825/1/825 
f 827/1/827 495/1/495 494/1/494 
f 828/1/828 827/1/827 819/1/819 
f 819/1/819 821/1/821 828/1/828 
f 528/1/528 525/1/525 827/1/827 
f 827/1/827 828/1/828 528/1/528 
f 495/1/495 827/1/827 525/1/525 
f 525/1/525 491/1/491 495/1/495 
f 826/1/826 829/1/829 556/1/556 
f 556/1/556 555/1/555 826/1/826 
f 818/1/818 829/1/829 826/1/826 
f 826/1/826 821/1/821 818/1/818 
f 502/1/502 529/1/529 829/1/829 
f 829/1/829 818/1/818 502/1/502 
f 556/1/556 829/1/829 529/1/529 
f 529/1/529 507/1/507 556/1/556 
f 830/1/830 831/1/831 832/1/832 
f 833/1/833 834/1/834 835/1/835 
f 830/1/830 835/1/835 836/1/836 
f 837/1/837 821/1/821 831/1/831 
f 834/1/834 838/1/838 839/1/839 
f 839/1/839 835/1/835 834/1/834 
f 838/1/838 840/1/840 841/1/841 
f 842/1/842 843/1/843 839/1/839 
f 839/1/839 841/1/841 842/1/842 
f 835/1/835 839/1/839 843/1/843 
f 843/1/843 836/1/836 835/1/835 
f 844/1/844 845/1/845 846/1/846 
f 846/1/846 847/1/847 844/1/844 
f 848/1/848 849/1/849 846/1/846 
f 846/1/846 845/1/845 848/1/848 
f 850/1/850 851/1/851 846/1/846 
f 846/1/846 849/1/849 850/1/850 
f 847/1/847 846/1/846 851/1/851 
f 851/1/851 852/1/852 847/1/847 
f 853/1/853 854/1/854 855/1/855 
f 855/1/855 856/1/856 853/1/853 
f 857/1/857 855/1/855 854/1/854 
f 854/1/854 858/1/858 857/1/857 
f 859/1/859 860/1/860 855/1/855 
f 855/1/855 857/1/857 859/1/859 
f 856/1/856 855/1/855 860/1/860 
f 860/1/860 861/1/861 856/1/856 
f 858/1/858 862/1/862 863/1/863 
f 863/1/863 857/1/857 858/1/858 
f 864/1/864 863/1/863 862/1/862 
f 862/1/862 865/1/865 864/1/864 
f 866/1/866 867/1/867 863/1/863 
f 863/1/863 864/1/864 866/1/866 
f 857/1/857 863/1/863 867/1/867 
f 867/1/867 859/1/859 857/1/857 
f 868/1/868 869/1/869 870/1/870 
f 870/1/870 871/1/871 868/1/868 
f 872/1/872 870/1/870 869/1/869 
f 869/1/869 873/1/873 872/1/872 
f 858/1/858 854/1/854 870/1/870 
f 870/1/870 872/1/872 858/1/858 
f 871/1/871 870/1/870 854/1/854 
f 854/1/854 853/1/853 871/1/871 
f 874/1/874 875/1/875 876/1/876 
f 876/1/876 877/1/877 874/1/874 
f 878/1/878 876/1/876 875/1/875 
f 875/1/875 879/1/879 878/1/878 
f 873/1/873 869/1/869 876/1/876 
f 876/1/876 878/1/878 873/1/873 
f 877/1/877 876/1/876 869/1/869 
f 869/1/869 868/1/868 877/1/877 
f 873/1/873 880/1/880 881/1/881 
f 881/1/881 872/1/872 873/1/873 
f 882/1/882 881/1/881 880/1/880 
f 880/1/880 883/1/883 882/1/882 
f 865/1/865 862/1/862 881/1/881 
f 881/1/881 882/1/882 865/1/865 
f 872/1/872 881/1/881 862/1/862 
f 862/1/862 858/1/858 872/1/872 
f 883/1/883 884/1/884 885/1/885 
f 885/1/885 882/1/882 883/1/883 
f 814/1/814 885/1/885 884/1/884 
f 884/1/884 817/1/817 814/1/814 
f 93/1/93 886/1/886 885/1/885 
f 885/1/885 814/1/814 93/1/93 
f 882/1/882 885/1/885 886/1/886 
f 886/1/886 865/1/865 882/1/882 
f 887/1/887 888/1/888 889/1/889 
f 889/1/889 890/1/890 887/1/887 
f 891/1/891 889/1/889 888/1/888 
f 888/1/888 892/1/892 891/1/891 
f 874/1/874 893/1/893 889/1/889 
f 889/1/889 891/1/891 874/1/874 
f 890/1/890 889/1/889 893/1/893 
f 893/1/893 894/1/894 890/1/890 
f 817/1/817 895/1/895 896/1/896 
f 896/1/896 816/1/816 817/1/817 
f 897/1/897 896/1/896 895/1/895 
f 895/1/895 898/1/898 897/1/897 
f 811/1/811 808/1/808 896/1/896 
f 896/1/896 897/1/897 811/1/811 
f 816/1/816 896/1/896 808/1/808 
f 808/1/808 807/1/807 816/1/816 
f 899/1/899 900/1/900 901/1/901 
f 901/1/901 902/1/902 899/1/899 
f 903/1/903 900/1/900 899/1/899 
f 899/1/899 904/1/904 903/1/903 
f 803/1/803 900/1/900 903/1/903 
f 903/1/903 271/1/271 803/1/803 
f 803/1/803 802/1/802 901/1/901 
f 898/1/898 905/1/905 906/1/906 
f 906/1/906 897/1/897 898/1/898 
f 901/1/901 906/1/906 905/1/905 
f 905/1/905 902/1/902 901/1/901 
f 802/1/802 812/1/812 906/1/906 
f 906/1/906 901/1/901 802/1/802 
f 897/1/897 906/1/906 812/1/812 
f 812/1/812 811/1/811 897/1/897 
f 907/1/907 908/1/908 904/1/904 
f 907/1/907 899/1/899 902/1/902 
f 580/1/580 907/1/907 909/1/909 
f 909/1/909 581/1/581 580/1/580 
f 908/1/908 907/1/907 580/1/580 
f 580/1/580 579/1/579 908/1/908 
f 883/1/883 910/1/910 911/1/911 
f 911/1/911 884/1/884 883/1/883 
f 912/1/912 911/1/911 910/1/910 
f 910/1/910 913/1/913 912/1/912 
f 898/1/898 895/1/895 911/1/911 
f 911/1/911 912/1/912 898/1/898 
f 884/1/884 911/1/911 895/1/895 
f 895/1/895 817/1/817 884/1/884 
f 914/1/914 878/1/878 879/1/879 
f 915/1/915 913/1/913 910/1/910 
f 914/1/914 910/1/910 883/1/883 
f 878/1/878 914/1/914 880/1/880 
f 880/1/880 873/1/873 878/1/878 
f 892/1/892 916/1/916 917/1/917 
f 917/1/917 891/1/891 892/1/892 
f 916/1/916 913/1/913 915/1/915 
f 879/1/879 875/1/875 917/1/917 
f 917/1/917 915/1/915 879/1/879 
f 891/1/891 917/1/917 875/1/875 
f 875/1/875 874/1/874 891/1/891 
f 918/1/918 919/1/919 920/1/920 
f 920/1/920 921/1/921 918/1/918 
f 918/1/918 913/1/913 916/1/916 
f 922/1/922 919/1/919 916/1/916 
f 916/1/916 892/1/892 922/1/922 
f 919/1/919 922/1/922 923/1/923 
f 921/1/921 924/1/924 925/1/925 
f 925/1/925 918/1/918 921/1/921 
f 926/1/926 925/1/925 924/1/924 
f 924/1/924 927/1/927 926/1/926 
f 925/1/925 926/1/926 928/1/928 
f 929/1/929 913/1/913 918/1/918 
f 928/1/928 926/1/926 930/1/930 
f 930/1/930 931/1/931 928/1/928 
f 932/1/932 930/1/930 926/1/926 
f 926/1/926 927/1/927 932/1/932 
f 581/1/581 909/1/909 930/1/930 
f 930/1/930 932/1/932 581/1/581 
f 931/1/931 930/1/930 909/1/909 
f 909/1/909 902/1/902 931/1/931 
f 912/1/912 933/1/933 905/1/905 
f 905/1/905 898/1/898 912/1/912 
f 929/1/929 933/1/933 912/1/912 
f 912/1/912 913/1/913 929/1/929 
f 928/1/928 931/1/931 933/1/933 
f 933/1/933 929/1/929 928/1/928 
f 902/1/902 905/1/905 933/1/933 
f 933/1/933 931/1/931 902/1/902 
f 436/1/436 433/1/433 934/1/934 
f 934/1/934 935/1/935 436/1/436 
f 444/1/444 934/1/934 433/1/433 
f 433/1/433 432/1/432 444/1/444 
f 446/1/446 936/1/936 934/1/934 
f 934/1/934 444/1/444 446/1/446 
f 937/1/937 935/1/935 934/1/934 
f 934/1/934 936/1/936 937/1/937 
f 938/1/938 939/1/939 940/1/940 
f 940/1/940 941/1/941 938/1/938 
f 465/1/465 470/1/470 940/1/940 
f 940/1/940 939/1/939 465/1/465 
f 440/1/440 439/1/439 940/1/940 
f 940/1/940 470/1/470 440/1/440 
f 438/1/438 941/1/941 940/1/940 
f 940/1/940 439/1/439 438/1/438 
f 942/1/942 943/1/943 944/1/944 
f 944/1/944 945/1/945 942/1/942 
f 946/1/946 944/1/944 943/1/943 
f 943/1/943 947/1/947 946/1/946 
f 453/1/453 460/1/460 944/1/944 
f 944/1/944 946/1/946 453/1/453 
f 945/1/945 944/1/944 460/1/460 
f 460/1/460 459/1/459 945/1/945 
f 946/1/946 948/1/948 454/1/454 
f 454/1/454 453/1/453 946/1/946 
f 949/1/949 948/1/948 946/1/946 
f 946/1/946 947/1/947 949/1/949 
f 937/1/937 936/1/936 948/1/948 
f 948/1/948 949/1/949 937/1/937 
f 454/1/454 948/1/948 936/1/936 
f 936/1/936 446/1/446 454/1/454 
f 938/1/938 950/1/950 951/1/951 
f 951/1/951 939/1/939 938/1/938 
f 945/1/945 951/1/951 950/1/950 
f 950/1/950 942/1/942 945/1/945 
f 459/1/459 466/1/466 951/1/951 
f 951/1/951 945/1/945 459/1/459 
f 939/1/939 951/1/951 466/1/466 
f 466/1/466 465/1/465 939/1/939 
f 952/1/952 953/1/953 954/1/954 
f 954/1/954 955/1/955 952/1/952 
f 954/1/954 953/1/953 947/1/947 
f 942/1/942 950/1/950 954/1/954 
f 954/1/954 943/1/943 942/1/942 
f 955/1/955 954/1/954 950/1/950 
f 950/1/950 938/1/938 955/1/955 
f 937/1/937 949/1/949 956/1/956 
f 956/1/956 935/1/935 937/1/937 
f 949/1/949 947/1/947 953/1/953 
f 952/1/952 957/1/957 956/1/956 
f 956/1/956 953/1/953 952/1/952 
f 436/1/436 935/1/935 956/1/956 
f 952/1/952 955/1/955 958/1/958 
f 958/1/958 957/1/957 952/1/952 
f 941/1/941 958/1/958 955/1/955 
f 955/1/955 938/1/938 941/1/941 
f 438/1/438 437/1/437 958/1/958 
f 958/1/958 941/1/941 438/1/438 
f 958/1/958 437/1/437 436/1/436 
f 959/1/959 960/1/960 381/1/381 
f 381/1/381 380/1/380 959/1/959 
f 961/1/961 960/1/960 959/1/959 
f 959/1/959 369/1/369 961/1/961 
f 357/1/357 353/1/353 960/1/960 
f 960/1/960 961/1/961 357/1/357 
f 381/1/381 960/1/960 353/1/353 
f 353/1/353 352/1/352 381/1/381 
f 369/1/369 368/1/368 962/1/962 
f 962/1/962 961/1/961 369/1/369 
f 389/1/389 962/1/962 368/1/368 
f 368/1/368 367/1/367 389/1/389 
f 358/1/358 356/1/356 962/1/962 
f 962/1/962 389/1/389 358/1/358 
f 357/1/357 961/1/961 962/1/962 
f 962/1/962 356/1/356 357/1/357 
f 361/1/361 364/1/364 963/1/963 
f 963/1/963 373/1/373 361/1/361 
f 959/1/959 963/1/963 364/1/364 
f 364/1/364 369/1/369 959/1/959 
f 963/1/963 959/1/959 380/1/380 
f 373/1/373 963/1/963 964/1/964 
f 964/1/964 370/1/370 373/1/373 
f 370/1/370 964/1/964 965/1/965 
f 965/1/965 371/1/371 370/1/370 
f 378/1/378 965/1/965 964/1/964 
f 964/1/964 380/1/380 378/1/378 
f 379/1/379 401/1/401 965/1/965 
f 965/1/965 378/1/378 379/1/379 
f 371/1/371 965/1/965 401/1/401 
f 401/1/401 375/1/375 371/1/371 
f 966/1/966 922/1/922 892/1/892 
f 967/1/967 966/1/966 888/1/888 
f 888/1/888 887/1/887 967/1/967 
f 968/1/968 969/1/969 966/1/966 
f 966/1/966 967/1/967 968/1/968 
f 922/1/922 966/1/966 969/1/969 
f 969/1/969 923/1/923 922/1/922 
f 561/1/561 970/1/970 971/1/971 
f 971/1/971 825/1/825 561/1/561 
f 972/1/972 971/1/971 970/1/970 
f 970/1/970 973/1/973 972/1/972 
f 974/1/974 975/1/975 971/1/971 
f 971/1/971 972/1/972 974/1/974 
f 825/1/825 971/1/971 975/1/975 
f 975/1/975 822/1/822 825/1/825 
f 976/1/976 977/1/977 978/1/978 
f 978/1/978 979/1/979 976/1/976 
f 920/1/920 978/1/978 977/1/977 
f 977/1/977 921/1/921 920/1/920 
f 923/1/923 969/1/969 978/1/978 
f 978/1/978 920/1/920 923/1/923 
f 979/1/979 978/1/978 969/1/969 
f 969/1/969 968/1/968 979/1/979 
f 973/1/973 980/1/980 981/1/981 
f 981/1/981 972/1/972 973/1/973 
f 979/1/979 981/1/981 980/1/980 
f 980/1/980 976/1/976 979/1/979 
f 968/1/968 982/1/982 981/1/981 
f 981/1/981 979/1/979 968/1/968 
f 972/1/972 981/1/981 982/1/982 
f 982/1/982 974/1/974 972/1/972 
f 573/1/573 983/1/983 984/1/984 
f 984/1/984 586/1/586 573/1/573 
f 985/1/985 984/1/984 983/1/983 
f 983/1/983 986/1/986 985/1/985 
f 563/1/563 566/1/566 984/1/984 
f 984/1/984 985/1/985 563/1/563 
f 586/1/586 984/1/984 566/1/566 
f 566/1/566 569/1/569 586/1/586 
f 987/1/987 986/1/986 988/1/988 
f 924/1/924 989/1/989 988/1/988 
f 988/1/988 927/1/927 924/1/924 
f 989/1/989 924/1/924 921/1/921 
f 977/1/977 976/1/976 987/1/987 
f 990/1/990 991/1/991 992/1/992 
f 992/1/992 993/1/993 990/1/990 
f 986/1/986 987/1/987 992/1/992 
f 992/1/992 991/1/991 986/1/986 
f 976/1/976 980/1/980 992/1/992 
f 992/1/992 987/1/987 976/1/976 
f 993/1/993 992/1/992 980/1/980 
f 980/1/980 973/1/973 993/1/993 
f 927/1/927 988/1/988 994/1/994 
f 994/1/994 932/1/932 927/1/927 
f 983/1/983 994/1/994 988/1/988 
f 988/1/988 986/1/986 983/1/983 
f 573/1/573 576/1/576 994/1/994 
f 932/1/932 994/1/994 576/1/576 
f 576/1/576 581/1/581 932/1/932 
f 995/1/995 572/1/572 563/1/563 
f 985/1/985 986/1/986 991/1/991 
f 990/1/990 996/1/996 995/1/995 
f 995/1/995 991/1/991 990/1/990 
f 572/1/572 995/1/995 996/1/996 
f 996/1/996 560/1/560 572/1/572 
f 560/1/560 996/1/996 997/1/997 
f 997/1/997 558/1/558 560/1/560 
f 993/1/993 997/1/997 996/1/996 
f 996/1/996 990/1/990 993/1/993 
f 973/1/973 970/1/970 997/1/997 
f 997/1/997 993/1/993 973/1/973 
f 558/1/558 997/1/997 970/1/970 
f 970/1/970 561/1/561 558/1/558 
f 848/1/848 998/1/998 999/1/999 
f 999/1/999 1000/1/1000 848/1/848 
f 1001/1/1001 999/1/999 998/1/998 
f 998/1/998 1002/1/1002 1001/1/1001 
f 1003/1/1003 1004/1/1004 999/1/999 
f 999/1/999 1001/1/1001 1003/1/1003 
f 1000/1/1000 999/1/999 1004/1/1004 
f 1004/1/1004 1005/1/1005 1000/1/1000 
f 822/1/822 1006/1/1006 1007/1/1007 
f 1007/1/1007 823/1/823 822/1/822 
f 1008/1/1008 1007/1/1007 1006/1/1006 
f 1006/1/1006 1009/1/1009 1008/1/1008 
f 832/1/832 831/1/831 1007/1/1007 
f 1007/1/1007 1008/1/1008 832/1/832 
f 823/1/823 1007/1/1007 831/1/831 
f 831/1/831 821/1/821 823/1/823 
f 1010/1/1010 975/1/975 974/1/974 
f 1011/1/1011 1012/1/1012 1013/1/1013 
f 1009/1/1009 1006/1/1006 1010/1/1010 
f 1010/1/1010 1013/1/1013 1009/1/1009 
f 975/1/975 1010/1/1010 1006/1/1006 
f 1006/1/1006 822/1/822 975/1/975 
f 1014/1/1014 1015/1/1015 1012/1/1012 
f 1011/1/1011 974/1/974 982/1/982 
f 1014/1/1014 982/1/982 968/1/968 
f 967/1/967 887/1/887 1015/1/1015 
f 1012/1/1012 1016/1/1016 1017/1/1017 
f 1017/1/1017 1013/1/1013 1012/1/1012 
f 1018/1/1018 1017/1/1017 1016/1/1016 
f 1016/1/1016 1019/1/1019 1018/1/1018 
f 1020/1/1020 1021/1/1021 1017/1/1017 
f 1017/1/1017 1018/1/1018 1020/1/1020 
f 1021/1/1021 1009/1/1009 1013/1/1013 
f 1016/1/1016 1022/1/1022 1023/1/1023 
f 1023/1/1023 1019/1/1019 1016/1/1016 
f 1015/1/1015 1022/1/1022 1016/1/1016 
f 1016/1/1016 1012/1/1012 1015/1/1015 
f 890/1/890 1022/1/1022 1015/1/1015 
f 1015/1/1015 887/1/887 890/1/890 
f 894/1/894 1023/1/1023 1022/1/1022 
f 1022/1/1022 890/1/890 894/1/894 
f 1024/1/1024 1025/1/1025 1026/1/1026 
f 1026/1/1026 1027/1/1027 1024/1/1024 
f 1028/1/1028 1026/1/1026 1025/1/1025 
f 1025/1/1025 1029/1/1029 1028/1/1028 
f 1030/1/1030 1026/1/1026 1028/1/1028 
f 1028/1/1028 1031/1/1031 1030/1/1030 
f 1027/1/1027 1026/1/1026 1030/1/1030 
f 1030/1/1030 1002/1/1002 1027/1/1027 
f 1032/1/1032 1033/1/1033 1034/1/1034 
f 1034/1/1034 1035/1/1035 1032/1/1032 
f 1036/1/1036 1034/1/1034 1033/1/1033 
f 1033/1/1033 1037/1/1037 1036/1/1036 
f 1019/1/1019 1023/1/1023 1034/1/1034 
f 1034/1/1034 1036/1/1036 1019/1/1019 
f 1035/1/1035 1034/1/1034 1023/1/1023 
f 1023/1/1023 894/1/894 1035/1/1035 
f 1038/1/1038 1039/1/1039 845/1/845 
f 845/1/845 844/1/844 1038/1/1038 
f 1027/1/1027 1039/1/1039 1038/1/1038 
f 1038/1/1038 1024/1/1024 1027/1/1027 
f 1002/1/1002 998/1/998 1039/1/1039 
f 1039/1/1039 1027/1/1027 1002/1/1002 
f 845/1/845 1039/1/1039 998/1/998 
f 998/1/998 848/1/848 845/1/845 
f 1020/1/1020 1018/1/1018 1040/1/1040 
f 1040/1/1040 1041/1/1041 1020/1/1020 
f 1036/1/1036 1040/1/1040 1018/1/1018 
f 1018/1/1018 1019/1/1019 1036/1/1036 
f 1037/1/1037 1042/1/1042 1040/1/1040 
f 1040/1/1040 1036/1/1036 1037/1/1037 
f 1043/1/1043 1041/1/1041 1040/1/1040 
f 1040/1/1040 1042/1/1042 1043/1/1043 
f 1032/1/1032 1044/1/1044 1045/1/1045 
f 1045/1/1045 1046/1/1046 1032/1/1032 
f 871/1/871 1045/1/1045 1044/1/1044 
f 1044/1/1044 868/1/868 871/1/871 
f 853/1/853 1047/1/1047 1045/1/1045 
f 1045/1/1045 871/1/871 853/1/853 
f 1046/1/1046 1045/1/1045 1047/1/1047 
f 1047/1/1047 1029/1/1029 1046/1/1046 
f 1024/1/1024 1048/1/1048 1049/1/1049 
f 1049/1/1049 1025/1/1025 1024/1/1024 
f 1037/1/1037 1033/1/1033 1049/1/1049 
f 1049/1/1049 1048/1/1048 1037/1/1037 
f 1046/1/1046 1049/1/1049 1033/1/1033 
f 1033/1/1033 1032/1/1032 1046/1/1046 
f 1029/1/1029 1025/1/1025 1049/1/1049 
f 1049/1/1049 1046/1/1046 1029/1/1029 
f 868/1/868 1044/1/1044 1050/1/1050 
f 1050/1/1050 877/1/877 868/1/868 
f 1035/1/1035 1050/1/1050 1044/1/1044 
f 1044/1/1044 1032/1/1032 1035/1/1035 
f 894/1/894 893/1/893 1050/1/1050 
f 1050/1/1050 1035/1/1035 894/1/894 
f 877/1/877 1050/1/1050 893/1/893 
f 893/1/893 874/1/874 877/1/877 
f 1037/1/1037 1048/1/1048 1051/1/1051 
f 1051/1/1051 1042/1/1042 1037/1/1037 
f 1038/1/1038 1051/1/1051 1048/1/1048 
f 1048/1/1048 1024/1/1024 1038/1/1038 
f 844/1/844 1052/1/1052 1051/1/1051 
f 1051/1/1051 1038/1/1038 844/1/844 
f 1042/1/1042 1051/1/1051 1052/1/1052 
f 1052/1/1052 1043/1/1043 1042/1/1042 
f 1053/1/1053 1054/1/1054 1055/1/1055 
f 1055/1/1055 1056/1/1056 1053/1/1053 
f 270/1/270 1055/1/1055 1054/1/1054 
f 1054/1/1054 253/1/253 270/1/270 
f 271/1/271 903/1/903 1055/1/1055 
f 1055/1/1055 270/1/270 271/1/271 
f 1056/1/1056 1055/1/1055 903/1/903 
f 903/1/903 904/1/904 1056/1/1056 
f 253/1/253 1054/1/1054 1057/1/1057 
f 1057/1/1057 252/1/252 253/1/253 
f 1058/1/1058 1057/1/1057 1054/1/1054 
f 1054/1/1054 1053/1/1053 1058/1/1058 
f 1059/1/1059 1060/1/1060 1057/1/1057 
f 1057/1/1057 1058/1/1058 1059/1/1059 
f 252/1/252 1057/1/1057 1060/1/1060 
f 1060/1/1060 254/1/254 252/1/252 
f 1053/1/1053 1061/1/1061 1062/1/1062 
f 1062/1/1062 1058/1/1058 1053/1/1053 
f 1063/1/1063 1062/1/1062 1061/1/1061 
f 1061/1/1061 1064/1/1064 1063/1/1063 
f 1065/1/1065 1066/1/1066 1062/1/1062 
f 1062/1/1062 1063/1/1063 1065/1/1065 
f 1058/1/1058 1062/1/1062 1066/1/1066 
f 1066/1/1066 1059/1/1059 1058/1/1058 
f 1067/1/1067 1068/1/1068 246/1/246 
f 246/1/246 245/1/245 1067/1/1067 
f 1069/1/1069 1070/1/1070 1068/1/1068 
f 1068/1/1068 1067/1/1067 1069/1/1069 
f 1071/1/1071 1068/1/1068 1070/1/1070 
f 1070/1/1070 1072/1/1072 1071/1/1071 
f 247/1/247 246/1/246 1068/1/1068 
f 1068/1/1068 1071/1/1071 247/1/247 
f 1073/1/1073 232/1/232 238/1/238 
f 1074/1/1074 1075/1/1075 1076/1/1076 
f 1077/1/1077 1078/1/1078 1073/1/1073 
f 1073/1/1073 1076/1/1076 1077/1/1077 
f 1078/1/1078 233/1/233 232/1/232 
f 1079/1/1079 1080/1/1080 1081/1/1081 
f 1081/1/1081 1082/1/1082 1079/1/1079 
f 260/1/260 1081/1/1081 1080/1/1080 
f 1080/1/1080 257/1/257 260/1/260 
f 265/1/265 1083/1/1083 1081/1/1081 
f 1081/1/1081 260/1/260 265/1/265 
f 1082/1/1082 1081/1/1081 1083/1/1083 
f 1083/1/1083 1084/1/1084 1082/1/1082 
f 1085/1/1085 1086/1/1086 1087/1/1087 
f 1087/1/1087 1088/1/1088 1085/1/1085 
f 1089/1/1089 1087/1/1087 1086/1/1086 
f 1086/1/1086 1090/1/1090 1089/1/1089 
f 223/1/223 230/1/230 1087/1/1087 
f 1087/1/1087 1089/1/1089 223/1/223 
f 1088/1/1088 1087/1/1087 230/1/230 
f 230/1/230 229/1/229 1088/1/1088 
f 1091/1/1091 1092/1/1092 1093/1/1093 
f 1093/1/1093 1094/1/1094 1091/1/1091 
f 89/1/89 1093/1/1093 1092/1/1092 
f 1092/1/1092 91/1/91 89/1/89 
f 90/1/90 218/1/218 1093/1/1093 
f 1093/1/1093 89/1/89 90/1/90 
f 1094/1/1094 1093/1/1093 218/1/218 
f 218/1/218 217/1/217 1094/1/1094 
f 1090/1/1090 1095/1/1095 1096/1/1096 
f 1096/1/1096 1089/1/1089 1090/1/1090 
f 1094/1/1094 1096/1/1096 1095/1/1095 
f 1095/1/1095 1091/1/1091 1094/1/1094 
f 217/1/217 224/1/224 1096/1/1096 
f 1096/1/1096 1094/1/1094 217/1/217 
f 1089/1/1089 1096/1/1096 224/1/224 
f 224/1/224 223/1/223 1089/1/1089 
f 1097/1/1097 1098/1/1098 1099/1/1099 
f 1099/1/1099 1100/1/1100 1097/1/1097 
f 1101/1/1101 1099/1/1099 1098/1/1098 
f 1098/1/1098 1102/1/1102 1101/1/1101 
f 1091/1/1091 1095/1/1095 1099/1/1099 
f 1099/1/1099 1101/1/1101 1091/1/1091 
f 1100/1/1100 1099/1/1099 1095/1/1095 
f 1095/1/1095 1090/1/1090 1100/1/1100 
f 1103/1/1103 1104/1/1104 92/1/92 
f 92/1/92 91/1/91 1103/1/1103 
f 1103/1/1103 1105/1/1105 1106/1/1106 
f 886/1/886 1104/1/1104 1106/1/1106 
f 1106/1/1106 865/1/865 886/1/886 
f 92/1/92 1104/1/1104 886/1/886 
f 886/1/886 93/1/93 92/1/92 
f 1102/1/1102 1107/1/1107 1108/1/1108 
f 1108/1/1108 1101/1/1101 1102/1/1102 
f 1103/1/1103 1108/1/1108 1107/1/1107 
f 1107/1/1107 1105/1/1105 1103/1/1103 
f 91/1/91 1092/1/1092 1108/1/1108 
f 1108/1/1108 1103/1/1103 91/1/91 
f 1101/1/1101 1108/1/1108 1092/1/1092 
f 1092/1/1092 1091/1/1091 1101/1/1101 
f 1109/1/1109 1110/1/1110 1111/1/1111 
f 1111/1/1111 1112/1/1112 1109/1/1109 
f 1110/1/1110 1113/1/1113 1114/1/1114 
f 1111/1/1111 1114/1/1114 1115/1/1115 
f 1116/1/1116 1117/1/1117 1112/1/1112 
f 1118/1/1118 1119/1/1119 1120/1/1120 
f 1120/1/1120 1121/1/1121 1118/1/1118 
f 1112/1/1112 1120/1/1120 1119/1/1119 
f 1119/1/1119 1109/1/1109 1112/1/1112 
f 1117/1/1117 1122/1/1122 1120/1/1120 
f 1120/1/1120 1112/1/1112 1117/1/1117 
f 1121/1/1121 1120/1/1120 1122/1/1122 
f 1122/1/1122 1123/1/1123 1121/1/1121 
f 1124/1/1124 1125/1/1125 1126/1/1126 
f 1126/1/1126 1127/1/1127 1124/1/1124 
f 1128/1/1128 1129/1/1129 1125/1/1125 
f 1125/1/1125 1124/1/1124 1128/1/1128 
f 1130/1/1130 1125/1/1125 1129/1/1129 
f 1129/1/1129 1131/1/1131 1130/1/1130 
f 1132/1/1132 1126/1/1126 1125/1/1125 
f 1125/1/1125 1130/1/1130 1132/1/1132 
f 1133/1/1133 1134/1/1134 1135/1/1135 
f 1135/1/1135 1136/1/1136 1133/1/1133 
f 1137/1/1137 1135/1/1135 1134/1/1134 
f 1134/1/1134 1138/1/1138 1137/1/1137 
f 1139/1/1139 1140/1/1140 1135/1/1135 
f 1135/1/1135 1137/1/1137 1139/1/1139 
f 1136/1/1136 1135/1/1135 1140/1/1140 
f 1140/1/1140 1141/1/1141 1136/1/1136 
f 1064/1/1064 1142/1/1142 1143/1/1143 
f 1143/1/1143 1063/1/1063 1064/1/1064 
f 1144/1/1144 1143/1/1143 1142/1/1142 
f 1142/1/1142 1145/1/1145 1144/1/1144 
f 1143/1/1143 1144/1/1144 1146/1/1146 
f 1063/1/1063 1143/1/1143 1147/1/1147 
f 1147/1/1147 1065/1/1065 1063/1/1063 
f 1148/1/1148 1149/1/1149 1150/1/1150 
f 1151/1/1151 1152/1/1152 1150/1/1150 
f 1150/1/1150 1153/1/1153 1151/1/1151 
f 1152/1/1152 1151/1/1151 1154/1/1154 
f 1148/1/1148 1152/1/1152 1155/1/1155 
f 1155/1/1155 1156/1/1156 1148/1/1148 
f 1157/1/1157 1144/1/1144 1145/1/1145 
f 1158/1/1158 1159/1/1159 1157/1/1157 
f 1157/1/1157 1160/1/1160 1158/1/1158 
f 1157/1/1157 1159/1/1159 1161/1/1161 
f 1146/1/1146 1144/1/1144 1157/1/1157 
f 1157/1/1157 1162/1/1162 1146/1/1146 
f 1163/1/1163 1159/1/1159 1158/1/1158 
f 1163/1/1163 1164/1/1164 1153/1/1153 
f 1149/1/1149 1165/1/1165 1163/1/1163 
f 1163/1/1163 1150/1/1150 1149/1/1149 
f 1165/1/1165 1161/1/1161 1159/1/1159 
f 1166/1/1166 1056/1/1056 904/1/904 
f 1167/1/1167 1166/1/1166 1168/1/1168 
f 1168/1/1168 1169/1/1169 1167/1/1167 
f 1064/1/1064 1061/1/1061 1166/1/1166 
f 1166/1/1166 1167/1/1167 1064/1/1064 
f 1056/1/1056 1166/1/1166 1061/1/1061 
f 1061/1/1061 1053/1/1053 1056/1/1056 
f 1167/1/1167 1169/1/1169 1170/1/1170 
f 1145/1/1145 1142/1/1142 1171/1/1171 
f 1171/1/1171 1170/1/1170 1145/1/1145 
f 1064/1/1064 1167/1/1167 1171/1/1171 
f 1171/1/1171 1142/1/1142 1064/1/1064 
f 1172/1/1172 1173/1/1173 1174/1/1174 
f 1175/1/1175 1158/1/1158 1160/1/1160 
f 1160/1/1160 1145/1/1145 1170/1/1170 
f 1172/1/1172 1170/1/1170 1169/1/1169 
f 1158/1/1158 1175/1/1175 1176/1/1176 
f 1176/1/1176 1164/1/1164 1158/1/1158 
f 1175/1/1175 1174/1/1174 1177/1/1177 
f 1178/1/1178 1179/1/1179 1176/1/1176 
f 1176/1/1176 1177/1/1177 1178/1/1178 
f 1179/1/1179 1153/1/1153 1164/1/1164 
f 578/1/578 592/1/592 1180/1/1180 
f 1180/1/1180 577/1/577 578/1/578 
f 1181/1/1181 1180/1/1180 592/1/592 
f 592/1/592 591/1/591 1181/1/1181 
f 1182/1/1182 1183/1/1183 1180/1/1180 
f 1180/1/1180 1181/1/1181 1182/1/1182 
f 577/1/577 1180/1/1180 1183/1/1183 
f 1183/1/1183 579/1/579 577/1/577 
f 579/1/579 1183/1/1183 1184/1/1184 
f 1184/1/1184 908/1/908 579/1/579 
f 1183/1/1183 1182/1/1182 1185/1/1185 
f 1169/1/1169 1168/1/1168 1184/1/1184 
f 1184/1/1184 1185/1/1185 1169/1/1169 
f 908/1/908 1184/1/1184 1168/1/1168 
f 1168/1/1168 904/1/904 908/1/908 
f 598/1/598 1186/1/1186 1187/1/1187 
f 1187/1/1187 596/1/596 598/1/598 
f 1188/1/1188 1187/1/1187 1186/1/1186 
f 1186/1/1186 1189/1/1189 1188/1/1188 
f 606/1/606 604/1/604 1187/1/1187 
f 1187/1/1187 1188/1/1188 606/1/606 
f 604/1/604 593/1/593 596/1/596 
f 1185/1/1185 1190/1/1190 1173/1/1173 
f 1173/1/1173 1169/1/1169 1185/1/1185 
f 1182/1/1182 1191/1/1191 1190/1/1190 
f 1190/1/1190 1185/1/1185 1182/1/1182 
f 1192/1/1192 1190/1/1190 1191/1/1191 
f 1191/1/1191 1193/1/1193 1192/1/1192 
f 1173/1/1173 1190/1/1190 1192/1/1192 
f 1192/1/1192 1174/1/1174 1173/1/1173 
f 1194/1/1194 1189/1/1189 1195/1/1195 
f 1196/1/1196 1197/1/1197 1198/1/1198 
f 1198/1/1198 1195/1/1195 1196/1/1196 
f 1194/1/1194 1198/1/1198 1197/1/1197 
f 1197/1/1197 1193/1/1193 1194/1/1194 
f 591/1/591 1199/1/1199 1200/1/1200 
f 1200/1/1200 1181/1/1181 591/1/591 
f 1194/1/1194 1200/1/1200 1199/1/1199 
f 1199/1/1199 1189/1/1189 1194/1/1194 
f 1193/1/1193 1191/1/1191 1200/1/1200 
f 1200/1/1200 1194/1/1194 1193/1/1193 
f 1181/1/1181 1200/1/1200 1191/1/1191 
f 1191/1/1191 1182/1/1182 1181/1/1181 
f 634/1/634 1201/1/1201 1202/1/1202 
f 1202/1/1202 633/1/633 634/1/634 
f 1201/1/1201 1189/1/1189 1199/1/1199 
f 589/1/589 1202/1/1202 1199/1/1199 
f 1199/1/1199 591/1/591 589/1/589 
f 633/1/633 1202/1/1202 589/1/589 
f 589/1/589 590/1/590 633/1/633 
f 1188/1/1188 1203/1/1203 615/1/615 
f 615/1/615 606/1/606 1188/1/1188 
f 1188/1/1188 1189/1/1189 1201/1/1201 
f 1201/1/1201 634/1/634 641/1/641 
f 616/1/616 615/1/615 1203/1/1203 
f 1203/1/1203 641/1/641 616/1/616 
f 1204/1/1204 1177/1/1177 1174/1/1174 
f 1193/1/1193 1197/1/1197 1204/1/1204 
f 1204/1/1204 1192/1/1192 1193/1/1193 
f 1204/1/1204 1197/1/1197 1196/1/1196 
f 1205/1/1205 1178/1/1178 1177/1/1177 
f 1206/1/1206 1207/1/1207 1208/1/1208 
f 1208/1/1208 1209/1/1209 1206/1/1206 
f 1210/1/1210 1208/1/1208 1207/1/1207 
f 1207/1/1207 1211/1/1211 1210/1/1210 
f 1212/1/1212 1213/1/1213 1208/1/1208 
f 1208/1/1208 1210/1/1210 1212/1/1212 
f 1209/1/1209 1208/1/1208 1213/1/1213 
f 1213/1/1213 1214/1/1214 1209/1/1209 
f 1212/1/1212 1215/1/1215 1216/1/1216 
f 1216/1/1216 1213/1/1213 1212/1/1212 
f 1217/1/1217 1216/1/1216 1215/1/1215 
f 1215/1/1215 1218/1/1218 1217/1/1217 
f 1219/1/1219 1220/1/1220 1216/1/1216 
f 1216/1/1216 1217/1/1217 1219/1/1219 
f 1220/1/1220 1214/1/1214 1213/1/1213 
f 1210/1/1210 1221/1/1221 1215/1/1215 
f 1215/1/1215 1212/1/1212 1210/1/1210 
f 1222/1/1222 1221/1/1221 1210/1/1210 
f 1210/1/1210 1211/1/1211 1222/1/1222 
f 1223/1/1223 1224/1/1224 1221/1/1221 
f 1221/1/1221 1222/1/1222 1223/1/1223 
f 1215/1/1215 1221/1/1221 1224/1/1224 
f 1224/1/1224 1218/1/1218 1215/1/1215 
f 1225/1/1225 1226/1/1226 1227/1/1227 
f 1227/1/1227 1228/1/1228 1225/1/1225 
f 1229/1/1229 1230/1/1230 1226/1/1226 
f 1226/1/1226 1225/1/1225 1229/1/1229 
f 1222/1/1222 1226/1/1226 1230/1/1230 
f 1230/1/1230 1223/1/1223 1222/1/1222 
f 1211/1/1211 1227/1/1227 1226/1/1226 
f 1226/1/1226 1222/1/1222 1211/1/1211 
f 1218/1/1218 1224/1/1224 1231/1/1231 
f 1231/1/1231 1232/1/1232 1218/1/1218 
f 1233/1/1233 1231/1/1231 1224/1/1224 
f 1224/1/1224 1223/1/1223 1233/1/1233 
f 1234/1/1234 1235/1/1235 1231/1/1231 
f 1231/1/1231 1233/1/1233 1234/1/1234 
f 1232/1/1232 1231/1/1231 1235/1/1235 
f 1235/1/1235 1236/1/1236 1232/1/1232 
f 1229/1/1229 1237/1/1237 1238/1/1238 
f 1238/1/1238 1230/1/1230 1229/1/1229 
f 1239/1/1239 1238/1/1238 1237/1/1237 
f 1237/1/1237 1240/1/1240 1239/1/1239 
f 1234/1/1234 1233/1/1233 1238/1/1238 
f 1238/1/1238 1239/1/1239 1234/1/1234 
f 1223/1/1223 1230/1/1230 1238/1/1238 
f 1238/1/1238 1233/1/1233 1223/1/1223 
f 1241/1/1241 1242/1/1242 1239/1/1239 
f 1239/1/1239 1240/1/1240 1241/1/1241 
f 1243/1/1243 1244/1/1244 1242/1/1242 
f 1242/1/1242 1241/1/1241 1243/1/1243 
f 1245/1/1245 1242/1/1242 1244/1/1244 
f 1244/1/1244 1246/1/1246 1245/1/1245 
f 1234/1/1234 1239/1/1239 1242/1/1242 
f 1242/1/1242 1245/1/1245 1234/1/1234 
f 1247/1/1247 1248/1/1248 1249/1/1249 
f 1249/1/1249 1250/1/1250 1247/1/1247 
f 1251/1/1251 1252/1/1252 1249/1/1249 
f 1249/1/1249 1248/1/1248 1251/1/1251 
f 1122/1/1122 1249/1/1249 1252/1/1252 
f 1252/1/1252 1123/1/1123 1122/1/1122 
f 1250/1/1250 1249/1/1249 1122/1/1122 
f 1122/1/1122 1117/1/1117 1250/1/1250 
f 1253/1/1253 1254/1/1254 1255/1/1255 
f 1255/1/1255 1256/1/1256 1253/1/1253 
f 1257/1/1257 1255/1/1255 1254/1/1254 
f 1254/1/1254 1258/1/1258 1257/1/1257 
f 1102/1/1102 1098/1/1098 1255/1/1255 
f 1255/1/1255 1257/1/1257 1102/1/1102 
f 1256/1/1256 1255/1/1255 1098/1/1098 
f 1098/1/1098 1097/1/1097 1256/1/1256 
f 1259/1/1259 1257/1/1257 1258/1/1258 
f 1107/1/1107 1259/1/1259 1260/1/1260 
f 1260/1/1260 1105/1/1105 1107/1/1107 
f 1257/1/1257 1259/1/1259 1107/1/1107 
f 1107/1/1107 1102/1/1102 1257/1/1257 
f 1115/1/1115 1261/1/1261 1262/1/1262 
f 1262/1/1262 1116/1/1116 1115/1/1115 
f 1261/1/1261 1263/1/1263 1264/1/1264 
f 1247/1/1247 1250/1/1250 1262/1/1262 
f 1117/1/1117 1116/1/1116 1262/1/1262 
f 1262/1/1262 1250/1/1250 1117/1/1117 
f 1265/1/1265 1266/1/1266 1267/1/1267 
f 1268/1/1268 1265/1/1265 1269/1/1269 
f 1269/1/1269 1270/1/1270 1268/1/1268 
f 1265/1/1265 1268/1/1268 1263/1/1263 
f 1261/1/1261 1115/1/1115 1266/1/1266 
f 1271/1/1271 1264/1/1264 1263/1/1263 
f 1272/1/1272 1271/1/1271 1273/1/1273 
f 1273/1/1273 1274/1/1274 1272/1/1272 
f 1275/1/1275 1276/1/1276 1271/1/1271 
f 1271/1/1271 1272/1/1272 1275/1/1275 
f 1264/1/1264 1271/1/1271 1276/1/1276 
f 1276/1/1276 1247/1/1247 1264/1/1264 
f 1274/1/1274 1277/1/1277 1278/1/1278 
f 1277/1/1277 1270/1/1270 1279/1/1279 
f 1279/1/1279 1105/1/1105 1260/1/1260 
f 1260/1/1260 1258/1/1258 1280/1/1280 
f 1105/1/1105 1279/1/1279 1281/1/1281 
f 1281/1/1281 1106/1/1106 1105/1/1105 
f 1279/1/1279 1270/1/1270 1282/1/1282 
f 866/1/866 864/1/864 1281/1/1281 
f 1281/1/1281 1282/1/1282 866/1/866 
f 864/1/864 865/1/865 1106/1/1106 
f 1274/1/1274 1273/1/1273 1283/1/1283 
f 1283/1/1283 1277/1/1277 1274/1/1274 
f 1263/1/1263 1268/1/1268 1283/1/1283 
f 1283/1/1283 1273/1/1273 1263/1/1263 
f 1277/1/1277 1283/1/1283 1268/1/1268 
f 1268/1/1268 1270/1/1270 1277/1/1277 
f 859/1/859 867/1/867 1284/1/1284 
f 1284/1/1284 1285/1/1285 859/1/859 
f 1282/1/1282 1284/1/1284 867/1/867 
f 867/1/867 866/1/866 1282/1/1282 
f 1270/1/1270 1269/1/1269 1284/1/1284 
f 1284/1/1284 1282/1/1282 1270/1/1270 
f 1285/1/1285 1284/1/1284 1269/1/1269 
f 1269/1/1269 1267/1/1267 1285/1/1285 
f 1286/1/1286 1287/1/1287 1275/1/1275 
f 1274/1/1274 1280/1/1280 1286/1/1286 
f 1286/1/1286 1272/1/1272 1274/1/1274 
f 1258/1/1258 1254/1/1254 1286/1/1286 
f 1286/1/1286 1280/1/1280 1258/1/1258 
f 1254/1/1254 1253/1/1253 1287/1/1287 
f 861/1/861 1288/1/1288 1289/1/1289 
f 1289/1/1289 856/1/856 861/1/861 
f 1028/1/1028 1289/1/1289 1288/1/1288 
f 1288/1/1288 1031/1/1031 1028/1/1028 
f 1029/1/1029 1047/1/1047 1289/1/1289 
f 1289/1/1289 1028/1/1028 1029/1/1029 
f 856/1/856 1289/1/1289 1047/1/1047 
f 1047/1/1047 853/1/853 856/1/856 
f 1002/1/1002 1030/1/1030 1290/1/1290 
f 1290/1/1290 1001/1/1001 1002/1/1002 
f 1031/1/1031 1291/1/1291 1290/1/1290 
f 1290/1/1290 1030/1/1030 1031/1/1031 
f 1292/1/1292 1290/1/1290 1291/1/1291 
f 1291/1/1291 1293/1/1293 1292/1/1292 
f 1001/1/1001 1290/1/1290 1292/1/1292 
f 1292/1/1292 1003/1/1003 1001/1/1001 
f 1294/1/1294 1285/1/1285 1267/1/1267 
f 1295/1/1295 1294/1/1294 1296/1/1296 
f 1296/1/1296 1297/1/1297 1295/1/1295 
f 861/1/861 860/1/860 1294/1/1294 
f 1294/1/1294 1295/1/1295 861/1/861 
f 1285/1/1285 1294/1/1294 860/1/860 
f 860/1/860 859/1/859 1285/1/1285 
f 1115/1/1115 1114/1/1114 1298/1/1298 
f 1298/1/1298 1266/1/1266 1115/1/1115 
f 1299/1/1299 1298/1/1298 1114/1/1114 
f 1114/1/1114 1113/1/1113 1299/1/1299 
f 1297/1/1297 1296/1/1296 1298/1/1298 
f 1298/1/1298 1299/1/1299 1297/1/1297 
f 1296/1/1296 1267/1/1267 1266/1/1266 
f 1300/1/1300 1301/1/1301 1302/1/1302 
f 1302/1/1302 1303/1/1303 1300/1/1300 
f 1031/1/1031 1288/1/1288 1301/1/1301 
f 1301/1/1301 1300/1/1300 1031/1/1031 
f 1295/1/1295 1301/1/1301 1288/1/1288 
f 1288/1/1288 861/1/861 1295/1/1295 
f 1297/1/1297 1302/1/1302 1301/1/1301 
f 1293/1/1293 1291/1/1291 1304/1/1304 
f 1304/1/1304 1305/1/1305 1293/1/1293 
f 1300/1/1300 1304/1/1304 1291/1/1291 
f 1291/1/1291 1031/1/1031 1300/1/1300 
f 1303/1/1303 1305/1/1305 1304/1/1304 
f 1304/1/1304 1300/1/1300 1303/1/1303 
f 1299/1/1299 1306/1/1306 1307/1/1307 
f 1307/1/1307 1297/1/1297 1299/1/1299 
f 1113/1/1113 1308/1/1308 1306/1/1306 
f 1306/1/1306 1299/1/1299 1113/1/1113 
f 1309/1/1309 1307/1/1307 1306/1/1306 
f 1306/1/1306 1308/1/1308 1309/1/1309 
f 1293/1/1293 1310/1/1310 1311/1/1311 
f 1311/1/1311 1292/1/1292 1293/1/1293 
f 1312/1/1312 1313/1/1313 1311/1/1311 
f 1311/1/1311 1310/1/1310 1312/1/1312 
f 1314/1/1314 1311/1/1311 1313/1/1313 
f 1313/1/1313 1315/1/1315 1314/1/1314 
f 1003/1/1003 1292/1/1292 1311/1/1311 
f 1311/1/1311 1314/1/1314 1003/1/1003 
f 1316/1/1316 1317/1/1317 1305/1/1305 
f 1305/1/1305 1303/1/1303 1316/1/1316 
f 1317/1/1317 1316/1/1316 1318/1/1318 
f 1310/1/1310 1317/1/1317 1319/1/1319 
f 1319/1/1319 1312/1/1312 1310/1/1310 
f 1305/1/1305 1317/1/1317 1310/1/1310 
f 1310/1/1310 1293/1/1293 1305/1/1305 
f 1309/1/1309 1320/1/1320 1321/1/1321 
f 1321/1/1321 1307/1/1307 1309/1/1309 
f 1316/1/1316 1321/1/1321 1320/1/1320 
f 1320/1/1320 1318/1/1318 1316/1/1316 
f 1303/1/1303 1302/1/1302 1321/1/1321 
f 1321/1/1321 1316/1/1316 1303/1/1303 
f 1307/1/1307 1321/1/1321 1302/1/1302 
f 1302/1/1302 1297/1/1297 1307/1/1307 
f 1313/1/1313 1312/1/1312 1322/1/1322 
f 1323/1/1323 1324/1/1324 1325/1/1325 
f 1325/1/1325 1322/1/1322 1323/1/1323 
f 1326/1/1326 1325/1/1325 1324/1/1324 
f 1324/1/1324 1327/1/1327 1326/1/1326 
f 1315/1/1315 1313/1/1313 1325/1/1325 
f 1325/1/1325 1326/1/1326 1315/1/1315 
f 1328/1/1328 1329/1/1329 1110/1/1110 
f 1110/1/1110 1109/1/1109 1328/1/1328 
f 1330/1/1330 1331/1/1331 1329/1/1329 
f 1329/1/1329 1328/1/1328 1330/1/1330 
f 1309/1/1309 1308/1/1308 1329/1/1329 
f 1329/1/1329 1331/1/1331 1309/1/1309 
f 1110/1/1110 1329/1/1329 1308/1/1308 
f 1308/1/1308 1113/1/1113 1110/1/1110 
f 1330/1/1330 1332/1/1332 1333/1/1333 
f 1333/1/1333 1331/1/1331 1330/1/1330 
f 1334/1/1334 1333/1/1333 1332/1/1332 
f 1332/1/1332 1335/1/1335 1334/1/1334 
f 1333/1/1333 1334/1/1334 1318/1/1318 
f 1331/1/1331 1333/1/1333 1320/1/1320 
f 1320/1/1320 1309/1/1309 1331/1/1331 
f 1335/1/1335 1336/1/1336 1337/1/1337 
f 1337/1/1337 1334/1/1334 1335/1/1335 
f 1322/1/1322 1337/1/1337 1336/1/1336 
f 1336/1/1336 1323/1/1323 1322/1/1322 
f 1312/1/1312 1319/1/1319 1337/1/1337 
f 1337/1/1337 1322/1/1322 1312/1/1312 
f 1319/1/1319 1318/1/1318 1334/1/1334 
f 1338/1/1338 1339/1/1339 1340/1/1340 
f 1340/1/1340 1341/1/1341 1338/1/1338 
f 1342/1/1342 1340/1/1340 1339/1/1339 
f 1339/1/1339 1343/1/1343 1342/1/1342 
f 1327/1/1327 1324/1/1324 1340/1/1340 
f 1340/1/1340 1342/1/1342 1327/1/1327 
f 1324/1/1324 1323/1/1323 1341/1/1341 
f 1109/1/1109 1119/1/1119 1344/1/1344 
f 1344/1/1344 1328/1/1328 1109/1/1109 
f 1345/1/1345 1344/1/1344 1119/1/1119 
f 1119/1/1119 1118/1/1118 1345/1/1345 
f 1346/1/1346 1344/1/1344 1345/1/1345 
f 1345/1/1345 1347/1/1347 1346/1/1346 
f 1328/1/1328 1344/1/1344 1346/1/1346 
f 1346/1/1346 1330/1/1330 1328/1/1328 
f 1347/1/1347 1348/1/1348 1349/1/1349 
f 1349/1/1349 1346/1/1346 1347/1/1347 
f 1350/1/1350 1349/1/1349 1348/1/1348 
f 1348/1/1348 1351/1/1351 1350/1/1350 
f 1335/1/1335 1332/1/1332 1349/1/1349 
f 1349/1/1349 1350/1/1350 1335/1/1335 
f 1346/1/1346 1349/1/1349 1332/1/1332 
f 1332/1/1332 1330/1/1330 1346/1/1346 
f 1351/1/1351 1352/1/1352 1353/1/1353 
f 1353/1/1353 1350/1/1350 1351/1/1351 
f 1341/1/1341 1353/1/1353 1352/1/1352 
f 1352/1/1352 1338/1/1338 1341/1/1341 
f 1323/1/1323 1336/1/1336 1353/1/1353 
f 1353/1/1353 1341/1/1341 1323/1/1323 
f 1350/1/1350 1353/1/1353 1336/1/1336 
f 1336/1/1336 1335/1/1335 1350/1/1350 
f 1354/1/1354 1355/1/1355 1356/1/1356 
f 1356/1/1356 1357/1/1357 1354/1/1354 
f 1358/1/1358 1356/1/1356 1355/1/1355 
f 1355/1/1355 1359/1/1359 1358/1/1358 
f 1360/1/1360 1361/1/1361 1356/1/1356 
f 1356/1/1356 1358/1/1358 1360/1/1360 
f 1357/1/1357 1356/1/1356 1361/1/1361 
f 1361/1/1361 1362/1/1362 1357/1/1357 
f 1363/1/1363 1355/1/1355 1354/1/1354 
f 1364/1/1364 1363/1/1363 1365/1/1365 
f 1365/1/1365 1366/1/1366 1364/1/1364 
f 1367/1/1367 1368/1/1368 1363/1/1363 
f 1363/1/1363 1364/1/1364 1367/1/1367 
f 1355/1/1355 1363/1/1363 1368/1/1368 
f 1368/1/1368 1359/1/1359 1355/1/1355 
f 1369/1/1369 1370/1/1370 1371/1/1371 
f 1371/1/1371 1372/1/1372 1369/1/1369 
f 1370/1/1370 1373/1/1373 1374/1/1374 
f 1375/1/1375 1376/1/1376 1371/1/1371 
f 1371/1/1371 1374/1/1374 1375/1/1375 
f 1377/1/1377 1372/1/1372 1371/1/1371 
f 1371/1/1371 1376/1/1376 1377/1/1377 
f 1373/1/1373 1378/1/1378 1379/1/1379 
f 1379/1/1379 1374/1/1374 1373/1/1373 
f 1380/1/1380 1379/1/1379 1378/1/1378 
f 1378/1/1378 1381/1/1381 1380/1/1380 
f 1382/1/1382 1383/1/1383 1379/1/1379 
f 1379/1/1379 1380/1/1380 1382/1/1382 
f 1374/1/1374 1379/1/1379 1383/1/1383 
f 1383/1/1383 1375/1/1375 1374/1/1374 
f 1156/1/1156 1155/1/1155 1384/1/1384 
f 1384/1/1384 1385/1/1385 1156/1/1156 
f 1386/1/1386 1384/1/1384 1155/1/1155 
f 1155/1/1155 1154/1/1154 1386/1/1386 
f 1387/1/1387 1388/1/1388 1384/1/1384 
f 1384/1/1384 1386/1/1386 1387/1/1387 
f 1385/1/1385 1384/1/1384 1388/1/1388 
f 1388/1/1388 1389/1/1389 1385/1/1385 
f 1390/1/1390 1391/1/1391 1392/1/1392 
f 1392/1/1392 1393/1/1393 1390/1/1390 
f 1391/1/1391 1394/1/1394 1395/1/1395 
f 1381/1/1381 1378/1/1378 1392/1/1392 
f 1392/1/1392 1395/1/1395 1381/1/1381 
f 1378/1/1378 1373/1/1373 1393/1/1393 
f 1394/1/1394 1391/1/1391 1396/1/1396 
f 1396/1/1396 1397/1/1397 1394/1/1394 
f 1398/1/1398 1396/1/1396 1391/1/1391 
f 1391/1/1391 1390/1/1390 1398/1/1398 
f 1389/1/1389 1388/1/1388 1396/1/1396 
f 1396/1/1396 1398/1/1398 1389/1/1389 
f 1397/1/1397 1396/1/1396 1388/1/1388 
f 1388/1/1388 1387/1/1387 1397/1/1397 
f 1399/1/1399 1400/1/1400 1401/1/1401 
f 1401/1/1401 1402/1/1402 1399/1/1399 
f 1403/1/1403 1401/1/1401 1400/1/1400 
f 1400/1/1400 1404/1/1404 1403/1/1403 
f 1405/1/1405 1406/1/1406 1401/1/1401 
f 1401/1/1401 1403/1/1403 1405/1/1405 
f 1402/1/1402 1401/1/1401 1406/1/1406 
f 1406/1/1406 1407/1/1407 1402/1/1402 
f 1408/1/1408 1409/1/1409 1410/1/1410 
f 1410/1/1410 1411/1/1411 1408/1/1408 
f 1151/1/1151 1410/1/1410 1409/1/1409 
f 1409/1/1409 1154/1/1154 1151/1/1151 
f 1410/1/1410 1151/1/1151 1153/1/1153 
f 1411/1/1411 1410/1/1410 1179/1/1179 
f 1179/1/1179 1178/1/1178 1411/1/1411 
f 1412/1/1412 1413/1/1413 1409/1/1409 
f 1409/1/1409 1408/1/1408 1412/1/1412 
f 1386/1/1386 1413/1/1413 1412/1/1412 
f 1412/1/1412 1387/1/1387 1386/1/1386 
f 1413/1/1413 1386/1/1386 1154/1/1154 
f 1381/1/1381 1414/1/1414 1415/1/1415 
f 1415/1/1415 1380/1/1380 1381/1/1381 
f 1402/1/1402 1415/1/1415 1414/1/1414 
f 1414/1/1414 1399/1/1399 1402/1/1402 
f 1407/1/1407 1416/1/1416 1415/1/1415 
f 1415/1/1415 1402/1/1402 1407/1/1407 
f 1380/1/1380 1415/1/1415 1416/1/1416 
f 1416/1/1416 1382/1/1382 1380/1/1380 
f 1178/1/1178 1205/1/1205 1417/1/1417 
f 1417/1/1417 1411/1/1411 1178/1/1178 
f 1205/1/1205 1196/1/1196 1418/1/1418 
f 1419/1/1419 1420/1/1420 1417/1/1417 
f 1417/1/1417 1418/1/1418 1419/1/1419 
f 1420/1/1420 1408/1/1408 1411/1/1411 
f 1421/1/1421 1422/1/1422 1423/1/1423 
f 1421/1/1421 1424/1/1424 1408/1/1408 
f 1422/1/1422 1421/1/1421 1420/1/1420 
f 1420/1/1420 1419/1/1419 1422/1/1422 
f 1404/1/1404 1425/1/1425 1426/1/1426 
f 1419/1/1419 1427/1/1427 1426/1/1426 
f 597/1/597 1426/1/1426 1427/1/1427 
f 1427/1/1427 598/1/598 597/1/597 
f 597/1/597 537/1/537 1428/1/1428 
f 1429/1/1429 1423/1/1423 1422/1/1422 
f 1425/1/1425 1430/1/1430 1422/1/1422 
f 1422/1/1422 1419/1/1419 1425/1/1425 
f 1430/1/1430 1425/1/1425 1404/1/1404 
f 1429/1/1429 1430/1/1430 1400/1/1400 
f 1400/1/1400 1399/1/1399 1429/1/1429 
f 598/1/598 1427/1/1427 1431/1/1431 
f 1431/1/1431 1186/1/1186 598/1/598 
f 1418/1/1418 1431/1/1431 1427/1/1427 
f 1427/1/1427 1419/1/1419 1418/1/1418 
f 1196/1/1196 1195/1/1195 1431/1/1431 
f 1431/1/1431 1418/1/1418 1196/1/1196 
f 1186/1/1186 1431/1/1431 1195/1/1195 
f 1195/1/1195 1189/1/1189 1186/1/1186 
f 1394/1/1394 1432/1/1432 1433/1/1433 
f 1433/1/1433 1395/1/1395 1394/1/1394 
f 1429/1/1429 1433/1/1433 1432/1/1432 
f 1432/1/1432 1423/1/1423 1429/1/1429 
f 1433/1/1433 1429/1/1429 1399/1/1399 
f 1395/1/1395 1433/1/1433 1414/1/1414 
f 1414/1/1414 1381/1/1381 1395/1/1395 
f 1412/1/1412 1408/1/1408 1424/1/1424 
f 1432/1/1432 1434/1/1434 1424/1/1424 
f 1424/1/1424 1423/1/1423 1432/1/1432 
f 1432/1/1432 1394/1/1394 1397/1/1397 
f 1434/1/1434 1397/1/1397 1387/1/1387 
f 1435/1/1435 1436/1/1436 1437/1/1437 
f 1437/1/1437 1438/1/1438 1435/1/1435 
f 1416/1/1416 1437/1/1437 1436/1/1436 
f 1436/1/1436 1382/1/1382 1416/1/1416 
f 1407/1/1407 1406/1/1406 1437/1/1437 
f 1437/1/1437 1416/1/1416 1407/1/1407 
f 1406/1/1406 1405/1/1405 1438/1/1438 
f 1439/1/1439 1440/1/1440 1436/1/1436 
f 1436/1/1436 1435/1/1435 1439/1/1439 
f 1441/1/1441 1440/1/1440 1439/1/1439 
f 1439/1/1439 1442/1/1442 1441/1/1441 
f 1440/1/1440 1441/1/1441 1375/1/1375 
f 1436/1/1436 1440/1/1440 1383/1/1383 
f 1383/1/1383 1382/1/1382 1436/1/1436 
f 1443/1/1443 1444/1/1444 1445/1/1445 
f 1445/1/1445 1446/1/1446 1443/1/1443 
f 1447/1/1447 1445/1/1445 1444/1/1444 
f 1444/1/1444 1448/1/1448 1447/1/1447 
f 1445/1/1445 1447/1/1447 1442/1/1442 
f 1446/1/1446 1445/1/1445 1439/1/1439 
f 1439/1/1439 1435/1/1435 1446/1/1446 
f 1441/1/1441 1449/1/1449 1376/1/1376 
f 1376/1/1376 1375/1/1375 1441/1/1441 
f 1442/1/1442 1450/1/1450 1449/1/1449 
f 1449/1/1449 1441/1/1441 1442/1/1442 
f 1451/1/1451 1452/1/1452 1449/1/1449 
f 1449/1/1449 1450/1/1450 1451/1/1451 
f 1377/1/1377 1376/1/1376 1449/1/1449 
f 1447/1/1447 1453/1/1453 1450/1/1450 
f 1450/1/1450 1442/1/1442 1447/1/1447 
f 1448/1/1448 1454/1/1454 1453/1/1453 
f 1453/1/1453 1447/1/1447 1448/1/1448 
f 1455/1/1455 1456/1/1456 1453/1/1453 
f 1453/1/1453 1454/1/1454 1455/1/1455 
f 1450/1/1450 1453/1/1453 1456/1/1456 
f 1456/1/1456 1451/1/1451 1450/1/1450 
f 1457/1/1457 1458/1/1458 1459/1/1459 
f 1459/1/1459 1460/1/1460 1457/1/1457 
f 1461/1/1461 1459/1/1459 1458/1/1458 
f 1458/1/1458 1462/1/1462 1461/1/1461 
f 1463/1/1463 1464/1/1464 1459/1/1459 
f 1459/1/1459 1461/1/1461 1463/1/1463 
f 1460/1/1460 1459/1/1459 1464/1/1464 
f 1464/1/1464 1465/1/1465 1460/1/1460 
f 1466/1/1466 1467/1/1467 1468/1/1468 
f 1468/1/1468 1469/1/1469 1466/1/1466 
f 1470/1/1470 1468/1/1468 1467/1/1467 
f 1467/1/1467 1471/1/1471 1470/1/1470 
f 1362/1/1362 1361/1/1361 1468/1/1468 
f 1468/1/1468 1470/1/1470 1362/1/1362 
f 1469/1/1469 1468/1/1468 1361/1/1361 
f 1361/1/1361 1360/1/1360 1469/1/1469 
f 1472/1/1472 1473/1/1473 1474/1/1474 
f 1474/1/1474 1475/1/1475 1472/1/1472 
f 1342/1/1342 1474/1/1474 1473/1/1473 
f 1473/1/1473 1327/1/1327 1342/1/1342 
f 1343/1/1343 1476/1/1476 1474/1/1474 
f 1474/1/1474 1342/1/1342 1343/1/1343 
f 1475/1/1475 1474/1/1474 1476/1/1476 
f 1476/1/1476 1477/1/1477 1475/1/1475 
f 1315/1/1315 1478/1/1478 1479/1/1479 
f 1479/1/1479 1314/1/1314 1315/1/1315 
f 1480/1/1480 1479/1/1479 1478/1/1478 
f 1478/1/1478 1481/1/1481 1480/1/1480 
f 1005/1/1005 1004/1/1004 1479/1/1479 
f 1479/1/1479 1480/1/1480 1005/1/1005 
f 1314/1/1314 1479/1/1479 1004/1/1004 
f 1004/1/1004 1003/1/1003 1314/1/1314 
f 1481/1/1481 1478/1/1478 1482/1/1482 
f 1482/1/1482 1483/1/1483 1481/1/1481 
f 1326/1/1326 1482/1/1482 1478/1/1478 
f 1478/1/1478 1315/1/1315 1326/1/1326 
f 1327/1/1327 1473/1/1473 1482/1/1482 
f 1482/1/1482 1326/1/1326 1327/1/1327 
f 1483/1/1483 1482/1/1482 1473/1/1473 
f 1473/1/1473 1472/1/1472 1483/1/1483 
f 1481/1/1481 1484/1/1484 1485/1/1485 
f 1485/1/1485 1480/1/1480 1481/1/1481 
f 1484/1/1484 1486/1/1486 1487/1/1487 
f 1485/1/1485 1487/1/1487 1488/1/1488 
f 1480/1/1480 1485/1/1485 1489/1/1489 
f 1489/1/1489 1005/1/1005 1480/1/1480 
f 1005/1/1005 1489/1/1489 1490/1/1490 
f 1490/1/1490 1000/1/1000 1005/1/1005 
f 1491/1/1491 1490/1/1490 1489/1/1489 
f 1489/1/1489 1488/1/1488 1491/1/1491 
f 850/1/850 849/1/849 1490/1/1490 
f 1490/1/1490 1491/1/1491 850/1/850 
f 1000/1/1000 1490/1/1490 849/1/849 
f 849/1/849 848/1/848 1000/1/1000 
f 1492/1/1492 1493/1/1493 1486/1/1486 
f 1483/1/1483 1492/1/1492 1484/1/1484 
f 1484/1/1484 1481/1/1481 1483/1/1483 
f 1472/1/1472 1494/1/1494 1492/1/1492 
f 1492/1/1492 1483/1/1483 1472/1/1472 
f 1495/1/1495 1493/1/1493 1492/1/1492 
f 1487/1/1487 1496/1/1496 1497/1/1497 
f 1497/1/1497 1488/1/1488 1487/1/1487 
f 1486/1/1486 1498/1/1498 1496/1/1496 
f 1496/1/1496 1487/1/1487 1486/1/1486 
f 1499/1/1499 1497/1/1497 1496/1/1496 
f 1496/1/1496 1498/1/1498 1499/1/1499 
f 1435/1/1435 1500/1/1500 1501/1/1501 
f 1501/1/1501 1446/1/1446 1435/1/1435 
f 1502/1/1502 1501/1/1501 1500/1/1500 
f 1500/1/1500 1503/1/1503 1502/1/1502 
f 1504/1/1504 1505/1/1505 1501/1/1501 
f 1501/1/1501 1502/1/1502 1504/1/1504 
f 1446/1/1446 1501/1/1501 1505/1/1505 
f 1505/1/1505 1443/1/1443 1446/1/1446 
f 1506/1/1506 1507/1/1507 1508/1/1508 
f 1508/1/1508 1509/1/1509 1506/1/1506 
f 1510/1/1510 1508/1/1508 1507/1/1507 
f 1507/1/1507 1503/1/1503 1510/1/1510 
f 1509/1/1509 1508/1/1508 1510/1/1510 
f 1510/1/1510 1511/1/1511 1509/1/1509 
f 1512/1/1512 1438/1/1438 1405/1/1405 
f 1513/1/1513 1511/1/1511 1510/1/1510 
f 1503/1/1503 1500/1/1500 1512/1/1512 
f 1512/1/1512 1510/1/1510 1503/1/1503 
f 1500/1/1500 1435/1/1435 1438/1/1438 
f 1514/1/1514 1515/1/1515 1516/1/1516 
f 1516/1/1516 1517/1/1517 1514/1/1514 
f 1518/1/1518 1519/1/1519 1515/1/1515 
f 1515/1/1515 1514/1/1514 1518/1/1518 
f 1520/1/1520 1521/1/1521 1515/1/1515 
f 1515/1/1515 1519/1/1519 1520/1/1520 
f 1516/1/1516 1515/1/1515 1521/1/1521 
f 1521/1/1521 1522/1/1522 1516/1/1516 
f 1523/1/1523 1524/1/1524 1525/1/1525 
f 1526/1/1526 1527/1/1527 1523/1/1523 
f 1523/1/1523 1528/1/1528 1526/1/1526 
f 1529/1/1529 1523/1/1523 1527/1/1527 
f 1527/1/1527 1530/1/1530 1529/1/1529 
f 1524/1/1524 1523/1/1523 1529/1/1529 
f 1529/1/1529 1531/1/1531 1524/1/1524 
f 1532/1/1532 1533/1/1533 1534/1/1534 
f 1534/1/1534 1535/1/1535 1532/1/1532 
f 1536/1/1536 1537/1/1537 1534/1/1534 
f 1534/1/1534 1533/1/1533 1536/1/1536 
f 1525/1/1525 1524/1/1524 1534/1/1534 
f 1534/1/1534 1537/1/1537 1525/1/1525 
f 1531/1/1531 1535/1/1535 1534/1/1534 
f 1534/1/1534 1524/1/1524 1531/1/1531 
f 1538/1/1538 1539/1/1539 1537/1/1537 
f 1537/1/1537 1536/1/1536 1538/1/1538 
f 1540/1/1540 1541/1/1541 1539/1/1539 
f 1539/1/1539 1538/1/1538 1540/1/1540 
f 1526/1/1526 1528/1/1528 1539/1/1539 
f 1539/1/1539 1541/1/1541 1526/1/1526 
f 1525/1/1525 1537/1/1537 1539/1/1539 
f 1539/1/1539 1528/1/1528 1525/1/1525 
f 1542/1/1542 1543/1/1543 1521/1/1521 
f 1521/1/1521 1520/1/1520 1542/1/1542 
f 1536/1/1536 1533/1/1533 1543/1/1543 
f 1543/1/1543 1542/1/1542 1536/1/1536 
f 1544/1/1544 1543/1/1543 1533/1/1533 
f 1533/1/1533 1532/1/1532 1544/1/1544 
f 1522/1/1522 1521/1/1521 1543/1/1543 
f 1543/1/1543 1544/1/1544 1522/1/1522 
f 1545/1/1545 1519/1/1519 1518/1/1518 
f 1546/1/1546 1540/1/1540 1538/1/1538 
f 1536/1/1536 1542/1/1542 1545/1/1545 
f 1545/1/1545 1538/1/1538 1536/1/1536 
f 1519/1/1519 1545/1/1545 1542/1/1542 
f 1542/1/1542 1520/1/1520 1519/1/1519 
f 1517/1/1517 1547/1/1547 1548/1/1548 
f 1548/1/1548 1514/1/1514 1517/1/1517 
f 1549/1/1549 1548/1/1548 1547/1/1547 
f 1547/1/1547 1550/1/1550 1549/1/1549 
f 1540/1/1540 1546/1/1546 1548/1/1548 
f 1548/1/1548 1549/1/1549 1540/1/1540 
f 1514/1/1514 1548/1/1548 1546/1/1546 
f 1546/1/1546 1518/1/1518 1514/1/1514 
f 1530/1/1530 1527/1/1527 1551/1/1551 
f 1551/1/1551 1552/1/1552 1530/1/1530 
f 1541/1/1541 1551/1/1551 1527/1/1527 
f 1527/1/1527 1526/1/1526 1541/1/1541 
f 1540/1/1540 1549/1/1549 1551/1/1551 
f 1551/1/1551 1541/1/1541 1540/1/1540 
f 1552/1/1552 1551/1/1551 1549/1/1549 
f 1549/1/1549 1550/1/1550 1552/1/1552 
f 1553/1/1553 1554/1/1554 1555/1/1555 
f 1555/1/1555 1556/1/1556 1553/1/1553 
f 1557/1/1557 1555/1/1555 1554/1/1554 
f 1554/1/1554 1558/1/1558 1557/1/1557 
f 1559/1/1559 1560/1/1560 1555/1/1555 
f 1555/1/1555 1557/1/1557 1559/1/1559 
f 1556/1/1556 1555/1/1555 1560/1/1560 
f 1560/1/1560 1561/1/1561 1556/1/1556 
f 1553/1/1553 1562/1/1562 1563/1/1563 
f 1563/1/1563 1554/1/1554 1553/1/1553 
f 1564/1/1564 1563/1/1563 1562/1/1562 
f 1562/1/1562 1565/1/1565 1564/1/1564 
f 1566/1/1566 1567/1/1567 1563/1/1563 
f 1563/1/1563 1564/1/1564 1566/1/1566 
f 1554/1/1554 1563/1/1563 1567/1/1567 
f 1567/1/1567 1558/1/1558 1554/1/1554 
f 1568/1/1568 1569/1/1569 1570/1/1570 
f 1570/1/1570 1571/1/1571 1568/1/1568 
f 1556/1/1556 1570/1/1570 1569/1/1569 
f 1569/1/1569 1553/1/1553 1556/1/1556 
f 1561/1/1561 1572/1/1572 1570/1/1570 
f 1570/1/1570 1556/1/1556 1561/1/1561 
f 1571/1/1571 1570/1/1570 1572/1/1572 
f 1572/1/1572 1573/1/1573 1571/1/1571 
f 1568/1/1568 1574/1/1574 1575/1/1575 
f 1575/1/1575 1569/1/1569 1568/1/1568 
f 1576/1/1576 1575/1/1575 1574/1/1574 
f 1574/1/1574 1577/1/1577 1576/1/1576 
f 1565/1/1565 1562/1/1562 1575/1/1575 
f 1575/1/1575 1576/1/1576 1565/1/1565 
f 1569/1/1569 1575/1/1575 1562/1/1562 
f 1562/1/1562 1553/1/1553 1569/1/1569 
f 1511/1/1511 1578/1/1578 1579/1/1579 
f 1579/1/1579 1509/1/1509 1511/1/1511 
f 1580/1/1580 1579/1/1579 1578/1/1578 
f 1578/1/1578 1581/1/1581 1580/1/1580 
f 1573/1/1573 1582/1/1582 1579/1/1579 
f 1579/1/1579 1580/1/1580 1573/1/1573 
f 1509/1/1509 1579/1/1579 1582/1/1582 
f 1582/1/1582 1506/1/1506 1509/1/1509 
f 1583/1/1583 1577/1/1577 1584/1/1584 
f 1585/1/1585 1586/1/1586 1584/1/1584 
f 1584/1/1584 1587/1/1587 1585/1/1585 
f 1585/1/1585 836/1/836 843/1/843 
f 1583/1/1583 1586/1/1586 843/1/843 
f 843/1/843 842/1/842 1583/1/1583 
f 1588/1/1588 837/1/837 836/1/836 
f 1585/1/1585 1587/1/1587 1589/1/1589 
f 528/1/528 828/1/828 1588/1/1588 
f 1588/1/1588 1589/1/1589 528/1/528 
f 837/1/837 1588/1/1588 828/1/828 
f 828/1/828 821/1/821 837/1/837 
f 1590/1/1590 1591/1/1591 1581/1/1581 
f 1592/1/1592 1404/1/1404 1428/1/1428 
f 1590/1/1590 1428/1/1428 537/1/537 
f 536/1/536 542/1/542 1591/1/1591 
f 1578/1/1578 1593/1/1593 1592/1/1592 
f 1592/1/1592 1581/1/1581 1578/1/1578 
f 1513/1/1513 1593/1/1593 1578/1/1578 
f 1578/1/1578 1511/1/1511 1513/1/1513 
f 1403/1/1403 1593/1/1593 1513/1/1513 
f 1513/1/1513 1405/1/1405 1403/1/1403 
f 1403/1/1403 1404/1/1404 1592/1/1592 
f 528/1/528 1589/1/1589 1594/1/1594 
f 1594/1/1594 527/1/527 528/1/528 
f 1595/1/1595 1594/1/1594 1589/1/1589 
f 1589/1/1589 1587/1/1587 1595/1/1595 
f 1595/1/1595 1596/1/1596 1597/1/1597 
f 1597/1/1597 524/1/524 527/1/527 
f 1598/1/1598 1571/1/1571 1573/1/1573 
f 1580/1/1580 1581/1/1581 1599/1/1599 
f 1600/1/1600 1601/1/1601 1598/1/1598 
f 1598/1/1598 1599/1/1599 1600/1/1600 
f 1601/1/1601 1568/1/1568 1571/1/1571 
f 515/1/515 1602/1/1602 1603/1/1603 
f 1603/1/1603 534/1/534 515/1/515 
f 1604/1/1604 1603/1/1603 1602/1/1602 
f 1602/1/1602 1596/1/1596 1604/1/1604 
f 541/1/541 1603/1/1603 1604/1/1604 
f 1604/1/1604 542/1/542 541/1/541 
f 534/1/534 1603/1/1603 541/1/541 
f 541/1/541 531/1/531 534/1/534 
f 1605/1/1605 511/1/511 510/1/510 
f 523/1/523 524/1/524 1597/1/1597 
f 1602/1/1602 1605/1/1605 1597/1/1597 
f 1597/1/1597 1596/1/1596 1602/1/1602 
f 1602/1/1602 515/1/515 511/1/511 
f 1595/1/1595 1606/1/1606 1607/1/1607 
f 1607/1/1607 1596/1/1596 1595/1/1595 
f 1606/1/1606 1595/1/1595 1587/1/1587 
f 1600/1/1600 1607/1/1607 1606/1/1606 
f 1606/1/1606 1608/1/1608 1600/1/1600 
f 542/1/542 1604/1/1604 1609/1/1609 
f 1609/1/1609 1591/1/1591 542/1/542 
f 1607/1/1607 1609/1/1609 1604/1/1604 
f 1604/1/1604 1596/1/1596 1607/1/1607 
f 1607/1/1607 1600/1/1600 1599/1/1599 
f 1591/1/1591 1609/1/1609 1599/1/1599 
f 1599/1/1599 1581/1/1581 1591/1/1591 
f 1568/1/1568 1601/1/1601 1610/1/1610 
f 1610/1/1610 1574/1/1574 1568/1/1568 
f 1608/1/1608 1610/1/1610 1601/1/1601 
f 1601/1/1601 1600/1/1600 1608/1/1608 
f 1587/1/1587 1584/1/1584 1610/1/1610 
f 1610/1/1610 1608/1/1608 1587/1/1587 
f 1574/1/1574 1610/1/1610 1584/1/1584 
f 1584/1/1584 1577/1/1577 1574/1/1574 
f 842/1/842 841/1/841 1611/1/1611 
f 1611/1/1611 1583/1/1583 842/1/842 
f 1611/1/1611 841/1/841 840/1/840 
f 1612/1/1612 1611/1/1611 1613/1/1613 
f 1613/1/1613 1614/1/1614 1612/1/1612 
f 1612/1/1612 1577/1/1577 1583/1/1583 
f 1615/1/1615 1616/1/1616 1617/1/1617 
f 1617/1/1617 1618/1/1618 1615/1/1615 
f 1615/1/1615 1619/1/1619 1620/1/1620 
f 1616/1/1616 1620/1/1620 850/1/850 
f 1617/1/1617 1616/1/1616 1491/1/1491 
f 1491/1/1491 1488/1/1488 1617/1/1617 
f 1615/1/1615 1621/1/1621 1622/1/1622 
f 1622/1/1622 1619/1/1619 1615/1/1615 
f 1618/1/1618 1623/1/1623 1621/1/1621 
f 1621/1/1621 1615/1/1615 1618/1/1618 
f 1621/1/1621 1623/1/1623 1624/1/1624 
f 1625/1/1625 1626/1/1626 1619/1/1619 
f 1627/1/1627 1625/1/1625 1622/1/1622 
f 1622/1/1622 1624/1/1624 1627/1/1627 
f 1625/1/1625 1627/1/1627 1614/1/1614 
f 1626/1/1626 1625/1/1625 1613/1/1613 
f 1613/1/1613 840/1/840 1626/1/1626 
f 1628/1/1628 1629/1/1629 1630/1/1630 
f 1618/1/1618 1617/1/1617 1630/1/1630 
f 1630/1/1630 1617/1/1617 1488/1/1488 
f 1631/1/1631 1630/1/1630 1497/1/1497 
f 1497/1/1497 1499/1/1499 1631/1/1631 
f 1614/1/1614 1632/1/1632 1633/1/1633 
f 1633/1/1633 1612/1/1612 1614/1/1614 
f 1634/1/1634 1633/1/1633 1632/1/1632 
f 1632/1/1632 1635/1/1635 1634/1/1634 
f 1565/1/1565 1576/1/1576 1633/1/1633 
f 1633/1/1633 1634/1/1634 1565/1/1565 
f 1612/1/1612 1633/1/1633 1576/1/1576 
f 1576/1/1576 1577/1/1577 1612/1/1612 
f 1624/1/1624 1636/1/1636 1637/1/1637 
f 1637/1/1637 1627/1/1627 1624/1/1624 
f 1638/1/1638 1637/1/1637 1636/1/1636 
f 1636/1/1636 1639/1/1639 1638/1/1638 
f 1635/1/1635 1632/1/1632 1637/1/1637 
f 1637/1/1637 1638/1/1638 1635/1/1635 
f 1627/1/1627 1637/1/1637 1632/1/1632 
f 1632/1/1632 1614/1/1614 1627/1/1627 
f 1628/1/1628 1640/1/1640 1641/1/1641 
f 1641/1/1641 1629/1/1629 1628/1/1628 
f 1636/1/1636 1641/1/1641 1640/1/1640 
f 1640/1/1640 1639/1/1639 1636/1/1636 
f 1623/1/1623 1641/1/1641 1636/1/1636 
f 1636/1/1636 1624/1/1624 1623/1/1623 
f 1618/1/1618 1629/1/1629 1641/1/1641 
f 1641/1/1641 1623/1/1623 1618/1/1618 
f 1635/1/1635 1642/1/1642 1643/1/1643 
f 1643/1/1643 1634/1/1634 1635/1/1635 
f 1644/1/1644 1643/1/1643 1642/1/1642 
f 1642/1/1642 1645/1/1645 1644/1/1644 
f 1566/1/1566 1564/1/1564 1643/1/1643 
f 1643/1/1643 1644/1/1644 1566/1/1566 
f 1634/1/1634 1643/1/1643 1564/1/1564 
f 1564/1/1564 1565/1/1565 1634/1/1634 
f 1646/1/1646 1647/1/1647 1648/1/1648 
f 1648/1/1648 1649/1/1649 1646/1/1646 
f 1650/1/1650 1648/1/1648 1647/1/1647 
f 1647/1/1647 1651/1/1651 1650/1/1650 
f 1639/1/1639 1640/1/1640 1648/1/1648 
f 1648/1/1648 1650/1/1650 1639/1/1639 
f 1649/1/1649 1648/1/1648 1640/1/1640 
f 1640/1/1640 1628/1/1628 1649/1/1649 
f 1650/1/1650 1652/1/1652 1638/1/1638 
f 1638/1/1638 1639/1/1639 1650/1/1650 
f 1651/1/1651 1653/1/1653 1652/1/1652 
f 1652/1/1652 1650/1/1650 1651/1/1651 
f 1645/1/1645 1642/1/1642 1652/1/1652 
f 1652/1/1652 1653/1/1653 1645/1/1645 
f 1638/1/1638 1652/1/1652 1642/1/1642 
f 1642/1/1642 1635/1/1635 1638/1/1638 
f 1645/1/1645 1654/1/1654 1655/1/1655 
f 1655/1/1655 1644/1/1644 1645/1/1645 
f 1656/1/1656 1657/1/1657 1655/1/1655 
f 1655/1/1655 1654/1/1654 1656/1/1656 
f 1658/1/1658 1659/1/1659 1655/1/1655 
f 1655/1/1655 1657/1/1657 1658/1/1658 
f 1644/1/1644 1655/1/1655 1659/1/1659 
f 1659/1/1659 1566/1/1566 1644/1/1644 
f 1660/1/1660 1661/1/1661 1662/1/1662 
f 1662/1/1662 1663/1/1663 1660/1/1660 
f 1664/1/1664 1662/1/1662 1661/1/1661 
f 1661/1/1661 1665/1/1665 1664/1/1664 
f 1651/1/1651 1647/1/1647 1662/1/1662 
f 1662/1/1662 1664/1/1664 1651/1/1651 
f 1663/1/1663 1662/1/1662 1647/1/1647 
f 1647/1/1647 1646/1/1646 1663/1/1663 
f 1665/1/1665 1666/1/1666 1667/1/1667 
f 1667/1/1667 1664/1/1664 1665/1/1665 
f 1654/1/1654 1667/1/1667 1666/1/1666 
f 1666/1/1666 1656/1/1656 1654/1/1654 
f 1645/1/1645 1653/1/1653 1667/1/1667 
f 1667/1/1667 1654/1/1654 1645/1/1645 
f 1664/1/1664 1667/1/1667 1653/1/1653 
f 1653/1/1653 1651/1/1651 1664/1/1664 
f 1668/1/1668 1669/1/1669 1670/1/1670 
f 1670/1/1670 1671/1/1671 1668/1/1668 
f 1672/1/1672 1670/1/1670 1669/1/1669 
f 1669/1/1669 1673/1/1673 1672/1/1672 
f 1674/1/1674 1675/1/1675 1670/1/1670 
f 1670/1/1670 1672/1/1672 1674/1/1674 
f 1671/1/1671 1670/1/1670 1675/1/1675 
f 1675/1/1675 1676/1/1676 1671/1/1671 
f 1677/1/1677 1678/1/1678 1679/1/1679 
f 1679/1/1679 1680/1/1680 1677/1/1677 
f 1681/1/1681 1682/1/1682 1678/1/1678 
f 1678/1/1678 1677/1/1677 1681/1/1681 
f 1671/1/1671 1678/1/1678 1682/1/1682 
f 1682/1/1682 1668/1/1668 1671/1/1671 
f 1676/1/1676 1679/1/1679 1678/1/1678 
f 1678/1/1678 1671/1/1671 1676/1/1676 
f 1683/1/1683 1684/1/1684 1685/1/1685 
f 1685/1/1685 1686/1/1686 1683/1/1683 
f 1677/1/1677 1685/1/1685 1684/1/1684 
f 1684/1/1684 1681/1/1681 1677/1/1677 
f 1680/1/1680 1687/1/1687 1685/1/1685 
f 1685/1/1685 1677/1/1677 1680/1/1680 
f 1686/1/1686 1685/1/1685 1687/1/1687 
f 1687/1/1687 1688/1/1688 1686/1/1686 
f 1689/1/1689 1690/1/1690 1691/1/1691 
f 1691/1/1691 1692/1/1692 1689/1/1689 
f 175/1/175 1691/1/1691 1690/1/1690 
f 1690/1/1690 179/1/179 175/1/175 
f 174/1/174 1693/1/1693 1691/1/1691 
f 1691/1/1691 175/1/175 174/1/174 
f 1692/1/1692 1691/1/1691 1693/1/1693 
f 1693/1/1693 1694/1/1694 1692/1/1692 
f 1695/1/1695 1696/1/1696 184/1/184 
f 184/1/184 183/1/183 1695/1/1695 
f 1697/1/1697 1698/1/1698 1696/1/1696 
f 1696/1/1696 1695/1/1695 1697/1/1697 
f 1696/1/1696 1698/1/1698 1694/1/1694 
f 184/1/184 1696/1/1696 1693/1/1693 
f 1693/1/1693 174/1/174 184/1/184 
f 183/1/183 194/1/194 1699/1/1699 
f 1699/1/1699 1695/1/1695 183/1/183 
f 1700/1/1700 1699/1/1699 194/1/194 
f 194/1/194 193/1/193 1700/1/1700 
f 1699/1/1699 1700/1/1700 1701/1/1701 
f 1695/1/1695 1699/1/1699 1702/1/1702 
f 1702/1/1702 1697/1/1697 1695/1/1695 
f 1703/1/1703 1704/1/1704 1705/1/1705 
f 1705/1/1705 1706/1/1706 1703/1/1703 
f 1707/1/1707 1708/1/1708 1704/1/1704 
f 1704/1/1704 1703/1/1703 1707/1/1707 
f 1709/1/1709 1704/1/1704 1708/1/1708 
f 1708/1/1708 1710/1/1710 1709/1/1709 
f 1133/1/1133 1705/1/1705 1704/1/1704 
f 1704/1/1704 1709/1/1709 1133/1/1133 
f 279/1/279 1711/1/1711 1712/1/1712 
f 1712/1/1712 278/1/278 279/1/279 
f 1711/1/1711 1713/1/1713 1714/1/1714 
f 140/1/140 139/1/139 1712/1/1712 
f 1712/1/1712 1714/1/1714 140/1/140 
f 278/1/278 1712/1/1712 139/1/139 
f 139/1/139 144/1/144 278/1/278 
f 138/1/138 1715/1/1715 1716/1/1716 
f 1716/1/1716 133/1/133 138/1/138 
f 1717/1/1717 1718/1/1718 1716/1/1716 
f 1716/1/1716 1715/1/1715 1717/1/1717 
f 146/1/146 1716/1/1716 1718/1/1718 
f 1718/1/1718 147/1/147 146/1/146 
f 133/1/133 1716/1/1716 146/1/146 
f 146/1/146 130/1/130 133/1/133 
f 1719/1/1719 1720/1/1720 1721/1/1721 
f 1721/1/1721 1722/1/1722 1719/1/1719 
f 1711/1/1711 1721/1/1721 1720/1/1720 
f 1720/1/1720 1713/1/1713 1711/1/1711 
f 279/1/279 331/1/331 1721/1/1721 
f 1721/1/1721 1711/1/1711 279/1/279 
f 1722/1/1722 1721/1/1721 331/1/331 
f 331/1/331 332/1/332 1722/1/1722 
f 1236/1/1236 1723/1/1723 1724/1/1724 
f 1724/1/1724 1232/1/1232 1236/1/1236 
f 1723/1/1723 1725/1/1725 1726/1/1726 
f 1219/1/1219 1217/1/1217 1724/1/1724 
f 1724/1/1724 1726/1/1726 1219/1/1219 
f 1218/1/1218 1232/1/1232 1724/1/1724 
f 1724/1/1724 1217/1/1217 1218/1/1218 
f 1727/1/1727 1728/1/1728 1729/1/1729 
f 1729/1/1729 1730/1/1730 1727/1/1727 
f 1726/1/1726 1729/1/1729 1728/1/1728 
f 1728/1/1728 1219/1/1219 1726/1/1726 
f 1729/1/1729 1726/1/1726 1725/1/1725 
f 1730/1/1730 1729/1/1729 1731/1/1731 
f 1731/1/1731 1732/1/1732 1730/1/1730 
f 1246/1/1246 1733/1/1733 1734/1/1734 
f 1734/1/1734 1245/1/1245 1246/1/1246 
f 1723/1/1723 1734/1/1734 1733/1/1733 
f 1733/1/1733 1725/1/1725 1723/1/1723 
f 1236/1/1236 1235/1/1235 1734/1/1734 
f 1734/1/1734 1723/1/1723 1236/1/1236 
f 1245/1/1245 1734/1/1734 1235/1/1235 
f 1235/1/1235 1234/1/1234 1245/1/1245 
f 1240/1/1240 1237/1/1237 1735/1/1735 
f 1735/1/1735 1241/1/1241 1240/1/1240 
f 1736/1/1736 1735/1/1735 1237/1/1237 
f 1237/1/1237 1229/1/1229 1736/1/1736 
f 1736/1/1736 1737/1/1737 1738/1/1738 
f 1738/1/1738 1243/1/1243 1241/1/1241 
f 1739/1/1739 1740/1/1740 1741/1/1741 
f 1741/1/1741 1742/1/1742 1739/1/1739 
f 1531/1/1531 1529/1/1529 1740/1/1740 
f 1740/1/1740 1739/1/1739 1531/1/1531 
f 1530/1/1530 1743/1/1743 1740/1/1740 
f 1740/1/1740 1529/1/1529 1530/1/1530 
f 1741/1/1741 1740/1/1740 1743/1/1743 
f 1743/1/1743 1744/1/1744 1741/1/1741 
f 1745/1/1745 1746/1/1746 1532/1/1532 
f 1739/1/1739 1745/1/1745 1535/1/1535 
f 1535/1/1535 1531/1/1531 1739/1/1739 
f 1745/1/1745 1739/1/1739 1742/1/1742 
f 1746/1/1746 1745/1/1745 1747/1/1747 
f 1747/1/1747 1748/1/1748 1746/1/1746 
f 1749/1/1749 1750/1/1750 1751/1/1751 
f 1751/1/1751 1752/1/1752 1749/1/1749 
f 1753/1/1753 1751/1/1751 1750/1/1750 
f 1750/1/1750 1754/1/1754 1753/1/1753 
f 1550/1/1550 1547/1/1547 1751/1/1751 
f 1751/1/1751 1753/1/1753 1550/1/1550 
f 1752/1/1752 1751/1/1751 1547/1/1547 
f 1547/1/1547 1517/1/1517 1752/1/1752 
f 1550/1/1550 1753/1/1753 1755/1/1755 
f 1755/1/1755 1552/1/1552 1550/1/1550 
f 1756/1/1756 1755/1/1755 1753/1/1753 
f 1753/1/1753 1754/1/1754 1756/1/1756 
f 1743/1/1743 1755/1/1755 1756/1/1756 
f 1756/1/1756 1744/1/1744 1743/1/1743 
f 1552/1/1552 1755/1/1755 1743/1/1743 
f 1743/1/1743 1530/1/1530 1552/1/1552 
f 1757/1/1757 1758/1/1758 1207/1/1207 
f 1207/1/1207 1206/1/1206 1757/1/1757 
f 1759/1/1759 1758/1/1758 1757/1/1757 
f 1757/1/1757 1760/1/1760 1759/1/1759 
f 1228/1/1228 1227/1/1227 1758/1/1758 
f 1758/1/1758 1759/1/1759 1228/1/1228 
f 1207/1/1207 1758/1/1758 1227/1/1227 
f 1227/1/1227 1211/1/1211 1207/1/1207 
f 1228/1/1228 1759/1/1759 1761/1/1761 
f 1761/1/1761 1225/1/1225 1228/1/1228 
f 1762/1/1762 1761/1/1761 1759/1/1759 
f 1759/1/1759 1760/1/1760 1762/1/1762 
f 1761/1/1761 1762/1/1762 1737/1/1737 
f 1225/1/1225 1761/1/1761 1736/1/1736 
f 1736/1/1736 1229/1/1229 1225/1/1225 
f 1131/1/1131 1129/1/1129 1763/1/1763 
f 1763/1/1763 1764/1/1764 1131/1/1131 
f 1765/1/1765 1763/1/1763 1129/1/1129 
f 1129/1/1129 1128/1/1128 1765/1/1765 
f 1766/1/1766 1767/1/1767 1763/1/1763 
f 1763/1/1763 1765/1/1765 1766/1/1766 
f 1764/1/1764 1763/1/1763 1767/1/1767 
f 1767/1/1767 1768/1/1768 1764/1/1764 
f 1768/1/1768 1767/1/1767 1769/1/1769 
f 1769/1/1769 1770/1/1770 1768/1/1768 
f 1771/1/1771 1769/1/1769 1767/1/1767 
f 1767/1/1767 1766/1/1766 1771/1/1771 
f 1367/1/1367 1364/1/1364 1769/1/1769 
f 1769/1/1769 1771/1/1771 1367/1/1367 
f 1366/1/1366 1770/1/1770 1769/1/1769 
f 1769/1/1769 1364/1/1364 1366/1/1366 
f 1772/1/1772 1773/1/1773 1774/1/1774 
f 1774/1/1774 1775/1/1775 1772/1/1772 
f 1776/1/1776 1774/1/1774 1773/1/1773 
f 1773/1/1773 1777/1/1777 1776/1/1776 
f 1778/1/1778 1779/1/1779 1774/1/1774 
f 1774/1/1774 1776/1/1776 1778/1/1778 
f 1775/1/1775 1774/1/1774 1779/1/1779 
f 1779/1/1779 1780/1/1780 1775/1/1775 
f 1781/1/1781 1782/1/1782 1783/1/1783 
f 1783/1/1783 1784/1/1784 1781/1/1781 
f 1785/1/1785 1783/1/1783 1782/1/1782 
f 1782/1/1782 1786/1/1786 1785/1/1785 
f 159/1/159 162/1/162 1783/1/1783 
f 1783/1/1783 1785/1/1785 159/1/159 
f 1784/1/1784 1783/1/1783 162/1/162 
f 162/1/162 167/1/167 1784/1/1784 
f 1787/1/1787 1788/1/1788 1789/1/1789 
f 1789/1/1789 1790/1/1790 1787/1/1787 
f 1791/1/1791 1792/1/1792 1788/1/1788 
f 1788/1/1788 1787/1/1787 1791/1/1791 
f 1793/1/1793 1794/1/1794 1788/1/1788 
f 1788/1/1788 1792/1/1792 1793/1/1793 
f 1795/1/1795 1789/1/1789 1788/1/1788 
f 1788/1/1788 1794/1/1794 1795/1/1795 
f 1793/1/1793 1792/1/1792 1796/1/1796 
f 1796/1/1796 1797/1/1797 1793/1/1793 
f 1798/1/1798 1796/1/1796 1792/1/1792 
f 1792/1/1792 1791/1/1791 1798/1/1798 
f 147/1/147 1718/1/1718 1796/1/1796 
f 1796/1/1796 1798/1/1798 147/1/147 
f 1797/1/1797 1796/1/1796 1718/1/1718 
f 1718/1/1718 1717/1/1717 1797/1/1797 
f 1799/1/1799 1798/1/1798 1791/1/1791 
f 1800/1/1800 1799/1/1799 1801/1/1801 
f 1801/1/1801 1802/1/1802 1800/1/1800 
f 1799/1/1799 1800/1/1800 150/1/150 
f 1798/1/1798 1799/1/1799 149/1/149 
f 149/1/149 147/1/147 1798/1/1798 
f 1803/1/1803 1787/1/1787 1790/1/1790 
f 1804/1/1804 1805/1/1805 1806/1/1806 
f 1802/1/1802 1801/1/1801 1803/1/1803 
f 1803/1/1803 1806/1/1806 1802/1/1802 
f 1787/1/1787 1803/1/1803 1801/1/1801 
f 1801/1/1801 1791/1/1791 1787/1/1787 
f 1807/1/1807 1808/1/1808 1809/1/1809 
f 1809/1/1809 1810/1/1810 1807/1/1807 
f 1811/1/1811 1809/1/1809 1808/1/1808 
f 1808/1/1808 1812/1/1812 1811/1/1811 
f 179/1/179 1690/1/1690 1809/1/1809 
f 1809/1/1809 1811/1/1811 179/1/179 
f 1810/1/1810 1809/1/1809 1690/1/1690 
f 1690/1/1690 1689/1/1689 1810/1/1810 
f 1812/1/1812 1808/1/1808 1813/1/1813 
f 1813/1/1813 1814/1/1814 1812/1/1812 
f 1815/1/1815 1813/1/1813 1808/1/1808 
f 1808/1/1808 1807/1/1807 1815/1/1815 
f 1777/1/1777 1773/1/1773 1813/1/1813 
f 1813/1/1813 1815/1/1815 1777/1/1777 
f 1814/1/1814 1813/1/1813 1773/1/1773 
f 1773/1/1773 1772/1/1772 1814/1/1814 
f 1732/1/1732 1816/1/1816 1817/1/1817 
f 1817/1/1817 1730/1/1730 1732/1/1732 
f 1816/1/1816 1818/1/1818 1819/1/1819 
f 1077/1/1077 1820/1/1820 1817/1/1817 
f 1817/1/1817 1819/1/1819 1077/1/1077 
f 1730/1/1730 1817/1/1817 1820/1/1820 
f 1820/1/1820 1727/1/1727 1730/1/1730 
f 1072/1/1072 1821/1/1821 1822/1/1822 
f 1822/1/1822 1071/1/1071 1072/1/1072 
f 1823/1/1823 1822/1/1822 1821/1/1821 
f 1821/1/1821 1824/1/1824 1823/1/1823 
f 1825/1/1825 1826/1/1826 1822/1/1822 
f 1822/1/1822 1823/1/1823 1825/1/1825 
f 1071/1/1071 1822/1/1822 1826/1/1826 
f 1826/1/1826 247/1/247 1071/1/1071 
f 1710/1/1710 1708/1/1708 1827/1/1827 
f 1827/1/1827 1828/1/1828 1710/1/1710 
f 1829/1/1829 1827/1/1827 1708/1/1708 
f 1708/1/1708 1707/1/1707 1829/1/1829 
f 1824/1/1824 1821/1/1821 1827/1/1827 
f 1827/1/1827 1829/1/1829 1824/1/1824 
f 1828/1/1828 1827/1/1827 1821/1/1821 
f 1821/1/1821 1072/1/1072 1828/1/1828 
f 1830/1/1830 1819/1/1819 1818/1/1818 
f 1831/1/1831 1830/1/1830 1832/1/1832 
f 1832/1/1832 1833/1/1833 1831/1/1831 
f 233/1/233 1078/1/1078 1830/1/1830 
f 1830/1/1830 1831/1/1831 233/1/233 
f 1078/1/1078 1077/1/1077 1819/1/1819 
f 1834/1/1834 1835/1/1835 1836/1/1836 
f 1722/1/1722 1834/1/1834 1837/1/1837 
f 1837/1/1837 1719/1/1719 1722/1/1722 
f 332/1/332 335/1/335 1834/1/1834 
f 1834/1/1834 1722/1/1722 332/1/332 
f 1835/1/1835 1834/1/1834 335/1/335 
f 335/1/335 234/1/234 1835/1/1835 
f 1838/1/1838 1831/1/1831 1833/1/1833 
f 1835/1/1835 1838/1/1838 1839/1/1839 
f 1839/1/1839 1836/1/1836 1835/1/1835 
f 234/1/234 1840/1/1840 1838/1/1838 
f 1838/1/1838 1835/1/1835 234/1/234 
f 1831/1/1831 1838/1/1838 1840/1/1840 
f 1840/1/1840 233/1/233 1831/1/1831 
f 1841/1/1841 1842/1/1842 1843/1/1843 
f 1843/1/1843 1844/1/1844 1841/1/1841 
f 242/1/242 1843/1/1843 1842/1/1842 
f 1842/1/1842 239/1/239 242/1/242 
f 247/1/247 1826/1/1826 1843/1/1843 
f 1843/1/1843 242/1/242 247/1/247 
f 1844/1/1844 1843/1/1843 1826/1/1826 
f 1826/1/1826 1825/1/1825 1844/1/1844 
f 1845/1/1845 1846/1/1846 1847/1/1847 
f 1847/1/1847 1848/1/1848 1845/1/1845 
f 1849/1/1849 1847/1/1847 1846/1/1846 
f 1846/1/1846 1850/1/1850 1849/1/1849 
f 1127/1/1127 1126/1/1126 1847/1/1847 
f 1847/1/1847 1849/1/1849 1127/1/1127 
f 1126/1/1126 1132/1/1132 1848/1/1848 
f 135/1/135 1851/1/1851 1852/1/1852 
f 1852/1/1852 143/1/143 135/1/135 
f 1853/1/1853 1852/1/1852 1851/1/1851 
f 1851/1/1851 1854/1/1854 1853/1/1853 
f 275/1/275 1852/1/1852 1853/1/1853 
f 1853/1/1853 272/1/272 275/1/275 
f 144/1/144 143/1/143 1852/1/1852 
f 1852/1/1852 275/1/275 144/1/144 
f 130/1/130 152/1/152 1855/1/1855 
f 1855/1/1855 131/1/131 130/1/130 
f 1856/1/1856 1855/1/1855 152/1/152 
f 152/1/152 151/1/151 1856/1/1856 
f 1854/1/1854 1851/1/1851 1855/1/1855 
f 1855/1/1855 1856/1/1856 1854/1/1854 
f 131/1/131 1855/1/1855 1851/1/1851 
f 1851/1/1851 135/1/135 131/1/131 
f 1713/1/1713 1857/1/1857 1858/1/1858 
f 1858/1/1858 1714/1/1714 1713/1/1713 
f 1859/1/1859 1858/1/1858 1857/1/1857 
f 1857/1/1857 1860/1/1860 1859/1/1859 
f 136/1/136 141/1/141 1858/1/1858 
f 1858/1/1858 1859/1/1859 136/1/136 
f 1714/1/1714 1858/1/1858 141/1/141 
f 141/1/141 140/1/140 1714/1/1714 
f 1860/1/1860 1861/1/1861 1862/1/1862 
f 1862/1/1862 1859/1/1859 1860/1/1860 
f 1715/1/1715 1862/1/1862 1861/1/1861 
f 1861/1/1861 1717/1/1717 1715/1/1715 
f 137/1/137 1862/1/1862 1715/1/1715 
f 1715/1/1715 138/1/138 137/1/137 
f 1859/1/1859 1862/1/1862 137/1/137 
f 137/1/137 136/1/136 1859/1/1859 
f 1863/1/1863 1864/1/1864 1865/1/1865 
f 1865/1/1865 1866/1/1866 1863/1/1863 
f 342/1/342 1865/1/1865 1864/1/1864 
f 1864/1/1864 340/1/340 342/1/342 
f 239/1/239 1842/1/1842 1865/1/1865 
f 1865/1/1865 342/1/342 239/1/239 
f 1866/1/1866 1865/1/1865 1842/1/1842 
f 1842/1/1842 1841/1/1841 1866/1/1866 
f 340/1/340 1864/1/1864 1867/1/1867 
f 1867/1/1867 341/1/341 340/1/340 
f 1868/1/1868 1867/1/1867 1864/1/1864 
f 1864/1/1864 1863/1/1863 1868/1/1868 
f 1701/1/1701 1700/1/1700 1867/1/1867 
f 1867/1/1867 1868/1/1868 1701/1/1701 
f 193/1/193 341/1/341 1867/1/1867 
f 1867/1/1867 1700/1/1700 193/1/193 
f 262/1/262 1869/1/1869 1870/1/1870 
f 1870/1/1870 261/1/261 262/1/262 
f 1871/1/1871 1872/1/1872 1870/1/1870 
f 1870/1/1870 1869/1/1869 1871/1/1871 
f 1873/1/1873 1874/1/1874 1870/1/1870 
f 1870/1/1870 1872/1/1872 1873/1/1873 
f 261/1/261 1870/1/1870 1874/1/1874 
f 1874/1/1874 263/1/263 261/1/261 
f 285/1/285 282/1/282 1875/1/1875 
f 1875/1/1875 1876/1/1876 285/1/285 
f 283/1/283 1877/1/1877 1875/1/1875 
f 1875/1/1875 282/1/282 283/1/283 
f 1873/1/1873 1872/1/1872 1875/1/1875 
f 1875/1/1875 1877/1/1877 1873/1/1873 
f 1876/1/1876 1875/1/1875 1872/1/1872 
f 1872/1/1872 1871/1/1871 1876/1/1876 
f 1522/1/1522 1878/1/1878 1879/1/1879 
f 1879/1/1879 1516/1/1516 1522/1/1522 
f 1880/1/1880 1879/1/1879 1878/1/1878 
f 1878/1/1878 1881/1/1881 1880/1/1880 
f 1880/1/1880 1749/1/1749 1752/1/1752 
f 1517/1/1517 1516/1/1516 1879/1/1879 
f 1879/1/1879 1752/1/1752 1517/1/1517 
f 1882/1/1882 1883/1/1883 1881/1/1881 
f 1544/1/1544 1882/1/1882 1878/1/1878 
f 1878/1/1878 1522/1/1522 1544/1/1544 
f 1532/1/1532 1746/1/1746 1882/1/1882 
f 1882/1/1882 1544/1/1544 1532/1/1532 
f 1746/1/1746 1748/1/1748 1883/1/1883 
f 1884/1/1884 1885/1/1885 1886/1/1886 
f 1886/1/1886 1887/1/1887 1884/1/1884 
f 1888/1/1888 1886/1/1886 1885/1/1885 
f 1885/1/1885 1889/1/1889 1888/1/1888 
f 1890/1/1890 1891/1/1891 1886/1/1886 
f 1886/1/1886 1888/1/1888 1890/1/1890 
f 1887/1/1887 1886/1/1886 1891/1/1891 
f 1891/1/1891 1892/1/1892 1887/1/1887 
f 1457/1/1457 1460/1/1460 1893/1/1893 
f 1893/1/1893 1894/1/1894 1457/1/1457 
f 1895/1/1895 1893/1/1893 1460/1/1460 
f 1460/1/1460 1465/1/1465 1895/1/1895 
f 1889/1/1889 1885/1/1885 1893/1/1893 
f 1893/1/1893 1895/1/1895 1889/1/1889 
f 1894/1/1894 1893/1/1893 1885/1/1885 
f 1885/1/1885 1884/1/1884 1894/1/1894 
f 1896/1/1896 1897/1/1897 1898/1/1898 
f 1898/1/1898 1899/1/1899 1896/1/1896 
f 1900/1/1900 1898/1/1898 1897/1/1897 
f 1897/1/1897 1901/1/1901 1900/1/1900 
f 1902/1/1902 1903/1/1903 1898/1/1898 
f 1898/1/1898 1900/1/1900 1902/1/1902 
f 1899/1/1899 1898/1/1898 1903/1/1903 
f 1903/1/1903 1904/1/1904 1899/1/1899 
f 1905/1/1905 1906/1/1906 1907/1/1907 
f 1907/1/1907 1908/1/1908 1905/1/1905 
f 1900/1/1900 1907/1/1907 1906/1/1906 
f 1906/1/1906 1902/1/1902 1900/1/1900 
f 1901/1/1901 1909/1/1909 1907/1/1907 
f 1907/1/1907 1900/1/1900 1901/1/1901 
f 1908/1/1908 1907/1/1907 1909/1/1909 
f 1909/1/1909 1910/1/1910 1908/1/1908 
f 1727/1/1727 1911/1/1911 1912/1/1912 
f 1912/1/1912 1728/1/1728 1727/1/1727 
f 1913/1/1913 1912/1/1912 1911/1/1911 
f 1911/1/1911 1914/1/1914 1913/1/1913 
f 1214/1/1214 1220/1/1220 1912/1/1912 
f 1912/1/1912 1913/1/1913 1214/1/1214 
f 1728/1/1728 1912/1/1912 1220/1/1220 
f 1220/1/1220 1219/1/1219 1728/1/1728 
f 1075/1/1075 1915/1/1915 1916/1/1916 
f 1916/1/1916 1076/1/1076 1075/1/1075 
f 1914/1/1914 1911/1/1911 1916/1/1916 
f 1916/1/1916 1915/1/1915 1914/1/1914 
f 1727/1/1727 1820/1/1820 1916/1/1916 
f 1916/1/1916 1911/1/1911 1727/1/1727 
f 1076/1/1076 1916/1/1916 1820/1/1820 
f 1820/1/1820 1077/1/1077 1076/1/1076 
f 1084/1/1084 1917/1/1917 1918/1/1918 
f 1918/1/1918 1082/1/1082 1084/1/1084 
f 1919/1/1919 1918/1/1918 1917/1/1917 
f 1917/1/1917 1920/1/1920 1919/1/1919 
f 1921/1/1921 1922/1/1922 1918/1/1918 
f 1918/1/1918 1919/1/1919 1921/1/1921 
f 1082/1/1082 1918/1/1918 1922/1/1922 
f 1922/1/1922 1079/1/1079 1082/1/1082 
f 1923/1/1923 1924/1/1924 1925/1/1925 
f 1925/1/1925 1926/1/1926 1923/1/1923 
f 1919/1/1919 1925/1/1925 1924/1/1924 
f 1924/1/1924 1921/1/1921 1919/1/1919 
f 1920/1/1920 1927/1/1927 1925/1/1925 
f 1925/1/1925 1919/1/1919 1920/1/1920 
f 1928/1/1928 1926/1/1926 1925/1/1925 
f 1925/1/1925 1927/1/1927 1928/1/1928 
f 1929/1/1929 1930/1/1930 1931/1/1931 
f 1932/1/1932 1929/1/1929 1933/1/1933 
f 1933/1/1933 1934/1/1934 1932/1/1932 
f 1935/1/1935 1936/1/1936 1929/1/1929 
f 1929/1/1929 1932/1/1932 1935/1/1935 
f 1936/1/1936 1937/1/1937 1930/1/1930 
f 1934/1/1934 1933/1/1933 1938/1/1938 
f 1938/1/1938 1939/1/1939 1934/1/1934 
f 1933/1/1933 1931/1/1931 1940/1/1940 
f 1762/1/1762 1938/1/1938 1940/1/1940 
f 1940/1/1940 1737/1/1737 1762/1/1762 
f 1762/1/1762 1760/1/1760 1939/1/1939 
f 1904/1/1904 1941/1/1941 1942/1/1942 
f 1942/1/1942 1899/1/1899 1904/1/1904 
f 1943/1/1943 1942/1/1942 1941/1/1941 
f 1941/1/1941 1944/1/1944 1943/1/1943 
f 1141/1/1141 1945/1/1945 1942/1/1942 
f 1942/1/1942 1943/1/1943 1141/1/1141 
f 1899/1/1899 1942/1/1942 1945/1/1945 
f 1945/1/1945 1896/1/1896 1899/1/1899 
f 1946/1/1946 1136/1/1136 1141/1/1141 
f 1947/1/1947 1946/1/1946 1943/1/1943 
f 1943/1/1943 1944/1/1944 1947/1/1947 
f 1946/1/1946 1947/1/1947 1706/1/1706 
f 1136/1/1136 1946/1/1946 1705/1/1705 
f 1705/1/1705 1133/1/1133 1136/1/1136 
f 1948/1/1948 1949/1/1949 1950/1/1950 
f 1950/1/1950 1951/1/1951 1948/1/1948 
f 1952/1/1952 1950/1/1950 1949/1/1949 
f 1949/1/1949 1953/1/1953 1952/1/1952 
f 1850/1/1850 1846/1/1846 1950/1/1950 
f 1950/1/1950 1952/1/1952 1850/1/1850 
f 1951/1/1951 1950/1/1950 1846/1/1846 
f 1846/1/1846 1845/1/1845 1951/1/1951 
f 1953/1/1953 1949/1/1949 1954/1/1954 
f 1954/1/1954 1955/1/1955 1953/1/1953 
f 1949/1/1949 1948/1/1948 1956/1/1956 
f 1923/1/1923 1926/1/1926 1954/1/1954 
f 1954/1/1954 1956/1/1956 1923/1/1923 
f 1955/1/1955 1954/1/1954 1926/1/1926 
f 1926/1/1926 1928/1/1928 1955/1/1955 
f 1936/1/1936 1935/1/1935 1957/1/1957 
f 1958/1/1958 1959/1/1959 1957/1/1957 
f 1957/1/1957 1960/1/1960 1958/1/1958 
f 1961/1/1961 1962/1/1962 1959/1/1959 
f 1959/1/1959 1958/1/1958 1961/1/1961 
f 1959/1/1959 1962/1/1962 1937/1/1937 
f 1963/1/1963 1961/1/1961 1958/1/1958 
f 1960/1/1960 1964/1/1964 1965/1/1965 
f 1965/1/1965 1958/1/1958 1960/1/1960 
f 1750/1/1750 1965/1/1965 1964/1/1964 
f 1964/1/1964 1754/1/1754 1750/1/1750 
f 1963/1/1963 1965/1/1965 1750/1/1750 
f 1750/1/1750 1749/1/1749 1963/1/1963 
f 1910/1/1910 1966/1/1966 1967/1/1967 
f 1967/1/1967 1908/1/1908 1910/1/1910 
f 1968/1/1968 1969/1/1969 1967/1/1967 
f 1967/1/1967 1966/1/1966 1968/1/1968 
f 1970/1/1970 1967/1/1967 1969/1/1969 
f 1969/1/1969 1971/1/1971 1970/1/1970 
f 1908/1/1908 1967/1/1967 1970/1/1970 
f 1970/1/1970 1905/1/1905 1908/1/1908 
f 1971/1/1971 1969/1/1969 1972/1/1972 
f 1972/1/1972 1973/1/1973 1971/1/1971 
f 1974/1/1974 1972/1/1972 1969/1/1969 
f 1969/1/1969 1968/1/1968 1974/1/1974 
f 1892/1/1892 1891/1/1891 1972/1/1972 
f 1972/1/1972 1974/1/1974 1892/1/1892 
f 1891/1/1891 1890/1/1890 1973/1/1973 
f 1975/1/1975 1976/1/1976 1977/1/1977 
f 1978/1/1978 1979/1/1979 1980/1/1980 
f 1748/1/1748 1747/1/1747 1975/1/1975 
f 1975/1/1975 1980/1/1980 1748/1/1748 
f 1976/1/1976 1975/1/1975 1747/1/1747 
f 1747/1/1747 1742/1/1742 1976/1/1976 
f 1981/1/1981 1982/1/1982 1983/1/1983 
f 1983/1/1983 1984/1/1984 1981/1/1981 
f 1985/1/1985 1983/1/1983 1982/1/1982 
f 1982/1/1982 1986/1/1986 1985/1/1985 
f 1471/1/1471 1467/1/1467 1983/1/1983 
f 1983/1/1983 1985/1/1985 1471/1/1471 
f 1984/1/1984 1983/1/1983 1467/1/1467 
f 1467/1/1467 1466/1/1466 1984/1/1984 
f 1987/1/1987 1988/1/1988 1989/1/1989 
f 1989/1/1989 1990/1/1990 1987/1/1987 
f 1991/1/1991 1989/1/1989 1988/1/1988 
f 1988/1/1988 1992/1/1992 1991/1/1991 
f 1993/1/1993 1994/1/1994 1989/1/1989 
f 1989/1/1989 1991/1/1991 1993/1/1993 
f 1990/1/1990 1989/1/1989 1994/1/1994 
f 1994/1/1994 1995/1/1995 1990/1/1990 
f 1992/1/1992 1988/1/1988 1996/1/1996 
f 1996/1/1996 1997/1/1997 1992/1/1992 
f 1998/1/1998 1996/1/1996 1988/1/1988 
f 1988/1/1988 1987/1/1987 1998/1/1998 
f 1674/1/1674 1672/1/1672 1996/1/1996 
f 1996/1/1996 1998/1/1998 1674/1/1674 
f 1997/1/1997 1996/1/1996 1672/1/1672 
f 1672/1/1672 1673/1/1673 1997/1/1997 
f 1999/1/1999 2000/1/2000 2001/1/2001 
f 2001/1/2001 2002/1/2002 1999/1/1999 
f 1692/1/1692 2001/1/2001 2000/1/2000 
f 2000/1/2000 1689/1/1689 1692/1/1692 
f 1694/1/1694 2003/1/2003 2001/1/2001 
f 2001/1/2001 1692/1/1692 1694/1/1694 
f 2002/1/2002 2001/1/2001 2003/1/2003 
f 2003/1/2003 2004/1/2004 2002/1/2002 
f 2005/1/2005 2006/1/2006 2007/1/2007 
f 2008/1/2008 2009/1/2009 2010/1/2010 
f 2005/1/2005 2010/1/2010 1697/1/1697 
f 2006/1/2006 2005/1/2005 1702/1/1702 
f 1702/1/1702 1701/1/1701 2006/1/2006 
f 2011/1/2011 2012/1/2012 2013/1/2013 
f 2013/1/2013 2014/1/2014 2011/1/2011 
f 1823/1/1823 2013/1/2013 2012/1/2012 
f 2012/1/2012 1825/1/1825 1823/1/1823 
f 1824/1/1824 2015/1/2015 2013/1/2013 
f 2013/1/2013 1823/1/1823 1824/1/1824 
f 2014/1/2014 2013/1/2013 2015/1/2015 
f 2015/1/2015 2016/1/2016 2014/1/2014 
f 2017/1/2017 2018/1/2018 2019/1/2019 
f 2019/1/2019 2020/1/2020 2017/1/2017 
f 1947/1/1947 2019/1/2019 2018/1/2018 
f 2018/1/2018 1706/1/1706 1947/1/1947 
f 1944/1/1944 2021/1/2021 2019/1/2019 
f 2019/1/2019 1947/1/1947 1944/1/1944 
f 2020/1/2020 2019/1/2019 2021/1/2021 
f 2021/1/2021 2022/1/2022 2020/1/2020 
f 2023/1/2023 2024/1/2024 2025/1/2025 
f 2025/1/2025 2026/1/2026 2023/1/2023 
f 2027/1/2027 2025/1/2025 2024/1/2024 
f 2024/1/2024 2028/1/2028 2027/1/2027 
f 1713/1/1713 1720/1/1720 2025/1/2025 
f 2025/1/2025 2027/1/2027 1713/1/1713 
f 2026/1/2026 2025/1/2025 1720/1/1720 
f 1720/1/1720 1719/1/1719 2026/1/2026 
f 2029/1/2029 2030/1/2030 2031/1/2031 
f 2031/1/2031 2032/1/2032 2029/1/2029 
f 2033/1/2033 2031/1/2031 2030/1/2030 
f 2030/1/2030 2034/1/2034 2033/1/2033 
f 1725/1/1725 1733/1/1733 2031/1/2031 
f 2031/1/2031 2033/1/2033 1725/1/1725 
f 2032/1/2032 2031/1/2031 1733/1/1733 
f 1733/1/1733 1246/1/1246 2032/1/2032 
f 2035/1/2035 2036/1/2036 2037/1/2037 
f 2037/1/2037 2038/1/2038 2035/1/2035 
f 2039/1/2039 2037/1/2037 2036/1/2036 
f 2036/1/2036 2040/1/2040 2039/1/2039 
f 1833/1/1833 1832/1/1832 2037/1/2037 
f 2037/1/2037 2039/1/2039 1833/1/1833 
f 2038/1/2038 2037/1/2037 1832/1/1832 
f 1832/1/1832 1818/1/1818 2038/1/2038 
f 2041/1/2041 2042/1/2042 2043/1/2043 
f 2043/1/2043 2044/1/2044 2041/1/2041 
f 1741/1/1741 2042/1/2042 2041/1/2041 
f 2041/1/2041 1742/1/1742 1741/1/1741 
f 1744/1/1744 2045/1/2045 2042/1/2042 
f 2042/1/2042 1741/1/1741 1744/1/1744 
f 2043/1/2043 2042/1/2042 2045/1/2045 
f 2045/1/2045 2046/1/2046 2043/1/2043 
f 2047/1/2047 2048/1/2048 2049/1/2049 
f 1757/1/1757 2047/1/2047 2050/1/2050 
f 2050/1/2050 1760/1/1760 1757/1/1757 
f 1206/1/1206 2051/1/2051 2047/1/2047 
f 2047/1/2047 1757/1/1757 1206/1/1206 
f 2048/1/2048 2047/1/2047 2051/1/2051 
f 2051/1/2051 2022/1/2022 2048/1/2048 
f 2052/1/2052 2053/1/2053 2054/1/2054 
f 2054/1/2054 2055/1/2055 2052/1/2052 
f 2053/1/2053 1905/1/1905 1970/1/1970 
f 1971/1/1971 2056/1/2056 2054/1/2054 
f 2054/1/2054 1970/1/1970 1971/1/1971 
f 2055/1/2055 2054/1/2054 2056/1/2056 
f 2056/1/2056 2057/1/2057 2055/1/2055 
f 2058/1/2058 2059/1/2059 2060/1/2060 
f 2060/1/2060 2061/1/2061 2058/1/2058 
f 1776/1/1776 2060/1/2060 2059/1/2059 
f 2059/1/2059 1778/1/1778 1776/1/1776 
f 1777/1/1777 2062/1/2062 2060/1/2060 
f 2060/1/2060 1776/1/1776 1777/1/1777 
f 2061/1/2061 2060/1/2060 2062/1/2062 
f 2062/1/2062 2063/1/2063 2061/1/2061 
f 150/1/150 2064/1/2064 2065/1/2065 
f 2065/1/2065 148/1/148 150/1/150 
f 2066/1/2066 2065/1/2065 2064/1/2064 
f 2064/1/2064 2067/1/2067 2066/1/2066 
f 1999/1/1999 2068/1/2068 2065/1/2065 
f 2065/1/2065 2066/1/2066 1999/1/1999 
f 148/1/148 2065/1/2065 2068/1/2068 
f 2068/1/2068 151/1/151 148/1/148 
f 2002/1/2002 2069/1/2069 2068/1/2068 
f 2068/1/2068 1999/1/1999 2002/1/2002 
f 2004/1/2004 2070/1/2070 2069/1/2069 
f 2069/1/2069 2002/1/2002 2004/1/2004 
f 1854/1/1854 1856/1/1856 2069/1/2069 
f 2069/1/2069 2070/1/2070 1854/1/1854 
f 151/1/151 2068/1/2068 2069/1/2069 
f 2069/1/2069 1856/1/1856 151/1/151 
f 1689/1/1689 2000/1/2000 2071/1/2071 
f 2071/1/2071 1810/1/1810 1689/1/1689 
f 2066/1/2066 2071/1/2071 2000/1/2000 
f 2000/1/2000 1999/1/1999 2066/1/2066 
f 2067/1/2067 2072/1/2072 2071/1/2071 
f 2071/1/2071 2066/1/2066 2067/1/2067 
f 1810/1/1810 2071/1/2071 2072/1/2072 
f 2072/1/2072 1807/1/1807 1810/1/1810 
f 1854/1/1854 2070/1/2070 2073/1/2073 
f 2073/1/2073 1853/1/1853 1854/1/1854 
f 2074/1/2074 2073/1/2073 2070/1/2070 
f 2070/1/2070 2004/1/2004 2074/1/2074 
f 2075/1/2075 2073/1/2073 2074/1/2074 
f 2074/1/2074 2009/1/2009 2075/1/2075 
f 272/1/272 1853/1/1853 2073/1/2073 
f 2073/1/2073 2075/1/2075 272/1/272 
f 2009/1/2009 2008/1/2008 2076/1/2076 
f 2076/1/2076 2075/1/2075 2009/1/2009 
f 2077/1/2077 2076/1/2076 2008/1/2008 
f 2008/1/2008 2007/1/2007 2077/1/2077 
f 277/1/277 273/1/273 2076/1/2076 
f 2076/1/2076 2077/1/2077 277/1/277 
f 2075/1/2075 2076/1/2076 273/1/273 
f 273/1/273 272/1/272 2075/1/2075 
f 1698/1/1698 1697/1/1697 2010/1/2010 
f 2009/1/2009 2074/1/2074 2078/1/2078 
f 2078/1/2078 2010/1/2010 2009/1/2009 
f 2078/1/2078 2074/1/2074 2004/1/2004 
f 1698/1/1698 2078/1/2078 2003/1/2003 
f 2003/1/2003 1694/1/1694 1698/1/1698 
f 277/1/277 2077/1/2077 2079/1/2079 
f 2079/1/2079 330/1/330 277/1/277 
f 2007/1/2007 2080/1/2080 2079/1/2079 
f 2079/1/2079 2077/1/2077 2007/1/2007 
f 2081/1/2081 2082/1/2082 2079/1/2079 
f 2079/1/2079 2080/1/2080 2081/1/2081 
f 330/1/330 2079/1/2079 2082/1/2082 
f 2082/1/2082 327/1/327 330/1/330 
f 2006/1/2006 2083/1/2083 2080/1/2080 
f 2080/1/2080 2007/1/2007 2006/1/2006 
f 1701/1/1701 1868/1/1868 2083/1/2083 
f 2083/1/2083 2006/1/2006 1701/1/1701 
f 2083/1/2083 1868/1/1868 1863/1/1863 
f 2080/1/2080 2083/1/2083 2084/1/2084 
f 2084/1/2084 2081/1/2081 2080/1/2080 
f 237/1/237 2085/1/2085 2086/1/2086 
f 2086/1/2086 236/1/236 237/1/237 
f 2087/1/2087 2086/1/2086 2085/1/2085 
f 2085/1/2085 2088/1/2088 2087/1/2087 
f 2011/1/2011 2089/1/2089 2086/1/2086 
f 2086/1/2086 2087/1/2087 2011/1/2011 
f 236/1/236 2086/1/2086 2089/1/2089 
f 2089/1/2089 238/1/238 236/1/236 
f 238/1/238 2089/1/2089 2090/1/2090 
f 2090/1/2090 1074/1/1074 238/1/238 
f 2014/1/2014 2090/1/2090 2089/1/2089 
f 2089/1/2089 2011/1/2011 2014/1/2014 
f 2016/1/2016 2091/1/2091 2090/1/2090 
f 2090/1/2090 2014/1/2014 2016/1/2016 
f 1074/1/1074 2090/1/2090 2091/1/2091 
f 2091/1/2091 1075/1/1075 1074/1/1074 
f 1825/1/1825 2012/1/2012 2092/1/2092 
f 2092/1/2092 1844/1/1844 1825/1/1825 
f 2087/1/2087 2092/1/2092 2012/1/2012 
f 2012/1/2012 2011/1/2011 2087/1/2087 
f 2088/1/2088 2093/1/2093 2092/1/2092 
f 2092/1/2092 2087/1/2087 2088/1/2088 
f 1844/1/1844 2092/1/2092 2093/1/2093 
f 2093/1/2093 1841/1/1841 1844/1/1844 
f 1914/1/1914 2094/1/2094 2095/1/2095 
f 2095/1/2095 1913/1/1913 1914/1/1914 
f 2096/1/2096 2095/1/2095 2094/1/2094 
f 2094/1/2094 2097/1/2097 2096/1/2096 
f 2017/1/2017 2098/1/2098 2095/1/2095 
f 2095/1/2095 2096/1/2096 2017/1/2017 
f 1913/1/1913 2095/1/2095 2098/1/2098 
f 2098/1/2098 1214/1/1214 1913/1/1913 
f 1214/1/1214 2098/1/2098 2099/1/2099 
f 2099/1/2099 1209/1/1209 1214/1/1214 
f 2020/1/2020 2099/1/2099 2098/1/2098 
f 2098/1/2098 2017/1/2017 2020/1/2020 
f 2022/1/2022 2051/1/2051 2099/1/2099 
f 2099/1/2099 2020/1/2020 2022/1/2022 
f 1209/1/1209 2099/1/2099 2051/1/2051 
f 2051/1/2051 1206/1/1206 1209/1/1209 
f 1706/1/1706 2018/1/2018 2100/1/2100 
f 2100/1/2100 1703/1/1703 1706/1/1706 
f 2096/1/2096 2100/1/2100 2018/1/2018 
f 2018/1/2018 2017/1/2017 2096/1/2096 
f 2097/1/2097 2101/1/2101 2100/1/2100 
f 2100/1/2100 2096/1/2096 2097/1/2097 
f 1703/1/1703 2100/1/2100 2101/1/2101 
f 2101/1/2101 1707/1/1707 1703/1/1703 
f 2102/1/2102 2103/1/2103 2104/1/2104 
f 2104/1/2104 2105/1/2105 2102/1/2102 
f 2106/1/2106 2104/1/2104 2103/1/2103 
f 2103/1/2103 2107/1/2107 2106/1/2106 
f 164/1/164 160/1/160 2104/1/2104 
f 2104/1/2104 2106/1/2106 164/1/164 
f 2105/1/2105 2104/1/2104 160/1/160 
f 160/1/160 159/1/159 2105/1/2105 
f 2107/1/2107 2108/1/2108 2109/1/2109 
f 2109/1/2109 2106/1/2106 2107/1/2107 
f 2110/1/2110 2109/1/2109 2108/1/2108 
f 2108/1/2108 2111/1/2111 2110/1/2110 
f 171/1/171 168/1/168 2109/1/2109 
f 2109/1/2109 2110/1/2110 171/1/171 
f 2106/1/2106 2109/1/2109 168/1/168 
f 168/1/168 164/1/164 2106/1/2106 
f 2107/1/2107 2112/1/2112 2113/1/2113 
f 2113/1/2113 2108/1/2108 2107/1/2107 
f 1861/1/1861 2113/1/2113 2112/1/2112 
f 2112/1/2112 1717/1/1717 1861/1/1861 
f 2114/1/2114 2113/1/2113 1861/1/1861 
f 1861/1/1861 1860/1/1860 2114/1/2114 
f 2111/1/2111 2108/1/2108 2113/1/2113 
f 2113/1/2113 2114/1/2114 2111/1/2111 
f 1793/1/1793 1797/1/1797 2115/1/2115 
f 2115/1/2115 2116/1/2116 1793/1/1793 
f 2112/1/2112 2115/1/2115 1797/1/1797 
f 1797/1/1797 1717/1/1717 2112/1/2112 
f 2107/1/2107 2103/1/2103 2115/1/2115 
f 2115/1/2115 2112/1/2112 2107/1/2107 
f 2116/1/2116 2115/1/2115 2103/1/2103 
f 2103/1/2103 2102/1/2102 2116/1/2116 
f 2111/1/2111 2117/1/2117 2118/1/2118 
f 2118/1/2118 2110/1/2110 2111/1/2111 
f 2119/1/2119 2118/1/2118 2117/1/2117 
f 2117/1/2117 2028/1/2028 2119/1/2119 
f 283/1/283 280/1/280 2118/1/2118 
f 2118/1/2118 2119/1/2119 283/1/283 
f 2110/1/2110 2118/1/2118 280/1/280 
f 280/1/280 171/1/171 2110/1/2110 
f 2028/1/2028 2024/1/2024 2120/1/2120 
f 2120/1/2120 2119/1/2119 2028/1/2028 
f 2121/1/2121 2120/1/2120 2024/1/2024 
f 2024/1/2024 2023/1/2023 2121/1/2121 
f 1873/1/1873 1877/1/1877 2120/1/2120 
f 2120/1/2120 2121/1/2121 1873/1/1873 
f 2119/1/2119 2120/1/2120 1877/1/1877 
f 1877/1/1877 283/1/283 2119/1/2119 
f 1860/1/1860 1857/1/1857 2122/1/2122 
f 2122/1/2122 2114/1/2114 1860/1/1860 
f 2027/1/2027 2122/1/2122 1857/1/1857 
f 1857/1/1857 1713/1/1713 2027/1/2027 
f 2028/1/2028 2117/1/2117 2122/1/2122 
f 2122/1/2122 2027/1/2027 2028/1/2028 
f 2114/1/2114 2122/1/2122 2117/1/2117 
f 2117/1/2117 2111/1/2111 2114/1/2114 
f 2123/1/2123 2124/1/2124 2125/1/2125 
f 2125/1/2125 2126/1/2126 2123/1/2123 
f 2127/1/2127 2125/1/2125 2124/1/2124 
f 2124/1/2124 2034/1/2034 2127/1/2127 
f 1928/1/1928 1927/1/1927 2125/1/2125 
f 2125/1/2125 2127/1/2127 1928/1/1928 
f 2126/1/2126 2125/1/2125 1927/1/1927 
f 1927/1/1927 1920/1/1920 2126/1/2126 
f 2128/1/2128 1955/1/1955 1928/1/1928 
f 2034/1/2034 2030/1/2030 2128/1/2128 
f 2128/1/2128 2127/1/2127 2034/1/2034 
f 2030/1/2030 2029/1/2029 2129/1/2129 
f 1955/1/1955 2128/1/2128 2129/1/2129 
f 2129/1/2129 1953/1/1953 1955/1/1955 
f 1732/1/1732 1731/1/1731 2130/1/2130 
f 2130/1/2130 2131/1/2131 1732/1/1732 
f 2033/1/2033 2130/1/2130 1731/1/1731 
f 1731/1/1731 1725/1/1725 2033/1/2033 
f 2034/1/2034 2124/1/2124 2130/1/2130 
f 2130/1/2130 2033/1/2033 2034/1/2034 
f 2124/1/2124 2123/1/2123 2131/1/2131 
f 2132/1/2132 2133/1/2133 2134/1/2134 
f 2134/1/2134 2135/1/2135 2132/1/2132 
f 2136/1/2136 2134/1/2134 2133/1/2133 
f 2133/1/2133 2040/1/2040 2136/1/2136 
f 265/1/265 264/1/264 2134/1/2134 
f 2134/1/2134 2136/1/2136 265/1/265 
f 2135/1/2135 2134/1/2134 264/1/264 
f 264/1/264 263/1/263 2135/1/2135 
f 2040/1/2040 2036/1/2036 2137/1/2137 
f 2137/1/2137 2136/1/2136 2040/1/2040 
f 2138/1/2138 2137/1/2137 2036/1/2036 
f 2036/1/2036 2035/1/2035 2138/1/2138 
f 1084/1/1084 1083/1/1083 2137/1/2137 
f 2137/1/2137 2138/1/2138 1084/1/1084 
f 2136/1/2136 2137/1/2137 1083/1/1083 
f 1083/1/1083 265/1/265 2136/1/2136 
f 1836/1/1836 1839/1/1839 2139/1/2139 
f 2139/1/2139 2140/1/2140 1836/1/1836 
f 2039/1/2039 2139/1/2139 1839/1/1839 
f 1839/1/1839 1833/1/1833 2039/1/2039 
f 2040/1/2040 2133/1/2133 2139/1/2139 
f 2139/1/2139 2039/1/2039 2040/1/2040 
f 2140/1/2140 2139/1/2139 2133/1/2133 
f 2133/1/2133 2132/1/2132 2140/1/2140 
f 2141/1/2141 2142/1/2142 2143/1/2143 
f 2143/1/2143 2144/1/2144 2141/1/2141 
f 2142/1/2142 2145/1/2145 2146/1/2146 
f 2143/1/2143 2146/1/2146 1127/1/1127 
f 2144/1/2144 2143/1/2143 1849/1/1849 
f 1849/1/1849 1850/1/1850 2144/1/2144 
f 2146/1/2146 2147/1/2147 1124/1/1124 
f 1124/1/1124 1127/1/1127 2146/1/2146 
f 2147/1/2147 2146/1/2146 2145/1/2145 
f 2148/1/2148 2149/1/2149 2147/1/2147 
f 2147/1/2147 2150/1/2150 2148/1/2148 
f 1124/1/1124 2147/1/2147 2149/1/2149 
f 2149/1/2149 1128/1/1128 1124/1/1124 
f 2151/1/2151 2152/1/2152 2150/1/2150 
f 2150/1/2150 2145/1/2145 2151/1/2151 
f 1737/1/1737 1940/1/1940 2152/1/2152 
f 2152/1/2152 2151/1/2151 1737/1/1737 
f 1931/1/1931 2153/1/2153 2152/1/2152 
f 2152/1/2152 1940/1/1940 1931/1/1931 
f 2150/1/2150 2152/1/2152 2153/1/2153 
f 2153/1/2153 2148/1/2148 2150/1/2150 
f 1243/1/1243 1738/1/1738 2154/1/2154 
f 2154/1/2154 2155/1/2155 1243/1/1243 
f 2151/1/2151 2154/1/2154 1738/1/1738 
f 1738/1/1738 1737/1/1737 2151/1/2151 
f 2145/1/2145 2142/1/2142 2154/1/2154 
f 2154/1/2154 2151/1/2151 2145/1/2145 
f 2142/1/2142 2141/1/2141 2155/1/2155 
f 2156/1/2156 2157/1/2157 2158/1/2158 
f 2158/1/2158 2159/1/2159 2156/1/2156 
f 2157/1/2157 2160/1/2160 2161/1/2161 
f 2158/1/2158 2161/1/2161 1359/1/1359 
f 2159/1/2159 2158/1/2158 1368/1/1368 
f 1368/1/1368 1367/1/1367 2159/1/2159 
f 1359/1/1359 2161/1/2161 2162/1/2162 
f 2162/1/2162 1358/1/1358 1359/1/1359 
f 2161/1/2161 2160/1/2160 2163/1/2163 
f 2164/1/2164 2165/1/2165 2162/1/2162 
f 2162/1/2162 2163/1/2163 2164/1/2164 
f 1358/1/1358 2162/1/2162 2165/1/2165 
f 2165/1/2165 1360/1/1360 1358/1/1358 
f 2160/1/2160 2166/1/2166 2167/1/2167 
f 2167/1/2167 2163/1/2163 2160/1/2160 
f 1880/1/1880 2167/1/2167 2166/1/2166 
f 2166/1/2166 1749/1/1749 1880/1/1880 
f 1881/1/1881 2168/1/2168 2167/1/2167 
f 2167/1/2167 1880/1/1880 1881/1/1881 
f 2163/1/2163 2167/1/2167 2168/1/2168 
f 2168/1/2168 2164/1/2164 2163/1/2163 
f 1961/1/1961 1963/1/1963 2169/1/2169 
f 2169/1/2169 2170/1/2170 1961/1/1961 
f 2166/1/2166 2169/1/2169 1963/1/1963 
f 1963/1/1963 1749/1/1749 2166/1/2166 
f 2160/1/2160 2157/1/2157 2169/1/2169 
f 2169/1/2169 2166/1/2166 2160/1/2160 
f 2170/1/2170 2169/1/2169 2157/1/2157 
f 2157/1/2157 2156/1/2156 2170/1/2170 
f 1360/1/1360 2165/1/2165 2171/1/2171 
f 2171/1/2171 1469/1/1469 1360/1/1360 
f 2172/1/2172 2171/1/2171 2165/1/2165 
f 2165/1/2165 2164/1/2164 2172/1/2172 
f 2173/1/2173 2174/1/2174 2171/1/2171 
f 2171/1/2171 2172/1/2172 2173/1/2173 
f 2174/1/2174 1466/1/1466 1469/1/1469 
f 1466/1/1466 2174/1/2174 2175/1/2175 
f 2175/1/2175 1984/1/1984 1466/1/1466 
f 2176/1/2176 2175/1/2175 2174/1/2174 
f 2174/1/2174 2173/1/2173 2176/1/2176 
f 2177/1/2177 2178/1/2178 2175/1/2175 
f 2175/1/2175 2176/1/2176 2177/1/2177 
f 1984/1/1984 2175/1/2175 2178/1/2178 
f 2178/1/2178 1981/1/1981 1984/1/1984 
f 2173/1/2173 2179/1/2179 2180/1/2180 
f 2180/1/2180 2176/1/2176 2173/1/2173 
f 1980/1/1980 2180/1/2180 2179/1/2179 
f 2179/1/2179 1748/1/1748 1980/1/1980 
f 2180/1/2180 1980/1/1980 1979/1/1979 
f 2176/1/2176 2180/1/2180 2181/1/2181 
f 2181/1/2181 2177/1/2177 2176/1/2176 
f 1748/1/1748 2179/1/2179 2182/1/2182 
f 2182/1/2182 1883/1/1883 1748/1/1748 
f 2172/1/2172 2182/1/2182 2179/1/2179 
f 2179/1/2179 2173/1/2173 2172/1/2172 
f 2164/1/2164 2168/1/2168 2182/1/2182 
f 2182/1/2182 2172/1/2172 2164/1/2164 
f 1883/1/1883 2182/1/2182 2168/1/2168 
f 2168/1/2168 1881/1/1881 1883/1/1883 
f 1683/1/1683 2183/1/2183 2184/1/2184 
f 2184/1/2184 1684/1/1684 1683/1/1683 
f 2185/1/2185 2184/1/2184 2183/1/2183 
f 2183/1/2183 2186/1/2186 2185/1/2185 
f 2187/1/2187 2188/1/2188 2184/1/2184 
f 2184/1/2184 2185/1/2185 2187/1/2187 
f 1684/1/1684 2184/1/2184 2188/1/2188 
f 2188/1/2188 1681/1/1681 1684/1/1684 
f 2187/1/2187 2189/1/2189 2190/1/2190 
f 2190/1/2190 2188/1/2188 2187/1/2187 
f 2191/1/2191 2190/1/2190 2189/1/2189 
f 2189/1/2189 2192/1/2192 2191/1/2191 
f 1668/1/1668 1682/1/1682 2190/1/2190 
f 2190/1/2190 2191/1/2191 1668/1/1668 
f 2188/1/2188 2190/1/2190 1682/1/1682 
f 1682/1/1682 1681/1/1681 2188/1/2188 
f 2192/1/2192 2193/1/2193 2194/1/2194 
f 2194/1/2194 2191/1/2191 2192/1/2192 
f 2195/1/2195 2194/1/2194 2193/1/2193 
f 2193/1/2193 2196/1/2196 2195/1/2195 
f 1673/1/1673 1669/1/1669 2194/1/2194 
f 2194/1/2194 2195/1/2195 1673/1/1673 
f 2191/1/2191 2194/1/2194 1669/1/1669 
f 1669/1/1669 1668/1/1668 2191/1/2191 
f 1673/1/1673 2195/1/2195 2197/1/2197 
f 2197/1/2197 1997/1/1997 1673/1/1673 
f 2198/1/2198 2197/1/2197 2195/1/2195 
f 2195/1/2195 2196/1/2196 2198/1/2198 
f 2199/1/2199 2200/1/2200 2197/1/2197 
f 2197/1/2197 2198/1/2198 2199/1/2199 
f 1997/1/1997 2197/1/2197 2200/1/2200 
f 2200/1/2200 1992/1/1992 1997/1/1997 
f 1992/1/1992 2200/1/2200 2201/1/2201 
f 2201/1/2201 1991/1/1991 1992/1/1992 
f 2202/1/2202 2201/1/2201 2200/1/2200 
f 2200/1/2200 2199/1/2199 2202/1/2202 
f 2203/1/2203 2204/1/2204 2201/1/2201 
f 2201/1/2201 2202/1/2202 2203/1/2203 
f 2204/1/2204 1993/1/1993 1991/1/1991 
f 2205/1/2205 2206/1/2206 2207/1/2207 
f 2207/1/2207 2208/1/2208 2205/1/2205 
f 2209/1/2209 2207/1/2207 2206/1/2206 
f 2206/1/2206 2044/1/2044 2209/1/2209 
f 1465/1/1465 1464/1/1464 2207/1/2207 
f 2207/1/2207 2209/1/2209 1465/1/1465 
f 2208/1/2208 2207/1/2207 1464/1/1464 
f 1464/1/1464 1463/1/1463 2208/1/2208 
f 1465/1/1465 2209/1/2209 2210/1/2210 
f 2210/1/2210 1895/1/1895 1465/1/1465 
f 2043/1/2043 2210/1/2210 2209/1/2209 
f 2209/1/2209 2044/1/2044 2043/1/2043 
f 2046/1/2046 2211/1/2211 2210/1/2210 
f 2210/1/2210 2043/1/2043 2046/1/2046 
f 2211/1/2211 1889/1/1889 1895/1/1895 
f 1977/1/1977 1976/1/1976 2212/1/2212 
f 2212/1/2212 2213/1/2213 1977/1/1977 
f 2041/1/2041 2212/1/2212 1976/1/1976 
f 1976/1/1976 1742/1/1742 2041/1/2041 
f 2044/1/2044 2206/1/2206 2212/1/2212 
f 2212/1/2212 2041/1/2041 2044/1/2044 
f 2213/1/2213 2212/1/2212 2206/1/2206 
f 2206/1/2206 2205/1/2205 2213/1/2213 
f 1889/1/1889 2211/1/2211 2214/1/2214 
f 2214/1/2214 1888/1/1888 1889/1/1889 
f 2215/1/2215 2214/1/2214 2211/1/2211 
f 2211/1/2211 2046/1/2046 2215/1/2215 
f 2216/1/2216 2217/1/2217 2214/1/2214 
f 2214/1/2214 2215/1/2215 2216/1/2216 
f 1888/1/1888 2214/1/2214 2217/1/2217 
f 2217/1/2217 1890/1/1890 1888/1/1888 
f 1890/1/1890 2217/1/2217 2218/1/2218 
f 2218/1/2218 1973/1/1973 1890/1/1890 
f 2219/1/2219 2218/1/2218 2217/1/2217 
f 2217/1/2217 2216/1/2216 2219/1/2219 
f 2057/1/2057 2056/1/2056 2218/1/2218 
f 2218/1/2218 2219/1/2219 2057/1/2057 
f 2056/1/2056 1971/1/1971 1973/1/1973 
f 2219/1/2219 2220/1/2220 2221/1/2221 
f 2221/1/2221 2057/1/2057 2219/1/2219 
f 2216/1/2216 2222/1/2222 2220/1/2220 
f 2220/1/2220 2219/1/2219 2216/1/2216 
f 1754/1/1754 1964/1/1964 2220/1/2220 
f 2220/1/2220 2222/1/2222 1754/1/1754 
f 1960/1/1960 2221/1/2221 2220/1/2220 
f 2220/1/2220 1964/1/1964 1960/1/1960 
f 1744/1/1744 1756/1/1756 2223/1/2223 
f 2223/1/2223 2045/1/2045 1744/1/1744 
f 2222/1/2222 2223/1/2223 1756/1/1756 
f 1756/1/1756 1754/1/1754 2222/1/2222 
f 2216/1/2216 2215/1/2215 2223/1/2223 
f 2223/1/2223 2222/1/2222 2216/1/2216 
f 2046/1/2046 2045/1/2045 2223/1/2223 
f 2223/1/2223 2215/1/2215 2046/1/2046 
f 2224/1/2224 2225/1/2225 2226/1/2226 
f 2226/1/2226 2227/1/2227 2224/1/2224 
f 2228/1/2228 2226/1/2226 2225/1/2225 
f 2225/1/2225 2049/1/2049 2228/1/2228 
f 1904/1/1904 1903/1/1903 2226/1/2226 
f 2226/1/2226 2228/1/2228 1904/1/1904 
f 1903/1/1903 1902/1/1902 2227/1/2227 
f 1941/1/1941 1904/1/1904 2228/1/2228 
f 2048/1/2048 2229/1/2229 2228/1/2228 
f 2228/1/2228 2049/1/2049 2048/1/2048 
f 2022/1/2022 2021/1/2021 2229/1/2229 
f 2229/1/2229 2048/1/2048 2022/1/2022 
f 2021/1/2021 1944/1/1944 1941/1/1941 
f 1934/1/1934 1939/1/1939 2230/1/2230 
f 2230/1/2230 2231/1/2231 1934/1/1934 
f 2050/1/2050 2230/1/2230 1939/1/1939 
f 1939/1/1939 1760/1/1760 2050/1/2050 
f 2049/1/2049 2225/1/2225 2230/1/2230 
f 2230/1/2230 2050/1/2050 2049/1/2049 
f 2225/1/2225 2224/1/2224 2231/1/2231 
f 1934/1/1934 2231/1/2231 2232/1/2232 
f 2232/1/2232 1932/1/1932 1934/1/1934 
f 2233/1/2233 2232/1/2232 2231/1/2231 
f 2231/1/2231 2224/1/2224 2233/1/2233 
f 2052/1/2052 2234/1/2234 2232/1/2232 
f 2232/1/2232 2233/1/2233 2052/1/2052 
f 1932/1/1932 2232/1/2232 2234/1/2234 
f 2234/1/2234 1935/1/1935 1932/1/1932 
f 1935/1/1935 2234/1/2234 2235/1/2235 
f 2235/1/2235 1957/1/1957 1935/1/1935 
f 2055/1/2055 2235/1/2235 2234/1/2234 
f 2234/1/2234 2052/1/2052 2055/1/2055 
f 2235/1/2235 2055/1/2055 2057/1/2057 
f 1960/1/1960 1957/1/1957 2235/1/2235 
f 2235/1/2235 2221/1/2221 1960/1/1960 
f 1905/1/1905 2053/1/2053 2236/1/2236 
f 2236/1/2236 1906/1/1906 1905/1/1905 
f 2233/1/2233 2236/1/2236 2053/1/2053 
f 2053/1/2053 2052/1/2052 2233/1/2233 
f 2224/1/2224 2227/1/2227 2236/1/2236 
f 2236/1/2236 2233/1/2233 2224/1/2224 
f 2236/1/2236 2227/1/2227 1902/1/1902 
f 2237/1/2237 1962/1/1962 1961/1/1961 
f 2156/1/2156 2238/1/2238 2237/1/2237 
f 2237/1/2237 2170/1/2170 2156/1/2156 
f 2239/1/2239 2240/1/2240 2237/1/2237 
f 2237/1/2237 2238/1/2238 2239/1/2239 
f 1962/1/1962 2237/1/2237 2240/1/2240 
f 2240/1/2240 1937/1/1937 1962/1/1962 
f 2241/1/2241 1930/1/1930 1937/1/1937 
f 2240/1/2240 2239/1/2239 2242/1/2242 
f 2148/1/2148 2153/1/2153 2241/1/2241 
f 2241/1/2241 2242/1/2242 2148/1/2148 
f 1930/1/1930 2241/1/2241 2153/1/2153 
f 2153/1/2153 1931/1/1931 1930/1/1930 
f 2239/1/2239 2243/1/2243 2244/1/2244 
f 2244/1/2244 2242/1/2242 2239/1/2239 
f 1765/1/1765 2244/1/2244 2243/1/2243 
f 2243/1/2243 1766/1/1766 1765/1/1765 
f 1128/1/1128 2149/1/2149 2244/1/2244 
f 2244/1/2244 1765/1/1765 1128/1/1128 
f 2149/1/2149 2148/1/2148 2242/1/2242 
f 1766/1/1766 2243/1/2243 2245/1/2245 
f 2245/1/2245 1771/1/1771 1766/1/1766 
f 2238/1/2238 2245/1/2245 2243/1/2243 
f 2243/1/2243 2239/1/2239 2238/1/2238 
f 2156/1/2156 2159/1/2159 2245/1/2245 
f 2245/1/2245 2238/1/2238 2156/1/2156 
f 1771/1/1771 2245/1/2245 2159/1/2159 
f 2159/1/2159 1367/1/1367 1771/1/1771 
f 2246/1/2246 1806/1/1806 1805/1/1805 
f 2061/1/2061 2246/1/2246 2247/1/2247 
f 2247/1/2247 2058/1/2058 2061/1/2061 
f 2246/1/2246 2061/1/2061 2063/1/2063 
f 1806/1/1806 2246/1/2246 2248/1/2248 
f 2248/1/2248 1802/1/1802 1806/1/1806 
f 2102/1/2102 2249/1/2249 2250/1/2250 
f 2250/1/2250 2116/1/2116 2102/1/2102 
f 2251/1/2251 2250/1/2250 2249/1/2249 
f 2249/1/2249 2252/1/2252 2251/1/2251 
f 1795/1/1795 1794/1/1794 2250/1/2250 
f 2250/1/2250 2251/1/2251 1795/1/1795 
f 2116/1/2116 2250/1/2250 1794/1/1794 
f 1794/1/1794 1793/1/1793 2116/1/2116 
f 2253/1/2253 2254/1/2254 1785/1/1785 
f 1785/1/1785 1786/1/1786 2253/1/2253 
f 2252/1/2252 2249/1/2249 2254/1/2254 
f 2254/1/2254 2253/1/2253 2252/1/2252 
f 2105/1/2105 2254/1/2254 2249/1/2249 
f 2249/1/2249 2102/1/2102 2105/1/2105 
f 159/1/159 1785/1/1785 2254/1/2254 
f 2254/1/2254 2105/1/2105 159/1/159 
f 1807/1/1807 2072/1/2072 2255/1/2255 
f 2255/1/2255 1815/1/1815 1807/1/1807 
f 2256/1/2256 2255/1/2255 2072/1/2072 
f 2072/1/2072 2067/1/2067 2256/1/2256 
f 2063/1/2063 2062/1/2062 2255/1/2255 
f 2255/1/2255 2256/1/2256 2063/1/2063 
f 1815/1/1815 2255/1/2255 2062/1/2062 
f 2062/1/2062 1777/1/1777 1815/1/1815 
f 1802/1/1802 2248/1/2248 2257/1/2257 
f 2257/1/2257 1800/1/1800 1802/1/1802 
f 2256/1/2256 2257/1/2257 2248/1/2248 
f 2248/1/2248 2063/1/2063 2256/1/2256 
f 2067/1/2067 2064/1/2064 2257/1/2257 
f 2257/1/2257 2256/1/2256 2067/1/2067 
f 1800/1/1800 2257/1/2257 2064/1/2064 
f 2064/1/2064 150/1/150 1800/1/1800 
f 1075/1/1075 2091/1/2091 2258/1/2258 
f 2258/1/2258 1915/1/1915 1075/1/1075 
f 2259/1/2259 2258/1/2258 2091/1/2091 
f 2091/1/2091 2016/1/2016 2259/1/2259 
f 2097/1/2097 2094/1/2094 2258/1/2258 
f 2258/1/2258 2259/1/2259 2097/1/2097 
f 1915/1/1915 2258/1/2258 2094/1/2094 
f 2094/1/2094 1914/1/1914 1915/1/1915 
f 2016/1/2016 2015/1/2015 2260/1/2260 
f 2260/1/2260 2259/1/2259 2016/1/2016 
f 1829/1/1829 2260/1/2260 2015/1/2015 
f 2015/1/2015 1824/1/1824 1829/1/1829 
f 1707/1/1707 2101/1/2101 2260/1/2260 
f 2260/1/2260 1829/1/1829 1707/1/1707 
f 2259/1/2259 2260/1/2260 2101/1/2101 
f 2101/1/2101 2097/1/2097 2259/1/2259 
f 2035/1/2035 2261/1/2261 2262/1/2262 
f 2262/1/2262 2138/1/2138 2035/1/2035 
f 2126/1/2126 2262/1/2262 2261/1/2261 
f 2261/1/2261 2123/1/2123 2126/1/2126 
f 1920/1/1920 1917/1/1917 2262/1/2262 
f 2262/1/2262 2126/1/2126 1920/1/1920 
f 2138/1/2138 2262/1/2262 1917/1/1917 
f 1917/1/1917 1084/1/1084 2138/1/2138 
f 2123/1/2123 2261/1/2261 2263/1/2263 
f 2263/1/2263 2131/1/2131 2123/1/2123 
f 2038/1/2038 2263/1/2263 2261/1/2261 
f 2261/1/2261 2035/1/2035 2038/1/2038 
f 1818/1/1818 1816/1/1816 2263/1/2263 
f 2263/1/2263 2038/1/2038 1818/1/1818 
f 1816/1/1816 1732/1/1732 2131/1/2131 
f 2023/1/2023 2264/1/2264 2265/1/2265 
f 2265/1/2265 2121/1/2121 2023/1/2023 
f 2135/1/2135 2265/1/2265 2264/1/2264 
f 2264/1/2264 2132/1/2132 2135/1/2135 
f 263/1/263 1874/1/1874 2265/1/2265 
f 2265/1/2265 2135/1/2135 263/1/263 
f 2121/1/2121 2265/1/2265 1874/1/1874 
f 1874/1/1874 1873/1/1873 2121/1/2121 
f 2266/1/2266 2026/1/2026 1719/1/1719 
f 2140/1/2140 2266/1/2266 1837/1/1837 
f 1837/1/1837 1836/1/1836 2140/1/2140 
f 2132/1/2132 2264/1/2264 2266/1/2266 
f 2266/1/2266 2140/1/2140 2132/1/2132 
f 2026/1/2026 2266/1/2266 2264/1/2264 
f 2264/1/2264 2023/1/2023 2026/1/2026 
f 2267/1/2267 334/1/334 327/1/327 
f 2268/1/2268 2267/1/2267 2082/1/2082 
f 2082/1/2082 2081/1/2081 2268/1/2268 
f 2267/1/2267 2268/1/2268 2088/1/2088 
f 2085/1/2085 237/1/237 334/1/334 
f 1841/1/1841 2093/1/2093 2269/1/2269 
f 2269/1/2269 1866/1/1866 1841/1/1841 
f 2268/1/2268 2269/1/2269 2093/1/2093 
f 2093/1/2093 2088/1/2088 2268/1/2268 
f 2081/1/2081 2084/1/2084 2269/1/2269 
f 2269/1/2269 2268/1/2268 2081/1/2081 
f 2084/1/2084 1863/1/1863 1866/1/1866 
f 2155/1/2155 2270/1/2270 1244/1/1244 
f 1244/1/1244 1243/1/1243 2155/1/2155 
f 2270/1/2270 2155/1/2155 2141/1/2141 
f 2032/1/2032 2270/1/2270 2271/1/2271 
f 2271/1/2271 2029/1/2029 2032/1/2032 
f 1246/1/1246 1244/1/1244 2270/1/2270 
f 2270/1/2270 2032/1/2032 1246/1/1246 
f 2144/1/2144 2272/1/2272 2271/1/2271 
f 2271/1/2271 2141/1/2141 2144/1/2144 
f 1850/1/1850 1952/1/1952 2272/1/2272 
f 2272/1/2272 2144/1/2144 1850/1/1850 
f 1953/1/1953 2129/1/2129 2272/1/2272 
f 2272/1/2272 1952/1/1952 1953/1/1953 
f 2271/1/2271 2272/1/2272 2129/1/2129 
f 2129/1/2129 2029/1/2029 2271/1/2271 
f 1619/1/1619 2273/1/2273 2274/1/2274 
f 2274/1/2274 1620/1/1620 1619/1/1619 
f 2273/1/2273 2275/1/2275 2276/1/2276 
f 2274/1/2274 2276/1/2276 852/1/852 
f 1620/1/1620 2274/1/2274 851/1/851 
f 851/1/851 850/1/850 1620/1/1620 
f 1020/1/1020 2277/1/2277 2278/1/2278 
f 2278/1/2278 1021/1/1021 1020/1/1020 
f 2279/1/2279 2278/1/2278 2277/1/2277 
f 2277/1/2277 2280/1/2280 2279/1/2279 
f 832/1/832 1008/1/1008 2278/1/2278 
f 2278/1/2278 2279/1/2279 832/1/832 
f 1009/1/1009 1021/1/1021 2278/1/2278 
f 2278/1/2278 1008/1/1008 1009/1/1009 
f 2281/1/2281 2282/1/2282 2283/1/2283 
f 2283/1/2283 2284/1/2284 2281/1/2281 
f 2277/1/2277 2283/1/2283 2282/1/2282 
f 2282/1/2282 2280/1/2280 2277/1/2277 
f 1020/1/1020 1041/1/1041 2283/1/2283 
f 2283/1/2283 2277/1/2277 1020/1/1020 
f 2284/1/2284 2283/1/2283 1041/1/1041 
f 1041/1/1041 1043/1/1043 2284/1/2284 
f 2280/1/2280 2285/1/2285 2286/1/2286 
f 2286/1/2286 2279/1/2279 2280/1/2280 
f 2287/1/2287 2288/1/2288 2286/1/2286 
f 2286/1/2286 2285/1/2285 2287/1/2287 
f 834/1/834 833/1/833 2286/1/2286 
f 2286/1/2286 2288/1/2288 834/1/834 
f 2279/1/2279 2286/1/2286 833/1/833 
f 833/1/833 832/1/832 2279/1/2279 
f 2280/1/2280 2282/1/2282 2289/1/2289 
f 2289/1/2289 2285/1/2285 2280/1/2280 
f 2290/1/2290 2289/1/2289 2282/1/2282 
f 2282/1/2282 2281/1/2281 2290/1/2290 
f 2291/1/2291 2292/1/2292 2289/1/2289 
f 2289/1/2289 2290/1/2290 2291/1/2291 
f 2285/1/2285 2289/1/2289 2292/1/2292 
f 2292/1/2292 2287/1/2287 2285/1/2285 
f 2292/1/2292 2291/1/2291 2293/1/2293 
f 2293/1/2293 840/1/840 838/1/838 
f 2288/1/2288 2294/1/2294 838/1/838 
f 838/1/838 834/1/834 2288/1/2288 
f 2294/1/2294 2288/1/2288 2287/1/2287 
f 1626/1/1626 840/1/840 2293/1/2293 
f 2291/1/2291 2295/1/2295 2296/1/2296 
f 2296/1/2296 2293/1/2293 2291/1/2291 
f 2275/1/2275 2273/1/2273 2296/1/2296 
f 2296/1/2296 2295/1/2295 2275/1/2275 
f 2273/1/2273 1619/1/1619 1626/1/1626 
f 2295/1/2295 2297/1/2297 2276/1/2276 
f 2276/1/2276 2275/1/2275 2295/1/2295 
f 2290/1/2290 2297/1/2297 2295/1/2295 
f 2295/1/2295 2291/1/2291 2290/1/2290 
f 2281/1/2281 2298/1/2298 2297/1/2297 
f 2297/1/2297 2290/1/2290 2281/1/2281 
f 2276/1/2276 2297/1/2297 2298/1/2298 
f 2298/1/2298 852/1/852 2276/1/2276 
f 852/1/852 2298/1/2298 2299/1/2299 
f 2299/1/2299 847/1/847 852/1/852 
f 2284/1/2284 2299/1/2299 2298/1/2298 
f 2298/1/2298 2281/1/2281 2284/1/2284 
f 1043/1/1043 1052/1/1052 2299/1/2299 
f 2299/1/2299 2284/1/2284 1043/1/1043 
f 847/1/847 2299/1/2299 1052/1/1052 
f 1052/1/1052 844/1/844 847/1/847 
f 1503/1/1503 1507/1/1507 2300/1/2300 
f 2300/1/2300 1502/1/1502 1503/1/1503 
f 2301/1/2301 2300/1/2300 1507/1/1507 
f 1507/1/1507 1506/1/1506 2301/1/2301 
f 2302/1/2302 2303/1/2303 2300/1/2300 
f 2300/1/2300 2301/1/2301 2302/1/2302 
f 1502/1/1502 2300/1/2300 2303/1/2303 
f 2303/1/2303 1504/1/1504 1502/1/1502 
f 2304/1/2304 2305/1/2305 1572/1/1572 
f 1572/1/1572 1561/1/1561 2304/1/2304 
f 2301/1/2301 2305/1/2305 2304/1/2304 
f 2304/1/2304 2302/1/2302 2301/1/2301 
f 2305/1/2305 2301/1/2301 1506/1/1506 
f 1582/1/1582 1573/1/1573 1572/1/1572 
f 1560/1/1560 1559/1/1559 2306/1/2306 
f 2306/1/2306 2307/1/2307 2308/1/2308 
f 2302/1/2302 2304/1/2304 2309/1/2309 
f 2309/1/2309 2308/1/2308 2302/1/2302 
f 1561/1/1561 1560/1/1560 2309/1/2309 
f 2309/1/2309 2304/1/2304 1561/1/1561 
f 1504/1/1504 2310/1/2310 2311/1/2311 
f 2311/1/2311 1505/1/1505 1504/1/1504 
f 2312/1/2312 2311/1/2311 2310/1/2310 
f 2310/1/2310 2313/1/2313 2312/1/2312 
f 1448/1/1448 1444/1/1444 2311/1/2311 
f 2311/1/2311 2312/1/2312 1448/1/1448 
f 1443/1/1443 1505/1/1505 2311/1/2311 
f 2311/1/2311 1444/1/1444 1443/1/1443 
f 1504/1/1504 2303/1/2303 2314/1/2314 
f 2314/1/2314 2310/1/2310 1504/1/1504 
f 2302/1/2302 2315/1/2315 2314/1/2314 
f 2314/1/2314 2303/1/2303 2302/1/2302 
f 2316/1/2316 2317/1/2317 2314/1/2314 
f 2314/1/2314 2315/1/2315 2316/1/2316 
f 2310/1/2310 2314/1/2314 2317/1/2317 
f 2317/1/2317 2313/1/2313 2310/1/2310 
f 2316/1/2316 2315/1/2315 2318/1/2318 
f 2318/1/2318 2319/1/2319 2316/1/2316 
f 2308/1/2308 2318/1/2318 2315/1/2315 
f 2315/1/2315 2302/1/2302 2308/1/2308 
f 2307/1/2307 2319/1/2319 2318/1/2318 
f 2318/1/2318 2308/1/2308 2307/1/2307 
f 2320/1/2320 2321/1/2321 2322/1/2322 
f 2322/1/2322 2323/1/2323 2320/1/2320 
f 1461/1/1461 2322/1/2322 2321/1/2321 
f 2321/1/2321 1463/1/1463 1461/1/1461 
f 1462/1/1462 2324/1/2324 2322/1/2322 
f 2322/1/2322 1461/1/1461 1462/1/1462 
f 2323/1/2323 2322/1/2322 2324/1/2324 
f 2324/1/2324 2325/1/2325 2323/1/2323 
f 2326/1/2326 2327/1/2327 2328/1/2328 
f 2328/1/2328 2329/1/2329 2326/1/2326 
f 2330/1/2330 2328/1/2328 2327/1/2327 
f 2327/1/2327 2331/1/2331 2330/1/2330 
f 1995/1/1995 1994/1/1994 2328/1/2328 
f 2328/1/2328 2330/1/2330 1995/1/1995 
f 2329/1/2329 2328/1/2328 1994/1/1994 
f 1994/1/1994 1993/1/1993 2329/1/2329 
f 2325/1/2325 2332/1/2332 2333/1/2333 
f 2333/1/2333 2323/1/2323 2325/1/2325 
f 2334/1/2334 2333/1/2333 2332/1/2332 
f 2332/1/2332 2335/1/2335 2334/1/2334 
f 2336/1/2336 2337/1/2337 2333/1/2333 
f 2333/1/2333 2334/1/2334 2336/1/2336 
f 2323/1/2323 2333/1/2333 2337/1/2337 
f 2337/1/2337 2320/1/2320 2323/1/2323 
f 2338/1/2338 2339/1/2339 2327/1/2327 
f 2327/1/2327 2326/1/2326 2338/1/2338 
f 2336/1/2336 2334/1/2334 2339/1/2339 
f 2339/1/2339 2338/1/2338 2336/1/2336 
f 2335/1/2335 2340/1/2340 2339/1/2339 
f 2339/1/2339 2334/1/2334 2335/1/2335 
f 2331/1/2331 2327/1/2327 2339/1/2339 
f 2339/1/2339 2340/1/2340 2331/1/2331 
f 1463/1/1463 2321/1/2321 2341/1/2341 
f 2341/1/2341 2208/1/2208 1463/1/1463 
f 2342/1/2342 2341/1/2341 2321/1/2321 
f 2321/1/2321 2320/1/2320 2342/1/2342 
f 2343/1/2343 2344/1/2344 2341/1/2341 
f 2341/1/2341 2342/1/2342 2343/1/2343 
f 2208/1/2208 2341/1/2341 2344/1/2344 
f 2344/1/2344 2205/1/2205 2208/1/2208 
f 2345/1/2345 2346/1/2346 2347/1/2347 
f 2347/1/2347 2348/1/2348 2345/1/2345 
f 2329/1/2329 2347/1/2347 2346/1/2346 
f 2346/1/2346 2326/1/2326 2329/1/2329 
f 1993/1/1993 2204/1/2204 2347/1/2347 
f 2347/1/2347 2329/1/2329 1993/1/1993 
f 2348/1/2348 2347/1/2347 2204/1/2204 
f 2204/1/2204 2203/1/2203 2348/1/2348 
f 2349/1/2349 2350/1/2350 2351/1/2351 
f 2351/1/2351 2352/1/2352 2349/1/2349 
f 2338/1/2338 2351/1/2351 2350/1/2350 
f 2350/1/2350 2336/1/2336 2338/1/2338 
f 2326/1/2326 2346/1/2346 2351/1/2351 
f 2351/1/2351 2338/1/2338 2326/1/2326 
f 2352/1/2352 2351/1/2351 2346/1/2346 
f 2346/1/2346 2345/1/2345 2352/1/2352 
f 2336/1/2336 2350/1/2350 2353/1/2353 
f 2353/1/2353 2337/1/2337 2336/1/2336 
f 2354/1/2354 2353/1/2353 2350/1/2350 
f 2350/1/2350 2349/1/2349 2354/1/2354 
f 2342/1/2342 2353/1/2353 2354/1/2354 
f 2354/1/2354 2343/1/2343 2342/1/2342 
f 2320/1/2320 2337/1/2337 2353/1/2353 
f 2353/1/2353 2342/1/2342 2320/1/2320 
f 2355/1/2355 2356/1/2356 2357/1/2357 
f 2357/1/2357 2358/1/2358 2355/1/2355 
f 2213/1/2213 2356/1/2356 2355/1/2355 
f 2355/1/2355 1977/1/1977 2213/1/2213 
f 2205/1/2205 2344/1/2344 2356/1/2356 
f 2356/1/2356 2213/1/2213 2205/1/2205 
f 2357/1/2357 2356/1/2356 2344/1/2344 
f 2344/1/2344 2343/1/2343 2357/1/2357 
f 2349/1/2349 2359/1/2359 2360/1/2360 
f 2360/1/2360 2354/1/2354 2349/1/2349 
f 2361/1/2361 2360/1/2360 2359/1/2359 
f 2359/1/2359 2362/1/2362 2361/1/2361 
f 2358/1/2358 2357/1/2357 2360/1/2360 
f 2360/1/2360 2361/1/2361 2358/1/2358 
f 2354/1/2354 2360/1/2360 2357/1/2357 
f 2357/1/2357 2343/1/2343 2354/1/2354 
f 2358/1/2358 2363/1/2363 2364/1/2364 
f 2364/1/2364 2355/1/2355 2358/1/2358 
f 2365/1/2365 2364/1/2364 2363/1/2363 
f 2363/1/2363 2366/1/2366 2365/1/2365 
f 1979/1/1979 1978/1/1978 2364/1/2364 
f 2364/1/2364 2365/1/2365 1979/1/1979 
f 2355/1/2355 2364/1/2364 1978/1/1978 
f 1978/1/1978 1977/1/1977 2355/1/2355 
f 2362/1/2362 2367/1/2367 2368/1/2368 
f 2368/1/2368 2361/1/2361 2362/1/2362 
f 2369/1/2369 2368/1/2368 2367/1/2367 
f 2367/1/2367 2370/1/2370 2369/1/2369 
f 2366/1/2366 2363/1/2363 2368/1/2368 
f 2368/1/2368 2369/1/2369 2366/1/2366 
f 2363/1/2363 2358/1/2358 2361/1/2361 
f 2371/1/2371 2365/1/2365 2366/1/2366 
f 2372/1/2372 2371/1/2371 2373/1/2373 
f 2373/1/2373 2374/1/2374 2372/1/2372 
f 2177/1/2177 2181/1/2181 2371/1/2371 
f 2371/1/2371 2372/1/2372 2177/1/2177 
f 2365/1/2365 2371/1/2371 2181/1/2181 
f 2181/1/2181 1979/1/1979 2365/1/2365 
f 2375/1/2375 2376/1/2376 2377/1/2377 
f 2377/1/2377 2378/1/2378 2375/1/2375 
f 2374/1/2374 2373/1/2373 2377/1/2377 
f 2377/1/2377 2376/1/2376 2374/1/2374 
f 2369/1/2369 2377/1/2377 2373/1/2373 
f 2373/1/2373 2366/1/2366 2369/1/2369 
f 2369/1/2369 2370/1/2370 2378/1/2378 
f 2379/1/2379 2380/1/2380 2381/1/2381 
f 2381/1/2381 2382/1/2382 2379/1/2379 
f 2383/1/2383 2384/1/2384 2380/1/2380 
f 2380/1/2380 2379/1/2379 2383/1/2383 
f 2186/1/2186 2183/1/2183 2380/1/2380 
f 2380/1/2380 2384/1/2384 2186/1/2186 
f 2381/1/2381 2380/1/2380 2183/1/2183 
f 2183/1/2183 1683/1/1683 2381/1/2381 
f 2374/1/2374 2385/1/2385 2386/1/2386 
f 2386/1/2386 2372/1/2372 2374/1/2374 
f 2387/1/2387 2386/1/2386 2385/1/2385 
f 2385/1/2385 2388/1/2388 2387/1/2387 
f 1981/1/1981 2178/1/2178 2386/1/2386 
f 2386/1/2386 2387/1/2387 1981/1/1981 
f 2372/1/2372 2386/1/2386 2178/1/2178 
f 2178/1/2178 2177/1/2177 2372/1/2372 
f 2376/1/2376 2389/1/2389 2385/1/2385 
f 2385/1/2385 2374/1/2374 2376/1/2376 
f 2390/1/2390 2389/1/2389 2376/1/2376 
f 2376/1/2376 2375/1/2375 2390/1/2390 
f 2391/1/2391 2392/1/2392 2389/1/2389 
f 2389/1/2389 2390/1/2390 2391/1/2391 
f 2388/1/2388 2385/1/2385 2389/1/2389 
f 2389/1/2389 2392/1/2392 2388/1/2388 
f 2382/1/2382 2393/1/2393 2394/1/2394 
f 2394/1/2394 2379/1/2379 2382/1/2382 
f 2390/1/2390 2394/1/2394 2393/1/2393 
f 2393/1/2393 2391/1/2391 2390/1/2390 
f 2375/1/2375 2395/1/2395 2394/1/2394 
f 2394/1/2394 2390/1/2390 2375/1/2375 
f 2379/1/2379 2394/1/2394 2395/1/2395 
f 2395/1/2395 2383/1/2383 2379/1/2379 
f 1688/1/1688 2396/1/2396 2397/1/2397 
f 2397/1/2397 1686/1/1686 1688/1/1688 
f 2398/1/2398 2397/1/2397 2396/1/2396 
f 2396/1/2396 2399/1/2399 2398/1/2398 
f 2382/1/2382 2381/1/2381 2397/1/2397 
f 2397/1/2397 2398/1/2398 2382/1/2382 
f 1686/1/1686 2397/1/2397 2381/1/2381 
f 2381/1/2381 1683/1/1683 1686/1/1686 
f 2388/1/2388 2400/1/2400 2401/1/2401 
f 2401/1/2401 2387/1/2387 2388/1/2388 
f 2402/1/2402 2401/1/2401 2400/1/2400 
f 2400/1/2400 2403/1/2403 2402/1/2402 
f 1986/1/1986 1982/1/1982 2401/1/2401 
f 2401/1/2401 2402/1/2402 1986/1/1986 
f 2387/1/2387 2401/1/2401 1982/1/1982 
f 1982/1/1982 1981/1/1981 2387/1/2387 
f 2392/1/2392 2404/1/2404 2400/1/2400 
f 2400/1/2400 2388/1/2388 2392/1/2392 
f 2405/1/2405 2404/1/2404 2392/1/2392 
f 2392/1/2392 2391/1/2391 2405/1/2405 
f 2406/1/2406 2407/1/2407 2404/1/2404 
f 2404/1/2404 2405/1/2405 2406/1/2406 
f 2403/1/2403 2400/1/2400 2404/1/2404 
f 2404/1/2404 2407/1/2407 2403/1/2403 
f 2399/1/2399 2408/1/2408 2409/1/2409 
f 2409/1/2409 2398/1/2398 2399/1/2399 
f 2405/1/2405 2409/1/2409 2408/1/2408 
f 2408/1/2408 2406/1/2406 2405/1/2405 
f 2391/1/2391 2393/1/2393 2409/1/2409 
f 2409/1/2409 2405/1/2405 2391/1/2391 
f 2398/1/2398 2409/1/2409 2393/1/2393 
f 2393/1/2393 2382/1/2382 2398/1/2398 
f 2410/1/2410 2411/1/2411 2412/1/2412 
f 2412/1/2412 2413/1/2413 2410/1/2410 
f 2414/1/2414 2415/1/2415 2412/1/2412 
f 2412/1/2412 2411/1/2411 2414/1/2414 
f 2402/1/2402 2412/1/2412 2415/1/2415 
f 2415/1/2415 1986/1/1986 2402/1/2402 
f 2403/1/2403 2413/1/2413 2412/1/2412 
f 2412/1/2412 2402/1/2402 2403/1/2403 
f 2403/1/2403 2407/1/2407 2416/1/2416 
f 2416/1/2416 2413/1/2413 2403/1/2403 
f 2417/1/2417 2416/1/2416 2407/1/2407 
f 2407/1/2407 2406/1/2406 2417/1/2417 
f 2418/1/2418 2419/1/2419 2416/1/2416 
f 2416/1/2416 2417/1/2417 2418/1/2418 
f 2413/1/2413 2416/1/2416 2419/1/2419 
f 2419/1/2419 2410/1/2410 2413/1/2413 
f 1646/1/1646 2420/1/2420 2421/1/2421 
f 2421/1/2421 1663/1/1663 1646/1/1646 
f 2422/1/2422 2423/1/2423 2421/1/2421 
f 2421/1/2421 2420/1/2420 2422/1/2422 
f 2424/1/2424 2425/1/2425 2421/1/2421 
f 2421/1/2421 2423/1/2423 2424/1/2424 
f 1663/1/1663 2421/1/2421 2425/1/2425 
f 2425/1/2425 1660/1/1660 1663/1/1663 
f 2422/1/2422 2426/1/2426 2427/1/2427 
f 2427/1/2427 2428/1/2428 2422/1/2422 
f 2429/1/2429 2427/1/2427 2426/1/2426 
f 2426/1/2426 1499/1/1499 2429/1/2429 
f 2430/1/2430 2431/1/2431 2427/1/2427 
f 2427/1/2427 2429/1/2429 2430/1/2430 
f 2428/1/2428 2427/1/2427 2431/1/2431 
f 2431/1/2431 2432/1/2432 2428/1/2428 
f 1486/1/1486 1493/1/1493 2433/1/2433 
f 1495/1/1495 2434/1/2434 2433/1/2433 
f 2433/1/2433 1493/1/1493 1495/1/1495 
f 2429/1/2429 2433/1/2433 2434/1/2434 
f 2434/1/2434 2430/1/2430 2429/1/2429 
f 1499/1/1499 1498/1/1498 2433/1/2433 
f 2433/1/2433 2429/1/2429 1499/1/1499 
f 2420/1/2420 2435/1/2435 2426/1/2426 
f 2426/1/2426 2422/1/2422 2420/1/2420 
f 1649/1/1649 2435/1/2435 2420/1/2420 
f 2420/1/2420 1646/1/1646 1649/1/1649 
f 2435/1/2435 1649/1/1649 1628/1/1628 
f 2435/1/2435 1631/1/1631 1499/1/1499 
f 2436/1/2436 2437/1/2437 2438/1/2438 
f 2438/1/2438 2439/1/2439 2436/1/2436 
f 47/1/47 46/1/46 2437/1/2437 
f 2437/1/2437 2436/1/2436 47/1/47 
f 2440/1/2440 2441/1/2441 2442/1/2442 
f 2439/1/2439 2438/1/2438 2443/1/2443 
f 2443/1/2443 2442/1/2442 2439/1/2439 
f 2444/1/2444 2441/1/2441 2440/1/2440 
f 2445/1/2445 2446/1/2446 2447/1/2447 
f 2447/1/2447 2448/1/2448 2445/1/2445 
f 2445/1/2445 2441/1/2441 2444/1/2444 
f 2449/1/2449 2450/1/2450 2451/1/2451 
f 2448/1/2448 2447/1/2447 2449/1/2449 
f 2449/1/2449 2452/1/2452 2448/1/2448 
f 2453/1/2453 2451/1/2451 2450/1/2450 
f 702/1/702 701/1/701 2454/1/2454 
f 2454/1/2454 720/1/720 702/1/702 
f 2455/1/2455 2454/1/2454 701/1/701 
f 701/1/701 704/1/704 2455/1/2455 
f 2454/1/2454 2455/1/2455 2456/1/2456 
f 720/1/720 2454/1/2454 2457/1/2457 
f 2457/1/2457 717/1/717 720/1/720 
f 717/1/717 2457/1/2457 2458/1/2458 
f 2458/1/2458 725/1/725 717/1/717 
f 2459/1/2459 2458/1/2458 2457/1/2457 
f 2457/1/2457 2456/1/2456 2459/1/2459 
f 9/1/9 8/1/8 2458/1/2458 
f 2458/1/2458 2459/1/2459 9/1/9 
f 725/1/725 2458/1/2458 8/1/8 
f 8/1/8 7/1/7 725/1/725 
f 2460/1/2460 2461/1/2461 2462/1/2462 
f 2463/1/2463 2460/1/2460 2464/1/2464 
f 2464/1/2464 2465/1/2465 2463/1/2463 
f 166/1/166 173/1/173 2460/1/2460 
f 2460/1/2460 2463/1/2463 166/1/166 
f 2461/1/2461 2460/1/2460 173/1/173 
f 173/1/173 172/1/172 2461/1/2461 
f 172/1/172 284/1/284 2466/1/2466 
f 2466/1/2466 2461/1/2461 172/1/172 
f 2467/1/2467 2466/1/2466 284/1/284 
f 284/1/284 285/1/285 2467/1/2467 
f 2468/1/2468 2469/1/2469 2466/1/2466 
f 2466/1/2466 2467/1/2467 2468/1/2468 
f 2461/1/2461 2466/1/2466 2469/1/2469 
f 2469/1/2469 2462/1/2462 2461/1/2461 
f 2470/1/2470 2471/1/2471 2472/1/2472 
f 2472/1/2472 2473/1/2473 2470/1/2470 
f 70/1/70 2472/1/2472 2471/1/2471 
f 2471/1/2471 67/1/67 70/1/70 
f 74/1/74 158/1/158 2472/1/2472 
f 2472/1/2472 70/1/70 74/1/74 
f 158/1/158 157/1/157 2473/1/2473 
f 2474/1/2474 2475/1/2475 2476/1/2476 
f 2476/1/2476 2477/1/2477 2474/1/2474 
f 2478/1/2478 2475/1/2475 2474/1/2474 
f 2474/1/2474 2479/1/2479 2478/1/2478 
f 1923/1/1923 1956/1/1956 2475/1/2475 
f 2475/1/2475 2478/1/2478 1923/1/1923 
f 1948/1/1948 2476/1/2476 2475/1/2475 
f 2475/1/2475 1956/1/1956 1948/1/1948 
f 2480/1/2480 2478/1/2478 2479/1/2479 
f 2481/1/2481 2480/1/2480 2482/1/2482 
f 2482/1/2482 2483/1/2483 2481/1/2481 
f 1921/1/1921 1924/1/1924 2480/1/2480 
f 2480/1/2480 2481/1/2481 1921/1/1921 
f 2478/1/2478 2480/1/2480 1924/1/1924 
f 1924/1/1924 1923/1/1923 2478/1/2478 
f 2484/1/2484 2485/1/2485 2486/1/2486 
f 2486/1/2486 2487/1/2487 2484/1/2484 
f 2488/1/2488 2486/1/2486 2485/1/2485 
f 2485/1/2485 2489/1/2489 2488/1/2488 
f 1065/1/1065 1147/1/1147 2486/1/2486 
f 2486/1/2486 2488/1/2488 1065/1/1065 
f 2487/1/2487 2486/1/2486 1147/1/1147 
f 1147/1/1147 1146/1/1146 2487/1/2487 
f 291/1/291 2490/1/2490 2491/1/2491 
f 2491/1/2491 290/1/290 291/1/291 
f 2492/1/2492 2491/1/2491 2490/1/2490 
f 2490/1/2490 2493/1/2493 2492/1/2492 
f 2494/1/2494 2495/1/2495 2491/1/2491 
f 2491/1/2491 2492/1/2492 2494/1/2494 
f 290/1/290 2491/1/2491 2495/1/2495 
f 2495/1/2495 201/1/201 290/1/290 
f 2496/1/2496 2497/1/2497 2498/1/2498 
f 2498/1/2498 2499/1/2499 2496/1/2496 
f 1985/1/1985 2498/1/2498 2497/1/2497 
f 2497/1/2497 1471/1/1471 1985/1/1985 
f 1986/1/1986 2415/1/2415 2498/1/2498 
f 2498/1/2498 1985/1/1985 1986/1/1986 
f 2499/1/2499 2498/1/2498 2415/1/2415 
f 2415/1/2415 2414/1/2414 2499/1/2499 
f 1676/1/1676 1675/1/1675 2500/1/2500 
f 2500/1/2500 2501/1/2501 1676/1/1676 
f 2502/1/2502 2500/1/2500 1675/1/1675 
f 1675/1/1675 1674/1/1674 2502/1/2502 
f 2503/1/2503 2504/1/2504 2500/1/2500 
f 2500/1/2500 2502/1/2502 2503/1/2503 
f 2501/1/2501 2500/1/2500 2504/1/2504 
f 2504/1/2504 2505/1/2505 2501/1/2501 
f 2503/1/2503 2502/1/2502 2506/1/2506 
f 2506/1/2506 2507/1/2507 2503/1/2503 
f 1998/1/1998 2506/1/2506 2502/1/2502 
f 2502/1/2502 1674/1/1674 1998/1/1998 
f 1987/1/1987 2508/1/2508 2506/1/2506 
f 2506/1/2506 1998/1/1998 1987/1/1987 
f 2507/1/2507 2506/1/2506 2508/1/2508 
f 2508/1/2508 2509/1/2509 2507/1/2507 
f 1995/1/1995 2510/1/2510 2511/1/2511 
f 2511/1/2511 1990/1/1990 1995/1/1995 
f 2512/1/2512 2511/1/2511 2510/1/2510 
f 2510/1/2510 2513/1/2513 2512/1/2512 
f 2509/1/2509 2508/1/2508 2511/1/2511 
f 2511/1/2511 2512/1/2512 2509/1/2509 
f 1990/1/1990 2511/1/2511 2508/1/2508 
f 2508/1/2508 1987/1/1987 1990/1/1990 
f 2513/1/2513 2510/1/2510 2514/1/2514 
f 2514/1/2514 2515/1/2515 2513/1/2513 
f 2330/1/2330 2514/1/2514 2510/1/2510 
f 2510/1/2510 1995/1/1995 2330/1/2330 
f 2331/1/2331 2516/1/2516 2514/1/2514 
f 2514/1/2514 2330/1/2330 2331/1/2331 
f 2515/1/2515 2514/1/2514 2516/1/2516 
f 2516/1/2516 2517/1/2517 2515/1/2515 
f 2518/1/2518 2519/1/2519 2520/1/2520 
f 2520/1/2520 2521/1/2521 2518/1/2518 
f 1974/1/1974 2520/1/2520 2519/1/2519 
f 2519/1/2519 1892/1/1892 1974/1/1974 
f 1968/1/1968 2522/1/2522 2520/1/2520 
f 2520/1/2520 1974/1/1974 1968/1/1968 
f 2521/1/2521 2520/1/2520 2522/1/2522 
f 2522/1/2522 2523/1/2523 2521/1/2521 
f 2524/1/2524 2525/1/2525 2526/1/2526 
f 2526/1/2526 2527/1/2527 2524/1/2524 
f 2528/1/2528 2526/1/2526 2525/1/2525 
f 2525/1/2525 2529/1/2529 2528/1/2528 
f 1901/1/1901 1897/1/1897 2526/1/2526 
f 2526/1/2526 2528/1/2528 1901/1/1901 
f 2527/1/2527 2526/1/2526 1897/1/1897 
f 1897/1/1897 1896/1/1896 2527/1/2527 
f 1139/1/1139 2530/1/2530 2531/1/2531 
f 2531/1/2531 1140/1/1140 1139/1/1139 
f 2527/1/2527 2531/1/2531 2530/1/2530 
f 2530/1/2530 2524/1/2524 2527/1/2527 
f 1896/1/1896 1945/1/1945 2531/1/2531 
f 2531/1/2531 2527/1/2527 1896/1/1896 
f 1140/1/1140 2531/1/2531 1945/1/1945 
f 1945/1/1945 1141/1/1141 1140/1/1140 
f 2532/1/2532 2533/1/2533 2534/1/2534 
f 2534/1/2534 2535/1/2535 2532/1/2532 
f 2536/1/2536 2534/1/2534 2533/1/2533 
f 2533/1/2533 2537/1/2537 2536/1/2536 
f 2313/1/2313 2317/1/2317 2534/1/2534 
f 2534/1/2534 2536/1/2536 2313/1/2313 
f 2535/1/2535 2534/1/2534 2317/1/2317 
f 2317/1/2317 2316/1/2316 2535/1/2535 
f 2537/1/2537 2538/1/2538 2539/1/2539 
f 2539/1/2539 2536/1/2536 2537/1/2537 
f 1454/1/1454 2539/1/2539 2538/1/2538 
f 2538/1/2538 1455/1/1455 1454/1/1454 
f 1448/1/1448 2312/1/2312 2539/1/2539 
f 2539/1/2539 1454/1/1454 1448/1/1448 
f 2536/1/2536 2539/1/2539 2312/1/2312 
f 2312/1/2312 2313/1/2313 2536/1/2536 
f 2540/1/2540 2541/1/2541 2542/1/2542 
f 2542/1/2542 2543/1/2543 2540/1/2540 
f 2523/1/2523 2522/1/2522 2542/1/2542 
f 2542/1/2542 2541/1/2541 2523/1/2523 
f 1966/1/1966 2542/1/2542 2522/1/2522 
f 2522/1/2522 1968/1/1968 1966/1/1966 
f 2543/1/2543 2542/1/2542 1966/1/1966 
f 1966/1/1966 1910/1/1910 2543/1/2543 
f 2529/1/2529 2544/1/2544 2545/1/2545 
f 2545/1/2545 2528/1/2528 2529/1/2529 
f 2543/1/2543 2545/1/2545 2544/1/2544 
f 2544/1/2544 2540/1/2540 2543/1/2543 
f 1910/1/1910 1909/1/1909 2545/1/2545 
f 2545/1/2545 2543/1/2543 1910/1/1910 
f 2528/1/2528 2545/1/2545 1909/1/1909 
f 1909/1/1909 1901/1/1901 2528/1/2528 
f 72/1/72 2546/1/2546 2547/1/2547 
f 2547/1/2547 71/1/71 72/1/72 
f 2548/1/2548 2547/1/2547 2546/1/2546 
f 2546/1/2546 2549/1/2549 2548/1/2548 
f 58/1/58 61/1/61 2547/1/2547 
f 2547/1/2547 2548/1/2548 58/1/58 
f 71/1/71 2547/1/2547 61/1/61 
f 61/1/61 66/1/66 71/1/71 
f 2465/1/2465 2550/1/2550 2551/1/2551 
f 2551/1/2551 2463/1/2463 2465/1/2465 
f 2552/1/2552 2551/1/2551 2550/1/2550 
f 2550/1/2550 2553/1/2553 2552/1/2552 
f 165/1/165 2551/1/2551 2552/1/2552 
f 2552/1/2552 167/1/167 165/1/165 
f 166/1/166 2463/1/2463 2551/1/2551 
f 2551/1/2551 165/1/165 166/1/166 
f 2554/1/2554 2555/1/2555 2556/1/2556 
f 2556/1/2556 2557/1/2557 2554/1/2554 
f 2558/1/2558 2559/1/2559 2555/1/2555 
f 2555/1/2555 2554/1/2554 2558/1/2558 
f 2560/1/2560 2555/1/2555 2559/1/2559 
f 2559/1/2559 2553/1/2553 2560/1/2560 
f 2561/1/2561 2556/1/2556 2555/1/2555 
f 2555/1/2555 2560/1/2560 2561/1/2561 
f 2562/1/2562 2563/1/2563 2564/1/2564 
f 2564/1/2564 2565/1/2565 2562/1/2562 
f 2560/1/2560 2564/1/2564 2563/1/2563 
f 2563/1/2563 2561/1/2561 2560/1/2560 
f 2553/1/2553 2550/1/2550 2564/1/2564 
f 2564/1/2564 2560/1/2560 2553/1/2553 
f 2565/1/2565 2564/1/2564 2550/1/2550 
f 2550/1/2550 2465/1/2465 2565/1/2565 
f 2561/1/2561 2563/1/2563 2566/1/2566 
f 2566/1/2566 2567/1/2567 2561/1/2561 
f 2568/1/2568 2566/1/2566 2563/1/2563 
f 2563/1/2563 2562/1/2562 2568/1/2568 
f 128/1/128 127/1/127 2566/1/2566 
f 2566/1/2566 2568/1/2568 128/1/128 
f 2567/1/2567 2566/1/2566 127/1/127 
f 127/1/127 26/1/26 2567/1/2567 
f 2558/1/2558 2569/1/2569 2570/1/2570 
f 2570/1/2570 2559/1/2559 2558/1/2558 
f 1781/1/1781 1784/1/1784 2570/1/2570 
f 2570/1/2570 2569/1/2569 1781/1/1781 
f 167/1/167 2552/1/2552 2570/1/2570 
f 2570/1/2570 1784/1/1784 167/1/167 
f 2553/1/2553 2559/1/2559 2570/1/2570 
f 2570/1/2570 2552/1/2552 2553/1/2553 
f 34/1/34 2571/1/2571 2572/1/2572 
f 2572/1/2572 29/1/29 34/1/34 
f 2557/1/2557 2556/1/2556 2572/1/2572 
f 2572/1/2572 2571/1/2571 2557/1/2557 
f 2567/1/2567 2572/1/2572 2556/1/2556 
f 2556/1/2556 2561/1/2561 2567/1/2567 
f 29/1/29 2572/1/2572 2567/1/2567 
f 2567/1/2567 26/1/26 29/1/29 
f 2573/1/2573 2574/1/2574 2575/1/2575 
f 2575/1/2575 2576/1/2576 2573/1/2573 
f 53/1/53 52/1/52 2574/1/2574 
f 2574/1/2574 2573/1/2573 53/1/53 
f 2577/1/2577 2578/1/2578 2579/1/2579 
f 2579/1/2579 2580/1/2580 2577/1/2577 
f 2581/1/2581 2579/1/2579 2578/1/2578 
f 2578/1/2578 2582/1/2582 2581/1/2581 
f 1772/1/1772 1775/1/1775 2579/1/2579 
f 2579/1/2579 2581/1/2581 1772/1/1772 
f 2580/1/2580 2579/1/2579 1775/1/1775 
f 1775/1/1775 1780/1/1780 2580/1/2580 
f 2583/1/2583 2584/1/2584 2585/1/2585 
f 2585/1/2585 2586/1/2586 2583/1/2583 
f 2587/1/2587 2585/1/2585 2584/1/2584 
f 2584/1/2584 2588/1/2588 2587/1/2587 
f 2582/1/2582 2578/1/2578 2585/1/2585 
f 2585/1/2585 2587/1/2587 2582/1/2582 
f 2586/1/2586 2585/1/2585 2578/1/2578 
f 2578/1/2578 2577/1/2577 2586/1/2586 
f 2588/1/2588 2584/1/2584 2589/1/2589 
f 2589/1/2589 2590/1/2590 2588/1/2588 
f 2591/1/2591 2589/1/2589 2584/1/2584 
f 2584/1/2584 2583/1/2583 2591/1/2591 
f 2549/1/2549 2546/1/2546 2589/1/2589 
f 2589/1/2589 2591/1/2591 2549/1/2549 
f 2590/1/2590 2589/1/2589 2546/1/2546 
f 2546/1/2546 72/1/72 2590/1/2590 
f 2588/1/2588 2592/1/2592 2593/1/2593 
f 2593/1/2593 2587/1/2587 2588/1/2588 
f 2594/1/2594 2593/1/2593 2592/1/2592 
f 2592/1/2592 2595/1/2595 2594/1/2594 
f 2596/1/2596 2597/1/2597 2593/1/2593 
f 2593/1/2593 2594/1/2594 2596/1/2596 
f 2587/1/2587 2593/1/2593 2597/1/2597 
f 2597/1/2597 2582/1/2582 2587/1/2587 
f 2595/1/2595 2592/1/2592 2598/1/2598 
f 2598/1/2598 2599/1/2599 2595/1/2595 
f 2590/1/2590 2598/1/2598 2592/1/2592 
f 2592/1/2592 2588/1/2588 2590/1/2590 
f 72/1/72 68/1/68 2598/1/2598 
f 2598/1/2598 2590/1/2590 72/1/72 
f 2599/1/2599 2598/1/2598 68/1/68 
f 68/1/68 67/1/67 2599/1/2599 
f 1811/1/1811 2600/1/2600 178/1/178 
f 178/1/178 179/1/179 1811/1/1811 
f 1812/1/1812 2601/1/2601 2600/1/2600 
f 2600/1/2600 1811/1/1811 1812/1/1812 
f 2596/1/2596 2602/1/2602 2600/1/2600 
f 2600/1/2600 2601/1/2601 2596/1/2596 
f 2602/1/2602 180/1/180 178/1/178 
f 2596/1/2596 2594/1/2594 2603/1/2603 
f 2603/1/2603 2602/1/2602 2596/1/2596 
f 2604/1/2604 2603/1/2603 2594/1/2594 
f 2594/1/2594 2595/1/2595 2604/1/2604 
f 2603/1/2603 2604/1/2604 2605/1/2605 
f 2602/1/2602 2603/1/2603 2606/1/2606 
f 2606/1/2606 180/1/180 2602/1/2602 
f 2582/1/2582 2597/1/2597 2607/1/2607 
f 2607/1/2607 2581/1/2581 2582/1/2582 
f 2601/1/2601 2607/1/2607 2597/1/2597 
f 2597/1/2597 2596/1/2596 2601/1/2601 
f 1814/1/1814 2607/1/2607 2601/1/2601 
f 2601/1/2601 1812/1/1812 1814/1/1814 
f 1772/1/1772 2581/1/2581 2607/1/2607 
f 2607/1/2607 1814/1/1814 1772/1/1772 
f 2483/1/2483 2608/1/2608 2609/1/2609 
f 2609/1/2609 2481/1/2481 2483/1/2483 
f 2610/1/2610 2609/1/2609 2608/1/2608 
f 2608/1/2608 2611/1/2611 2610/1/2610 
f 1079/1/1079 1922/1/1922 2609/1/2609 
f 2609/1/2609 2610/1/2610 1079/1/1079 
f 2481/1/2481 2609/1/2609 1922/1/1922 
f 1922/1/1922 1921/1/1921 2481/1/2481 
f 2612/1/2612 2613/1/2613 2471/1/2471 
f 2471/1/2471 2470/1/2470 2612/1/2612 
f 2612/1/2612 2605/1/2605 2604/1/2604 
f 2595/1/2595 2599/1/2599 2613/1/2613 
f 2613/1/2613 2604/1/2604 2595/1/2595 
f 67/1/67 2471/1/2471 2613/1/2613 
f 2613/1/2613 2599/1/2599 67/1/67 
f 2610/1/2610 2614/1/2614 1080/1/1080 
f 1080/1/1080 1079/1/1079 2610/1/2610 
f 2615/1/2615 2614/1/2614 2610/1/2610 
f 2610/1/2610 2611/1/2611 2615/1/2615 
f 2616/1/2616 2617/1/2617 2614/1/2614 
f 2614/1/2614 2615/1/2615 2616/1/2616 
f 257/1/257 1080/1/1080 2614/1/2614 
f 2614/1/2614 2617/1/2617 257/1/257 
f 2611/1/2611 2618/1/2618 2619/1/2619 
f 2619/1/2619 2615/1/2615 2611/1/2611 
f 2620/1/2620 2619/1/2619 2618/1/2618 
f 2618/1/2618 2621/1/2621 2620/1/2620 
f 2622/1/2622 2623/1/2623 2619/1/2619 
f 2619/1/2619 2620/1/2620 2622/1/2622 
f 2615/1/2615 2619/1/2619 2623/1/2623 
f 2623/1/2623 2616/1/2616 2615/1/2615 
f 2624/1/2624 2625/1/2625 2488/1/2488 
f 2488/1/2488 2489/1/2489 2624/1/2624 
f 2626/1/2626 2627/1/2627 2625/1/2625 
f 2625/1/2625 2624/1/2624 2626/1/2626 
f 1059/1/1059 1066/1/1066 2625/1/2625 
f 2625/1/2625 2627/1/2627 1059/1/1059 
f 2488/1/2488 2625/1/2625 1066/1/1066 
f 1066/1/1066 1065/1/1065 2488/1/2488 
f 229/1/229 2628/1/2628 2629/1/2629 
f 2629/1/2629 1088/1/1088 229/1/229 
f 2620/1/2620 2629/1/2629 2628/1/2628 
f 2628/1/2628 2622/1/2622 2620/1/2620 
f 2621/1/2621 2630/1/2630 2629/1/2629 
f 2629/1/2629 2620/1/2620 2621/1/2621 
f 1088/1/1088 2629/1/2629 2630/1/2630 
f 2630/1/2630 1085/1/1085 1088/1/1088 
f 2626/1/2626 2631/1/2631 2632/1/2632 
f 2632/1/2632 2627/1/2627 2626/1/2626 
f 2633/1/2633 2632/1/2632 2631/1/2631 
f 2631/1/2631 2634/1/2634 2633/1/2633 
f 254/1/254 1060/1/1060 2632/1/2632 
f 2632/1/2632 2633/1/2633 254/1/254 
f 2627/1/2627 2632/1/2632 1060/1/1060 
f 1060/1/1060 1059/1/1059 2627/1/2627 
f 2626/1/2626 2635/1/2635 2636/1/2636 
f 2636/1/2636 2631/1/2631 2626/1/2626 
f 2637/1/2637 2636/1/2636 2635/1/2635 
f 2635/1/2635 2638/1/2638 2637/1/2637 
f 2639/1/2639 2640/1/2640 2636/1/2636 
f 2636/1/2636 2637/1/2637 2639/1/2639 
f 2631/1/2631 2636/1/2636 2640/1/2640 
f 2640/1/2640 2634/1/2634 2631/1/2631 
f 245/1/245 2641/1/2641 2642/1/2642 
f 2642/1/2642 1067/1/1067 245/1/245 
f 2637/1/2637 2642/1/2642 2641/1/2641 
f 2641/1/2641 2639/1/2639 2637/1/2637 
f 2638/1/2638 2643/1/2643 2642/1/2642 
f 2642/1/2642 2637/1/2637 2638/1/2638 
f 1067/1/1067 2642/1/2642 2643/1/2643 
f 2643/1/2643 1069/1/1069 1067/1/1067 
f 2616/1/2616 2644/1/2644 2645/1/2645 
f 2645/1/2645 2617/1/2617 2616/1/2616 
f 2646/1/2646 2647/1/2647 2645/1/2645 
f 2645/1/2645 2644/1/2644 2646/1/2646 
f 262/1/262 258/1/258 2645/1/2645 
f 2645/1/2645 2647/1/2647 262/1/262 
f 2617/1/2617 2645/1/2645 258/1/258 
f 258/1/258 257/1/257 2617/1/2617 
f 2622/1/2622 2648/1/2648 2649/1/2649 
f 2649/1/2649 2623/1/2623 2622/1/2622 
f 2650/1/2650 2651/1/2651 2649/1/2649 
f 2649/1/2649 2648/1/2648 2650/1/2650 
f 2644/1/2644 2649/1/2649 2651/1/2651 
f 2651/1/2651 2646/1/2646 2644/1/2644 
f 2616/1/2616 2623/1/2623 2649/1/2649 
f 2649/1/2649 2644/1/2644 2616/1/2616 
f 2648/1/2648 2652/1/2652 2653/1/2653 
f 2653/1/2653 2650/1/2650 2648/1/2648 
f 2622/1/2622 2628/1/2628 2652/1/2652 
f 2652/1/2652 2648/1/2648 2622/1/2622 
f 227/1/227 2652/1/2652 2628/1/2628 
f 2628/1/2628 229/1/229 227/1/227 
f 228/1/228 2653/1/2653 2652/1/2652 
f 2652/1/2652 227/1/227 228/1/228 
f 2633/1/2633 2654/1/2654 255/1/255 
f 255/1/255 254/1/254 2633/1/2633 
f 2655/1/2655 2654/1/2654 2633/1/2633 
f 2633/1/2633 2634/1/2634 2655/1/2655 
f 2656/1/2656 2657/1/2657 2654/1/2654 
f 2654/1/2654 2655/1/2655 2656/1/2656 
f 255/1/255 2654/1/2654 2657/1/2657 
f 2657/1/2657 256/1/256 255/1/255 
f 2658/1/2658 2659/1/2659 2660/1/2660 
f 2660/1/2660 2661/1/2661 2658/1/2658 
f 2655/1/2655 2660/1/2660 2659/1/2659 
f 2659/1/2659 2656/1/2656 2655/1/2655 
f 2634/1/2634 2640/1/2640 2660/1/2660 
f 2660/1/2660 2655/1/2655 2634/1/2634 
f 2661/1/2661 2660/1/2660 2640/1/2640 
f 2640/1/2640 2639/1/2639 2661/1/2661 
f 1845/1/1845 2662/1/2662 2663/1/2663 
f 2663/1/2663 1951/1/1951 1845/1/1845 
f 2664/1/2664 2663/1/2663 2662/1/2662 
f 2662/1/2662 2665/1/2665 2664/1/2664 
f 2477/1/2477 2476/1/2476 2663/1/2663 
f 2663/1/2663 2664/1/2664 2477/1/2477 
f 1951/1/1951 2663/1/2663 2476/1/2476 
f 2476/1/2476 1948/1/1948 1951/1/1951 
f 244/1/244 2666/1/2666 2667/1/2667 
f 2667/1/2667 243/1/243 244/1/244 
f 2661/1/2661 2667/1/2667 2666/1/2666 
f 2666/1/2666 2658/1/2658 2661/1/2661 
f 2639/1/2639 2641/1/2641 2667/1/2667 
f 2667/1/2667 2661/1/2661 2639/1/2639 
f 243/1/243 2667/1/2667 2641/1/2641 
f 2641/1/2641 245/1/245 243/1/243 
f 1132/1/1132 2668/1/2668 2669/1/2669 
f 2669/1/2669 1848/1/1848 1132/1/1132 
f 2668/1/2668 2670/1/2670 2671/1/2671 
f 2665/1/2665 2662/1/2662 2669/1/2669 
f 2669/1/2669 2671/1/2671 2665/1/2665 
f 1848/1/1848 2669/1/2669 2662/1/2662 
f 2662/1/2662 1845/1/1845 1848/1/1848 
f 2672/1/2672 2673/1/2673 2674/1/2674 
f 2674/1/2674 2675/1/2675 2672/1/2672 
f 2671/1/2671 2674/1/2674 2673/1/2673 
f 2673/1/2673 2665/1/2665 2671/1/2671 
f 2674/1/2674 2671/1/2671 2670/1/2670 
f 2675/1/2675 2674/1/2674 2676/1/2676 
f 2676/1/2676 2677/1/2677 2675/1/2675 
f 201/1/201 2495/1/2495 2678/1/2678 
f 2678/1/2678 202/1/202 201/1/201 
f 2679/1/2679 2678/1/2678 2495/1/2495 
f 2495/1/2495 2494/1/2494 2679/1/2679 
f 2680/1/2680 2681/1/2681 2678/1/2678 
f 2678/1/2678 2679/1/2679 2680/1/2680 
f 199/1/199 202/1/202 2678/1/2678 
f 2678/1/2678 2681/1/2681 199/1/199 
f 2675/1/2675 2682/1/2682 2683/1/2683 
f 2683/1/2683 2672/1/2672 2675/1/2675 
f 2682/1/2682 2675/1/2675 2677/1/2677 
f 1123/1/1123 1252/1/1252 2682/1/2682 
f 2682/1/2682 2684/1/2684 1123/1/1123 
f 2683/1/2683 2682/1/2682 1252/1/1252 
f 1252/1/1252 1251/1/1251 2683/1/2683 
f 2562/1/2562 2685/1/2685 2686/1/2686 
f 2686/1/2686 2568/1/2568 2562/1/2562 
f 2687/1/2687 2686/1/2686 2685/1/2685 
f 2685/1/2685 2688/1/2688 2687/1/2687 
f 2689/1/2689 2686/1/2686 2687/1/2687 
f 2687/1/2687 2690/1/2690 2689/1/2689 
f 128/1/128 2568/1/2568 2686/1/2686 
f 2686/1/2686 2689/1/2689 128/1/128 
f 2680/1/2680 2691/1/2691 2692/1/2692 
f 2692/1/2692 2681/1/2681 2680/1/2680 
f 2473/1/2473 2692/1/2692 2691/1/2691 
f 2691/1/2691 2470/1/2470 2473/1/2473 
f 2692/1/2692 2473/1/2473 157/1/157 
f 2681/1/2681 2692/1/2692 200/1/200 
f 200/1/200 199/1/199 2681/1/2681 
f 2688/1/2688 2685/1/2685 2693/1/2693 
f 2693/1/2693 2694/1/2694 2688/1/2688 
f 2565/1/2565 2693/1/2693 2685/1/2685 
f 2685/1/2685 2562/1/2562 2565/1/2565 
f 2465/1/2465 2464/1/2464 2693/1/2693 
f 2693/1/2693 2565/1/2565 2465/1/2465 
f 2694/1/2694 2693/1/2693 2464/1/2464 
f 2464/1/2464 2462/1/2462 2694/1/2694 
f 120/1/120 2695/1/2695 2696/1/2696 
f 2696/1/2696 123/1/123 120/1/120 
f 2697/1/2697 2696/1/2696 2695/1/2695 
f 2695/1/2695 2690/1/2690 2697/1/2697 
f 324/1/324 323/1/323 2696/1/2696 
f 2696/1/2696 2697/1/2697 324/1/324 
f 123/1/123 2696/1/2696 323/1/323 
f 323/1/323 124/1/124 123/1/123 
f 2690/1/2690 2687/1/2687 2698/1/2698 
f 2698/1/2698 2697/1/2697 2690/1/2690 
f 2688/1/2688 2699/1/2699 2698/1/2698 
f 2698/1/2698 2687/1/2687 2688/1/2688 
f 2700/1/2700 2698/1/2698 2699/1/2699 
f 2699/1/2699 2701/1/2701 2700/1/2700 
f 2697/1/2697 2698/1/2698 2700/1/2700 
f 2700/1/2700 324/1/324 2697/1/2697 
f 116/1/116 129/1/129 2702/1/2702 
f 2702/1/2702 119/1/119 116/1/116 
f 2689/1/2689 2702/1/2702 129/1/129 
f 129/1/129 128/1/128 2689/1/2689 
f 2702/1/2702 2689/1/2689 2690/1/2690 
f 119/1/119 2702/1/2702 2695/1/2695 
f 2695/1/2695 120/1/120 119/1/119 
f 2703/1/2703 2704/1/2704 2705/1/2705 
f 2705/1/2705 2706/1/2706 2703/1/2703 
f 2707/1/2707 2705/1/2705 2704/1/2704 
f 2704/1/2704 2708/1/2708 2707/1/2707 
f 2646/1/2646 2651/1/2651 2705/1/2705 
f 2705/1/2705 2707/1/2707 2646/1/2646 
f 2706/1/2706 2705/1/2705 2651/1/2651 
f 2651/1/2651 2650/1/2650 2706/1/2706 
f 2701/1/2701 2699/1/2699 2709/1/2709 
f 2709/1/2709 2710/1/2710 2701/1/2701 
f 2699/1/2699 2688/1/2688 2694/1/2694 
f 2709/1/2709 2694/1/2694 2462/1/2462 
f 2710/1/2710 2709/1/2709 2469/1/2469 
f 2469/1/2469 2468/1/2468 2710/1/2710 
f 319/1/319 2711/1/2711 2712/1/2712 
f 2712/1/2712 326/1/326 319/1/319 
f 2706/1/2706 2712/1/2712 2711/1/2711 
f 2711/1/2711 2703/1/2703 2706/1/2706 
f 2650/1/2650 2653/1/2653 2712/1/2712 
f 2712/1/2712 2706/1/2706 2650/1/2650 
f 326/1/326 2712/1/2712 2653/1/2653 
f 2653/1/2653 228/1/228 326/1/326 
f 1871/1/1871 2713/1/2713 2714/1/2714 
f 2714/1/2714 1876/1/1876 1871/1/1871 
f 2715/1/2715 2714/1/2714 2713/1/2713 
f 2713/1/2713 2708/1/2708 2715/1/2715 
f 2468/1/2468 2467/1/2467 2714/1/2714 
f 2714/1/2714 2715/1/2715 2468/1/2468 
f 1876/1/1876 2714/1/2714 2467/1/2467 
f 2467/1/2467 285/1/285 1876/1/1876 
f 2708/1/2708 2704/1/2704 2716/1/2716 
f 2716/1/2716 2715/1/2715 2708/1/2708 
f 2717/1/2717 2716/1/2716 2704/1/2704 
f 2704/1/2704 2703/1/2703 2717/1/2717 
f 2716/1/2716 2717/1/2717 2701/1/2701 
f 2710/1/2710 2468/1/2468 2715/1/2715 
f 262/1/262 2647/1/2647 2718/1/2718 
f 2718/1/2718 1869/1/1869 262/1/262 
f 2707/1/2707 2718/1/2718 2647/1/2647 
f 2647/1/2647 2646/1/2646 2707/1/2707 
f 2708/1/2708 2713/1/2713 2718/1/2718 
f 2718/1/2718 2707/1/2707 2708/1/2708 
f 2713/1/2713 1871/1/1871 1869/1/1869 
f 324/1/324 2700/1/2700 2719/1/2719 
f 2719/1/2719 322/1/322 324/1/324 
f 2717/1/2717 2719/1/2719 2700/1/2700 
f 2700/1/2700 2701/1/2701 2717/1/2717 
f 2703/1/2703 2711/1/2711 2719/1/2719 
f 2719/1/2719 2717/1/2717 2703/1/2703 
f 322/1/322 2719/1/2719 2711/1/2711 
f 2711/1/2711 319/1/319 322/1/322 
f 291/1/291 347/1/347 2720/1/2720 
f 2720/1/2720 2490/1/2490 291/1/291 
f 2721/1/2721 2720/1/2720 347/1/347 
f 347/1/347 297/1/297 2721/1/2721 
f 2722/1/2722 2723/1/2723 2720/1/2720 
f 2720/1/2720 2721/1/2721 2722/1/2722 
f 2493/1/2493 2490/1/2490 2720/1/2720 
f 2720/1/2720 2723/1/2723 2493/1/2493 
f 2724/1/2724 2725/1/2725 2657/1/2657 
f 2657/1/2657 2656/1/2656 2724/1/2724 
f 2722/1/2722 2721/1/2721 2725/1/2725 
f 2725/1/2725 2724/1/2724 2722/1/2722 
f 297/1/297 296/1/296 2725/1/2725 
f 2725/1/2725 2721/1/2721 297/1/297 
f 2657/1/2657 2725/1/2725 296/1/296 
f 296/1/296 256/1/256 2657/1/2657 
f 2726/1/2726 2727/1/2727 2728/1/2728 
f 2728/1/2728 2729/1/2729 2726/1/2726 
f 2730/1/2730 2728/1/2728 2727/1/2727 
f 2727/1/2727 2731/1/2731 2730/1/2730 
f 2496/1/2496 2732/1/2732 2728/1/2728 
f 2728/1/2728 2730/1/2730 2496/1/2496 
f 2729/1/2729 2728/1/2728 2732/1/2732 
f 2732/1/2732 2733/1/2733 2729/1/2729 
f 2734/1/2734 2735/1/2735 2736/1/2736 
f 2736/1/2736 2737/1/2737 2734/1/2734 
f 2738/1/2738 2736/1/2736 2735/1/2735 
f 2735/1/2735 2726/1/2726 2738/1/2738 
f 1343/1/1343 1339/1/1339 2736/1/2736 
f 2736/1/2736 2738/1/2738 1343/1/1343 
f 1339/1/1339 1338/1/1338 2737/1/2737 
f 1362/1/1362 2739/1/2739 2740/1/2740 
f 2740/1/2740 1357/1/1357 1362/1/1362 
f 2741/1/2741 2740/1/2740 2739/1/2739 
f 2739/1/2739 2731/1/2731 2741/1/2741 
f 2742/1/2742 2743/1/2743 2740/1/2740 
f 2740/1/2740 2741/1/2741 2742/1/2742 
f 1357/1/1357 2740/1/2740 2743/1/2743 
f 2743/1/2743 1354/1/1354 1357/1/1357 
f 2741/1/2741 2744/1/2744 2745/1/2745 
f 2745/1/2745 2742/1/2742 2741/1/2741 
f 2731/1/2731 2727/1/2727 2744/1/2744 
f 2744/1/2744 2741/1/2741 2731/1/2731 
f 2726/1/2726 2735/1/2735 2744/1/2744 
f 2744/1/2744 2727/1/2727 2726/1/2726 
f 2745/1/2745 2744/1/2744 2735/1/2735 
f 2735/1/2735 2734/1/2734 2745/1/2745 
f 1471/1/1471 2497/1/2497 2746/1/2746 
f 2746/1/2746 1470/1/1470 1471/1/1471 
f 2730/1/2730 2746/1/2746 2497/1/2497 
f 2497/1/2497 2496/1/2496 2730/1/2730 
f 2731/1/2731 2739/1/2739 2746/1/2746 
f 2746/1/2746 2730/1/2730 2731/1/2731 
f 1470/1/1470 2746/1/2746 2739/1/2739 
f 2739/1/2739 1362/1/1362 1470/1/1470 
f 2738/1/2738 2747/1/2747 1476/1/1476 
f 1476/1/1476 1343/1/1343 2738/1/2738 
f 2729/1/2729 2747/1/2747 2738/1/2738 
f 2738/1/2738 2726/1/2726 2729/1/2729 
f 2733/1/2733 2748/1/2748 2747/1/2747 
f 2747/1/2747 2729/1/2729 2733/1/2733 
f 1477/1/1477 1476/1/1476 2747/1/2747 
f 2749/1/2749 1894/1/1894 1884/1/1884 
f 2750/1/2750 2749/1/2749 2751/1/2751 
f 2751/1/2751 2752/1/2752 2750/1/2750 
f 2753/1/2753 2754/1/2754 2749/1/2749 
f 2749/1/2749 2750/1/2750 2753/1/2753 
f 1457/1/1457 1894/1/1894 2749/1/2749 
f 2749/1/2749 2754/1/2754 1457/1/1457 
f 1892/1/1892 2519/1/2519 2755/1/2755 
f 2755/1/2755 1887/1/1887 1892/1/1892 
f 2756/1/2756 2755/1/2755 2519/1/2519 
f 2519/1/2519 2518/1/2518 2756/1/2756 
f 2752/1/2752 2751/1/2751 2755/1/2755 
f 2755/1/2755 2756/1/2756 2752/1/2752 
f 1887/1/1887 2755/1/2755 2751/1/2751 
f 2751/1/2751 1884/1/1884 1887/1/1887 
f 2757/1/2757 2758/1/2758 2759/1/2759 
f 2759/1/2759 2760/1/2760 2757/1/2757 
f 1385/1/1385 2759/1/2759 2758/1/2758 
f 2758/1/2758 1156/1/1156 1385/1/1385 
f 1389/1/1389 2761/1/2761 2759/1/2759 
f 2759/1/2759 1385/1/1385 1389/1/1389 
f 2760/1/2760 2759/1/2759 2761/1/2761 
f 2761/1/2761 2762/1/2762 2760/1/2760 
f 1149/1/1149 1148/1/1148 2763/1/2763 
f 2763/1/2763 2764/1/2764 1149/1/1149 
f 2758/1/2758 2763/1/2763 1148/1/1148 
f 1148/1/1148 1156/1/1156 2758/1/2758 
f 2757/1/2757 2765/1/2765 2763/1/2763 
f 2763/1/2763 2758/1/2758 2757/1/2757 
f 2764/1/2764 2763/1/2763 2765/1/2765 
f 2765/1/2765 2766/1/2766 2764/1/2764 
f 2767/1/2767 2768/1/2768 2769/1/2769 
f 2769/1/2769 2770/1/2770 2767/1/2767 
f 2771/1/2771 2769/1/2769 2768/1/2768 
f 2768/1/2768 2772/1/2772 2771/1/2771 
f 2529/1/2529 2525/1/2525 2769/1/2769 
f 2769/1/2769 2771/1/2771 2529/1/2529 
f 2525/1/2525 2524/1/2524 2770/1/2770 
f 2772/1/2772 2773/1/2773 2774/1/2774 
f 2774/1/2774 2775/1/2775 2772/1/2772 
f 2760/1/2760 2774/1/2774 2773/1/2773 
f 2773/1/2773 2757/1/2757 2760/1/2760 
f 2762/1/2762 2776/1/2776 2774/1/2774 
f 2774/1/2774 2760/1/2760 2762/1/2762 
f 2775/1/2775 2774/1/2774 2776/1/2776 
f 2776/1/2776 2777/1/2777 2775/1/2775 
f 2766/1/2766 2765/1/2765 2778/1/2778 
f 2778/1/2778 2779/1/2779 2766/1/2766 
f 2773/1/2773 2778/1/2778 2765/1/2765 
f 2765/1/2765 2757/1/2757 2773/1/2773 
f 2772/1/2772 2768/1/2768 2778/1/2778 
f 2778/1/2778 2773/1/2773 2772/1/2772 
f 2768/1/2768 2767/1/2767 2779/1/2779 
f 2780/1/2780 2781/1/2781 2782/1/2782 
f 2782/1/2782 2783/1/2783 2780/1/2780 
f 1828/1/1828 2782/1/2782 2781/1/2781 
f 2781/1/2781 1710/1/1710 1828/1/1828 
f 1072/1/1072 1070/1/1070 2782/1/2782 
f 2782/1/2782 1828/1/1828 1072/1/1072 
f 2783/1/2783 2782/1/2782 1070/1/1070 
f 1070/1/1070 1069/1/1069 2783/1/2783 
f 2771/1/2771 2784/1/2784 2544/1/2544 
f 2544/1/2544 2529/1/2529 2771/1/2771 
f 2775/1/2775 2784/1/2784 2771/1/2771 
f 2771/1/2771 2772/1/2772 2775/1/2775 
f 2777/1/2777 2785/1/2785 2784/1/2784 
f 2784/1/2784 2775/1/2775 2777/1/2777 
f 2540/1/2540 2544/1/2544 2784/1/2784 
f 2784/1/2784 2785/1/2785 2540/1/2540 
f 2489/1/2489 2786/1/2786 2787/1/2787 
f 2787/1/2787 2624/1/2624 2489/1/2489 
f 2788/1/2788 2787/1/2787 2786/1/2786 
f 2786/1/2786 2789/1/2789 2788/1/2788 
f 2638/1/2638 2635/1/2635 2787/1/2787 
f 2787/1/2787 2788/1/2788 2638/1/2638 
f 2624/1/2624 2787/1/2787 2635/1/2635 
f 2635/1/2635 2626/1/2626 2624/1/2624 
f 1710/1/1710 2781/1/2781 2790/1/2790 
f 2790/1/2790 1709/1/1709 1710/1/1710 
f 2791/1/2791 2790/1/2790 2781/1/2781 
f 2781/1/2781 2780/1/2780 2791/1/2791 
f 2790/1/2790 2791/1/2791 1138/1/1138 
f 1709/1/1709 2790/1/2790 1134/1/1134 
f 1134/1/1134 1133/1/1133 1709/1/1709 
f 2780/1/2780 2792/1/2792 2793/1/2793 
f 2793/1/2793 2791/1/2791 2780/1/2780 
f 2794/1/2794 2793/1/2793 2792/1/2792 
f 2792/1/2792 2789/1/2789 2794/1/2794 
f 2795/1/2795 2796/1/2796 2793/1/2793 
f 2793/1/2793 2794/1/2794 2795/1/2795 
f 2791/1/2791 2793/1/2793 2796/1/2796 
f 2796/1/2796 1138/1/1138 2791/1/2791 
f 2789/1/2789 2792/1/2792 2797/1/2797 
f 2797/1/2797 2788/1/2788 2789/1/2789 
f 2783/1/2783 2797/1/2797 2792/1/2792 
f 2792/1/2792 2780/1/2780 2783/1/2783 
f 1069/1/1069 2643/1/2643 2797/1/2797 
f 2797/1/2797 2783/1/2783 1069/1/1069 
f 2788/1/2788 2797/1/2797 2643/1/2643 
f 2643/1/2643 2638/1/2638 2788/1/2788 
f 2798/1/2798 2799/1/2799 2800/1/2800 
f 2800/1/2800 2801/1/2801 2798/1/2798 
f 1100/1/1100 2800/1/2800 2799/1/2799 
f 2799/1/2799 1097/1/1097 1100/1/1100 
f 1090/1/1090 1086/1/1086 2800/1/2800 
f 2800/1/2800 1100/1/1100 1090/1/1090 
f 2801/1/2801 2800/1/2800 1086/1/1086 
f 1086/1/1086 1085/1/1085 2801/1/2801 
f 2484/1/2484 2802/1/2802 2803/1/2803 
f 2803/1/2803 2485/1/2485 2484/1/2484 
f 2802/1/2802 2795/1/2795 2794/1/2794 
f 2789/1/2789 2786/1/2786 2803/1/2803 
f 2803/1/2803 2794/1/2794 2789/1/2789 
f 2485/1/2485 2803/1/2803 2786/1/2786 
f 2786/1/2786 2489/1/2489 2485/1/2485 
f 2483/1/2483 2804/1/2804 2805/1/2805 
f 2805/1/2805 2608/1/2608 2483/1/2483 
f 2806/1/2806 2805/1/2805 2804/1/2804 
f 2804/1/2804 2807/1/2807 2806/1/2806 
f 2621/1/2621 2618/1/2618 2805/1/2805 
f 2805/1/2805 2806/1/2806 2621/1/2621 
f 2608/1/2608 2805/1/2805 2618/1/2618 
f 2618/1/2618 2611/1/2611 2608/1/2608 
f 1097/1/1097 2799/1/2799 2808/1/2808 
f 2808/1/2808 1256/1/1256 1097/1/1097 
f 2809/1/2809 2808/1/2808 2799/1/2799 
f 2799/1/2799 2798/1/2798 2809/1/2809 
f 2810/1/2810 2811/1/2811 2808/1/2808 
f 2808/1/2808 2809/1/2809 2810/1/2810 
f 1256/1/1256 2808/1/2808 2811/1/2811 
f 2811/1/2811 1253/1/1253 1256/1/1256 
f 2809/1/2809 2812/1/2812 2813/1/2813 
f 2813/1/2813 2810/1/2810 2809/1/2809 
f 2798/1/2798 2814/1/2814 2812/1/2812 
f 2812/1/2812 2809/1/2809 2798/1/2798 
f 2815/1/2815 2812/1/2812 2814/1/2814 
f 2814/1/2814 2807/1/2807 2815/1/2815 
f 2813/1/2813 2812/1/2812 2815/1/2815 
f 2815/1/2815 2816/1/2816 2813/1/2813 
f 2807/1/2807 2814/1/2814 2817/1/2817 
f 2817/1/2817 2806/1/2806 2807/1/2807 
f 2801/1/2801 2817/1/2817 2814/1/2814 
f 2814/1/2814 2798/1/2798 2801/1/2801 
f 1085/1/1085 2630/1/2630 2817/1/2817 
f 2817/1/2817 2801/1/2801 1085/1/1085 
f 2806/1/2806 2817/1/2817 2630/1/2630 
f 2630/1/2630 2621/1/2621 2806/1/2806 
f 2818/1/2818 2819/1/2819 2820/1/2820 
f 2820/1/2820 2821/1/2821 2818/1/2818 
f 2822/1/2822 2820/1/2820 2819/1/2819 
f 2819/1/2819 2823/1/2823 2822/1/2822 
f 2824/1/2824 2825/1/2825 2820/1/2820 
f 2820/1/2820 2822/1/2822 2824/1/2824 
f 2826/1/2826 2821/1/2821 2820/1/2820 
f 2820/1/2820 2825/1/2825 2826/1/2826 
f 2816/1/2816 2815/1/2815 2827/1/2827 
f 2827/1/2827 2828/1/2828 2816/1/2816 
f 2804/1/2804 2827/1/2827 2815/1/2815 
f 2815/1/2815 2807/1/2807 2804/1/2804 
f 2483/1/2483 2482/1/2482 2827/1/2827 
f 2827/1/2827 2804/1/2804 2483/1/2483 
f 2482/1/2482 2479/1/2479 2828/1/2828 
f 1118/1/1118 2829/1/2829 2830/1/2830 
f 2830/1/2830 1345/1/1345 1118/1/1118 
f 2821/1/2821 2830/1/2830 2829/1/2829 
f 2829/1/2829 2818/1/2818 2821/1/2821 
f 2831/1/2831 2830/1/2830 2821/1/2821 
f 2821/1/2821 2826/1/2826 2831/1/2831 
f 1347/1/1347 1345/1/1345 2830/1/2830 
f 2830/1/2830 2831/1/2831 1347/1/1347 
f 1131/1/1131 2832/1/2832 2833/1/2833 
f 2833/1/2833 1130/1/1130 1131/1/1131 
f 2834/1/2834 2833/1/2833 2832/1/2832 
f 2832/1/2832 2823/1/2823 2834/1/2834 
f 2670/1/2670 2668/1/2668 2833/1/2833 
f 2833/1/2833 2834/1/2834 2670/1/2670 
f 1130/1/1130 2833/1/2833 2668/1/2668 
f 2668/1/2668 1132/1/1132 1130/1/1130 
f 2823/1/2823 2819/1/2819 2835/1/2835 
f 2835/1/2835 2834/1/2834 2823/1/2823 
f 2836/1/2836 2835/1/2835 2819/1/2819 
f 2819/1/2819 2818/1/2818 2836/1/2836 
f 2677/1/2677 2676/1/2676 2835/1/2835 
f 2835/1/2835 2836/1/2836 2677/1/2677 
f 2676/1/2676 2670/1/2670 2834/1/2834 
f 2823/1/2823 2832/1/2832 2837/1/2837 
f 2837/1/2837 2822/1/2822 2823/1/2823 
f 1764/1/1764 2837/1/2837 2832/1/2832 
f 2832/1/2832 1131/1/1131 1764/1/1764 
f 1768/1/1768 2838/1/2838 2837/1/2837 
f 2837/1/2837 1764/1/1764 1768/1/1768 
f 2822/1/2822 2837/1/2837 2838/1/2838 
f 2838/1/2838 2824/1/2824 2822/1/2822 
f 2766/1/2766 2839/1/2839 2840/1/2840 
f 2840/1/2840 2764/1/2764 2766/1/2766 
f 2841/1/2841 2840/1/2840 2839/1/2839 
f 2839/1/2839 2842/1/2842 2841/1/2841 
f 1161/1/1161 1165/1/1165 2840/1/2840 
f 2840/1/2840 2841/1/2841 1161/1/1161 
f 2764/1/2764 2840/1/2840 1165/1/1165 
f 1165/1/1165 1149/1/1149 2764/1/2764 
f 2684/1/2684 2843/1/2843 1121/1/1121 
f 1121/1/1121 1123/1/1123 2684/1/2684 
f 2836/1/2836 2843/1/2843 2684/1/2684 
f 2684/1/2684 2677/1/2677 2836/1/2836 
f 2818/1/2818 2829/1/2829 2843/1/2843 
f 2843/1/2843 2836/1/2836 2818/1/2818 
f 1121/1/1121 2843/1/2843 2829/1/2829 
f 2829/1/2829 1118/1/1118 1121/1/1121 
f 1138/1/1138 2796/1/2796 2844/1/2844 
f 2844/1/2844 1137/1/1137 1138/1/1138 
f 2845/1/2845 2844/1/2844 2796/1/2796 
f 2796/1/2796 2795/1/2795 2845/1/2845 
f 2846/1/2846 2847/1/2847 2844/1/2844 
f 2844/1/2844 2845/1/2845 2846/1/2846 
f 1137/1/1137 2844/1/2844 2847/1/2847 
f 2847/1/2847 1139/1/1139 1137/1/1137 
f 2841/1/2841 2848/1/2848 1162/1/1162 
f 1162/1/1162 1161/1/1161 2841/1/2841 
f 2842/1/2842 2849/1/2849 2848/1/2848 
f 2848/1/2848 2841/1/2841 2842/1/2842 
f 2484/1/2484 2487/1/2487 2848/1/2848 
f 2848/1/2848 2849/1/2849 2484/1/2484 
f 1146/1/1146 1162/1/1162 2848/1/2848 
f 2848/1/2848 2487/1/2487 1146/1/1146 
f 2842/1/2842 2850/1/2850 2851/1/2851 
f 2851/1/2851 2849/1/2849 2842/1/2842 
f 2845/1/2845 2851/1/2851 2850/1/2850 
f 2850/1/2850 2846/1/2846 2845/1/2845 
f 2795/1/2795 2802/1/2802 2851/1/2851 
f 2851/1/2851 2845/1/2845 2795/1/2795 
f 2849/1/2849 2851/1/2851 2802/1/2802 
f 2802/1/2802 2484/1/2484 2849/1/2849 
f 2767/1/2767 2852/1/2852 2853/1/2853 
f 2853/1/2853 2779/1/2779 2767/1/2767 
f 2853/1/2853 2852/1/2852 2846/1/2846 
f 2842/1/2842 2839/1/2839 2853/1/2853 
f 2853/1/2853 2850/1/2850 2842/1/2842 
f 2779/1/2779 2853/1/2853 2839/1/2839 
f 2839/1/2839 2766/1/2766 2779/1/2779 
f 2854/1/2854 1248/1/1248 1247/1/1247 
f 2855/1/2855 2854/1/2854 1276/1/1276 
f 1276/1/1276 1275/1/1275 2855/1/2855 
f 2855/1/2855 2856/1/2856 2857/1/2857 
f 1248/1/1248 2854/1/2854 2857/1/2857 
f 2857/1/2857 1251/1/1251 1248/1/1248 
f 2852/1/2852 2858/1/2858 2847/1/2847 
f 2847/1/2847 2846/1/2846 2852/1/2852 
f 2770/1/2770 2858/1/2858 2852/1/2852 
f 2852/1/2852 2767/1/2767 2770/1/2770 
f 2858/1/2858 2770/1/2770 2524/1/2524 
f 1139/1/1139 2847/1/2847 2858/1/2858 
f 2858/1/2858 2530/1/2530 1139/1/1139 
f 2665/1/2665 2673/1/2673 2859/1/2859 
f 2859/1/2859 2664/1/2664 2665/1/2665 
f 2860/1/2860 2859/1/2859 2673/1/2673 
f 2673/1/2673 2672/1/2672 2860/1/2860 
f 2861/1/2861 2862/1/2862 2859/1/2859 
f 2859/1/2859 2860/1/2860 2861/1/2861 
f 2664/1/2664 2859/1/2859 2862/1/2862 
f 2862/1/2862 2477/1/2477 2664/1/2664 
f 2856/1/2856 2855/1/2855 2863/1/2863 
f 2863/1/2863 2864/1/2864 2856/1/2856 
f 1287/1/1287 2863/1/2863 2855/1/2855 
f 2855/1/2855 1275/1/1275 1287/1/1287 
f 2863/1/2863 1287/1/1287 1253/1/1253 
f 2811/1/2811 2810/1/2810 2864/1/2864 
f 2861/1/2861 2865/1/2865 2866/1/2866 
f 2866/1/2866 2867/1/2867 2861/1/2861 
f 2864/1/2864 2866/1/2866 2865/1/2865 
f 2865/1/2865 2856/1/2856 2864/1/2864 
f 2866/1/2866 2864/1/2864 2810/1/2810 
f 2867/1/2867 2866/1/2866 2813/1/2813 
f 2813/1/2813 2816/1/2816 2867/1/2867 
f 2856/1/2856 2865/1/2865 2868/1/2868 
f 2868/1/2868 2857/1/2857 2856/1/2856 
f 2860/1/2860 2868/1/2868 2865/1/2865 
f 2865/1/2865 2861/1/2861 2860/1/2860 
f 2672/1/2672 2683/1/2683 2868/1/2868 
f 2868/1/2868 2860/1/2860 2672/1/2672 
f 2857/1/2857 2868/1/2868 2683/1/2683 
f 2683/1/2683 1251/1/1251 2857/1/2857 
f 2734/1/2734 2869/1/2869 2870/1/2870 
f 2870/1/2870 2745/1/2745 2734/1/2734 
f 2871/1/2871 2870/1/2870 2869/1/2869 
f 2869/1/2869 2872/1/2872 2871/1/2871 
f 2873/1/2873 2874/1/2874 2870/1/2870 
f 2870/1/2870 2871/1/2871 2873/1/2873 
f 2742/1/2742 2745/1/2745 2870/1/2870 
f 2870/1/2870 2874/1/2874 2742/1/2742 
f 2477/1/2477 2862/1/2862 2875/1/2875 
f 2875/1/2875 2474/1/2474 2477/1/2477 
f 2867/1/2867 2875/1/2875 2862/1/2862 
f 2862/1/2862 2861/1/2861 2867/1/2867 
f 2816/1/2816 2828/1/2828 2875/1/2875 
f 2875/1/2875 2867/1/2867 2816/1/2816 
f 2474/1/2474 2875/1/2875 2828/1/2828 
f 2828/1/2828 2479/1/2479 2474/1/2474 
f 2876/1/2876 2877/1/2877 1352/1/1352 
f 1352/1/1352 1351/1/1351 2876/1/2876 
f 2872/1/2872 2869/1/2869 2877/1/2877 
f 2877/1/2877 2876/1/2876 2872/1/2872 
f 2737/1/2737 2877/1/2877 2869/1/2869 
f 2869/1/2869 2734/1/2734 2737/1/2737 
f 1338/1/1338 1352/1/1352 2877/1/2877 
f 2877/1/2877 2737/1/2737 1338/1/1338 
f 1366/1/1366 2878/1/2878 2879/1/2879 
f 2879/1/2879 1770/1/1770 1366/1/1366 
f 2873/1/2873 2880/1/2880 2879/1/2879 
f 2879/1/2879 2878/1/2878 2873/1/2873 
f 2824/1/2824 2838/1/2838 2879/1/2879 
f 2879/1/2879 2880/1/2880 2824/1/2824 
f 1770/1/1770 2879/1/2879 2838/1/2838 
f 2838/1/2838 1768/1/1768 1770/1/1770 
f 2824/1/2824 2880/1/2880 2881/1/2881 
f 2881/1/2881 2825/1/2825 2824/1/2824 
f 2871/1/2871 2881/1/2881 2880/1/2880 
f 2880/1/2880 2873/1/2873 2871/1/2871 
f 2872/1/2872 2882/1/2882 2881/1/2881 
f 2881/1/2881 2871/1/2871 2872/1/2872 
f 2825/1/2825 2881/1/2881 2882/1/2882 
f 2882/1/2882 2826/1/2826 2825/1/2825 
f 2874/1/2874 2883/1/2883 2743/1/2743 
f 2743/1/2743 2742/1/2742 2874/1/2874 
f 2878/1/2878 2883/1/2883 2874/1/2874 
f 2874/1/2874 2873/1/2873 2878/1/2878 
f 1366/1/1366 1365/1/1365 2883/1/2883 
f 2883/1/2883 2878/1/2878 1366/1/1366 
f 2743/1/2743 2883/1/2883 1365/1/1365 
f 1365/1/1365 1354/1/1354 2743/1/2743 
f 2884/1/2884 2885/1/2885 2886/1/2886 
f 2886/1/2886 2887/1/2887 2884/1/2884 
f 1393/1/1393 2886/1/2886 2885/1/2885 
f 2885/1/2885 1390/1/1390 1393/1/1393 
f 1373/1/1373 1370/1/1370 2886/1/2886 
f 2886/1/2886 1393/1/1393 1373/1/1373 
f 2887/1/2887 2886/1/2886 1370/1/1370 
f 1370/1/1370 1369/1/1369 2887/1/2887 
f 1390/1/1390 2885/1/2885 2888/1/2888 
f 2888/1/2888 1398/1/1398 1390/1/1390 
f 2889/1/2889 2888/1/2888 2885/1/2885 
f 2885/1/2885 2884/1/2884 2889/1/2889 
f 2762/1/2762 2761/1/2761 2888/1/2888 
f 2888/1/2888 2889/1/2889 2762/1/2762 
f 1398/1/1398 2888/1/2888 2761/1/2761 
f 2761/1/2761 1389/1/1389 1398/1/1398 
f 2826/1/2826 2882/1/2882 2890/1/2890 
f 2890/1/2890 2831/1/2831 2826/1/2826 
f 2876/1/2876 2890/1/2890 2882/1/2882 
f 2882/1/2882 2872/1/2872 2876/1/2876 
f 1351/1/1351 1348/1/1348 2890/1/2890 
f 2890/1/2890 2876/1/2876 1351/1/1351 
f 2831/1/2831 2890/1/2890 1348/1/1348 
f 1348/1/1348 1347/1/1347 2831/1/2831 
f 2540/1/2540 2785/1/2785 2891/1/2891 
f 2891/1/2891 2541/1/2541 2540/1/2540 
f 2892/1/2892 2891/1/2891 2785/1/2785 
f 2785/1/2785 2777/1/2777 2892/1/2892 
f 2893/1/2893 2894/1/2894 2891/1/2891 
f 2891/1/2891 2892/1/2892 2893/1/2893 
f 2541/1/2541 2891/1/2891 2894/1/2894 
f 2894/1/2894 2523/1/2523 2541/1/2541 
f 2893/1/2893 2895/1/2895 2896/1/2896 
f 2896/1/2896 2897/1/2897 2893/1/2893 
f 2887/1/2887 2896/1/2896 2895/1/2895 
f 2895/1/2895 2884/1/2884 2887/1/2887 
f 1369/1/1369 2898/1/2898 2896/1/2896 
f 2896/1/2896 2887/1/2887 1369/1/1369 
f 2897/1/2897 2896/1/2896 2898/1/2898 
f 2898/1/2898 2899/1/2899 2897/1/2897 
f 2884/1/2884 2895/1/2895 2900/1/2900 
f 2900/1/2900 2889/1/2889 2884/1/2884 
f 2892/1/2892 2900/1/2900 2895/1/2895 
f 2895/1/2895 2893/1/2893 2892/1/2892 
f 2777/1/2777 2776/1/2776 2900/1/2900 
f 2900/1/2900 2892/1/2892 2777/1/2777 
f 2889/1/2889 2900/1/2900 2776/1/2776 
f 2776/1/2776 2762/1/2762 2889/1/2889 
f 2901/1/2901 2902/1/2902 2903/1/2903 
f 2903/1/2903 2904/1/2904 2901/1/2901 
f 2905/1/2905 2903/1/2903 2902/1/2902 
f 2902/1/2902 2906/1/2906 2905/1/2905 
f 2907/1/2907 2908/1/2908 2903/1/2903 
f 2903/1/2903 2905/1/2905 2907/1/2907 
f 2904/1/2904 2903/1/2903 2908/1/2908 
f 2908/1/2908 2909/1/2909 2904/1/2904 
f 2523/1/2523 2894/1/2894 2910/1/2910 
f 2910/1/2910 2521/1/2521 2523/1/2523 
f 2897/1/2897 2910/1/2910 2894/1/2894 
f 2894/1/2894 2893/1/2893 2897/1/2897 
f 2899/1/2899 2911/1/2911 2910/1/2910 
f 2910/1/2910 2897/1/2897 2899/1/2899 
f 2521/1/2521 2910/1/2910 2911/1/2911 
f 2911/1/2911 2518/1/2518 2521/1/2521 
f 2909/1/2909 2908/1/2908 2912/1/2912 
f 2912/1/2912 2913/1/2913 2909/1/2909 
f 2914/1/2914 2912/1/2912 2908/1/2908 
f 2908/1/2908 2907/1/2907 2914/1/2914 
f 1455/1/1455 2538/1/2538 2912/1/2912 
f 2912/1/2912 2914/1/2914 1455/1/1455 
f 2913/1/2913 2912/1/2912 2538/1/2538 
f 2538/1/2538 2537/1/2537 2913/1/2913 
f 2753/1/2753 2915/1/2915 2916/1/2916 
f 2916/1/2916 2754/1/2754 2753/1/2753 
f 2917/1/2917 2916/1/2916 2915/1/2915 
f 2915/1/2915 2906/1/2906 2917/1/2917 
f 1462/1/1462 1458/1/1458 2916/1/2916 
f 2916/1/2916 2917/1/2917 1462/1/1462 
f 2754/1/2754 2916/1/2916 1458/1/1458 
f 1458/1/1458 1457/1/1457 2754/1/2754 
f 2325/1/2325 2324/1/2324 2918/1/2918 
f 2918/1/2918 2919/1/2919 2325/1/2325 
f 2917/1/2917 2918/1/2918 2324/1/2324 
f 2324/1/2324 1462/1/1462 2917/1/2917 
f 2906/1/2906 2902/1/2902 2918/1/2918 
f 2918/1/2918 2917/1/2917 2906/1/2906 
f 2919/1/2919 2918/1/2918 2902/1/2902 
f 2902/1/2902 2901/1/2901 2919/1/2919 
f 1477/1/1477 2920/1/2920 2921/1/2921 
f 2921/1/2921 1475/1/1475 1477/1/1477 
f 2922/1/2922 2921/1/2921 2920/1/2920 
f 2920/1/2920 2923/1/2923 2922/1/2922 
f 1495/1/1495 1494/1/1494 2921/1/2921 
f 2921/1/2921 2922/1/2922 1495/1/1495 
f 1494/1/1494 1472/1/1472 1475/1/1475 
f 2924/1/2924 2925/1/2925 2926/1/2926 
f 2926/1/2926 2927/1/2927 2924/1/2924 
f 2928/1/2928 2926/1/2926 2925/1/2925 
f 2925/1/2925 2929/1/2929 2928/1/2928 
f 2414/1/2414 2411/1/2411 2926/1/2926 
f 2926/1/2926 2928/1/2928 2414/1/2414 
f 2927/1/2927 2926/1/2926 2411/1/2411 
f 2411/1/2411 2410/1/2410 2927/1/2927 
f 2733/1/2733 2930/1/2930 2931/1/2931 
f 2931/1/2931 2748/1/2748 2733/1/2733 
f 2932/1/2932 2931/1/2931 2930/1/2930 
f 2930/1/2930 2929/1/2929 2932/1/2932 
f 2923/1/2923 2920/1/2920 2931/1/2931 
f 2931/1/2931 2932/1/2932 2923/1/2923 
f 2920/1/2920 1477/1/1477 2748/1/2748 
f 2430/1/2430 2434/1/2434 2933/1/2933 
f 2933/1/2933 2934/1/2934 2430/1/2430 
f 2922/1/2922 2933/1/2933 2434/1/2434 
f 2434/1/2434 1495/1/1495 2922/1/2922 
f 2923/1/2923 2935/1/2935 2933/1/2933 
f 2933/1/2933 2922/1/2922 2923/1/2923 
f 2934/1/2934 2933/1/2933 2935/1/2935 
f 2935/1/2935 2936/1/2936 2934/1/2934 
f 2936/1/2936 2935/1/2935 2937/1/2937 
f 2937/1/2937 2938/1/2938 2936/1/2936 
f 2932/1/2932 2937/1/2937 2935/1/2935 
f 2935/1/2935 2923/1/2923 2932/1/2932 
f 2929/1/2929 2925/1/2925 2937/1/2937 
f 2937/1/2937 2932/1/2932 2929/1/2929 
f 2938/1/2938 2937/1/2937 2925/1/2925 
f 2925/1/2925 2924/1/2924 2938/1/2938 
f 2414/1/2414 2928/1/2928 2939/1/2939 
f 2939/1/2939 2499/1/2499 2414/1/2414 
f 2929/1/2929 2930/1/2930 2939/1/2939 
f 2939/1/2939 2928/1/2928 2929/1/2929 
f 2939/1/2939 2930/1/2930 2733/1/2733 
f 2732/1/2732 2496/1/2496 2499/1/2499 
f 2940/1/2940 2941/1/2941 2942/1/2942 
f 2942/1/2942 2943/1/2943 2940/1/2940 
f 2944/1/2944 2942/1/2942 2941/1/2941 
f 2941/1/2941 2945/1/2945 2944/1/2944 
f 2399/1/2399 2396/1/2396 2942/1/2942 
f 2942/1/2942 2944/1/2944 2399/1/2399 
f 2943/1/2943 2942/1/2942 2396/1/2396 
f 2396/1/2396 1688/1/1688 2943/1/2943 
f 2946/1/2946 2947/1/2947 2948/1/2948 
f 2948/1/2948 2949/1/2949 2946/1/2946 
f 2950/1/2950 2948/1/2948 2947/1/2947 
f 2947/1/2947 2951/1/2951 2950/1/2950 
f 2948/1/2948 2950/1/2950 2945/1/2945 
f 2949/1/2949 2948/1/2948 2941/1/2941 
f 2941/1/2941 2940/1/2940 2949/1/2949 
f 2945/1/2945 2952/1/2952 2953/1/2953 
f 2953/1/2953 2944/1/2944 2945/1/2945 
f 2417/1/2417 2953/1/2953 2952/1/2952 
f 2952/1/2952 2418/1/2418 2417/1/2417 
f 2406/1/2406 2408/1/2408 2953/1/2953 
f 2953/1/2953 2417/1/2417 2406/1/2406 
f 2944/1/2944 2953/1/2953 2408/1/2408 
f 2408/1/2408 2399/1/2399 2944/1/2944 
f 2954/1/2954 2955/1/2955 2956/1/2956 
f 2956/1/2956 2957/1/2957 2954/1/2954 
f 2307/1/2307 2306/1/2306 2956/1/2956 
f 2956/1/2956 2955/1/2955 2307/1/2307 
f 2956/1/2956 2306/1/2306 1559/1/1559 
f 2957/1/2957 2956/1/2956 2958/1/2958 
f 2958/1/2958 2959/1/2959 2957/1/2957 
f 2951/1/2951 2947/1/2947 2960/1/2960 
f 2960/1/2960 2961/1/2961 2951/1/2951 
f 2962/1/2962 2960/1/2960 2947/1/2947 
f 2947/1/2947 2946/1/2946 2962/1/2962 
f 1660/1/1660 2425/1/2425 2960/1/2960 
f 2960/1/2960 2962/1/2962 1660/1/1660 
f 2425/1/2425 2424/1/2424 2961/1/2961 
f 2963/1/2963 2964/1/2964 2965/1/2965 
f 2965/1/2965 2966/1/2966 2963/1/2963 
f 2957/1/2957 2965/1/2965 2964/1/2964 
f 2964/1/2964 2954/1/2954 2957/1/2957 
f 2959/1/2959 2967/1/2967 2965/1/2965 
f 2965/1/2965 2957/1/2957 2959/1/2959 
f 2966/1/2966 2965/1/2965 2967/1/2967 
f 2967/1/2967 2968/1/2968 2966/1/2966 
f 2969/1/2969 2970/1/2970 2955/1/2955 
f 2955/1/2955 2954/1/2954 2969/1/2969 
f 2535/1/2535 2970/1/2970 2969/1/2969 
f 2969/1/2969 2532/1/2532 2535/1/2535 
f 2319/1/2319 2970/1/2970 2535/1/2535 
f 2535/1/2535 2316/1/2316 2319/1/2319 
f 2955/1/2955 2970/1/2970 2319/1/2319 
f 2319/1/2319 2307/1/2307 2955/1/2955 
f 2971/1/2971 2972/1/2972 2973/1/2973 
f 2973/1/2973 2974/1/2974 2971/1/2971 
f 1567/1/1567 2973/1/2973 2972/1/2972 
f 2972/1/2972 1558/1/1558 1567/1/1567 
f 1659/1/1659 2973/1/2973 1567/1/1567 
f 1567/1/1567 1566/1/1566 1659/1/1659 
f 2974/1/2974 2973/1/2973 1659/1/1659 
f 1659/1/1659 1658/1/1658 2974/1/2974 
f 1558/1/1558 2972/1/2972 2975/1/2975 
f 2975/1/2975 1557/1/1557 1558/1/1558 
f 2972/1/2972 2971/1/2971 2976/1/2976 
f 2975/1/2975 2976/1/2976 2959/1/2959 
f 2958/1/2958 1559/1/1559 1557/1/1557 
f 2966/1/2966 2977/1/2977 2978/1/2978 
f 2978/1/2978 2963/1/2963 2966/1/2966 
f 2968/1/2968 2979/1/2979 2977/1/2977 
f 2977/1/2977 2966/1/2966 2968/1/2968 
f 2979/1/2979 2513/1/2513 2515/1/2515 
f 2517/1/2517 2978/1/2978 2977/1/2977 
f 2977/1/2977 2515/1/2515 2517/1/2517 
f 2980/1/2980 2981/1/2981 2982/1/2982 
f 2982/1/2982 2983/1/2983 2980/1/2980 
f 2984/1/2984 2982/1/2982 2981/1/2981 
f 2981/1/2981 2985/1/2985 2984/1/2984 
f 2986/1/2986 2987/1/2987 2982/1/2982 
f 2982/1/2982 2984/1/2984 2986/1/2986 
f 2983/1/2983 2982/1/2982 2987/1/2987 
f 2987/1/2987 2505/1/2505 2983/1/2983 
f 2985/1/2985 2981/1/2981 2988/1/2988 
f 2988/1/2988 2989/1/2989 2985/1/2985 
f 2990/1/2990 2988/1/2988 2981/1/2981 
f 2981/1/2981 2980/1/2980 2990/1/2990 
f 1656/1/1656 1666/1/1666 2988/1/2988 
f 2988/1/2988 2990/1/2990 1656/1/1656 
f 2989/1/2989 2988/1/2988 1666/1/1666 
f 1666/1/1666 1665/1/1665 2989/1/2989 
f 1688/1/1688 1687/1/1687 2991/1/2991 
f 2991/1/2991 2943/1/2943 1688/1/1688 
f 2992/1/2992 2991/1/2991 1687/1/1687 
f 1687/1/1687 1680/1/1680 2992/1/2992 
f 2986/1/2986 2993/1/2993 2991/1/2991 
f 2991/1/2991 2992/1/2992 2986/1/2986 
f 2993/1/2993 2940/1/2940 2943/1/2943 
f 2940/1/2940 2993/1/2993 2994/1/2994 
f 2994/1/2994 2949/1/2949 2940/1/2940 
f 2984/1/2984 2994/1/2994 2993/1/2993 
f 2993/1/2993 2986/1/2986 2984/1/2984 
f 2985/1/2985 2995/1/2995 2994/1/2994 
f 2994/1/2994 2984/1/2984 2985/1/2985 
f 2949/1/2949 2994/1/2994 2995/1/2995 
f 2995/1/2995 2946/1/2946 2949/1/2949 
f 2986/1/2986 2992/1/2992 2996/1/2996 
f 2996/1/2996 2987/1/2987 2986/1/2986 
f 1679/1/1679 2996/1/2996 2992/1/2992 
f 2992/1/2992 1680/1/1680 1679/1/1679 
f 1676/1/1676 2501/1/2501 2996/1/2996 
f 2996/1/2996 1679/1/1679 1676/1/1676 
f 2505/1/2505 2987/1/2987 2996/1/2996 
f 2996/1/2996 2501/1/2501 2505/1/2505 
f 2997/1/2997 2998/1/2998 2999/1/2999 
f 2999/1/2999 3000/1/3000 2997/1/2997 
f 3001/1/3001 3002/1/3002 2998/1/2998 
f 2998/1/2998 2997/1/2997 3001/1/3001 
f 2963/1/2963 2978/1/2978 2998/1/2998 
f 2998/1/2998 3002/1/3002 2963/1/2963 
f 2999/1/2999 2998/1/2998 2978/1/2978 
f 2978/1/2978 2517/1/2517 2999/1/2999 
f 2946/1/2946 2995/1/2995 3003/1/3003 
f 3003/1/3003 2962/1/2962 2946/1/2946 
f 2989/1/2989 3003/1/3003 2995/1/2995 
f 2995/1/2995 2985/1/2985 2989/1/2989 
f 1665/1/1665 1661/1/1661 3003/1/3003 
f 3003/1/3003 2989/1/2989 1665/1/1665 
f 2962/1/2962 3003/1/3003 1661/1/1661 
f 1661/1/1661 1660/1/1660 2962/1/2962 
f 3002/1/3002 3004/1/3004 2964/1/2964 
f 2964/1/2964 2963/1/2963 3002/1/3002 
f 3005/1/3005 3004/1/3004 3002/1/3002 
f 3002/1/3002 3001/1/3001 3005/1/3005 
f 2532/1/2532 2969/1/2969 3004/1/3004 
f 3004/1/3004 3005/1/3005 2532/1/2532 
f 2954/1/2954 2964/1/2964 3004/1/3004 
f 3004/1/3004 2969/1/2969 2954/1/2954 
f 2901/1/2901 3006/1/3006 3007/1/3007 
f 3007/1/3007 2919/1/2919 2901/1/2901 
f 3008/1/3008 3007/1/3007 3006/1/3006 
f 3006/1/3006 3000/1/3000 3008/1/3008 
f 2335/1/2335 2332/1/2332 3007/1/3007 
f 3007/1/3007 3008/1/3008 2335/1/2335 
f 2919/1/2919 3007/1/3007 2332/1/2332 
f 2332/1/2332 2325/1/2325 2919/1/2919 
f 2909/1/2909 3009/1/3009 3010/1/3010 
f 3010/1/3010 2904/1/2904 2909/1/2909 
f 2997/1/2997 3010/1/3010 3009/1/3009 
f 3009/1/3009 3001/1/3001 2997/1/2997 
f 3000/1/3000 3006/1/3006 3010/1/3010 
f 3010/1/3010 2997/1/2997 3000/1/3000 
f 2904/1/2904 3010/1/3010 3006/1/3006 
f 3006/1/3006 2901/1/2901 2904/1/2904 
f 2331/1/2331 2340/1/2340 3011/1/3011 
f 3011/1/3011 2516/1/2516 2331/1/2331 
f 3008/1/3008 3011/1/3011 2340/1/2340 
f 2340/1/2340 2335/1/2335 3008/1/3008 
f 3000/1/3000 2999/1/2999 3011/1/3011 
f 3011/1/3011 3008/1/3008 3000/1/3000 
f 2999/1/2999 2517/1/2517 2516/1/2516 
f 2516/1/2516 3011/1/3011 2999/1/2999 
f 2424/1/2424 3012/1/3012 3013/1/3013 
f 3013/1/3013 2961/1/2961 2424/1/2424 
f 3014/1/3014 3013/1/3013 3012/1/3012 
f 3012/1/3012 3015/1/3015 3014/1/3014 
f 3016/1/3016 3017/1/3017 3013/1/3013 
f 3013/1/3013 3014/1/3014 3016/1/3016 
f 2961/1/2961 3013/1/3013 3017/1/3017 
f 3017/1/3017 2951/1/2951 2961/1/2961 
f 3001/1/3001 3009/1/3009 3018/1/3018 
f 3018/1/3018 3005/1/3005 3001/1/3001 
f 2913/1/2913 3018/1/3018 3009/1/3009 
f 3009/1/3009 2909/1/2909 2913/1/2913 
f 2537/1/2537 2533/1/2533 3018/1/3018 
f 3018/1/3018 2913/1/2913 2537/1/2537 
f 3005/1/3005 3018/1/3018 2533/1/2533 
f 2533/1/2533 2532/1/2532 3005/1/3005 
f 2951/1/2951 3017/1/3017 3019/1/3019 
f 3019/1/3019 2950/1/2950 2951/1/2951 
f 3020/1/3020 3019/1/3019 3017/1/3017 
f 3017/1/3017 3016/1/3016 3020/1/3020 
f 2418/1/2418 2952/1/2952 3019/1/3019 
f 3019/1/3019 3020/1/3020 2418/1/2418 
f 2950/1/2950 3019/1/3019 2952/1/2952 
f 2952/1/2952 2945/1/2945 2950/1/2950 
f 2936/1/2936 3021/1/3021 3022/1/3022 
f 3022/1/3022 2934/1/2934 2936/1/2936 
f 3023/1/3023 3022/1/3022 3021/1/3021 
f 3021/1/3021 3015/1/3015 3023/1/3023 
f 2432/1/2432 2431/1/2431 3022/1/3022 
f 3022/1/3022 3023/1/3023 2432/1/2432 
f 2934/1/2934 3022/1/3022 2431/1/2431 
f 2431/1/2431 2430/1/2430 2934/1/2934 
f 2924/1/2924 3024/1/3024 3025/1/3025 
f 3025/1/3025 2938/1/2938 2924/1/2924 
f 3014/1/3014 3025/1/3025 3024/1/3024 
f 3024/1/3024 3016/1/3016 3014/1/3014 
f 3015/1/3015 3021/1/3021 3025/1/3025 
f 3025/1/3025 3014/1/3014 3015/1/3015 
f 2938/1/2938 3025/1/3025 3021/1/3021 
f 3021/1/3021 2936/1/2936 2938/1/2938 
f 2432/1/2432 3023/1/3023 3026/1/3026 
f 3026/1/3026 2428/1/2428 2432/1/2432 
f 3015/1/3015 3012/1/3012 3026/1/3026 
f 3026/1/3026 3023/1/3023 3015/1/3015 
f 2423/1/2423 3026/1/3026 3012/1/3012 
f 3012/1/3012 2424/1/2424 2423/1/2423 
f 2428/1/2428 3026/1/3026 2423/1/2423 
f 2423/1/2423 2422/1/2422 2428/1/2428 
f 3016/1/3016 3024/1/3024 3027/1/3027 
f 3027/1/3027 3020/1/3020 3016/1/3016 
f 2927/1/2927 3027/1/3027 3024/1/3024 
f 3024/1/3024 2924/1/2924 2927/1/2927 
f 2410/1/2410 2419/1/2419 3027/1/3027 
f 3027/1/3027 2927/1/2927 2410/1/2410 
f 3020/1/3020 3027/1/3027 2419/1/2419 
f 2419/1/2419 2418/1/2418 3020/1/3020 
f 3028/1/3028 3029/1/3029 3030/1/3030 
f 3030/1/3030 3031/1/3031 3028/1/3028 
f 3032/1/3032 3030/1/3030 3029/1/3029 
f 3029/1/3029 3033/1/3033 3032/1/3032 
f 188/1/188 187/1/187 3030/1/3030 
f 3030/1/3030 3032/1/3032 188/1/188 
f 3031/1/3031 3030/1/3030 187/1/187 
f 187/1/187 182/1/182 3031/1/3031 
f 3033/1/3033 3029/1/3029 3034/1/3034 
f 3034/1/3034 3035/1/3035 3033/1/3033 
f 3036/1/3036 3034/1/3034 3029/1/3029 
f 3029/1/3029 3028/1/3028 3036/1/3036 
f 2679/1/2679 3034/1/3034 3036/1/3036 
f 3036/1/3036 2680/1/2680 2679/1/2679 
f 2494/1/2494 3035/1/3035 3034/1/3034 
f 3034/1/3034 2679/1/2679 2494/1/2494 
f 2605/1/2605 3037/1/3037 3038/1/3038 
f 3038/1/3038 2606/1/2606 2605/1/2605 
f 3031/1/3031 3038/1/3038 3037/1/3037 
f 3037/1/3037 3028/1/3028 3031/1/3031 
f 182/1/182 181/1/181 3038/1/3038 
f 3038/1/3038 3031/1/3031 182/1/182 
f 2606/1/2606 3038/1/3038 181/1/181 
f 181/1/181 180/1/180 2606/1/2606 
f 2680/1/2680 3036/1/3036 3039/1/3039 
f 3039/1/3039 2691/1/2691 2680/1/2680 
f 3028/1/3028 3037/1/3037 3039/1/3039 
f 3039/1/3039 3036/1/3036 3028/1/3028 
f 3037/1/3037 2605/1/2605 2612/1/2612 
f 2470/1/2470 2691/1/2691 3039/1/3039 
f 3039/1/3039 2612/1/2612 2470/1/2470 
f 2494/1/2494 2492/1/2492 3040/1/3040 
f 3040/1/3040 3035/1/3035 2494/1/2494 
f 2492/1/2492 2493/1/2493 3041/1/3041 
f 3042/1/3042 3043/1/3043 3040/1/3040 
f 3040/1/3040 3041/1/3041 3042/1/3042 
f 3035/1/3035 3040/1/3040 3043/1/3043 
f 3043/1/3043 3033/1/3033 3035/1/3035 
f 3044/1/3044 3045/1/3045 3046/1/3046 
f 3046/1/3046 3047/1/3047 3044/1/3044 
f 2724/1/2724 3046/1/3046 3045/1/3045 
f 3045/1/3045 2722/1/2722 2724/1/2724 
f 2656/1/2656 2659/1/2659 3046/1/3046 
f 3046/1/3046 2724/1/2724 2656/1/2656 
f 3047/1/3047 3046/1/3046 2659/1/2659 
f 2659/1/2659 2658/1/2658 3047/1/3047 
f 3048/1/3048 3049/1/3049 336/1/336 
f 336/1/336 189/1/189 3048/1/3048 
f 3050/1/3050 3049/1/3049 3048/1/3048 
f 3048/1/3048 3042/1/3042 3050/1/3050 
f 3044/1/3044 3051/1/3051 3049/1/3049 
f 3049/1/3049 3050/1/3050 3044/1/3044 
f 339/1/339 336/1/336 3049/1/3049 
f 3049/1/3049 3051/1/3051 339/1/339 
f 3033/1/3033 3043/1/3043 3052/1/3052 
f 3052/1/3052 3032/1/3032 3033/1/3033 
f 3048/1/3048 3052/1/3052 3043/1/3043 
f 3043/1/3043 3042/1/3042 3048/1/3048 
f 189/1/189 192/1/192 3052/1/3052 
f 3052/1/3052 3048/1/3048 189/1/189 
f 3032/1/3032 3052/1/3052 192/1/192 
f 192/1/192 188/1/188 3032/1/3032 
f 2722/1/2722 3045/1/3045 3053/1/3053 
f 3053/1/3053 2723/1/2723 2722/1/2722 
f 3050/1/3050 3053/1/3053 3045/1/3045 
f 3045/1/3045 3044/1/3044 3050/1/3050 
f 3053/1/3053 3050/1/3050 3042/1/3042 
f 2723/1/2723 3053/1/3053 3041/1/3041 
f 3041/1/3041 2493/1/2493 2723/1/2723 
f 3051/1/3051 3054/1/3054 344/1/344 
f 344/1/344 339/1/339 3051/1/3051 
f 3047/1/3047 3054/1/3054 3051/1/3051 
f 3051/1/3051 3044/1/3044 3047/1/3047 
f 2658/1/2658 2666/1/2666 3054/1/3054 
f 3054/1/3054 3047/1/3047 2658/1/2658 
f 244/1/244 344/1/344 3054/1/3054 
f 3054/1/3054 2666/1/2666 244/1/244 
f 2906/1/2906 2915/1/2915 3055/1/3055 
f 3055/1/3055 2905/1/2905 2906/1/2906 
f 2753/1/2753 3056/1/3056 3055/1/3055 
f 3055/1/3055 2915/1/2915 2753/1/2753 
f 3057/1/3057 3055/1/3055 3056/1/3056 
f 3056/1/3056 3058/1/3058 3057/1/3057 
f 2905/1/2905 3055/1/3055 3057/1/3057 
f 3057/1/3057 2907/1/2907 2905/1/2905 
f 2899/1/2899 3059/1/3059 3060/1/3060 
f 3060/1/3060 2911/1/2911 2899/1/2899 
f 3061/1/3061 3062/1/3062 3060/1/3060 
f 3060/1/3060 3059/1/3059 3061/1/3061 
f 2756/1/2756 3060/1/3060 3062/1/3062 
f 3062/1/3062 2752/1/2752 2756/1/2756 
f 2518/1/2518 2911/1/2911 3060/1/3060 
f 3060/1/3060 2756/1/2756 2518/1/2518 
f 3063/1/3063 3064/1/3064 1452/1/1452 
f 1452/1/1452 1451/1/1451 3063/1/3063 
f 3065/1/3065 3064/1/3064 3063/1/3063 
f 3063/1/3063 3058/1/3058 3065/1/3065 
f 3061/1/3061 3066/1/3066 3064/1/3064 
f 3064/1/3064 3065/1/3065 3061/1/3061 
f 1452/1/1452 3064/1/3064 3066/1/3066 
f 3066/1/3066 1377/1/1377 1452/1/1452 
f 2907/1/2907 3057/1/3057 3067/1/3067 
f 3067/1/3067 2914/1/2914 2907/1/2907 
f 3058/1/3058 3063/1/3063 3067/1/3067 
f 3067/1/3067 3057/1/3057 3058/1/3058 
f 3067/1/3067 3063/1/3063 1451/1/1451 
f 1456/1/1456 1455/1/1455 2914/1/2914 
f 2752/1/2752 3062/1/3062 3068/1/3068 
f 3068/1/3068 2750/1/2750 2752/1/2752 
f 3065/1/3065 3068/1/3068 3062/1/3062 
f 3062/1/3062 3061/1/3061 3065/1/3065 
f 3058/1/3058 3056/1/3056 3068/1/3068 
f 3068/1/3068 3065/1/3065 3058/1/3058 
f 2750/1/2750 3068/1/3068 3056/1/3056 
f 3056/1/3056 2753/1/2753 2750/1/2750 
f 3061/1/3061 3059/1/3059 3069/1/3069 
f 3069/1/3069 3066/1/3066 3061/1/3061 
f 2898/1/2898 3069/1/3069 3059/1/3059 
f 3059/1/3059 2899/1/2899 2898/1/2898 
f 3069/1/3069 2898/1/2898 1369/1/1369 
f 1377/1/1377 3066/1/3066 3069/1/3069 
f 3069/1/3069 1372/1/1372 1377/1/1377 
f 2505/1/2505 2504/1/2504 3070/1/3070 
f 3070/1/3070 2983/1/2983 2505/1/2505 
f 3071/1/3071 3070/1/3070 2504/1/2504 
f 2504/1/2504 2503/1/2503 3071/1/3071 
f 3072/1/3072 3073/1/3073 3070/1/3070 
f 3070/1/3070 3071/1/3071 3072/1/3072 
f 2983/1/2983 3070/1/3070 3073/1/3073 
f 3073/1/3073 2980/1/2980 2983/1/2983 
f 2980/1/2980 3073/1/3073 3074/1/3074 
f 3074/1/3074 2990/1/2990 2980/1/2980 
f 3075/1/3075 3074/1/3074 3073/1/3073 
f 3073/1/3073 3072/1/3072 3075/1/3075 
f 1657/1/1657 3074/1/3074 3075/1/3075 
f 3075/1/3075 1658/1/1658 1657/1/1657 
f 2990/1/2990 3074/1/3074 1657/1/1657 
f 1657/1/1657 1656/1/1656 2990/1/2990 
f 1658/1/1658 3075/1/3075 3076/1/3076 
f 3076/1/3076 2974/1/2974 1658/1/1658 
f 3077/1/3077 3076/1/3076 3075/1/3075 
f 3075/1/3075 3072/1/3072 3077/1/3077 
f 3078/1/3078 3079/1/3079 3076/1/3076 
f 3076/1/3076 3077/1/3077 3078/1/3078 
f 2974/1/2974 3076/1/3076 3079/1/3079 
f 3079/1/3079 2971/1/2971 2974/1/2974 
f 2509/1/2509 3080/1/3080 3081/1/3081 
f 3081/1/3081 2507/1/2507 2509/1/2509 
f 3077/1/3077 3081/1/3081 3080/1/3080 
f 3080/1/3080 3078/1/3078 3077/1/3077 
f 3072/1/3072 3071/1/3071 3081/1/3081 
f 3081/1/3081 3077/1/3077 3072/1/3072 
f 2507/1/2507 3081/1/3081 3071/1/3071 
f 3071/1/3071 2503/1/2503 2507/1/2507 
f 2513/1/2513 2979/1/2979 3082/1/3082 
f 3082/1/3082 2512/1/2512 2513/1/2513 
f 3083/1/3083 3082/1/3082 2979/1/2979 
f 2979/1/2979 2968/1/2968 3083/1/3083 
f 3078/1/3078 3080/1/3080 3082/1/3082 
f 3082/1/3082 3083/1/3083 3078/1/3078 
f 2512/1/2512 3082/1/3082 3080/1/3080 
f 3080/1/3080 2509/1/2509 2512/1/2512 
f 2971/1/2971 3079/1/3079 3084/1/3084 
f 3084/1/3084 2976/1/2976 2971/1/2971 
f 3083/1/3083 3084/1/3084 3079/1/3079 
f 3079/1/3079 3078/1/3078 3083/1/3083 
f 2968/1/2968 2967/1/2967 3084/1/3084 
f 3084/1/3084 3083/1/3083 2968/1/2968 
f 2976/1/2976 3084/1/3084 2967/1/2967 
f 2967/1/2967 2959/1/2959 2976/1/2976 
f 3085/1/3085 2378/1/2378 2370/1/2370 
f 3086/1/3086 3087/1/3087 3088/1/3088 
f 2383/1/2383 2395/1/2395 3085/1/3085 
f 3085/1/3085 3088/1/3088 2383/1/2383 
f 2378/1/2378 3085/1/3085 2395/1/2395 
f 2395/1/2395 2375/1/2375 2378/1/2378 
f 3089/1/3089 3090/1/3090 3091/1/3091 
f 3091/1/3091 3092/1/3092 3089/1/3089 
f 2384/1/2384 3091/1/3091 3090/1/3090 
f 3090/1/3090 2186/1/2186 2384/1/2384 
f 3088/1/3088 3091/1/3091 2384/1/2384 
f 2384/1/2384 2383/1/2383 3088/1/3088 
f 3087/1/3087 3092/1/3092 3091/1/3091 
f 3091/1/3091 3088/1/3088 3087/1/3087 
f 3093/1/3093 3094/1/3094 3095/1/3095 
f 3095/1/3095 3096/1/3096 3093/1/3093 
f 2185/1/2185 3095/1/3095 3094/1/3094 
f 3094/1/3094 2187/1/2187 2185/1/2185 
f 2186/1/2186 3090/1/3090 3095/1/3095 
f 3095/1/3095 2185/1/2185 2186/1/2186 
f 3096/1/3096 3095/1/3095 3090/1/3090 
f 3090/1/3090 3089/1/3089 3096/1/3096 
f 3093/1/3093 3097/1/3097 3098/1/3098 
f 3098/1/3098 3094/1/3094 3093/1/3093 
f 3099/1/3099 3098/1/3098 3097/1/3097 
f 3097/1/3097 3100/1/3100 3099/1/3099 
f 2192/1/2192 2189/1/2189 3098/1/3098 
f 3098/1/3098 3099/1/3099 2192/1/2192 
f 2187/1/2187 3094/1/3094 3098/1/3098 
f 3098/1/3098 2189/1/2189 2187/1/2187 
f 3100/1/3100 3101/1/3101 3102/1/3102 
f 3102/1/3102 3099/1/3099 3100/1/3100 
f 3103/1/3103 3102/1/3102 3101/1/3101 
f 3101/1/3101 3104/1/3104 3103/1/3103 
f 2196/1/2196 2193/1/2193 3102/1/3102 
f 3102/1/3102 3103/1/3103 2196/1/2196 
f 3099/1/3099 3102/1/3102 2193/1/2193 
f 2193/1/2193 2192/1/2192 3099/1/3099 
f 3105/1/3105 3106/1/3106 3107/1/3107 
f 3107/1/3107 3108/1/3108 3105/1/3105 
f 2198/1/2198 3107/1/3107 3106/1/3106 
f 3106/1/3106 2199/1/2199 2198/1/2198 
f 2196/1/2196 3103/1/3103 3107/1/3107 
f 3107/1/3107 2198/1/2198 2196/1/2196 
f 3108/1/3108 3107/1/3107 3103/1/3103 
f 3103/1/3103 3104/1/3104 3108/1/3108 
f 3109/1/3109 3110/1/3110 3106/1/3106 
f 3106/1/3106 3105/1/3105 3109/1/3109 
f 3111/1/3111 3110/1/3110 3109/1/3109 
f 3109/1/3109 3112/1/3112 3111/1/3111 
f 2203/1/2203 2202/1/2202 3110/1/3110 
f 3110/1/3110 3111/1/3111 2203/1/2203 
f 2199/1/2199 3106/1/3106 3110/1/3110 
f 3110/1/3110 2202/1/2202 2199/1/2199 
f 2345/1/2345 3113/1/3113 3114/1/3114 
f 3114/1/3114 2352/1/2352 2345/1/2345 
f 3115/1/3115 3114/1/3114 3113/1/3113 
f 3113/1/3113 3116/1/3116 3115/1/3115 
f 2362/1/2362 2359/1/2359 3114/1/3114 
f 3114/1/3114 3115/1/3115 2362/1/2362 
f 2352/1/2352 3114/1/3114 2359/1/2359 
f 2359/1/2359 2349/1/2349 2352/1/2352 
f 3112/1/3112 3117/1/3117 3118/1/3118 
f 3118/1/3118 3111/1/3111 3112/1/3112 
f 3116/1/3116 3113/1/3113 3118/1/3118 
f 3118/1/3118 3117/1/3117 3116/1/3116 
f 2348/1/2348 3118/1/3118 3113/1/3113 
f 3113/1/3113 2345/1/2345 2348/1/2348 
f 3111/1/3111 3118/1/3118 2348/1/2348 
f 2348/1/2348 2203/1/2203 3111/1/3111 
f 2370/1/2370 2367/1/2367 3119/1/3119 
f 3119/1/3119 3086/1/3086 2370/1/2370 
f 2367/1/2367 2362/1/2362 3115/1/3115 
f 3119/1/3119 3115/1/3115 3116/1/3116 
f 3120/1/3120 3087/1/3087 3086/1/3086 
f 3121/1/3121 3122/1/3122 3123/1/3123 
f 3123/1/3123 3124/1/3124 3121/1/3121 
f 3092/1/3092 3123/1/3123 3122/1/3122 
f 3122/1/3122 3089/1/3089 3092/1/3092 
f 3092/1/3092 3087/1/3087 3125/1/3125 
f 3126/1/3126 3124/1/3124 3123/1/3123 
f 3123/1/3123 3125/1/3125 3126/1/3126 
f 3121/1/3121 3127/1/3127 3128/1/3128 
f 3128/1/3128 3122/1/3122 3121/1/3121 
f 3129/1/3129 3128/1/3128 3127/1/3127 
f 3127/1/3127 3130/1/3130 3129/1/3129 
f 3093/1/3093 3096/1/3096 3128/1/3128 
f 3128/1/3128 3129/1/3129 3093/1/3093 
f 3089/1/3089 3122/1/3122 3128/1/3128 
f 3128/1/3128 3096/1/3096 3089/1/3089 
f 3130/1/3130 3131/1/3131 3132/1/3132 
f 3132/1/3132 3129/1/3129 3130/1/3130 
f 3133/1/3133 3132/1/3132 3131/1/3131 
f 3131/1/3131 3134/1/3134 3133/1/3133 
f 3100/1/3100 3097/1/3097 3132/1/3132 
f 3132/1/3132 3133/1/3133 3100/1/3100 
f 3129/1/3129 3132/1/3132 3097/1/3097 
f 3097/1/3097 3093/1/3093 3129/1/3129 
f 3134/1/3134 3135/1/3135 3136/1/3136 
f 3136/1/3136 3133/1/3133 3134/1/3134 
f 3137/1/3137 3138/1/3138 3136/1/3136 
f 3136/1/3136 3135/1/3135 3137/1/3137 
f 3101/1/3101 3136/1/3136 3138/1/3138 
f 3138/1/3138 3104/1/3104 3101/1/3101 
f 3133/1/3133 3136/1/3136 3101/1/3101 
f 3101/1/3101 3100/1/3100 3133/1/3133 
f 3139/1/3139 3140/1/3140 3141/1/3141 
f 3141/1/3141 3142/1/3142 3139/1/3139 
f 3108/1/3108 3141/1/3141 3140/1/3140 
f 3140/1/3140 3105/1/3105 3108/1/3108 
f 3104/1/3104 3138/1/3138 3141/1/3141 
f 3141/1/3141 3108/1/3108 3104/1/3104 
f 3142/1/3142 3141/1/3141 3138/1/3138 
f 3138/1/3138 3137/1/3137 3142/1/3142 
f 3121/1/3121 3143/1/3143 3144/1/3144 
f 3144/1/3144 3127/1/3127 3121/1/3121 
f 3145/1/3145 3144/1/3144 3143/1/3143 
f 3143/1/3143 3146/1/3146 3145/1/3145 
f 3147/1/3147 3148/1/3148 3144/1/3144 
f 3144/1/3144 3145/1/3145 3147/1/3147 
f 3130/1/3130 3127/1/3127 3144/1/3144 
f 3144/1/3144 3148/1/3148 3130/1/3130 
f 3147/1/3147 3149/1/3149 3150/1/3150 
f 3150/1/3150 3148/1/3148 3147/1/3147 
f 3151/1/3151 3152/1/3152 3150/1/3150 
f 3150/1/3150 3149/1/3149 3151/1/3151 
f 3134/1/3134 3131/1/3131 3150/1/3150 
f 3150/1/3150 3152/1/3152 3134/1/3134 
f 3148/1/3148 3150/1/3150 3131/1/3131 
f 3131/1/3131 3130/1/3130 3148/1/3148 
f 3153/1/3153 3154/1/3154 3155/1/3155 
f 3155/1/3155 3156/1/3156 3153/1/3153 
f 3109/1/3109 3155/1/3155 3154/1/3154 
f 3154/1/3154 3112/1/3112 3109/1/3109 
f 3105/1/3105 3140/1/3140 3155/1/3155 
f 3155/1/3155 3109/1/3109 3105/1/3105 
f 3156/1/3156 3155/1/3155 3140/1/3140 
f 3140/1/3140 3139/1/3139 3156/1/3156 
f 3151/1/3151 3157/1/3157 3158/1/3158 
f 3158/1/3158 3152/1/3152 3151/1/3151 
f 3159/1/3159 3160/1/3160 3158/1/3158 
f 3158/1/3158 3157/1/3157 3159/1/3159 
f 3137/1/3137 3135/1/3135 3158/1/3158 
f 3158/1/3158 3160/1/3160 3137/1/3137 
f 3152/1/3152 3158/1/3158 3135/1/3135 
f 3135/1/3135 3134/1/3134 3152/1/3152 
f 3146/1/3146 3161/1/3161 3162/1/3162 
f 3162/1/3162 3145/1/3145 3146/1/3146 
f 3157/1/3157 3162/1/3162 3161/1/3161 
f 3161/1/3161 3159/1/3159 3157/1/3157 
f 3151/1/3151 3149/1/3149 3162/1/3162 
f 3162/1/3162 3157/1/3157 3151/1/3151 
f 3145/1/3145 3162/1/3162 3149/1/3149 
f 3149/1/3149 3147/1/3147 3145/1/3145 
f 3163/1/3163 3164/1/3164 3165/1/3165 
f 3165/1/3165 3166/1/3166 3163/1/3163 
f 3167/1/3167 3165/1/3165 3164/1/3164 
f 3164/1/3164 3168/1/3168 3167/1/3167 
f 3159/1/3159 3161/1/3161 3165/1/3165 
f 3165/1/3165 3167/1/3167 3159/1/3159 
f 3166/1/3166 3165/1/3165 3161/1/3161 
f 3161/1/3161 3146/1/3146 3166/1/3166 
f 3137/1/3137 3160/1/3160 3169/1/3169 
f 3169/1/3169 3142/1/3142 3137/1/3137 
f 3167/1/3167 3169/1/3169 3160/1/3160 
f 3160/1/3160 3159/1/3159 3167/1/3167 
f 3168/1/3168 3170/1/3170 3169/1/3169 
f 3169/1/3169 3167/1/3167 3168/1/3168 
f 3142/1/3142 3169/1/3169 3170/1/3170 
f 3170/1/3170 3139/1/3139 3142/1/3142 
f 3171/1/3171 3172/1/3172 3173/1/3173 
f 3173/1/3173 3174/1/3174 3171/1/3171 
f 3172/1/3172 3126/1/3126 3125/1/3125 
f 3173/1/3173 3125/1/3125 3087/1/3087 
f 3174/1/3174 3173/1/3173 3120/1/3120 
f 3120/1/3120 3116/1/3116 3174/1/3174 
f 3175/1/3175 3176/1/3176 3124/1/3124 
f 3124/1/3124 3126/1/3126 3175/1/3175 
f 3166/1/3166 3176/1/3176 3175/1/3175 
f 3175/1/3175 3163/1/3163 3166/1/3166 
f 3146/1/3146 3143/1/3143 3176/1/3176 
f 3176/1/3176 3166/1/3166 3146/1/3146 
f 3124/1/3124 3176/1/3176 3143/1/3143 
f 3143/1/3143 3121/1/3121 3124/1/3124 
f 3177/1/3177 3171/1/3171 3174/1/3174 
f 3174/1/3174 3116/1/3116 3117/1/3117 
f 3117/1/3117 3112/1/3112 3154/1/3154 
f 3154/1/3154 3153/1/3153 3177/1/3177 
f 3178/1/3178 3179/1/3179 3180/1/3180 
f 3180/1/3180 3181/1/3181 3178/1/3178 
f 3182/1/3182 3180/1/3180 3179/1/3179 
f 3179/1/3179 3163/1/3163 3182/1/3182 
f 3171/1/3171 3177/1/3177 3180/1/3180 
f 3180/1/3180 3182/1/3182 3171/1/3171 
f 3181/1/3181 3180/1/3180 3177/1/3177 
f 3177/1/3177 3153/1/3153 3181/1/3181 
f 3182/1/3182 3163/1/3163 3175/1/3175 
f 3126/1/3126 3172/1/3172 3183/1/3183 
f 3183/1/3183 3175/1/3175 3126/1/3126 
f 3182/1/3182 3183/1/3183 3172/1/3172 
f 3172/1/3172 3171/1/3171 3182/1/3182 
f 3168/1/3168 3164/1/3164 3184/1/3184 
f 3184/1/3184 3185/1/3185 3168/1/3168 
f 3179/1/3179 3184/1/3184 3164/1/3164 
f 3164/1/3164 3163/1/3163 3179/1/3179 
f 3185/1/3185 3184/1/3184 3179/1/3179 
f 3179/1/3179 3178/1/3178 3185/1/3185 
f 3139/1/3139 3170/1/3170 3186/1/3186 
f 3186/1/3186 3156/1/3156 3139/1/3139 
f 3185/1/3185 3186/1/3186 3170/1/3170 
f 3170/1/3170 3168/1/3168 3185/1/3185 
f 3178/1/3178 3181/1/3181 3186/1/3186 
f 3186/1/3186 3185/1/3185 3178/1/3178 
f 3156/1/3156 3186/1/3186 3181/1/3181 
f 3181/1/3181 3153/1/3153 3156/1/3156 
f 3187/1/3187 3188/1/3188 3189/1/3189 
f 3189/1/3189 3190/1/3190 3187/1/3187 
f 2459/1/2459 3188/1/3188 3187/1/3187 
f 3187/1/3187 9/1/9 2459/1/2459 
f 3188/1/3188 2459/1/2459 2456/1/2456 
f 3191/1/3191 3189/1/3189 3188/1/3188 
f 3188/1/3188 3192/1/3192 3191/1/3191 
f 3193/1/3193 3194/1/3194 3195/1/3195 
f 3196/1/3196 1/1/1 4/1/4 
f 9/1/9 3187/1/3187 3193/1/3193 
f 3193/1/3193 4/1/4 9/1/9 
f 3190/1/3190 3194/1/3194 3193/1/3193 
f 3193/1/3193 3187/1/3187 3190/1/3190 
f 3197/1/3197 3198/1/3198 3199/1/3199 
f 3199/1/3199 3200/1/3200 3197/1/3197 
f 3201/1/3201 3199/1/3199 3198/1/3198 
f 3198/1/3198 3202/1/3202 3201/1/3201 
f 3195/1/3195 3194/1/3194 3199/1/3199 
f 3199/1/3199 3201/1/3201 3195/1/3195 
f 3200/1/3200 3199/1/3199 3194/1/3194 
f 3194/1/3194 3190/1/3190 3200/1/3200 
f 3203/1/3203 3204/1/3204 3198/1/3198 
f 3198/1/3198 3197/1/3197 3203/1/3203 
f 3205/1/3205 3206/1/3206 3204/1/3204 
f 3204/1/3204 3203/1/3203 3205/1/3205 
f 3206/1/3206 57/1/57 3207/1/3207 
f 3202/1/3202 3198/1/3198 3204/1/3204 
f 3204/1/3204 3207/1/3207 3202/1/3202 
f 3208/1/3208 3209/1/3209 3210/1/3210 
f 3210/1/3210 3211/1/3211 3208/1/3208 
f 3209/1/3209 3208/1/3208 25/1/25 
f 1/1/1 3196/1/3196 3209/1/3209 
f 3209/1/3209 24/1/24 1/1/1 
f 3210/1/3210 3209/1/3209 3196/1/3196 
f 3196/1/3196 3195/1/3195 3210/1/3210 
f 3211/1/3211 3210/1/3210 3212/1/3212 
f 3212/1/3212 3213/1/3213 3211/1/3211 
f 3212/1/3212 3210/1/3210 3195/1/3195 
f 3201/1/3201 3202/1/3202 3214/1/3214 
f 3213/1/3213 3212/1/3212 3214/1/3214 
f 3214/1/3214 3215/1/3215 3213/1/3213 
f 3216/1/3216 3214/1/3214 3202/1/3202 
f 3207/1/3207 57/1/57 54/1/54 
f 3217/1/3217 3216/1/3216 54/1/54 
f 54/1/54 42/1/42 3217/1/3217 
f 3215/1/3215 3214/1/3214 3216/1/3216 
f 3216/1/3216 3217/1/3217 3215/1/3215 
f 32/1/32 35/1/35 3218/1/3218 
f 3218/1/3218 3219/1/3219 32/1/32 
f 3208/1/3208 3218/1/3218 35/1/35 
f 35/1/35 25/1/25 3208/1/3208 
f 3211/1/3211 3220/1/3220 3218/1/3218 
f 3218/1/3218 3208/1/3208 3211/1/3211 
f 3219/1/3219 3218/1/3218 3220/1/3220 
f 3220/1/3220 3221/1/3221 3219/1/3219 
f 3221/1/3221 3220/1/3220 3222/1/3222 
f 3222/1/3222 3223/1/3223 3221/1/3221 
f 3213/1/3213 3222/1/3222 3220/1/3220 
f 3220/1/3220 3211/1/3211 3213/1/3213 
f 3215/1/3215 3224/1/3224 3222/1/3222 
f 3222/1/3222 3213/1/3213 3215/1/3215 
f 3223/1/3223 3222/1/3222 3224/1/3224 
f 3224/1/3224 3225/1/3225 3223/1/3223 
f 3217/1/3217 3226/1/3226 3224/1/3224 
f 3224/1/3224 3215/1/3215 3217/1/3217 
f 42/1/42 39/1/39 3226/1/3226 
f 3226/1/3226 3217/1/3217 42/1/42 
f 3227/1/3227 3226/1/3226 39/1/39 
f 39/1/39 38/1/38 3227/1/3227 
f 3225/1/3225 3224/1/3224 3226/1/3226 
f 3226/1/3226 3227/1/3227 3225/1/3225 
f 34/1/34 33/1/33 3228/1/3228 
f 3228/1/3228 3229/1/3229 34/1/34 
f 3219/1/3219 3228/1/3228 33/1/33 
f 33/1/33 32/1/32 3219/1/3219 
f 3221/1/3221 3230/1/3230 3228/1/3228 
f 3228/1/3228 3219/1/3219 3221/1/3221 
f 3229/1/3229 3228/1/3228 3230/1/3230 
f 3230/1/3230 3231/1/3231 3229/1/3229 
f 3231/1/3231 3230/1/3230 3232/1/3232 
f 3232/1/3232 3233/1/3233 3231/1/3231 
f 3223/1/3223 3232/1/3232 3230/1/3230 
f 3230/1/3230 3221/1/3221 3223/1/3223 
f 3225/1/3225 3234/1/3234 3232/1/3232 
f 3232/1/3232 3223/1/3223 3225/1/3225 
f 3233/1/3233 3232/1/3232 3234/1/3234 
f 3234/1/3234 3235/1/3235 3233/1/3233 
f 3227/1/3227 3236/1/3236 3234/1/3234 
f 3234/1/3234 3225/1/3225 3227/1/3227 
f 38/1/38 50/1/50 3236/1/3236 
f 3236/1/3236 3227/1/3227 38/1/38 
f 3237/1/3237 3236/1/3236 50/1/50 
f 50/1/50 53/1/53 3237/1/3237 
f 3235/1/3235 3234/1/3234 3236/1/3236 
f 3236/1/3236 3237/1/3237 3235/1/3235 
f 3238/1/3238 3239/1/3239 3240/1/3240 
f 3240/1/3240 3241/1/3241 3238/1/3238 
f 48/1/48 44/1/44 3239/1/3239 
f 3239/1/3239 3238/1/3238 48/1/48 
f 3242/1/3242 3239/1/3239 44/1/44 
f 44/1/44 47/1/47 3242/1/3242 
f 3243/1/3243 3240/1/3240 3239/1/3239 
f 3239/1/3239 3242/1/3242 3243/1/3243 
f 3244/1/3244 3245/1/3245 3246/1/3246 
f 3246/1/3246 3247/1/3247 3244/1/3244 
f 3248/1/3248 3249/1/3249 3246/1/3246 
f 3246/1/3246 3245/1/3245 3248/1/3248 
f 1782/1/1782 3246/1/3246 3249/1/3249 
f 3249/1/3249 1786/1/1786 1782/1/1782 
f 1781/1/1781 3247/1/3247 3246/1/3246 
f 3246/1/3246 1782/1/1782 1781/1/1781 
f 3241/1/3241 3240/1/3240 3250/1/3250 
f 3250/1/3250 3251/1/3251 3241/1/3241 
f 3252/1/3252 3250/1/3250 3240/1/3240 
f 3240/1/3240 3243/1/3243 3252/1/3252 
f 3248/1/3248 3245/1/3245 3250/1/3250 
f 3250/1/3250 3252/1/3252 3248/1/3248 
f 3251/1/3251 3250/1/3250 3245/1/3245 
f 3245/1/3245 3244/1/3244 3251/1/3251 
f 3247/1/3247 3253/1/3253 3254/1/3254 
f 3254/1/3254 3244/1/3244 3247/1/3247 
f 2569/1/2569 3253/1/3253 3247/1/3247 
f 3247/1/3247 1781/1/1781 2569/1/2569 
f 2558/1/2558 3255/1/3255 3253/1/3253 
f 3253/1/3253 2569/1/2569 2558/1/2558 
f 3256/1/3256 3254/1/3254 3253/1/3253 
f 3253/1/3253 3255/1/3255 3256/1/3256 
f 3257/1/3257 3258/1/3258 3259/1/3259 
f 3259/1/3259 3260/1/3260 3257/1/3257 
f 2253/1/2253 3259/1/3259 3258/1/3258 
f 3258/1/3258 2252/1/2252 2253/1/2253 
f 1786/1/1786 3249/1/3249 3259/1/3259 
f 3259/1/3259 2253/1/2253 1786/1/1786 
f 3260/1/3260 3259/1/3259 3249/1/3249 
f 3249/1/3249 3248/1/3248 3260/1/3260 
f 3261/1/3261 3262/1/3262 3263/1/3263 
f 3263/1/3263 3264/1/3264 3261/1/3261 
f 1795/1/1795 2251/1/2251 3263/1/3263 
f 3263/1/3263 3262/1/3262 1795/1/1795 
f 2252/1/2252 3258/1/3258 3263/1/3263 
f 3263/1/3263 2251/1/2251 2252/1/2252 
f 3264/1/3264 3263/1/3263 3258/1/3258 
f 3258/1/3258 3257/1/3257 3264/1/3264 
f 3260/1/3260 3265/1/3265 3266/1/3266 
f 3266/1/3266 3257/1/3257 3260/1/3260 
f 3248/1/3248 3252/1/3252 3265/1/3265 
f 3265/1/3265 3260/1/3260 3248/1/3248 
f 3243/1/3243 3267/1/3267 3265/1/3265 
f 3265/1/3265 3252/1/3252 3243/1/3243 
f 3268/1/3268 3266/1/3266 3265/1/3265 
f 3265/1/3265 3267/1/3267 3268/1/3268 
f 3242/1/3242 3269/1/3269 3267/1/3267 
f 3267/1/3267 3243/1/3243 3242/1/3242 
f 47/1/47 2436/1/2436 3269/1/3269 
f 3269/1/3269 3242/1/3242 47/1/47 
f 2439/1/2439 3270/1/3270 3269/1/3269 
f 3269/1/3269 2436/1/2436 2439/1/2439 
f 3267/1/3267 3269/1/3269 3270/1/3270 
f 3270/1/3270 3268/1/3268 3267/1/3267 
f 3271/1/3271 3272/1/3272 3273/1/3273 
f 3273/1/3273 3274/1/3274 3271/1/3271 
f 1790/1/1790 1789/1/1789 3272/1/3272 
f 3272/1/3272 3271/1/3271 1790/1/1790 
f 3262/1/3262 3272/1/3272 1789/1/1789 
f 1789/1/1789 1795/1/1795 3262/1/3262 
f 3261/1/3261 3273/1/3273 3272/1/3272 
f 3272/1/3272 3262/1/3262 3261/1/3261 
f 3264/1/3264 3275/1/3275 3276/1/3276 
f 3276/1/3276 3261/1/3261 3264/1/3264 
f 3257/1/3257 3266/1/3266 3275/1/3275 
f 3275/1/3275 3264/1/3264 3257/1/3257 
f 3277/1/3277 3275/1/3275 3266/1/3266 
f 3266/1/3266 3268/1/3268 3277/1/3277 
f 3278/1/3278 3276/1/3276 3275/1/3275 
f 3275/1/3275 3277/1/3277 3278/1/3278 
f 3268/1/3268 3270/1/3270 3279/1/3279 
f 3279/1/3279 3277/1/3277 3268/1/3268 
f 2442/1/2442 3279/1/3279 3270/1/3270 
f 3270/1/3270 2439/1/2439 2442/1/2442 
f 2441/1/2441 3280/1/3280 3279/1/3279 
f 3279/1/3279 2442/1/2442 2441/1/2441 
f 3277/1/3277 3279/1/3279 3280/1/3280 
f 3280/1/3280 3278/1/3278 3277/1/3277 
f 3274/1/3274 3273/1/3273 3281/1/3281 
f 3281/1/3281 3282/1/3282 3274/1/3274 
f 3276/1/3276 3281/1/3281 3273/1/3273 
f 3273/1/3273 3261/1/3261 3276/1/3276 
f 3283/1/3283 3281/1/3281 3276/1/3276 
f 3276/1/3276 3278/1/3278 3283/1/3283 
f 3282/1/3282 3281/1/3281 3283/1/3283 
f 3283/1/3283 3284/1/3284 3282/1/3282 
f 3278/1/3278 3280/1/3280 3285/1/3285 
f 3285/1/3285 3283/1/3283 3278/1/3278 
f 2445/1/2445 3285/1/3285 3280/1/3280 
f 3280/1/3280 2441/1/2441 2445/1/2445 
f 3286/1/3286 3285/1/3285 2445/1/2445 
f 2445/1/2445 2448/1/2448 3286/1/3286 
f 3284/1/3284 3283/1/3283 3285/1/3285 
f 3285/1/3285 3286/1/3286 3284/1/3284 
f 3287/1/3287 3288/1/3288 1805/1/1805 
f 3271/1/3271 3287/1/3287 1804/1/1804 
f 1804/1/1804 1790/1/1790 3271/1/3271 
f 3274/1/3274 3289/1/3289 3287/1/3287 
f 3287/1/3287 3271/1/3271 3274/1/3274 
f 3288/1/3288 3287/1/3287 3289/1/3289 
f 3289/1/3289 3290/1/3290 3288/1/3288 
f 3290/1/3290 3289/1/3289 3291/1/3291 
f 3291/1/3291 3292/1/3292 3290/1/3290 
f 3282/1/3282 3291/1/3291 3289/1/3289 
f 3289/1/3289 3274/1/3274 3282/1/3282 
f 3284/1/3284 3293/1/3293 3291/1/3291 
f 3291/1/3291 3282/1/3282 3284/1/3284 
f 3293/1/3293 3294/1/3294 3292/1/3292 
f 3286/1/3286 3295/1/3295 3293/1/3293 
f 3293/1/3293 3284/1/3284 3286/1/3286 
f 2448/1/2448 2452/1/2452 3295/1/3295 
f 3295/1/3295 3286/1/3286 2448/1/2448 
f 3296/1/3296 3295/1/3295 2452/1/2452 
f 2452/1/2452 2451/1/2451 3296/1/3296 
f 3295/1/3295 3296/1/3296 3294/1/3294 
f 3297/1/3297 3298/1/3298 3299/1/3299 
f 3299/1/3299 3300/1/3300 3297/1/3297 
f 1778/1/1778 2059/1/2059 3298/1/3298 
f 3298/1/3298 3297/1/3297 1778/1/1778 
f 3301/1/3301 3298/1/3298 2059/1/2059 
f 2059/1/2059 2058/1/2058 3301/1/3301 
f 3302/1/3302 3299/1/3299 3298/1/3298 
f 3298/1/3298 3301/1/3301 3302/1/3302 
f 2058/1/2058 2247/1/2247 3303/1/3303 
f 3303/1/3303 3301/1/3301 2058/1/2058 
f 3288/1/3288 3303/1/3303 2247/1/2247 
f 2247/1/2247 1805/1/1805 3288/1/3288 
f 3290/1/3290 3304/1/3304 3303/1/3303 
f 3303/1/3303 3288/1/3288 3290/1/3290 
f 3301/1/3301 3303/1/3303 3304/1/3304 
f 3304/1/3304 3302/1/3302 3301/1/3301 
f 3302/1/3302 3304/1/3304 3305/1/3305 
f 3305/1/3305 3306/1/3306 3302/1/3302 
f 3292/1/3292 3305/1/3305 3304/1/3304 
f 3304/1/3304 3290/1/3290 3292/1/3292 
f 3294/1/3294 3307/1/3307 3305/1/3305 
f 3305/1/3305 3292/1/3292 3294/1/3294 
f 3306/1/3306 3305/1/3305 3307/1/3307 
f 3307/1/3307 3308/1/3308 3306/1/3306 
f 3296/1/3296 3309/1/3309 3307/1/3307 
f 3307/1/3307 3294/1/3294 3296/1/3296 
f 2451/1/2451 2453/1/2453 3309/1/3309 
f 3309/1/3309 3296/1/3296 2451/1/2451 
f 3310/1/3310 3309/1/3309 2453/1/2453 
f 2453/1/2453 3311/1/3311 3310/1/3310 
f 3308/1/3308 3307/1/3307 3309/1/3309 
f 3309/1/3309 3310/1/3310 3308/1/3308 
f 3312/1/3312 3313/1/3313 3314/1/3314 
f 3314/1/3314 3315/1/3315 3312/1/3312 
f 1780/1/1780 1779/1/1779 3314/1/3314 
f 3314/1/3314 3313/1/3313 1780/1/1780 
f 3297/1/3297 3314/1/3314 1779/1/1779 
f 1779/1/1779 1778/1/1778 3297/1/3297 
f 3300/1/3300 3315/1/3315 3314/1/3314 
f 3314/1/3314 3297/1/3297 3300/1/3300 
f 3300/1/3300 3299/1/3299 3316/1/3316 
f 3316/1/3316 3317/1/3317 3300/1/3300 
f 3306/1/3306 3316/1/3316 3299/1/3299 
f 3299/1/3299 3302/1/3302 3306/1/3306 
f 3308/1/3308 3318/1/3318 3316/1/3316 
f 3316/1/3316 3306/1/3306 3308/1/3308 
f 3317/1/3317 3316/1/3316 3318/1/3318 
f 3318/1/3318 3319/1/3319 3317/1/3317 
f 3310/1/3310 3320/1/3320 3318/1/3318 
f 3318/1/3318 3308/1/3308 3310/1/3310 
f 3311/1/3311 3321/1/3321 3320/1/3320 
f 3320/1/3320 3310/1/3310 3311/1/3311 
f 3322/1/3322 3320/1/3320 3321/1/3321 
f 3321/1/3321 3323/1/3323 3322/1/3322 
f 3319/1/3319 3318/1/3318 3320/1/3320 
f 3320/1/3320 3322/1/3322 3319/1/3319 
f 3315/1/3315 3324/1/3324 3325/1/3325 
f 3325/1/3325 3312/1/3312 3315/1/3315 
f 3317/1/3317 3324/1/3324 3315/1/3315 
f 3315/1/3315 3300/1/3300 3317/1/3317 
f 3319/1/3319 3326/1/3326 3324/1/3324 
f 3324/1/3324 3317/1/3317 3319/1/3319 
f 3327/1/3327 3325/1/3325 3324/1/3324 
f 3324/1/3324 3326/1/3326 3327/1/3327 
f 3322/1/3322 3328/1/3328 3326/1/3326 
f 3326/1/3326 3319/1/3319 3322/1/3322 
f 3323/1/3323 3329/1/3329 3328/1/3328 
f 3328/1/3328 3322/1/3322 3323/1/3323 
f 3330/1/3330 3331/1/3331 3328/1/3328 
f 3328/1/3328 3329/1/3329 3330/1/3330 
f 3326/1/3326 3328/1/3328 3331/1/3331 
f 3331/1/3331 3327/1/3327 3326/1/3326 
f 2580/1/2580 3332/1/3332 3333/1/3333 
f 3333/1/3333 2577/1/2577 2580/1/2580 
f 1780/1/1780 3313/1/3313 3332/1/3332 
f 3332/1/3332 2580/1/2580 1780/1/1780 
f 3334/1/3334 3332/1/3332 3313/1/3313 
f 3313/1/3313 3312/1/3312 3334/1/3334 
f 3335/1/3335 3333/1/3333 3332/1/3332 
f 3332/1/3332 3334/1/3334 3335/1/3335 
f 3334/1/3334 3336/1/3336 3337/1/3337 
f 3337/1/3337 3335/1/3335 3334/1/3334 
f 3312/1/3312 3325/1/3325 3336/1/3336 
f 3336/1/3336 3334/1/3334 3312/1/3312 
f 3338/1/3338 3336/1/3336 3325/1/3325 
f 3325/1/3325 3327/1/3327 3338/1/3338 
f 3339/1/3339 3337/1/3337 3336/1/3336 
f 3336/1/3336 3338/1/3338 3339/1/3339 
f 3340/1/3340 3341/1/3341 3342/1/3342 
f 3342/1/3342 3343/1/3343 3340/1/3340 
f 2586/1/2586 3342/1/3342 3341/1/3341 
f 3341/1/3341 2583/1/2583 2586/1/2586 
f 2577/1/2577 3333/1/3333 3342/1/3342 
f 3342/1/3342 2586/1/2586 2577/1/2577 
f 3343/1/3343 3342/1/3342 3333/1/3333 
f 3333/1/3333 3335/1/3335 3343/1/3343 
f 3327/1/3327 3331/1/3331 3344/1/3344 
f 3344/1/3344 3338/1/3338 3327/1/3327 
f 3345/1/3345 3344/1/3344 3331/1/3331 
f 3331/1/3331 3330/1/3330 3345/1/3345 
f 3346/1/3346 3347/1/3347 3344/1/3344 
f 3344/1/3344 3345/1/3345 3346/1/3346 
f 3338/1/3338 3344/1/3344 3347/1/3347 
f 3347/1/3347 3339/1/3339 3338/1/3338 
f 63/1/63 59/1/59 3348/1/3348 
f 3348/1/3348 3349/1/3349 63/1/63 
f 3350/1/3350 3348/1/3348 59/1/59 
f 59/1/59 58/1/58 3350/1/3350 
f 3351/1/3351 3352/1/3352 3348/1/3348 
f 3348/1/3348 3350/1/3350 3351/1/3351 
f 3349/1/3349 3348/1/3348 3352/1/3352 
f 3352/1/3352 3353/1/3353 3349/1/3349 
f 3354/1/3354 3355/1/3355 3356/1/3356 
f 3356/1/3356 3357/1/3357 3354/1/3354 
f 3358/1/3358 3359/1/3359 3355/1/3355 
f 3355/1/3355 3354/1/3354 3358/1/3358 
f 3360/1/3360 3355/1/3355 3359/1/3359 
f 3359/1/3359 3361/1/3361 3360/1/3360 
f 3362/1/3362 3356/1/3356 3355/1/3355 
f 3355/1/3355 3360/1/3360 3362/1/3362 
f 3361/1/3361 3363/1/3363 3364/1/3364 
f 3364/1/3364 3360/1/3360 3361/1/3361 
f 3352/1/3352 3364/1/3364 3363/1/3363 
f 3363/1/3363 3353/1/3353 3352/1/3352 
f 3351/1/3351 3365/1/3365 3364/1/3364 
f 3364/1/3364 3352/1/3352 3351/1/3351 
f 3360/1/3360 3364/1/3364 3365/1/3365 
f 3365/1/3365 3362/1/3362 3360/1/3360 
f 84/1/84 83/1/83 3366/1/3366 
f 3366/1/3366 3367/1/3367 84/1/84 
f 3349/1/3349 3366/1/3366 83/1/83 
f 83/1/83 63/1/63 3349/1/3349 
f 3353/1/3353 3368/1/3368 3366/1/3366 
f 3366/1/3366 3349/1/3349 3353/1/3353 
f 3367/1/3367 3366/1/3366 3368/1/3368 
f 3368/1/3368 3369/1/3369 3367/1/3367 
f 3370/1/3370 3369/1/3369 3368/1/3368 
f 3353/1/3353 3363/1/3363 3371/1/3371 
f 3371/1/3371 3368/1/3368 3353/1/3353 
f 3372/1/3372 3371/1/3371 3363/1/3363 
f 3363/1/3363 3361/1/3361 3372/1/3372 
f 3373/1/3373 3370/1/3370 3371/1/3371 
f 3371/1/3371 3372/1/3372 3373/1/3373 
f 3361/1/3361 3359/1/3359 3374/1/3374 
f 3374/1/3374 3372/1/3372 3361/1/3361 
f 3375/1/3375 3374/1/3374 3359/1/3359 
f 3359/1/3359 3358/1/3358 3375/1/3375 
f 3376/1/3376 3377/1/3377 3374/1/3374 
f 3374/1/3374 3375/1/3375 3376/1/3376 
f 3372/1/3372 3374/1/3374 3377/1/3377 
f 3377/1/3377 3373/1/3373 3372/1/3372 
f 698/1/698 697/1/697 3378/1/3378 
f 3378/1/3378 3379/1/3379 698/1/698 
f 3367/1/3367 3378/1/3378 697/1/697 
f 697/1/697 84/1/84 3367/1/3367 
f 3369/1/3369 3380/1/3380 3378/1/3378 
f 3378/1/3378 3367/1/3367 3369/1/3369 
f 3381/1/3381 3379/1/3379 3378/1/3378 
f 3378/1/3378 3380/1/3380 3381/1/3381 
f 3380/1/3380 3382/1/3382 3383/1/3383 
f 3383/1/3383 3381/1/3381 3380/1/3380 
f 3382/1/3382 3380/1/3380 3369/1/3369 
f 3384/1/3384 3382/1/3382 3370/1/3370 
f 3370/1/3370 3373/1/3373 3384/1/3384 
f 3385/1/3385 3383/1/3383 3382/1/3382 
f 3382/1/3382 3384/1/3384 3385/1/3385 
f 3386/1/3386 3387/1/3387 3388/1/3388 
f 3388/1/3388 3389/1/3389 3386/1/3386 
f 704/1/704 703/1/703 3388/1/3388 
f 3388/1/3388 3387/1/3387 704/1/704 
f 703/1/703 698/1/698 3379/1/3379 
f 3389/1/3389 3388/1/3388 3379/1/3379 
f 3379/1/3379 3381/1/3381 3389/1/3389 
f 3373/1/3373 3377/1/3377 3390/1/3390 
f 3390/1/3390 3384/1/3384 3373/1/3373 
f 3391/1/3391 3390/1/3390 3377/1/3377 
f 3377/1/3377 3376/1/3376 3391/1/3391 
f 3392/1/3392 3393/1/3393 3390/1/3390 
f 3390/1/3390 3391/1/3391 3392/1/3392 
f 3384/1/3384 3390/1/3390 3393/1/3393 
f 3393/1/3393 3385/1/3385 3384/1/3384 
f 3394/1/3394 3395/1/3395 3396/1/3396 
f 3203/1/3203 3394/1/3394 3397/1/3397 
f 3397/1/3397 3205/1/3205 3203/1/3203 
f 3197/1/3197 3398/1/3398 3394/1/3394 
f 3394/1/3394 3203/1/3203 3197/1/3197 
f 3395/1/3395 3394/1/3394 3398/1/3398 
f 3398/1/3398 3399/1/3399 3395/1/3395 
f 3200/1/3200 3400/1/3400 3398/1/3398 
f 3398/1/3398 3197/1/3197 3200/1/3200 
f 3190/1/3190 3189/1/3189 3400/1/3400 
f 3400/1/3400 3200/1/3200 3190/1/3190 
f 3401/1/3401 3400/1/3400 3189/1/3189 
f 3189/1/3189 3191/1/3191 3401/1/3401 
f 3399/1/3399 3398/1/3398 3400/1/3400 
f 3400/1/3400 3401/1/3401 3399/1/3399 
f 3402/1/3402 3403/1/3403 3404/1/3404 
f 3404/1/3404 3405/1/3405 3402/1/3402 
f 3385/1/3385 3393/1/3393 3404/1/3404 
f 3404/1/3404 3403/1/3403 3385/1/3385 
f 3406/1/3406 3404/1/3404 3393/1/3393 
f 3393/1/3393 3392/1/3392 3406/1/3406 
f 3404/1/3404 3406/1/3406 3407/1/3407 
f 3408/1/3408 3409/1/3409 3410/1/3410 
f 3410/1/3410 3411/1/3411 3408/1/3408 
f 2456/1/2456 2455/1/2455 3410/1/3410 
f 3410/1/3410 3409/1/3409 2456/1/2456 
f 704/1/704 3387/1/3387 3410/1/3410 
f 3410/1/3410 2455/1/2455 704/1/704 
f 3411/1/3411 3410/1/3410 3387/1/3387 
f 3387/1/3387 3386/1/3386 3411/1/3411 
f 3402/1/3402 3412/1/3412 3413/1/3413 
f 3413/1/3413 3403/1/3403 3402/1/3402 
f 3389/1/3389 3413/1/3413 3412/1/3412 
f 3412/1/3412 3386/1/3386 3389/1/3389 
f 3381/1/3381 3383/1/3383 3413/1/3413 
f 3413/1/3413 3389/1/3389 3381/1/3381 
f 3403/1/3403 3413/1/3413 3383/1/3383 
f 3383/1/3383 3385/1/3385 3403/1/3403 
f 3411/1/3411 3414/1/3414 3415/1/3415 
f 3415/1/3415 3408/1/3408 3411/1/3411 
f 3386/1/3386 3412/1/3412 3414/1/3414 
f 3414/1/3414 3411/1/3411 3386/1/3386 
f 3416/1/3416 3414/1/3414 3412/1/3412 
f 3412/1/3412 3402/1/3402 3416/1/3416 
f 3415/1/3415 3414/1/3414 3416/1/3416 
f 3416/1/3416 3417/1/3417 3415/1/3415 
f 3405/1/3405 3418/1/3418 3416/1/3416 
f 3416/1/3416 3402/1/3402 3405/1/3405 
f 3405/1/3405 3407/1/3407 3419/1/3419 
f 3420/1/3420 3418/1/3418 3419/1/3419 
f 3419/1/3419 3421/1/3421 3420/1/3420 
f 3417/1/3417 3416/1/3416 3418/1/3418 
f 3418/1/3418 3420/1/3420 3417/1/3417 
f 3422/1/3422 3423/1/3423 3424/1/3424 
f 3424/1/3424 3425/1/3425 3422/1/3422 
f 3395/1/3395 3424/1/3424 3423/1/3423 
f 3423/1/3423 3396/1/3396 3395/1/3395 
f 3399/1/3399 3426/1/3426 3424/1/3424 
f 3424/1/3424 3395/1/3395 3399/1/3399 
f 3425/1/3425 3424/1/3424 3426/1/3426 
f 3426/1/3426 3427/1/3427 3425/1/3425 
f 3428/1/3428 3429/1/3429 3430/1/3430 
f 3430/1/3430 3431/1/3431 3428/1/3428 
f 3415/1/3415 3430/1/3430 3429/1/3429 
f 3429/1/3429 3408/1/3408 3415/1/3415 
f 3417/1/3417 3432/1/3432 3430/1/3430 
f 3430/1/3430 3415/1/3415 3417/1/3417 
f 3431/1/3431 3430/1/3430 3432/1/3432 
f 3432/1/3432 3433/1/3433 3431/1/3431 
f 3417/1/3417 3420/1/3420 3434/1/3434 
f 3434/1/3434 3432/1/3432 3417/1/3417 
f 3435/1/3435 3434/1/3434 3420/1/3420 
f 3420/1/3420 3421/1/3421 3435/1/3435 
f 3436/1/3436 3437/1/3437 3434/1/3434 
f 3434/1/3434 3435/1/3435 3436/1/3436 
f 3432/1/3432 3434/1/3434 3437/1/3437 
f 3437/1/3437 3433/1/3433 3432/1/3432 
f 3438/1/3438 3439/1/3439 3191/1/3191 
f 3409/1/3409 3438/1/3438 3192/1/3192 
f 3192/1/3192 2456/1/2456 3409/1/3409 
f 3408/1/3408 3429/1/3429 3438/1/3438 
f 3438/1/3438 3409/1/3409 3408/1/3408 
f 3439/1/3439 3438/1/3438 3429/1/3429 
f 3429/1/3429 3428/1/3428 3439/1/3439 
f 3427/1/3427 3426/1/3426 3440/1/3440 
f 3440/1/3440 3441/1/3441 3427/1/3427 
f 3401/1/3401 3440/1/3440 3426/1/3426 
f 3426/1/3426 3399/1/3399 3401/1/3401 
f 3191/1/3191 3439/1/3439 3440/1/3440 
f 3440/1/3440 3401/1/3401 3191/1/3191 
f 3439/1/3439 3428/1/3428 3441/1/3441 
f 3433/1/3433 3442/1/3442 3443/1/3443 
f 3443/1/3443 3431/1/3431 3433/1/3433 
f 3441/1/3441 3443/1/3443 3442/1/3442 
f 3442/1/3442 3427/1/3427 3441/1/3441 
f 3431/1/3431 3443/1/3443 3441/1/3441 
f 3441/1/3441 3428/1/3428 3431/1/3431 
f 3437/1/3437 3444/1/3444 3442/1/3442 
f 3442/1/3442 3433/1/3433 3437/1/3437 
f 3436/1/3436 3445/1/3445 3444/1/3444 
f 3444/1/3444 3437/1/3437 3436/1/3436 
f 3425/1/3425 3444/1/3444 3445/1/3445 
f 3445/1/3445 3422/1/3422 3425/1/3425 
f 3427/1/3427 3442/1/3442 3444/1/3444 
f 3444/1/3444 3425/1/3425 3427/1/3427 
f 2571/1/2571 3446/1/3446 3447/1/3447 
f 3447/1/3447 2557/1/2557 2571/1/2571 
f 3229/1/3229 3446/1/3446 2571/1/2571 
f 2571/1/2571 34/1/34 3229/1/3229 
f 3231/1/3231 3448/1/3448 3446/1/3446 
f 3446/1/3446 3229/1/3229 3231/1/3231 
f 3449/1/3449 3447/1/3447 3446/1/3446 
f 3446/1/3446 3448/1/3448 3449/1/3449 
f 3449/1/3449 3448/1/3448 3450/1/3450 
f 3450/1/3450 3451/1/3451 3449/1/3449 
f 3233/1/3233 3450/1/3450 3448/1/3448 
f 3448/1/3448 3231/1/3231 3233/1/3233 
f 3235/1/3235 3452/1/3452 3450/1/3450 
f 3450/1/3450 3233/1/3233 3235/1/3235 
f 3451/1/3451 3450/1/3450 3452/1/3452 
f 3452/1/3452 3453/1/3453 3451/1/3451 
f 3449/1/3449 3454/1/3454 3455/1/3455 
f 3455/1/3455 3447/1/3447 3449/1/3449 
f 3255/1/3255 3455/1/3455 3454/1/3454 
f 3454/1/3454 3256/1/3256 3255/1/3255 
f 2554/1/2554 3455/1/3455 3255/1/3255 
f 3255/1/3255 2558/1/2558 2554/1/2554 
f 2557/1/2557 3447/1/3447 3455/1/3455 
f 3455/1/3455 2554/1/2554 2557/1/2557 
f 3456/1/3456 3457/1/3457 49/1/49 
f 49/1/49 48/1/48 3456/1/3456 
f 3458/1/3458 3459/1/3459 3457/1/3457 
f 3457/1/3457 3456/1/3456 3458/1/3458 
f 3460/1/3460 3461/1/3461 3459/1/3459 
f 3459/1/3459 3458/1/3458 3460/1/3460 
f 2576/1/2576 2575/1/2575 3461/1/3461 
f 3461/1/3461 3460/1/3460 2576/1/2576 
f 3237/1/3237 3462/1/3462 3452/1/3452 
f 3452/1/3452 3235/1/3235 3237/1/3237 
f 53/1/53 2573/1/2573 3462/1/3462 
f 3462/1/3462 3237/1/3237 53/1/53 
f 3463/1/3463 3462/1/3462 2573/1/2573 
f 2573/1/2573 2576/1/2576 3463/1/3463 
f 3453/1/3453 3452/1/3452 3462/1/3462 
f 3462/1/3462 3463/1/3463 3453/1/3453 
f 3458/1/3458 3456/1/3456 3464/1/3464 
f 3464/1/3464 3465/1/3465 3458/1/3458 
f 3238/1/3238 3464/1/3464 3456/1/3456 
f 3456/1/3456 48/1/48 3238/1/3238 
f 3241/1/3241 3466/1/3466 3464/1/3464 
f 3464/1/3464 3238/1/3238 3241/1/3241 
f 3465/1/3465 3464/1/3464 3466/1/3466 
f 3466/1/3466 3467/1/3467 3465/1/3465 
f 3467/1/3467 3468/1/3468 3469/1/3469 
f 3469/1/3469 3465/1/3465 3467/1/3467 
f 3463/1/3463 3469/1/3469 3468/1/3468 
f 3468/1/3468 3453/1/3453 3463/1/3463 
f 2576/1/2576 3460/1/3460 3469/1/3469 
f 3469/1/3469 3463/1/3463 2576/1/2576 
f 3465/1/3465 3469/1/3469 3460/1/3460 
f 3460/1/3460 3458/1/3458 3465/1/3465 
f 3351/1/3351 3350/1/3350 3470/1/3470 
f 3470/1/3470 3471/1/3471 3351/1/3351 
f 2548/1/2548 3470/1/3470 3350/1/3350 
f 3350/1/3350 58/1/58 2548/1/2548 
f 2549/1/2549 3472/1/3472 3470/1/3470 
f 3470/1/3470 2548/1/2548 2549/1/2549 
f 3471/1/3471 3470/1/3470 3472/1/3472 
f 3472/1/3472 3473/1/3473 3471/1/3471 
f 3251/1/3251 3474/1/3474 3466/1/3466 
f 3466/1/3466 3241/1/3241 3251/1/3251 
f 3244/1/3244 3254/1/3254 3474/1/3474 
f 3474/1/3474 3251/1/3251 3244/1/3244 
f 3475/1/3475 3474/1/3474 3254/1/3254 
f 3254/1/3254 3256/1/3256 3475/1/3475 
f 3467/1/3467 3466/1/3466 3474/1/3474 
f 3474/1/3474 3475/1/3475 3467/1/3467 
f 3475/1/3475 3476/1/3476 3468/1/3468 
f 3468/1/3468 3467/1/3467 3475/1/3475 
f 3256/1/3256 3454/1/3454 3476/1/3476 
f 3476/1/3476 3475/1/3475 3256/1/3256 
f 3451/1/3451 3476/1/3476 3454/1/3454 
f 3454/1/3454 3449/1/3449 3451/1/3451 
f 3453/1/3453 3468/1/3468 3476/1/3476 
f 3476/1/3476 3451/1/3451 3453/1/3453 
f 2591/1/2591 3477/1/3477 3472/1/3472 
f 3472/1/3472 2549/1/2549 2591/1/2591 
f 2583/1/2583 3341/1/3341 3477/1/3477 
f 3477/1/3477 2591/1/2591 2583/1/2583 
f 3478/1/3478 3477/1/3477 3341/1/3341 
f 3341/1/3341 3340/1/3340 3478/1/3478 
f 3473/1/3473 3472/1/3472 3477/1/3477 
f 3477/1/3477 3478/1/3478 3473/1/3473 
f 3479/1/3479 3480/1/3480 3481/1/3481 
f 3481/1/3481 3482/1/3482 3479/1/3479 
f 3362/1/3362 3365/1/3365 3480/1/3480 
f 3480/1/3480 3479/1/3479 3362/1/3362 
f 3471/1/3471 3480/1/3480 3365/1/3365 
f 3365/1/3365 3351/1/3351 3471/1/3471 
f 3473/1/3473 3481/1/3481 3480/1/3480 
f 3480/1/3480 3471/1/3471 3473/1/3473 
f 3482/1/3482 3483/1/3483 3484/1/3484 
f 3484/1/3484 3479/1/3479 3482/1/3482 
f 3485/1/3485 3484/1/3484 3483/1/3483 
f 3483/1/3483 3486/1/3486 3485/1/3485 
f 3357/1/3357 3356/1/3356 3484/1/3484 
f 3484/1/3484 3485/1/3485 3357/1/3357 
f 3479/1/3479 3484/1/3484 3356/1/3356 
f 3356/1/3356 3362/1/3362 3479/1/3479 
f 3487/1/3487 3488/1/3488 3489/1/3489 
f 3486/1/3486 3483/1/3483 3490/1/3490 
f 3490/1/3490 3489/1/3489 3486/1/3486 
f 3491/1/3491 3490/1/3490 3483/1/3483 
f 3483/1/3483 3482/1/3482 3491/1/3491 
f 3492/1/3492 3487/1/3487 3490/1/3490 
f 3490/1/3490 3491/1/3491 3492/1/3492 
f 3493/1/3493 3494/1/3494 3487/1/3487 
f 3487/1/3487 3492/1/3492 3493/1/3493 
f 3339/1/3339 3347/1/3347 3494/1/3494 
f 3494/1/3494 3493/1/3493 3339/1/3339 
f 3495/1/3495 3494/1/3494 3347/1/3347 
f 3347/1/3347 3346/1/3346 3495/1/3495 
f 3494/1/3494 3495/1/3495 3488/1/3488 
f 3482/1/3482 3481/1/3481 3496/1/3496 
f 3496/1/3496 3491/1/3491 3482/1/3482 
f 3478/1/3478 3496/1/3496 3481/1/3481 
f 3481/1/3481 3473/1/3473 3478/1/3478 
f 3340/1/3340 3497/1/3497 3496/1/3496 
f 3496/1/3496 3478/1/3478 3340/1/3340 
f 3491/1/3491 3496/1/3496 3497/1/3497 
f 3497/1/3497 3492/1/3492 3491/1/3491 
f 3492/1/3492 3497/1/3497 3498/1/3498 
f 3498/1/3498 3493/1/3493 3492/1/3492 
f 3343/1/3343 3498/1/3498 3497/1/3497 
f 3497/1/3497 3340/1/3340 3343/1/3343 
f 3335/1/3335 3337/1/3337 3498/1/3498 
f 3498/1/3498 3343/1/3343 3335/1/3335 
f 3493/1/3493 3498/1/3498 3337/1/3337 
f 3337/1/3337 3339/1/3339 3493/1/3493 
f 20/1/20 21/1/21 18/1/18 
f 43/1/43 40/1/40 39/1/39 
f 105/1/105 102/1/102 101/1/101 
f 104/1/104 112/1/112 110/1/110 
f 17/1/17 114/1/114 117/1/117 
f 97/1/97 121/1/121 122/1/122 
f 103/1/103 122/1/122 125/1/125 
f 141/1/141 142/1/142 139/1/139 
f 147/1/147 149/1/149 145/1/145 
f 156/1/156 154/1/154 153/1/153 
f 157/1/157 158/1/158 154/1/154 
f 156/1/156 196/1/196 200/1/200 
f 233/1/233 1840/1/1840 231/1/231 
f 231/1/231 1840/1/1840 234/1/234 
f 232/1/232 231/1/231 236/1/236 
f 201/1/201 204/1/204 288/1/288 
f 289/1/289 288/1/288 204/1/204 
f 315/1/315 316/1/316 313/1/313 
f 335/1/335 333/1/333 235/1/235 
f 286/1/286 346/1/346 345/1/345 
f 383/1/383 382/1/382 386/1/386 
f 367/1/367 391/1/391 388/1/388 
f 403/1/403 407/1/407 406/1/406 
f 421/1/421 418/1/418 423/1/423 
f 409/1/409 431/1/431 406/1/406 
f 443/1/443 445/1/445 441/1/441 
f 469/1/469 471/1/471 467/1/467 
f 448/1/448 447/1/447 472/1/472 
f 493/1/493 497/1/497 496/1/496 
f 502/1/502 503/1/503 499/1/499 
f 508/1/508 516/1/516 512/1/512 
f 529/1/529 530/1/530 506/1/506 
f 500/1/500 530/1/530 529/1/529 
f 501/1/501 516/1/516 530/1/530 
f 506/1/506 530/1/530 516/1/516 
f 537/1/537 538/1/538 535/1/535 
f 540/1/540 535/1/535 538/1/538 
f 539/1/539 544/1/544 543/1/543 
f 544/1/544 546/1/546 473/1/473 
f 442/1/442 549/1/549 504/1/504 
f 554/1/554 559/1/559 557/1/557 
f 569/1/569 566/1/566 565/1/565 
f 579/1/579 580/1/580 575/1/575 
f 576/1/576 575/1/575 580/1/580 
f 538/1/538 595/1/595 594/1/594 
f 601/1/601 602/1/602 599/1/599 
f 545/1/545 599/1/599 602/1/602 
f 600/1/600 599/1/599 594/1/594 
f 600/1/600 605/1/605 603/1/603 
f 601/1/601 608/1/608 607/1/607 
f 602/1/602 607/1/607 551/1/551 
f 567/1/567 608/1/608 609/1/609 
f 612/1/612 609/1/609 610/1/610 
f 568/1/568 609/1/609 612/1/612 
f 620/1/620 618/1/618 617/1/617 
f 630/1/630 629/1/629 633/1/633 
f 619/1/619 636/1/636 635/1/635 
f 590/1/590 587/1/587 635/1/635 
f 625/1/625 644/1/644 636/1/636 
f 639/1/639 649/1/649 648/1/648 
f 647/1/647 648/1/648 622/1/622 
f 642/1/642 649/1/649 650/1/650 
f 637/1/637 650/1/650 649/1/649 
f 631/1/631 628/1/628 650/1/650 
f 643/1/643 650/1/650 628/1/628 
f 675/1/675 676/1/676 674/1/674 
f 205/1/205 674/1/674 676/1/676 
f 286/1/286 684/1/684 683/1/683 
f 681/1/681 684/1/684 685/1/685 
f 289/1/289 685/1/685 684/1/684 
f 206/1/206 676/1/676 685/1/685 
f 686/1/686 685/1/685 676/1/676 
f 694/1/694 699/1/699 710/1/710 
f 773/1/773 770/1/770 778/1/778 
f 818/1/818 820/1/820 503/1/503 
f 494/1/494 496/1/496 820/1/820 
f 503/1/503 820/1/820 496/1/496 
f 494/1/494 819/1/819 827/1/827 
f 832/1/832 833/1/833 830/1/830 
f 835/1/835 830/1/830 833/1/833 
f 836/1/836 837/1/837 830/1/830 
f 831/1/831 830/1/830 837/1/837 
f 841/1/841 839/1/839 838/1/838 
f 901/1/901 900/1/900 803/1/803 
f 904/1/904 899/1/899 907/1/907 
f 902/1/902 909/1/909 907/1/907 
f 879/1/879 915/1/915 914/1/914 
f 910/1/910 914/1/914 915/1/915 
f 883/1/883 880/1/880 914/1/914 
f 915/1/915 917/1/917 916/1/916 
f 916/1/916 919/1/919 918/1/918 
f 923/1/923 920/1/920 919/1/919 
f 928/1/928 929/1/929 925/1/925 
f 918/1/918 925/1/925 929/1/929 
f 947/1/947 943/1/943 954/1/954 
f 953/1/953 956/1/956 949/1/949 
f 956/1/956 957/1/957 436/1/436 
f 436/1/436 957/1/957 958/1/958 
f 380/1/380 964/1/964 963/1/963 
f 892/1/892 888/1/888 966/1/966 
f 988/1/988 989/1/989 987/1/987 
f 921/1/921 977/1/977 989/1/989 
f 987/1/987 989/1/989 977/1/977 
f 994/1/994 983/1/983 573/1/573 
f 563/1/563 985/1/985 995/1/995 
f 991/1/991 995/1/995 985/1/985 
f 974/1/974 1011/1/1011 1010/1/1010 
f 1013/1/1013 1010/1/1010 1011/1/1011 
f 1012/1/1012 1011/1/1011 1014/1/1014 
f 982/1/982 1014/1/1014 1011/1/1011 
f 968/1/968 967/1/967 1014/1/1014 
f 1015/1/1015 1014/1/1014 967/1/967 
f 1013/1/1013 1017/1/1017 1021/1/1021 
f 238/1/238 1074/1/1074 1073/1/1073 
f 1076/1/1076 1073/1/1073 1074/1/1074 
f 232/1/232 1073/1/1073 1078/1/1078 
f 1106/1/1106 1104/1/1104 1103/1/1103 
f 1114/1/1114 1111/1/1111 1110/1/1110 
f 1115/1/1115 1116/1/1116 1111/1/1111 
f 1112/1/1112 1111/1/1111 1116/1/1116 
f 1146/1/1146 1147/1/1147 1143/1/1143 
f 1150/1/1150 1152/1/1152 1148/1/1148 
f 1154/1/1154 1155/1/1155 1152/1/1152 
f 1145/1/1145 1160/1/1160 1157/1/1157 
f 1161/1/1161 1162/1/1162 1157/1/1157 
f 1158/1/1158 1164/1/1164 1163/1/1163 
f 1153/1/1153 1150/1/1150 1163/1/1163 
f 1159/1/1159 1163/1/1163 1165/1/1165 
f 904/1/904 1168/1/1168 1166/1/1166 
f 1170/1/1170 1171/1/1171 1167/1/1167 
f 1174/1/1174 1175/1/1175 1172/1/1172 
f 1160/1/1160 1172/1/1172 1175/1/1175 
f 1170/1/1170 1172/1/1172 1160/1/1160 
f 1169/1/1169 1173/1/1173 1172/1/1172 
f 1177/1/1177 1176/1/1176 1175/1/1175 
f 1164/1/1164 1176/1/1176 1179/1/1179 
f 1185/1/1185 1184/1/1184 1183/1/1183 
f 596/1/596 1187/1/1187 604/1/604 
f 1195/1/1195 1198/1/1198 1194/1/1194 
f 1199/1/1199 1202/1/1202 1201/1/1201 
f 1201/1/1201 1203/1/1203 1188/1/1188 
f 641/1/641 1203/1/1203 1201/1/1201 
f 1174/1/1174 1192/1/1192 1204/1/1204 
f 1196/1/1196 1205/1/1205 1204/1/1204 
f 1177/1/1177 1204/1/1204 1205/1/1205 
f 1213/1/1213 1216/1/1216 1220/1/1220 
f 1258/1/1258 1260/1/1260 1259/1/1259 
f 1264/1/1264 1262/1/1262 1261/1/1261 
f 1262/1/1262 1264/1/1264 1247/1/1247 
f 1267/1/1267 1269/1/1269 1265/1/1265 
f 1263/1/1263 1261/1/1261 1265/1/1265 
f 1266/1/1266 1265/1/1265 1261/1/1261 
f 1263/1/1263 1273/1/1273 1271/1/1271 
f 1278/1/1278 1280/1/1280 1274/1/1274 
f 1279/1/1279 1278/1/1278 1277/1/1277 
f 1260/1/1260 1278/1/1278 1279/1/1279 
f 1280/1/1280 1278/1/1278 1260/1/1260 
f 1282/1/1282 1281/1/1281 1279/1/1279 
f 1106/1/1106 1281/1/1281 864/1/864 
f 1275/1/1275 1272/1/1272 1286/1/1286 
f 1287/1/1287 1286/1/1286 1254/1/1254 
f 1267/1/1267 1296/1/1296 1294/1/1294 
f 1266/1/1266 1298/1/1298 1296/1/1296 
f 1301/1/1301 1295/1/1295 1297/1/1297 
f 1318/1/1318 1319/1/1319 1317/1/1317 
f 1322/1/1322 1325/1/1325 1313/1/1313 
f 1318/1/1318 1320/1/1320 1333/1/1333 
f 1334/1/1334 1337/1/1337 1319/1/1319 
f 1341/1/1341 1340/1/1340 1324/1/1324 
f 1354/1/1354 1365/1/1365 1363/1/1363 
f 1374/1/1374 1371/1/1371 1370/1/1370 
f 1395/1/1395 1392/1/1392 1391/1/1391 
f 1393/1/1393 1392/1/1392 1378/1/1378 
f 1153/1/1153 1179/1/1179 1410/1/1410 
f 1154/1/1154 1409/1/1409 1413/1/1413 
f 1418/1/1418 1417/1/1417 1205/1/1205 
f 1411/1/1411 1417/1/1417 1420/1/1420 
f 1423/1/1423 1424/1/1424 1421/1/1421 
f 1408/1/1408 1420/1/1420 1421/1/1421 
f 1426/1/1426 1428/1/1428 1404/1/1404 
f 1426/1/1426 1425/1/1425 1419/1/1419 
f 1428/1/1428 1426/1/1426 597/1/597 
f 1422/1/1422 1430/1/1430 1429/1/1429 
f 1404/1/1404 1400/1/1400 1430/1/1430 
f 1399/1/1399 1414/1/1414 1433/1/1433 
f 1424/1/1424 1434/1/1434 1412/1/1412 
f 1397/1/1397 1434/1/1434 1432/1/1432 
f 1387/1/1387 1412/1/1412 1434/1/1434 
f 1438/1/1438 1437/1/1437 1406/1/1406 
f 1375/1/1375 1383/1/1383 1440/1/1440 
f 1442/1/1442 1439/1/1439 1445/1/1445 
f 1449/1/1449 1452/1/1452 1377/1/1377 
f 1487/1/1487 1485/1/1485 1484/1/1484 
f 1488/1/1488 1489/1/1489 1485/1/1485 
f 1486/1/1486 1484/1/1484 1492/1/1492 
f 1492/1/1492 1494/1/1494 1495/1/1495 
f 1405/1/1405 1513/1/1513 1512/1/1512 
f 1510/1/1510 1512/1/1512 1513/1/1513 
f 1438/1/1438 1512/1/1512 1500/1/1500 
f 1525/1/1525 1528/1/1528 1523/1/1523 
f 1518/1/1518 1546/1/1546 1545/1/1545 
f 1538/1/1538 1545/1/1545 1546/1/1546 
f 1584/1/1584 1586/1/1586 1583/1/1583 
f 843/1/843 1586/1/1586 1585/1/1585 
f 836/1/836 1585/1/1585 1588/1/1588 
f 1589/1/1589 1588/1/1588 1585/1/1585 
f 1581/1/1581 1592/1/1592 1590/1/1590 
f 1428/1/1428 1590/1/1590 1592/1/1592 
f 537/1/537 536/1/536 1590/1/1590 
f 1591/1/1591 1590/1/1590 536/1/536 
f 1592/1/1592 1593/1/1593 1403/1/1403 
f 1597/1/1597 1594/1/1594 1595/1/1595 
f 527/1/527 1594/1/1594 1597/1/1597 
f 1573/1/1573 1580/1/1580 1598/1/1598 
f 1599/1/1599 1598/1/1598 1580/1/1580 
f 1571/1/1571 1598/1/1598 1601/1/1601 
f 510/1/510 523/1/523 1605/1/1605 
f 1597/1/1597 1605/1/1605 523/1/523 
f 511/1/511 1605/1/1605 1602/1/1602 
f 1587/1/1587 1608/1/1608 1606/1/1606 
f 1599/1/1599 1609/1/1609 1607/1/1607 
f 840/1/840 1613/1/1613 1611/1/1611 
f 1583/1/1583 1611/1/1611 1612/1/1612 
f 1620/1/1620 1616/1/1616 1615/1/1615 
f 850/1/850 1491/1/1491 1616/1/1616 
f 1624/1/1624 1622/1/1622 1621/1/1621 
f 1619/1/1619 1622/1/1622 1625/1/1625 
f 1614/1/1614 1613/1/1613 1625/1/1625 
f 1630/1/1630 1631/1/1631 1628/1/1628 
f 1630/1/1630 1629/1/1629 1618/1/1618 
f 1488/1/1488 1497/1/1497 1630/1/1630 
f 1694/1/1694 1693/1/1693 1696/1/1696 
f 1701/1/1701 1702/1/1702 1699/1/1699 
f 1714/1/1714 1712/1/1712 1711/1/1711 
f 1726/1/1726 1724/1/1724 1723/1/1723 
f 1725/1/1725 1731/1/1731 1729/1/1729 
f 1738/1/1738 1735/1/1735 1736/1/1736 
f 1241/1/1241 1735/1/1735 1738/1/1738 
f 1532/1/1532 1535/1/1535 1745/1/1745 
f 1742/1/1742 1747/1/1747 1745/1/1745 
f 1737/1/1737 1736/1/1736 1761/1/1761 
f 1791/1/1791 1801/1/1801 1799/1/1799 
f 150/1/150 149/1/149 1799/1/1799 
f 1790/1/1790 1804/1/1804 1803/1/1803 
f 1806/1/1806 1803/1/1803 1804/1/1804 
f 1819/1/1819 1817/1/1817 1816/1/1816 
f 1818/1/1818 1832/1/1832 1830/1/1830 
f 1819/1/1819 1830/1/1830 1078/1/1078 
f 1836/1/1836 1837/1/1837 1834/1/1834 
f 1833/1/1833 1839/1/1839 1838/1/1838 
f 1848/1/1848 1847/1/1847 1126/1/1126 
f 1752/1/1752 1879/1/1879 1880/1/1880 
f 1881/1/1881 1878/1/1878 1882/1/1882 
f 1883/1/1883 1882/1/1882 1746/1/1746 
f 1931/1/1931 1933/1/1933 1929/1/1929 
f 1930/1/1930 1929/1/1929 1936/1/1936 
f 1940/1/1940 1938/1/1938 1933/1/1933 
f 1939/1/1939 1938/1/1938 1762/1/1762 
f 1141/1/1141 1943/1/1943 1946/1/1946 
f 1706/1/1706 1705/1/1705 1946/1/1946 
f 1956/1/1956 1954/1/1954 1949/1/1949 
f 1957/1/1957 1959/1/1959 1936/1/1936 
f 1937/1/1937 1936/1/1936 1959/1/1959 
f 1958/1/1958 1965/1/1965 1963/1/1963 
f 1973/1/1973 1972/1/1972 1891/1/1891 
f 1977/1/1977 1978/1/1978 1975/1/1975 
f 1980/1/1980 1975/1/1975 1978/1/1978 
f 2007/1/2007 2008/1/2008 2005/1/2005 
f 2010/1/2010 2005/1/2005 2008/1/2008 
f 1697/1/1697 1702/1/1702 2005/1/2005 
f 2049/1/2049 2050/1/2050 2047/1/2047 
f 1970/1/1970 2054/1/2054 2053/1/2053 
f 2010/1/2010 2078/1/2078 1698/1/1698 
f 2004/1/2004 2003/1/2003 2078/1/2078 
f 1863/1/1863 2084/1/2084 2083/1/2083 
f 1928/1/1928 2127/1/2127 2128/1/2128 
f 2129/1/2129 2128/1/2128 2030/1/2030 
f 2131/1/2131 2130/1/2130 2124/1/2124 
f 2146/1/2146 2143/1/2143 2142/1/2142 
f 1127/1/1127 1849/1/1849 2143/1/2143 
f 2145/1/2145 2150/1/2150 2147/1/2147 
f 2155/1/2155 2154/1/2154 2142/1/2142 
f 2161/1/2161 2158/1/2158 2157/1/2157 
f 1359/1/1359 1368/1/1368 2158/1/2158 
f 2163/1/2163 2162/1/2162 2161/1/2161 
f 1469/1/1469 2171/1/2171 2174/1/2174 
f 1979/1/1979 2181/1/2181 2180/1/2180 
f 1991/1/1991 2201/1/2201 2204/1/2204 
f 1895/1/1895 2210/1/2210 2211/1/2211 
f 1973/1/1973 2218/1/2218 2056/1/2056 
f 2227/1/2227 2226/1/2226 1903/1/1903 
f 2228/1/2228 2229/1/2229 1941/1/1941 
f 1941/1/1941 2229/1/2229 2021/1/2021 
f 2231/1/2231 2230/1/2230 2225/1/2225 
f 2057/1/2057 2221/1/2221 2235/1/2235 
f 1902/1/1902 1906/1/1906 2236/1/2236 
f 1961/1/1961 2170/1/2170 2237/1/2237 
f 1937/1/1937 2240/1/2240 2241/1/2241 
f 2242/1/2242 2241/1/2241 2240/1/2240 
f 2242/1/2242 2244/1/2244 2149/1/2149 
f 1805/1/1805 2247/1/2247 2246/1/2246 
f 2063/1/2063 2248/1/2248 2246/1/2246 
f 2131/1/2131 2263/1/2263 1816/1/1816 
f 1719/1/1719 1837/1/1837 2266/1/2266 
f 327/1/327 2082/1/2082 2267/1/2267 
f 2088/1/2088 2085/1/2085 2267/1/2267 
f 334/1/334 2267/1/2267 2085/1/2085 
f 1866/1/1866 2269/1/2269 2084/1/2084 
f 2141/1/2141 2271/1/2271 2270/1/2270 
f 2276/1/2276 2274/1/2274 2273/1/2273 
f 852/1/852 851/1/851 2274/1/2274 
f 2293/1/2293 2294/1/2294 2292/1/2292 
f 838/1/838 2294/1/2294 2293/1/2293 
f 2287/1/2287 2292/1/2292 2294/1/2294 
f 2293/1/2293 2296/1/2296 1626/1/1626 
f 1626/1/1626 2296/1/2296 2273/1/2273 
f 1506/1/1506 1582/1/1582 2305/1/2305 
f 1572/1/1572 2305/1/2305 1582/1/1582 
f 2306/1/2306 2309/1/2309 1560/1/1560 
f 2308/1/2308 2309/1/2309 2306/1/2306 
f 2361/1/2361 2368/1/2368 2363/1/2363 
f 2366/1/2366 2373/1/2373 2371/1/2371 
f 2378/1/2378 2377/1/2377 2369/1/2369 
f 2433/1/2433 1498/1/1498 1486/1/1486 
f 1628/1/1628 1631/1/1631 2435/1/2435 
f 1499/1/1499 2426/1/2426 2435/1/2435 
f 2442/1/2442 2443/1/2443 2440/1/2440 
f 2444/1/2444 2446/1/2446 2445/1/2445 
f 2451/1/2451 2452/1/2452 2449/1/2449 
f 2456/1/2456 2457/1/2457 2454/1/2454 
f 2462/1/2462 2464/1/2464 2460/1/2460 
f 2473/1/2473 2472/1/2472 158/1/158 
f 2479/1/2479 2482/1/2482 2480/1/2480 
f 178/1/178 2600/1/2600 2602/1/2602 
f 2605/1/2605 2606/1/2606 2603/1/2603 
f 2604/1/2604 2613/1/2613 2612/1/2612 
f 2671/1/2671 2669/1/2669 2668/1/2668 
f 2670/1/2670 2676/1/2676 2674/1/2674 
f 2677/1/2677 2684/1/2684 2682/1/2682 
f 157/1/157 200/1/200 2692/1/2692 
f 2690/1/2690 2695/1/2695 2702/1/2702 
f 2694/1/2694 2709/1/2709 2699/1/2699 
f 2462/1/2462 2469/1/2469 2709/1/2709 
f 2701/1/2701 2710/1/2710 2716/1/2716 
f 2715/1/2715 2716/1/2716 2710/1/2710 
f 1869/1/1869 2718/1/2718 2713/1/2713 
f 2737/1/2737 2736/1/2736 1339/1/1339 
f 2747/1/2747 2748/1/2748 1477/1/1477 
f 1884/1/1884 2751/1/2751 2749/1/2749 
f 2770/1/2770 2769/1/2769 2525/1/2525 
f 2779/1/2779 2778/1/2778 2768/1/2768 
f 1138/1/1138 1134/1/1134 2790/1/2790 
f 2794/1/2794 2803/1/2803 2802/1/2802 
f 2828/1/2828 2827/1/2827 2482/1/2482 
f 2834/1/2834 2835/1/2835 2676/1/2676 
f 2846/1/2846 2850/1/2850 2853/1/2853 
f 1247/1/1247 1276/1/1276 2854/1/2854 
f 2857/1/2857 2854/1/2854 2855/1/2855 
f 2524/1/2524 2530/1/2530 2858/1/2858 
f 1253/1/1253 2811/1/2811 2863/1/2863 
f 2864/1/2864 2863/1/2863 2811/1/2811 
f 2810/1/2810 2813/1/2813 2866/1/2866 
f 1475/1/1475 2921/1/2921 1494/1/1494 
f 2748/1/2748 2931/1/2931 2920/1/2920 
f 2733/1/2733 2732/1/2732 2939/1/2939 
f 2499/1/2499 2939/1/2939 2732/1/2732 
f 2945/1/2945 2941/1/2941 2948/1/2948 
f 1559/1/1559 2958/1/2958 2956/1/2956 
f 2961/1/2961 2960/1/2960 2425/1/2425 
f 2976/1/2976 2975/1/2975 2972/1/2972 
f 2959/1/2959 2958/1/2958 2975/1/2975 
f 1557/1/1557 2975/1/2975 2958/1/2958 
f 2515/1/2515 2977/1/2977 2979/1/2979 
f 2943/1/2943 2991/1/2991 2993/1/2993 
f 2612/1/2612 3039/1/3039 3037/1/3037 
f 3041/1/3041 3040/1/3040 2492/1/2492 
f 3042/1/3042 3041/1/3041 3053/1/3053 
f 1451/1/1451 1456/1/1456 3067/1/3067 
f 2914/1/2914 3067/1/3067 1456/1/1456 
f 1369/1/1369 1372/1/1372 3069/1/3069 
f 2370/1/2370 3086/1/3086 3085/1/3085 
f 3088/1/3088 3085/1/3085 3086/1/3086 
f 3115/1/3115 3119/1/3119 2367/1/2367 
f 3116/1/3116 3120/1/3120 3119/1/3119 
f 3086/1/3086 3119/1/3119 3120/1/3120 
f 3125/1/3125 3123/1/3123 3092/1/3092 
f 3125/1/3125 3173/1/3173 3172/1/3172 
f 3087/1/3087 3120/1/3120 3173/1/3173 
f 3174/1/3174 3499/1/3499 3177/1/3177 
f 3117/1/3117 3499/1/3499 3174/1/3174 
f 3154/1/3154 3499/1/3499 3117/1/3117 
f 3177/1/3177 3499/1/3499 3154/1/3154 
f 3175/1/3175 3183/1/3183 3182/1/3182 
f 2456/1/2456 3192/1/3192 3188/1/3188 
f 3195/1/3195 3196/1/3196 3193/1/3193 
f 4/1/4 3193/1/3193 3196/1/3196 
f 3207/1/3207 3204/1/3204 3206/1/3206 
f 25/1/25 24/1/24 3209/1/3209 
f 3195/1/3195 3201/1/3201 3212/1/3212 
f 3214/1/3214 3212/1/3212 3201/1/3201 
f 3202/1/3202 3207/1/3207 3216/1/3216 
f 54/1/54 3216/1/3216 3207/1/3207 
f 1805/1/1805 1804/1/1804 3287/1/3287 
f 3292/1/3292 3291/1/3291 3293/1/3293 
f 3294/1/3294 3293/1/3293 3295/1/3295 
f 3368/1/3368 3371/1/3371 3370/1/3370 
f 3369/1/3369 3370/1/3370 3382/1/3382 
f 3379/1/3379 3388/1/3388 703/1/703 
f 3396/1/3396 3397/1/3397 3394/1/3394 
f 3407/1/3407 3405/1/3405 3404/1/3404 
f 3419/1/3419 3418/1/3418 3405/1/3405 
f 3191/1/3191 3192/1/3192 3438/1/3438 
f 3441/1/3441 3440/1/3440 3439/1/3439 
f 3489/1/3489 3490/1/3490 3487/1/3487 
f 3488/1/3488 3487/1/3487 3494/1/3494 
# 6938 faces

