# 3ds Max Wavefront OBJ Exporter v0.99 - (c)2007 guruware
# File Created: 21.04.2025 12:23:49

mtllib alaup.mtl

#
# object ALAup
#

v  -0.8847 1.2675 0.7698
v  -0.8329 1.3302 0.7051
v  -0.8140 1.1365 0.5470
v  -0.8546 1.0717 0.6207
v  -0.9052 1.0241 0.6649
v  -0.9313 1.2134 0.8195
v  -0.9571 1.4041 0.9655
v  -0.9038 1.4573 0.9133
v  -0.8435 1.5195 0.8461
v  -0.9067 1.7775 1.1116
v  -0.9085 1.6321 1.0271
v  -0.9706 1.5812 1.0942
v  -0.9775 1.7285 1.1961
v  -0.8365 1.8269 1.0109
v  -0.8431 1.6881 0.9438
v  -0.7289 1.7423 0.8680
v  -0.5020 1.7318 0.8798
v  -0.5135 1.5730 0.7877
v  -0.7364 1.5903 0.7681
v  -0.7182 1.8675 0.9298
v  -0.5068 1.8735 0.8880
v  -0.5132 1.3832 0.6591
v  -0.5003 1.1638 0.5466
v  -0.6991 1.1887 0.5100
v  -0.7214 1.3950 0.6483
v  0.1921 0.8717 0.1865
v  0.2316 1.0764 0.2985
v  0.3420 1.0836 0.2171
v  0.2988 0.8749 0.1106
v  0.2688 0.6865 0.0253
v  0.1614 0.6909 0.0917
v  0.0013 0.7108 0.1702
v  0.0264 0.8830 0.2775
v  0.0556 1.0835 0.3970
v  0.2697 1.2740 0.4163
v  0.3084 1.4574 0.5216
v  0.4460 1.4435 0.4421
v  0.3919 1.2763 0.3351
v  0.0764 1.2897 0.5110
v  0.0981 1.4870 0.6180
v  -0.2105 1.3196 0.6369
v  -0.2162 1.1100 0.5138
v  -0.1981 1.5164 0.7610
v  1.4031 0.6388 -0.2360
v  1.3510 0.4604 -0.2991
v  1.3388 0.4898 -0.3509
v  1.3909 0.6733 -0.2827
v  1.4642 0.8824 -0.1949
v  1.4753 0.8422 -0.1544
v  1.4402 0.8130 -0.1069
v  1.3474 0.6306 -0.2083
v  1.2910 0.4562 -0.2672
v  -0.3570 0.8556 1.1382
v  -0.3768 0.6489 1.0338
v  -0.2740 0.6954 0.9238
v  -0.2463 0.8997 1.0331
v  -0.2149 1.1005 1.1402
v  -0.3407 1.0617 1.2384
v  -0.4392 0.9842 1.3480
v  -0.4716 0.7957 1.2294
v  -0.5069 0.6117 1.1019
v  -0.0172 1.2968 1.1394
v  0.1373 1.2998 1.0571
v  0.1796 1.4293 1.1477
v  0.0258 1.4224 1.2331
v  -0.1815 1.2802 1.2338
v  -0.1490 1.4174 1.3175
v  -0.0587 1.1192 1.0420
v  0.0941 1.1191 0.9613
v  -0.3225 1.2444 1.3319
v  -0.2800 1.3648 1.4340
v  -0.3748 1.2608 1.5591
v  -0.4109 1.1531 1.4531
v  -0.6492 0.7760 1.2227
v  -0.6145 0.9529 1.3556
v  -0.7864 0.9777 1.2838
v  -0.8082 0.8179 1.1303
v  -0.8252 0.6744 0.9774
v  -0.6834 0.6096 1.0858
v  -1.2611 2.7711 2.3927
v  -1.1951 2.6448 2.1640
v  -1.2796 2.5932 2.1998
v  -1.3315 2.7238 2.4100
v  -1.4010 2.8660 2.6128
v  -1.3480 2.9208 2.6019
v  -1.2717 2.9609 2.5964
v  -1.1790 2.8068 2.3835
v  -1.0991 2.6838 2.1424
v  -0.7059 1.9592 0.9741
v  -0.5026 1.9641 0.9103
v  -0.8262 1.9262 1.0616
v  -0.8152 2.0064 1.1022
v  -0.6879 2.0274 1.0168
v  -0.4899 2.0236 0.9459
v  -0.6648 2.0942 1.0663
v  -0.6423 2.1403 1.1288
v  -0.4533 2.1042 1.0619
v  -0.4719 2.0750 0.9940
v  -0.7997 2.0865 1.1476
v  -0.7838 2.1474 1.1985
v  -0.9053 1.8787 1.1678
v  -0.9074 1.9598 1.2076
v  -0.9833 1.8294 1.2613
v  -0.9877 1.9061 1.3086
v  -0.9109 2.0432 1.2465
v  -0.9150 2.1137 1.2904
v  -0.9950 1.9831 1.3541
v  -1.0069 2.0524 1.4053
v  -0.1842 1.7070 0.8245
v  -0.1992 1.8743 0.7845
v  0.1220 1.8472 0.6756
v  0.1290 1.6726 0.7086
v  -0.2060 1.9796 0.7885
v  -0.1998 2.0378 0.8334
v  0.1034 2.0412 0.7138
v  0.1056 1.9679 0.6671
v  -0.1861 2.0651 0.8982
v  -0.1739 2.0717 0.9687
v  0.1260 2.0723 0.8657
v  0.1136 2.0720 0.7890
v  0.3522 1.6224 0.6034
v  0.3608 1.7822 0.5963
v  0.5202 1.7281 0.5135
v  0.5014 1.5830 0.5160
v  2.1881 1.6699 0.0559
v  2.2432 1.5767 0.1650
v  2.1797 1.5210 0.1215
v  2.1244 1.6151 0.0291
v  2.0583 1.7441 0.0334
v  2.0480 1.6819 0.0188
v  2.0806 1.7879 0.0612
v  2.2147 1.7180 0.0894
v  2.2703 1.6272 0.1985
v  2.1050 1.8193 0.1002
v  2.1261 1.8380 0.1457
v  2.1921 1.8021 0.1849
v  2.2260 1.7602 0.1290
v  2.2341 1.7456 0.2666
v  2.2719 1.6802 0.2309
v  2.0187 1.4599 0.1926
v  1.8863 1.4104 0.1504
v  1.8814 1.4669 0.1062
v  2.0380 1.4992 0.1105
v  2.1499 1.4699 0.2250
v  2.0681 1.4670 0.3093
v  1.9677 1.4462 0.2655
v  1.8544 1.3903 0.2174
v  -0.3501 1.3178 1.6288
v  -0.2519 1.4285 1.5052
v  -0.1310 1.4992 1.3838
v  -0.0929 1.5090 1.4609
v  -0.2283 1.4583 1.5663
v  -0.3421 1.3634 1.6800
v  1.1809 1.5960 0.1907
v  1.3096 1.5830 0.1332
v  1.2268 1.4296 0.0156
v  1.1162 1.4385 0.0691
v  1.0077 1.4441 0.1250
v  1.0626 1.6043 0.2474
v  1.0829 1.7833 0.2845
v  1.2157 1.7738 0.2215
v  1.3715 1.7463 0.1763
v  1.2428 1.8946 0.2334
v  1.4081 1.8599 0.1876
v  1.1006 1.9137 0.2840
v  1.1313 1.9870 0.3323
v  1.2762 1.9641 0.2800
v  1.4421 1.9295 0.2200
v  0.8620 1.5051 1.0287
v  1.0193 1.5233 0.9139
v  1.0736 1.5704 0.9831
v  0.9154 1.5493 1.1204
v  0.7665 1.5596 1.2189
v  0.7301 1.5031 1.1273
v  0.6889 1.4962 1.0308
v  0.8031 1.5112 0.9350
v  0.9525 1.5229 0.8303
v  0.9354 1.6541 1.1556
v  1.0891 1.6510 1.0022
v  1.0781 1.7307 0.9847
v  0.9157 1.7570 1.1240
v  0.7741 1.7795 1.2374
v  0.7862 1.6669 1.2621
v  0.7473 1.8576 1.1851
v  0.8876 1.8303 1.0745
v  0.8493 1.8944 1.0129
v  0.7143 1.9237 1.1264
v  1.0516 1.7967 0.9415
v  1.0190 1.8642 0.8870
v  -0.2243 1.5056 1.6186
v  -0.3482 1.4248 1.7362
v  -0.0760 1.5461 1.5173
v  -0.0731 1.5990 1.5557
v  -0.2327 1.5634 1.6593
v  -0.3645 1.5019 1.7850
v  -0.2466 1.6269 1.6887
v  -0.0813 1.6588 1.5752
v  -0.0939 1.7230 1.5751
v  -0.2553 1.6987 1.7031
v  -0.3873 1.6700 1.8534
v  -0.3815 1.5816 1.8240
v  -1.1403 2.5313 1.9280
v  -1.0639 2.3988 1.7323
v  -1.1655 2.3448 1.8049
v  -1.2331 2.4691 1.9855
v  -1.0263 2.5687 1.8949
v  -0.9372 2.4227 1.6868
v  -0.9157 2.5837 1.8812
v  -0.8138 2.4227 1.6628
v  -1.0038 2.7157 2.1337
v  -0.8263 2.7802 2.0769
v  -0.7301 2.6116 1.8340
v  -0.6276 2.4360 1.6088
v  -0.3831 2.6835 1.7085
v  -0.3052 2.4798 1.4904
v  -0.4652 2.8908 1.9373
v  -0.0806 3.0606 1.7176
v  -0.0218 2.8169 1.5018
v  0.0273 2.5764 1.3016
v  0.3026 2.9218 1.3433
v  0.3301 2.6468 1.1721
v  0.2615 3.1982 1.5375
v  0.5349 3.2924 1.4150
v  0.5592 2.9959 1.2343
v  0.5618 2.7058 1.0686
v  2.4879 3.2807 0.6953
v  2.5712 3.2627 0.6301
v  2.6815 3.6940 0.7847
v  2.6713 3.6897 0.8566
v  2.6403 3.6932 0.9127
v  2.4411 3.2901 0.7223
v  2.3042 2.8359 0.6248
v  2.3567 2.8405 0.5937
v  2.4003 2.8429 0.5364
v  1.0933 2.9264 1.3601
v  1.0047 2.6369 1.2351
v  1.2434 2.6527 1.1007
v  1.3527 2.9882 1.1963
v  1.4527 3.3166 1.3483
v  1.1598 3.2283 1.5050
v  0.8853 3.1788 1.6195
v  0.8454 2.8979 1.4728
v  0.7894 2.6337 1.3384
v  -0.3129 2.5062 2.1044
v  -0.5090 2.4055 2.2374
v  -0.4752 2.2446 2.0978
v  -0.3009 2.3263 1.9555
v  -0.1102 2.3849 1.8405
v  -0.0996 2.5783 1.9962
v  -0.1128 2.7742 2.1649
v  -0.3420 2.6807 2.2813
v  -0.5586 2.5641 2.4102
v  1.5108 3.1988 0.8412
v  1.2867 3.1555 0.9316
v  1.3205 3.5005 1.1208
v  1.5742 3.5558 1.0341
v  1.8545 3.6359 0.9090
v  1.7672 3.2496 0.7316
v  1.7088 2.8239 0.6532
v  1.4768 2.7959 0.7507
v  1.2628 2.7850 0.7999
v  -0.6569 2.2127 2.4620
v  -0.9101 2.1050 2.5588
v  -0.8725 2.0157 2.4212
v  -0.6117 2.0838 2.3337
v  -0.7182 2.3534 2.6225
v  -0.9593 2.2152 2.7256
v  2.1393 1.8021 0.3632
v  2.1008 1.7837 0.4273
v  2.1483 1.6935 0.4150
v  2.2097 1.7103 0.3432
v  2.1485 1.8262 0.3066
v  2.1028 1.9270 0.3462
v  2.0926 1.9019 0.3945
v  2.0629 1.8757 0.4484
v  1.3093 2.0045 0.3410
v  1.4794 1.9778 0.2730
v  1.1609 2.0190 0.4003
v  1.1859 2.0258 0.4709
v  1.3370 2.0207 0.4044
v  1.5145 1.9915 0.3419
v  -0.2617 1.7834 1.6821
v  -0.2573 1.8652 1.6697
v  -0.3848 1.8582 1.8304
v  -0.3758 1.7727 1.8594
v  -0.1114 1.7874 1.5447
v  -0.1061 1.8578 1.5449
v  -0.2906 2.1482 1.8145
v  -0.4437 2.0902 1.9680
v  -0.4149 1.9670 1.8731
v  -0.2696 1.9977 1.7208
v  -0.1208 2.0168 1.5891
v  -0.1235 2.1884 1.6898
v  -0.9248 2.1578 1.3414
v  -0.9473 2.2032 1.4255
v  -0.8048 2.2197 1.3300
v  -0.7822 2.1798 1.2466
v  -1.0269 2.1063 1.4683
v  -1.0578 2.1630 1.5516
v  -0.9943 2.2837 1.5624
v  -0.8571 2.2962 1.4925
v  -1.1026 2.2409 1.6640
v  -0.6347 2.1682 1.1933
v  -0.6563 2.2055 1.2946
v  -0.4599 2.1638 1.2628
v  -0.4432 2.1220 1.1447
v  -0.7210 2.2866 1.4638
v  -0.5290 2.2799 1.4182
v  -0.1628 2.0779 1.0502
v  -0.1737 2.1441 1.1544
v  0.1182 2.1739 0.9945
v  0.1326 2.0903 0.9254
v  -0.2306 2.2942 1.2984
v  0.0764 2.3510 1.1218
v  0.3857 2.1253 0.8360
v  0.3828 2.2025 0.9047
v  0.5861 2.2405 0.8297
v  0.5773 2.1793 0.7540
v  0.5608 2.1607 0.6950
v  0.3757 2.0986 0.7797
v  0.3567 2.3963 1.0135
v  0.5692 2.4445 0.9199
v  2.0955 1.9812 0.4159
v  2.1412 2.1270 0.4454
v  2.1029 2.1082 0.4923
v  2.0611 1.9560 0.4636
v  2.1113 1.9990 0.3662
v  2.1576 2.1357 0.3939
v  2.2433 2.4311 0.5126
v  2.1960 2.4178 0.5578
v  2.2526 2.4441 0.4544
v  0.8462 1.9905 1.0070
v  0.6983 2.0195 1.1018
v  1.0221 1.9582 0.8903
v  1.0551 2.1010 0.9253
v  0.8689 2.1332 1.0418
v  0.7196 2.1576 1.1502
v  1.1355 2.3453 1.0020
v  0.9224 2.3631 1.1174
v  0.7410 2.3796 1.2168
v  -0.2534 1.9188 1.6843
v  -0.3974 1.9062 1.8306
v  -0.1089 1.9183 1.5544
v  -0.5710 1.9602 2.2142
v  -0.8323 1.9148 2.3082
v  -0.7955 1.8267 2.2176
v  -0.5375 1.8603 2.1203
v  -2.5292 3.1125 4.0330
v  -2.5644 3.1283 4.0049
v  -2.5404 3.1601 4.0284
v  -2.5112 3.1561 4.0546
v  -2.4693 3.1550 4.1029
v  -2.4924 3.1070 4.0818
v  -2.5238 3.0627 4.0833
v  -2.5632 3.0731 4.0323
v  -2.5851 3.0916 4.0105
v  -2.6612 3.0733 4.1509
v  -2.6390 3.1165 4.1850
v  -2.6565 3.1354 4.1426
v  -2.6779 3.1176 4.1007
v  -2.6729 3.0944 4.0505
v  -2.6539 3.0375 4.0993
v  -2.6008 3.0069 4.1643
v  -2.6098 3.0426 4.2198
v  -2.5953 3.0918 4.2604
v  -2.6147 3.1611 4.2063
v  -2.5809 3.1990 4.2029
v  -2.6110 3.2035 4.1559
v  -2.6417 3.1730 4.1440
v  -2.5665 3.1431 4.2792
v  -2.5329 3.1912 4.2757
v  -2.5033 3.2011 4.0802
v  -2.4541 3.2028 4.1376
v  -2.5532 3.1891 4.0361
v  -2.5736 3.2147 4.0683
v  -2.5168 3.2312 4.1209
v  -2.4603 3.2401 4.1855
v  -2.4396 3.1096 4.1433
v  -2.4195 3.1591 4.1668
v  -2.3548 3.1716 4.2120
v  -2.3793 3.1198 4.1988
v  -2.4033 3.0674 4.2085
v  -2.4714 3.0640 4.1532
v  -2.4981 3.0181 4.1832
v  -2.5270 2.9827 4.2375
v  -2.5601 3.0156 4.1084
v  -2.4228 3.0189 4.2418
v  -2.4355 2.9806 4.2953
v  -2.5412 3.0067 4.3063
v  -2.5300 3.0641 4.3567
v  -2.4402 2.9839 4.3713
v  -2.4291 3.0401 4.4309
v  -2.4983 3.1268 4.3701
v  -2.4628 3.1812 4.3570
v  -2.4021 3.1115 4.4408
v  -2.3739 3.1729 4.4209
v  -2.4277 3.2253 4.3165
v  -2.4945 3.2298 4.2404
v  -2.3495 3.2189 4.3750
v  -2.3353 3.2436 4.3147
v  -2.4002 3.2364 4.2576
v  -2.4016 3.2013 4.2065
v  -2.3360 3.2278 4.2478
v  -2.3127 3.1359 4.2053
v  -2.2945 3.1987 4.2170
v  -2.2374 3.2152 4.2239
v  -2.2539 3.1569 4.1987
v  -2.2631 3.0883 4.2035
v  -2.3304 3.0765 4.2202
v  -2.3405 3.0246 4.2569
v  -2.2640 3.0334 4.2478
v  -2.2580 3.0116 4.3110
v  -2.3414 2.9918 4.3134
v  -2.3309 2.9940 4.3839
v  -2.3145 3.0425 4.4398
v  -2.2421 3.0226 4.3730
v  -2.2221 3.0614 4.4237
v  -2.2947 3.1104 4.4533
v  -2.2770 3.1722 4.4367
v  -2.2043 3.1211 4.4493
v  -2.1930 3.1847 4.4375
v  -2.2667 3.2459 4.3361
v  -2.2672 3.2215 4.3953
v  -2.1925 3.2336 4.3958
v  -2.2015 3.2588 4.3366
v  -2.2798 3.2476 4.2677
v  -2.2207 3.2580 4.2721
v  -2.2053 2.5549 4.2399
v  -2.2437 2.6122 4.2279
v  -2.1640 2.6576 4.2141
v  -2.1229 2.6040 4.2289
v  -2.0889 2.5685 4.2763
v  -2.1733 2.5206 4.2908
v  -2.2288 2.4992 4.3034
v  -2.2770 2.5118 4.2636
v  -2.3187 2.5734 4.2454
v  -2.1369 2.7769 4.1736
v  -2.1527 2.8184 4.2454
v  -2.0991 2.8806 4.2148
v  -2.0709 2.8279 4.1590
v  -2.0060 2.7771 4.1843
v  -2.0796 2.7168 4.2028
v  -2.2154 2.7207 4.1904
v  -2.2311 2.7611 4.2608
v  -2.1628 2.8466 4.3105
v  -2.1349 2.8267 4.3795
v  -2.0637 2.8790 4.3620
v  -2.0995 2.9015 4.2907
v  -2.2383 2.7858 4.3256
v  -2.2220 2.7796 4.3961
v  -2.0995 2.7909 4.4251
v  -2.0277 2.8523 4.4161
v  -2.1867 2.7453 4.4498
v  -2.1421 2.6907 4.4664
v  -2.0597 2.7441 4.4453
v  -1.9827 2.8109 4.4457
v  -2.0203 2.6918 4.4356
v  -1.9318 2.7550 4.4398
v  -2.0999 2.6305 4.4640
v  -2.0745 2.5827 4.4143
v  -1.9906 2.6456 4.3973
v  -1.8969 2.7074 4.3904
v  -1.9781 2.6158 4.3322
v  -2.0012 2.6308 4.2624
v  -1.9256 2.7107 4.2546
v  -1.8866 2.6810 4.3177
v  -2.0710 2.5605 4.3453
v  -2.0390 2.6701 4.2236
v  -1.9659 2.7472 4.2208
v  -2.2046 3.0426 4.2375
v  -2.2063 3.1045 4.1958
v  -2.1582 3.1137 4.1926
v  -2.1578 3.0451 4.2316
v  -2.1468 3.0272 4.3027
v  -2.1972 3.0237 4.3051
v  -2.1799 3.0364 4.3680
v  -2.1266 3.0378 4.3702
v  -2.1029 3.0783 4.4269
v  -2.1578 3.0709 4.4238
v  -2.1393 3.1335 4.4568
v  -2.1300 3.2027 4.4398
v  -2.0837 3.1459 4.4595
v  -2.0740 3.2191 4.4369
v  -2.1318 3.2496 4.3914
v  -2.1437 3.2758 4.3306
v  -2.0755 3.2683 4.3822
v  -2.0882 3.2968 4.3160
v  -2.1636 3.2734 4.2653
v  -2.1107 3.2927 4.2441
v  -2.1301 3.2474 4.1927
v  -2.1808 3.2326 4.2180
v  -2.1971 3.1754 4.1976
v  -2.1451 3.1847 4.1831
v  -2.1094 3.0417 4.2383
v  -2.0929 3.0269 4.3121
v  -2.1075 3.1075 4.1882
v  -2.0752 3.0751 4.1723
v  -2.0703 3.0318 4.2479
v  -2.0426 3.0280 4.3233
v  -2.0734 2.9436 4.2692
v  -2.0690 2.9134 4.1839
v  -2.0195 2.9269 4.3458
v  -1.9988 2.9666 4.3317
v  -2.0652 2.9654 4.2543
v  -2.0537 2.9467 4.1414
v  -1.9688 3.0123 4.3837
v  -1.9254 3.0491 4.4166
v  -1.9762 3.0840 4.4159
v  -2.0100 3.0419 4.3805
v  -1.9970 3.0094 4.3208
v  -1.9559 2.9675 4.3911
v  -1.8827 2.9788 4.4189
v  -2.0672 3.0434 4.3768
v  -2.0396 3.0858 4.4270
v  -1.9784 2.9142 4.4041
v  -1.9248 2.8844 4.4344
v  -2.0206 3.1544 4.4608
v  -2.0128 3.2321 4.4349
v  -1.9548 3.1509 4.4467
v  -1.9451 3.2369 4.4304
v  -2.0146 3.2888 4.3683
v  -2.0300 3.3257 4.2916
v  -1.9497 3.3094 4.3563
v  -1.9713 3.3651 4.2704
v  -2.0730 3.0190 4.1577
v  -2.0500 3.0006 4.2484
v  -1.8639 2.8350 4.4238
v  -1.8156 2.7844 4.3791
v  -1.7457 2.8823 4.3643
v  -1.8066 2.9318 4.4003
v  -1.6358 2.9628 4.2936
v  -1.6340 2.9468 4.2191
v  -1.4967 3.0307 4.2261
v  -1.5339 3.0808 4.2891
v  -1.6025 3.1306 4.3389
v  -1.6761 3.0062 4.3483
v  -1.7162 2.8357 4.2990
v  -1.7678 2.8544 4.2068
v  -1.7959 2.7470 4.3033
v  -1.8616 2.7898 4.2398
v  -1.8526 2.8518 4.1474
v  -1.9063 2.8094 4.1904
v  -1.9573 2.8290 4.1518
v  -1.9178 2.8610 4.0882
v  -2.0253 2.8646 4.1406
v  -2.0041 2.8856 4.0924
v  -1.9812 2.9038 4.0328
v  -1.9147 2.8688 4.0172
v  -2.0341 2.9704 4.0523
v  -2.0138 2.9874 3.9703
v  -1.9562 2.9165 3.9606
v  -1.8970 2.8703 3.9515
v  -1.9251 2.9228 3.8823
v  -1.8723 2.8731 3.8795
v  -1.9813 2.9909 3.8828
v  -1.9378 2.9862 3.7987
v  -1.8874 2.9233 3.8067
v  -1.8376 2.8772 3.8103
v  -1.7653 2.7955 3.8596
v  -1.7661 2.8386 3.8624
v  -1.7351 2.8348 3.8026
v  -1.7535 2.7770 3.8121
v  -1.7800 2.7086 3.8598
v  -1.7945 2.7785 3.8965
v  -1.7980 2.8308 3.9130
v  -1.8083 2.8643 3.8722
v  -1.8348 2.8615 3.9343
v  -1.7738 2.8682 3.8068
v  -1.5957 2.6100 3.5597
v  -1.6511 2.6241 3.6731
v  -1.6823 2.6816 3.6481
v  -1.6302 2.6583 3.5263
v  -1.5732 2.6249 3.3836
v  -1.5155 2.5935 3.4286
v  -1.4625 2.5990 3.5027
v  -1.5437 2.5932 3.6133
v  -1.5970 2.5963 3.7084
v  -1.6413 2.5788 3.7945
v  -1.6705 2.5462 3.8757
v  -1.7477 2.6014 3.8591
v  -1.7037 2.6204 3.7709
v  -1.7349 2.6923 3.7534
v  -1.5766 2.5780 3.8322
v  -1.6007 2.5360 3.9007
v  -1.5379 2.6026 3.7592
v  -1.4887 2.6455 3.8274
v  -1.5216 2.6107 3.8862
v  -1.5433 2.5624 3.9417
v  -1.6122 2.9333 4.1563
v  -1.7218 2.8974 4.1379
v  -1.6736 2.8798 4.0990
v  -1.5826 2.9111 4.1145
v  -1.4857 2.9689 4.1005
v  -1.4886 2.9996 4.1575
v  -1.7977 2.8743 4.1029
v  -1.8452 2.8707 4.0506
v  -1.7917 2.8485 4.0284
v  -1.7433 2.8738 4.0660
v  -1.7114 2.8249 4.0650
v  -1.7006 2.8495 4.0736
v  -1.6388 2.8502 4.0971
v  -1.6270 2.8175 4.0970
v  -1.8521 2.8651 3.9941
v  -1.8182 2.8317 3.9714
v  -1.8358 2.7731 3.9608
v  -1.8147 2.6876 3.9542
v  -1.8261 2.6774 4.0576
v  -1.8032 2.7792 4.0326
v  -1.7236 2.7115 4.1176
v  -1.7213 2.7780 4.0791
v  -1.6197 2.7156 4.1467
v  -1.6233 2.7751 4.1081
v  -1.7647 2.5716 3.9487
v  -1.7605 2.5318 4.0346
v  -1.6797 2.4897 3.9542
v  -1.6839 2.4282 4.0300
v  -1.7524 2.4778 4.1133
v  -1.7376 2.4262 4.1898
v  -1.7518 2.5053 4.2047
v  -1.7874 2.5726 4.1462
v  -1.6935 2.3847 4.1056
v  -1.7018 2.3710 4.1618
v  -1.4974 2.5335 4.0503
v  -1.5021 2.4646 4.1115
v  -1.5480 2.4321 4.0545
v  -1.5472 2.4984 3.9948
v  -1.5067 2.6113 4.0017
v  -1.4952 2.6625 4.0675
v  -1.4880 2.5759 4.1221
v  -1.4928 2.5128 4.1548
v  -1.6084 2.4797 3.9708
v  -1.6075 2.4047 4.0306
v  -1.5263 2.6077 4.1837
v  -1.5267 2.5063 4.2099
v  -1.5287 2.7033 4.1348
v  -1.6085 2.6205 4.2056
v  -1.5936 2.5110 4.2464
v  -1.6176 2.3354 4.1035
v  -1.5571 2.3781 4.1314
v  -1.5818 2.3594 4.1921
v  -1.6474 2.3208 4.1979
v  -1.7086 2.6161 4.1811
v  -1.6885 2.5106 4.2407
v  -1.6774 2.4004 4.2614
v  -1.5826 2.4132 4.2365
v  -1.5294 2.4292 4.1806
v  -0.5843 1.1077 1.4783
v  -0.5590 1.2068 1.5947
v  -0.7445 1.2166 1.5473
v  -0.7638 1.1163 1.4267
v  -0.5426 1.2577 1.6694
v  -0.5360 1.2974 1.7276
v  -0.7262 1.3149 1.6839
v  -0.7319 1.2717 1.6240
v  -0.8587 1.2926 1.5891
v  -0.8826 1.2315 1.5057
v  -0.8431 1.3413 1.6549
v  -0.9440 1.3550 1.6526
v  -0.9635 1.3013 1.5740
v  -0.9928 1.2348 1.4831
v  -0.7277 1.3756 1.7564
v  -0.5387 1.3549 1.7982
v  -0.5459 1.4310 1.8680
v  -0.7327 1.4459 1.8330
v  -0.8384 1.4035 1.7297
v  -0.9401 1.4086 1.7378
v  -0.8400 1.4727 1.8047
v  -0.9382 1.4819 1.8018
v  -0.7374 1.5160 1.9074
v  -0.5523 1.5134 1.9276
v  -0.5490 1.6067 1.9883
v  -0.7400 1.5846 1.9814
v  -0.8434 1.5403 1.8729
v  -0.8504 1.6046 1.9349
v  -0.9468 1.6137 1.9082
v  -0.9393 1.5520 1.8557
v  -0.5171 1.8113 2.0717
v  -0.7639 1.7613 2.1535
v  -0.7434 1.7040 2.0994
v  -0.5139 1.7652 2.0461
v  -0.5295 1.6979 2.0295
v  -0.7389 1.6476 2.0458
v  -0.8623 1.6645 1.9909
v  -0.8903 1.7275 2.0466
v  -0.9970 1.7320 2.0131
v  -0.9610 1.6706 1.9591
v  -0.9127 1.1292 1.3810
v  -0.9389 0.9960 1.2350
v  -1.0277 1.1366 1.3669
v  -1.0874 1.0119 1.2268
v  -1.0703 0.8510 1.0656
v  -0.9525 0.8418 1.0864
v  -1.0713 0.7134 0.9414
v  -0.9648 0.6940 0.9570
v  -1.1617 1.0396 1.1387
v  -1.1276 1.1177 1.0839
v  -1.0932 0.9532 0.9448
v  -1.1346 0.8910 1.0052
v  -1.0773 0.7988 0.8218
v  -1.1167 0.7540 0.8823
v  -1.0824 1.2359 1.4712
v  -1.0916 1.1572 1.3839
v  -1.1628 1.2331 1.4369
v  -1.1452 1.1271 1.3313
v  -1.1843 1.1702 1.2590
v  -1.1611 1.2567 1.2101
v  -1.2248 1.2805 1.3733
v  -1.2156 1.3697 1.3159
v  -1.0755 1.3678 1.6655
v  -1.1876 1.4206 1.6336
v  -1.1784 1.3309 1.5435
v  -1.0806 1.2976 1.5766
v  -1.1243 1.3544 1.2011
v  -1.0795 1.4494 1.1928
v  -1.0516 1.2858 1.0456
v  -1.0835 1.2005 1.0670
v  -1.1883 1.4681 1.2979
v  -1.1532 1.6024 1.3143
v  -1.0302 1.5235 1.1514
v  -1.0572 1.6699 1.2596
v  -1.0073 1.3501 1.0110
v  -1.2487 1.4588 1.4119
v  -1.2486 1.3850 1.4812
v  -1.2538 1.4791 1.5680
v  -1.2589 1.5423 1.4856
v  -1.2260 1.5186 1.3727
v  -1.2288 1.5941 1.4101
v  -1.0752 1.7772 1.3291
v  -1.1649 1.7243 1.3883
v  -1.1690 1.8077 1.4526
v  -1.0734 1.8550 1.3910
v  -1.0761 1.4336 1.7398
v  -1.1967 1.4899 1.7016
v  -1.0814 1.4942 1.8053
v  -1.2059 1.5478 1.7582
v  -1.2332 1.6696 1.4602
v  -1.2410 1.7439 1.5186
v  -1.2654 1.6113 1.5424
v  -1.2723 1.6722 1.5946
v  -1.2532 1.5522 1.6275
v  -1.2593 1.6099 1.6784
v  -1.0881 1.5534 1.8631
v  -1.2140 1.6059 1.8132
v  -1.0939 1.6130 1.9134
v  -1.2181 1.6636 1.8678
v  -1.2675 1.6666 1.7347
v  -1.2712 1.7231 1.7939
v  -1.2781 1.7853 1.7184
v  -1.2781 1.7313 1.6546
v  -1.2452 1.8119 1.5843
v  -1.1630 1.8787 1.5240
v  -1.2460 1.8599 1.6531
v  -1.1698 1.9427 1.6164
v  -1.0735 1.9291 1.4509
v  -1.0828 1.9969 1.5126
v  -1.2670 1.7778 1.8533
v  -1.2563 1.8336 1.9139
v  -1.2628 1.8830 1.8319
v  -1.2727 1.8310 1.7801
v  -1.2142 1.7205 1.9214
v  -1.2095 1.7799 1.9759
v  -1.0971 1.6756 1.9570
v  -1.1096 1.7372 2.0003
v  -1.2511 1.8779 1.7170
v  -1.2317 1.9244 1.7374
v  -0.9459 1.8010 2.1072
v  -1.0715 1.8055 2.0767
v  -1.0065 1.8762 2.1876
v  -1.1876 1.8987 2.1353
v  -1.1033 2.0532 1.5827
v  -1.1330 2.1107 1.6660
v  -1.1710 2.0064 1.6873
v  -1.1892 2.0604 1.7715
v  -1.1409 1.7997 2.0448
v  -1.2105 1.8470 2.0376
v  -1.2240 1.9694 1.7951
v  -1.2317 2.0243 1.8773
v  -1.2557 1.9344 1.8964
v  -1.2608 1.9938 1.9761
v  -1.2505 1.8929 1.9826
v  -1.2547 1.9579 2.0654
v  -1.0465 1.9549 2.2898
v  -1.2011 1.9895 2.2428
v  -1.0763 2.0404 2.4051
v  -1.2179 2.0732 2.3555
v  -1.1704 2.1830 1.7672
v  -1.2210 2.2756 1.8954
v  -1.2146 2.1289 1.8696
v  -1.2496 2.2159 1.9923
v  -1.2503 2.0939 1.9735
v  -1.2753 2.1793 2.0913
v  -1.2752 2.0655 2.0728
v  -1.2923 2.1504 2.1879
v  -1.2653 2.0323 2.1643
v  -1.2791 2.1158 2.2778
v  -1.1079 2.1321 2.5281
v  -1.2369 2.1613 2.4786
v  -1.1484 2.2442 2.6813
v  -1.2661 2.2701 2.6270
v  -1.2749 2.3907 2.0663
v  -1.3220 2.5190 2.2599
v  -1.2839 2.3244 2.1539
v  -1.3243 2.4507 2.3330
v  -1.2945 2.2834 2.2390
v  -1.3219 2.4062 2.4049
v  -1.3093 2.2488 2.3221
v  -1.3276 2.3666 2.4769
v  -1.2947 2.2077 2.4041
v  -1.3173 2.3194 2.5527
v  -1.4313 2.7995 2.6355
v  -1.3699 2.6553 2.4505
v  -1.3736 2.5900 2.5100
v  -1.4368 2.7363 2.6807
v  -2.0548 3.1386 4.1191
v  -2.0936 3.1758 4.1555
v  -2.0854 3.2484 4.1457
v  -2.0198 3.2359 4.0603
v  -2.0117 3.0916 3.9043
v  -1.9658 3.1945 3.9278
v  -1.9294 3.1718 3.8305
v  -1.9647 3.0758 3.8107
v  -2.0375 3.0925 4.0017
v  -2.0653 3.3212 4.2021
v  -2.0166 3.3544 4.1653
v  -2.0615 3.0598 4.0791
v  -1.9290 3.3893 3.9426
v  -2.0107 3.4541 3.8740
v  -1.9902 3.4031 3.8377
v  -1.9259 3.3231 3.9307
v  -1.9505 3.3480 4.0519
v  -1.9245 3.4337 4.0452
v  -1.9413 3.4720 3.9529
v  -2.0298 3.5167 3.9069
v  -1.9454 3.5427 3.9682
v  -2.0198 3.5807 3.9146
v  -1.9164 3.5072 4.0465
v  -1.9111 3.5628 4.0505
v  -1.9340 3.6084 3.9947
v  -1.9980 3.6679 3.9253
v  -2.0296 3.7383 3.5216
v  -2.0030 3.7200 3.4692
v  -2.1252 3.6185 3.4472
v  -2.1534 3.6379 3.5085
v  -2.1752 3.6485 3.5779
v  -2.0521 3.7437 3.5825
v  -1.9049 3.8159 3.6188
v  -1.8839 3.8113 3.5647
v  -1.8640 3.7989 3.5164
v  -1.7852 3.5187 3.1645
v  -1.8433 3.3936 3.1036
v  -1.8957 3.4391 3.1480
v  -1.8169 3.5590 3.2193
v  -1.7213 3.6512 3.2968
v  -1.7067 3.6096 3.2383
v  -1.6880 3.5531 3.1758
v  -1.7505 3.4672 3.1095
v  -1.7912 3.3448 3.0610
v  -1.7037 3.3992 3.0532
v  -1.7305 3.2830 3.0159
v  -1.6567 3.4849 3.1086
v  -1.6272 3.4326 3.0660
v  -1.6440 3.3569 3.0116
v  -1.6400 3.2076 2.9482
v  -1.8681 3.2759 3.0810
v  -1.8672 3.1757 3.0881
v  -1.9429 3.2282 3.1324
v  -1.9314 3.3249 3.1317
v  -1.8046 3.2254 3.0402
v  -1.7947 3.1264 3.0556
v  -1.8492 3.1035 3.1159
v  -1.8029 3.0735 3.1483
v  -1.8771 3.0870 3.1919
v  -1.9247 3.1421 3.1537
v  -1.7699 3.0809 3.1007
v  -1.7542 3.0694 3.1268
v  -1.7351 3.1676 3.0005
v  -1.7188 3.0759 3.0226
v  -1.6409 3.0833 2.9386
v  -1.6259 3.0053 2.9631
v  -1.5222 2.9524 2.8119
v  -1.5283 2.8822 2.8387
v  -1.5043 3.0257 2.8026
v  -1.8941 3.1182 3.3067
v  -1.8083 3.1585 3.3509
v  -1.8945 3.1961 3.4055
v  -1.9839 3.1597 3.3694
v  -2.0453 3.1848 3.3251
v  -1.9677 3.1255 3.2547
v  -1.7973 3.0944 3.2403
v  -1.7057 3.1370 3.2882
v  -1.3683 2.5452 2.5790
v  -1.4251 2.6957 2.7507
v  -1.3556 2.5089 2.6544
v  -1.4076 2.6623 2.8312
v  -1.2991 2.4775 3.1088
v  -1.3840 2.5850 3.0275
v  -1.3038 2.4255 2.8112
v  -1.2158 2.3551 2.9072
v  -1.0250 2.3575 2.9459
v  -1.1399 2.5386 3.1941
v  -1.3400 2.4692 2.7322
v  -1.3922 2.6214 2.9105
v  -1.4043 2.5624 3.2758
v  -1.3336 2.5790 3.3747
v  -1.4802 2.6110 3.2280
v  -1.5187 2.8428 2.9055
v  -1.5858 2.9958 3.0271
v  -1.4913 2.8145 2.9829
v  -1.4635 3.0829 3.1339
v  -1.6784 3.0641 3.0851
v  -1.6829 3.0702 3.1253
v  -1.7278 3.0754 3.1719
v  -1.5944 3.1293 3.2028
v  -1.5291 2.9659 3.2968
v  -1.5830 2.9312 3.4102
v  -1.5840 3.0207 3.4095
v  -1.6026 3.1012 3.4146
v  -1.6292 3.1349 3.3528
v  -1.4749 3.1008 3.3074
v  -1.5470 2.8702 3.2988
v  -1.5801 2.8533 3.4179
v  -1.5223 2.8567 3.1670
v  -1.5131 2.7833 3.1923
v  -1.5490 2.7787 3.2893
v  -1.5964 2.7756 3.4132
v  -1.5337 2.6865 3.2460
v  -1.4713 2.7085 3.1228
v  -1.6045 2.6957 3.3869
v  -1.4719 2.7569 3.0448
v  -2.2926 2.6741 4.2075
v  -2.3647 2.6369 4.2386
v  -2.3489 2.6809 4.2830
v  -2.3033 2.7128 4.2756
v  -2.1579 2.5169 4.3583
v  -2.1597 2.5397 4.4252
v  -2.2441 2.5114 4.4268
v  -2.2379 2.4890 4.3589
v  -2.2724 2.7030 4.4648
v  -2.3341 2.6470 4.4637
v  -2.2757 2.6207 4.4836
v  -2.2212 2.6483 4.4812
v  -2.3078 2.7332 4.4025
v  -2.3790 2.6768 4.4025
v  -2.3110 2.7304 4.3348
v  -2.3669 2.6772 4.3337
v  -2.1823 2.5893 4.4728
v  -2.2636 2.5680 4.4681
v  -2.3476 2.5738 4.4447
v  -2.4133 2.5940 4.3901
v  -2.3817 2.5414 4.3657
v  -2.3328 2.5147 4.4016
v  -2.4070 2.6125 4.3089
v  -2.3829 2.5365 4.3007
v  -2.3151 2.4971 4.3319
v  -2.6455 3.1743 4.0322
v  -2.6077 3.1537 4.0005
v  -2.6338 3.0827 4.0040
v  -2.6088 3.0388 4.0515
v  -2.6534 3.1770 4.0875
v  -2.6004 3.2225 4.1149
v  -2.5488 3.2330 4.1703
v  -1.7190 3.1713 3.4105
v  -1.6589 3.1101 3.4670
v  -1.7218 3.1311 3.5428
v  -1.7832 3.2228 3.4772
v  -1.9209 3.0621 3.7254
v  -1.8893 2.9782 3.7232
v  -1.8890 3.1582 3.7478
v  -1.8384 3.1508 3.6764
v  -1.8570 3.0522 3.6589
v  -1.8353 2.9694 3.6553
v  -1.6608 3.0145 3.4729
v  -1.6390 2.9379 3.4882
v  -1.7108 2.9529 3.5393
v  -1.7224 3.0315 3.5370
v  -1.7910 3.0423 3.5964
v  -1.7758 2.9619 3.5945
v  -1.7846 3.1398 3.6070
v  -1.7216 2.7662 3.7293
v  -1.6792 2.7525 3.6260
v  -1.7054 2.8270 3.7183
v  -1.6614 2.8349 3.6158
v  -1.6307 2.7981 3.5145
v  -1.6813 2.8911 3.5679
v  -1.6205 2.8704 3.5080
v  -1.7379 2.9026 3.6249
v  -1.7184 2.8676 3.6702
v  -1.7684 2.8800 3.6996
v  -1.7933 2.9092 3.6805
v  -1.6485 2.7242 3.5121
v  -1.7319 2.8681 3.7379
v  -1.7961 2.8748 3.7485
v  -1.8428 2.9180 3.7408
v  -1.7667 3.8721 3.4945
v  -1.8446 3.7846 3.4774
v  -1.7877 3.8891 3.5340
v  -1.7109 3.9663 3.5644
v  -1.6922 3.9507 3.5187
v  -1.6698 3.9361 3.4785
v  -1.7444 3.8551 3.4622
v  -1.8234 3.7661 3.4458
v  -1.9205 3.2950 3.8759
v  -1.9072 3.2711 3.7841
v  -1.9734 3.3743 3.7809
v  -1.9621 3.3446 3.7017
v  -1.8840 3.2602 3.6987
v  -1.8498 3.2574 3.6161
v  -1.9463 3.3291 3.6152
v  -1.9411 3.2926 3.5328
v  -1.8184 3.2450 3.5393
v  -1.9324 3.2415 3.4644
v  -2.0746 3.2863 3.5707
v  -2.0551 3.2473 3.5003
v  -2.0987 3.3200 3.6469
v  -2.2026 3.3496 3.5828
v  -2.1623 3.3130 3.5135
v  -2.1301 3.2724 3.4514
v  -2.0947 3.2326 3.3894
v  -2.0323 3.2038 3.4344
v  -1.9226 3.6553 3.3595
v  -2.0356 3.5533 3.3193
v  -2.0668 3.5760 3.3580
v  -1.9493 3.6770 3.3930
v  -1.8009 3.7448 3.4173
v  -1.7603 3.7314 3.3891
v  -1.8918 3.6296 3.3215
v  -1.9971 3.5233 3.2754
v  -2.1380 3.2974 3.3515
v  -2.1465 3.3826 3.3241
v  -2.0994 3.3440 3.2687
v  -2.0885 3.2543 3.2899
v  -2.1733 3.3331 3.4069
v  -2.1783 3.4122 3.3731
v  -2.0967 3.5980 3.3989
v  -1.9763 3.6993 3.4278
v  -2.2027 3.3704 3.4629
v  -2.2387 3.4092 3.5272
v  -2.2350 3.4714 3.4848
v  -2.2051 3.4407 3.4240
v  -2.0028 3.3807 3.1957
v  -2.0267 3.2883 3.1978
v  -2.0661 3.4308 3.2622
v  -1.9480 3.4834 3.2126
v  -2.1104 3.4653 3.3109
v  -2.1401 3.4892 3.3567
v  -2.0132 3.1960 3.2159
v  -2.1697 3.5134 3.4015
v  -2.2014 3.5388 3.4542
v  -0.7939 2.5009 2.8458
v  -0.6454 2.7171 2.6323
v  -0.7501 2.8587 2.8593
v  -0.8782 2.6471 3.0801
v  -0.4123 2.8493 2.4969
v  -0.1596 2.9681 2.3670
v  -0.2167 3.1439 2.5752
v  -0.4994 3.0027 2.7164
v  -0.5826 3.1357 2.9009
v  -0.8441 2.9770 3.0546
v  -0.2595 3.2836 2.7638
v  -0.2871 3.3836 2.9083
v  -0.6455 3.2376 3.0375
v  -0.9158 3.0721 3.1913
v  0.9101 3.4567 1.8182
v  1.2002 3.5141 1.7229
v  1.5227 3.6032 1.5982
v  1.5754 3.8483 1.8700
v  1.2373 3.7561 1.9700
v  0.9431 3.6900 2.0466
v  2.8344 4.0571 1.0834
v  2.8174 4.0425 1.1458
v  2.8163 4.0742 1.0216
v  2.9901 4.3979 1.2603
v  3.0111 4.3581 1.3278
v  2.9626 4.3381 1.3898
v  1.6314 3.8632 1.2731
v  1.3464 3.7988 1.3538
v  1.3723 4.0515 1.6087
v  1.6844 4.1324 1.5296
v  2.0215 4.2562 1.4058
v  1.9381 3.9719 1.1423
v  0.2046 3.4432 1.7771
v  0.1486 3.6515 2.0232
v  0.4416 3.7494 1.9036
v  0.4889 3.5450 1.6506
v  -0.1488 3.2859 1.9580
v  -0.2139 3.4886 2.1916
v  -1.0866 2.8358 2.3778
v  -1.1746 2.9825 2.5887
v  -0.9757 3.0519 2.5399
v  -0.9025 2.9120 2.3221
v  -0.5479 3.0795 2.1677
v  -0.6181 3.2515 2.3895
v  -0.6678 3.4125 2.5848
v  -0.7039 3.5345 2.7360
v  -0.2911 3.7879 2.5464
v  -0.2605 3.6626 2.3918
v  -1.0399 3.2109 2.7264
v  -1.0863 3.3363 2.8690
v  -1.3646 3.1392 2.7816
v  -1.4523 3.0924 2.7903
v  -1.5425 3.2623 2.9235
v  -1.4331 3.3116 2.9508
v  -1.2499 3.1442 2.7811
v  -1.2937 3.2621 2.9345
v  -0.8324 3.9124 3.1909
v  -0.8541 3.9584 3.2274
v  -0.4327 4.2104 3.0919
v  -0.4056 4.1612 3.0546
v  -0.3843 4.1127 3.0129
v  -0.8304 3.8914 3.1252
v  -1.2399 3.7502 3.1934
v  -1.2280 3.7447 3.2665
v  -1.2339 3.7750 3.3074
v  -0.0430 4.3891 2.9207
v  -0.0698 4.4401 2.9731
v  0.2097 4.6240 2.8849
v  0.2444 4.5619 2.8250
v  0.2534 4.5240 2.7856
v  -0.0343 4.3574 2.8820
v  1.9922 5.2976 2.1790
v  2.0057 5.2387 2.1484
v  1.5778 5.0435 2.2971
v  1.5614 5.1017 2.3429
v  1.2231 4.9264 2.4230
v  1.1951 4.9878 2.4572
v  1.1250 5.1054 2.5069
v  1.4967 5.2309 2.4013
v  1.9358 5.4228 2.2576
v  1.3742 4.2561 2.6198
v  1.3358 4.2188 2.5217
v  1.6795 4.3461 2.4289
v  1.7078 4.3788 2.5209
v  1.7068 4.4426 2.5940
v  1.3852 4.3273 2.6974
v  1.1598 4.2017 2.8285
v  1.1458 4.0897 2.7352
v  1.0803 4.0652 2.6082
v  -0.6703 3.3001 3.1185
v  -0.9389 3.1391 3.2611
v  -0.2963 3.4388 2.9872
v  -0.2991 3.4886 3.0508
v  -0.6572 3.3248 3.1952
v  -0.9358 3.1515 3.3380
v  -0.6704 3.5000 3.4947
v  -0.3580 3.7331 3.3422
v  -0.3862 3.7864 3.3812
v  -0.4222 3.8671 3.4154
v  -0.7218 3.6193 3.5422
v  -0.7031 3.5514 3.5043
v  -0.9642 3.4299 3.6136
v  -0.9363 3.3544 3.6236
v  -0.9153 3.2983 3.6172
v  -0.5988 3.3056 3.3187
v  -0.9090 3.1630 3.4288
v  -0.2419 3.4784 3.1910
v  -0.2521 3.5677 3.3033
v  -0.5884 3.3565 3.4310
v  -0.8835 3.1884 3.5207
v  -0.6316 3.4385 3.4734
v  -0.8960 3.2418 3.5802
v  -0.3213 3.6707 3.3063
v  -0.9724 2.7819 3.2686
v  -1.1587 2.6767 3.4007
v  -1.0163 2.8824 3.4007
v  -1.1726 2.7872 3.5615
v  -1.0451 2.9368 3.4835
v  -1.0301 2.9701 3.4068
v  -1.0764 2.9851 3.5533
v  -1.0907 3.0514 3.6085
v  -1.1685 2.9117 3.7207
v  -1.1771 2.8454 3.6615
v  -1.0787 3.0955 3.6676
v  -1.0714 3.1592 3.7232
v  -1.1730 3.0638 3.8072
v  -1.1799 2.9825 3.7608
v  -1.4896 2.6151 3.6824
v  -1.4221 2.6318 3.5968
v  -1.3889 2.6874 3.6953
v  -1.4483 2.6687 3.7612
v  -1.3162 2.6471 3.5029
v  -1.3141 2.7272 3.6303
v  -1.5584 2.8739 4.0867
v  -1.4747 2.9127 4.0566
v  -1.5411 2.8225 4.0791
v  -1.4460 2.8241 4.0202
v  -1.2913 2.7930 3.7215
v  -1.2690 2.8541 3.7845
v  -1.3388 2.8248 3.8476
v  -1.3656 2.7632 3.7778
v  -1.3888 2.8907 3.9760
v  -1.3879 2.8093 3.9221
v  -1.3725 2.8544 3.9376
v  -1.3312 2.8767 3.8842
v  -1.3358 2.9358 3.9175
v  -1.4104 2.7363 3.8535
v  -1.4483 2.7155 3.9183
v  -1.4922 2.6767 3.9601
v  -1.4763 2.7367 4.0425
v  -1.5349 2.7683 4.0957
v  -1.2635 2.9136 3.8309
v  -1.2674 2.9920 3.8608
v  3.4814 5.1295 1.9546
v  3.5231 5.2019 2.0415
v  3.4423 5.1289 2.1193
v  3.3894 5.0299 2.0054
v  3.3105 4.9586 1.8832
v  3.4393 5.0934 1.8690
v  3.5063 5.1709 1.8541
v  3.5675 5.2108 1.8975
v  3.5993 5.2646 1.9599
v  3.4159 5.1149 1.8033
v  3.5095 5.2007 1.8039
v  3.3400 5.0029 1.7947
v  3.3312 5.0623 1.7290
v  3.4035 5.1530 1.7441
v  3.4908 5.2263 1.7417
v  3.5925 5.2527 1.8318
v  3.5710 5.2859 1.7654
v  3.6222 5.3525 1.8090
v  3.6337 5.3106 1.8847
v  3.5908 5.4420 1.9985
v  3.5801 5.3896 2.0510
v  3.6066 5.3297 2.0149
v  3.6353 5.3803 1.9351
v  3.6195 5.4323 1.8571
v  3.5695 5.5063 1.9189
v  3.5297 5.3357 1.7044
v  3.4592 5.2741 1.6894
v  3.4068 5.3019 1.6727
v  3.4390 5.3634 1.6745
v  3.4529 5.4195 1.6877
v  3.5647 5.3984 1.7350
v  3.5573 5.4668 1.7738
v  3.5039 5.5339 1.8161
v  3.4476 5.4769 1.7105
v  3.4233 5.5182 1.7480
v  3.3147 5.5138 1.7447
v  3.2973 5.4570 1.6891
v  3.3053 5.4024 1.6571
v  3.1556 5.3754 1.6225
v  3.1463 5.4524 1.6597
v  3.1689 5.5226 1.7412
v  -0.0432 4.3344 2.8031
v  -0.0698 4.3257 2.6994
v  -0.4227 4.1063 2.8113
v  -0.3964 4.1039 2.9172
v  0.2448 4.4885 2.7186
v  0.2202 4.4660 2.6259
v  -0.7345 3.5919 2.8258
v  -0.7631 3.6287 2.8811
v  -0.3322 3.8822 2.6902
v  -0.3146 3.8515 2.6355
v  -1.1122 3.3853 2.9534
v  -1.1524 3.4217 2.9974
v  -1.2965 3.3159 2.9951
v  -1.3528 3.3509 3.0167
v  -0.8544 3.8978 3.0262
v  -1.2680 3.7493 3.0933
v  -0.8644 3.8663 2.9377
v  -1.2646 3.6854 3.0194
v  -1.4578 3.6412 3.1291
v  -1.5423 3.5825 3.1410
v  -1.5583 3.6500 3.1944
v  -1.4581 3.6913 3.2001
v  -1.4352 3.5740 3.0891
v  -1.5050 3.5020 3.0991
v  -0.8523 3.8056 2.9061
v  -1.2406 3.6198 3.0002
v  -0.4135 4.0448 2.7568
v  -0.3811 3.9725 2.7568
v  -0.8330 3.7440 2.8954
v  -1.2265 3.5587 2.9949
v  -1.1971 3.4905 2.9980
v  -1.3900 3.4167 3.0530
v  -1.4856 3.4025 3.0459
v  -1.4096 3.4907 3.0693
v  -1.5717 3.3754 3.0135
v  -1.5804 3.4567 3.0835
v  -1.4017 3.5399 3.0678
v  -1.6056 3.5369 3.1385
v  -1.6290 3.6062 3.1975
v  -0.8001 3.6849 2.8987
v  -0.3506 3.9192 2.7402
v  -1.8535 3.5955 3.2739
v  -1.7447 3.6845 3.3438
v  -1.7202 3.8350 3.4337
v  -1.6445 3.9177 3.4412
v  -1.6147 3.8926 3.4137
v  -1.6919 3.8203 3.4107
v  -1.6354 3.6657 3.2602
v  -1.5515 3.6861 3.2698
v  -1.6356 3.7061 3.3226
v  -1.5323 3.7380 3.3369
v  -1.4474 3.7000 3.2767
v  -1.4365 3.7316 3.3226
v  -1.6631 3.7826 3.3789
v  -1.5714 3.8296 3.3741
v  -1.5561 3.7891 3.3585
v  -1.6511 3.7468 3.3569
v  -1.6564 3.8193 3.3937
v  -1.5861 3.8670 3.3924
v  -1.4374 3.8002 3.3555
v  -1.4109 3.7726 3.3437
v  -1.2516 3.8863 3.3799
v  -1.2372 3.8308 3.3421
v  -1.5449 4.0018 3.4529
v  -1.5124 3.9650 3.4172
v  -1.5733 4.0275 3.5025
v  -1.4079 4.1761 3.5306
v  -1.3733 4.1387 3.4751
v  -1.3354 4.0913 3.4406
v  -1.4644 3.8809 3.3820
v  -1.4844 3.9228 3.3980
v  -1.3069 4.0428 3.4284
v  -1.2839 3.9905 3.4272
v  -1.4520 3.8382 3.3681
v  -1.2649 3.9366 3.4117
v  -1.0396 4.3366 3.4799
v  -1.0926 4.3984 3.4870
v  -1.1410 4.4465 3.5396
v  -0.8338 4.7751 3.5722
v  -0.7773 4.7269 3.5092
v  -0.7165 4.6659 3.4939
v  -0.4798 4.2942 3.1641
v  -0.8816 4.0267 3.2756
v  -0.9155 4.1080 3.3329
v  -0.5364 4.3944 3.2622
v  -0.9520 4.1823 3.3896
v  -0.5951 4.4927 3.3677
v  -0.9842 4.2436 3.4432
v  -0.6464 4.5742 3.4532
v  -1.0090 4.2899 3.4761
v  -0.6787 4.6213 3.4925
v  -0.4999 5.0658 3.5834
v  -0.2964 5.3664 3.6349
v  -0.2128 5.2960 3.5943
v  -0.4325 5.0067 3.5429
v  -0.5557 5.1096 3.6627
v  -0.3573 5.4130 3.7314
v  -0.1339 4.5429 3.0747
v  -0.2098 4.6701 3.2134
v  0.0321 4.9046 3.1685
v  0.1261 4.7491 3.0023
v  -0.2757 4.7973 3.3711
v  -0.0332 5.0557 3.3712
v  -0.3365 4.9054 3.4935
v  -0.0972 5.1868 3.5248
v  -0.3825 4.9623 3.5401
v  -0.1519 5.2511 3.5832
v  0.8377 6.4597 3.6238
v  0.9312 6.3665 3.6236
v  0.5893 6.1084 3.6435
v  0.4914 6.1938 3.6538
v  0.3964 6.2664 3.7228
v  0.7356 6.5468 3.6745
v  1.1518 6.8698 3.6392
v  1.2581 6.7751 3.5888
v  1.3491 6.6700 3.6002
v  0.9529 6.3017 3.5801
v  0.6298 6.0403 3.6223
v  1.3608 6.5995 3.5431
v  1.3906 6.4760 3.4257
v  0.9660 6.2164 3.4496
v  0.6447 5.9668 3.4964
v  0.1088 5.0623 3.9564
v  -0.2235 4.7254 3.9806
v  -0.1986 4.6843 3.8840
v  0.1368 5.0312 3.8383
v  -0.2461 4.7599 4.0847
v  0.0838 5.0807 4.0896
v  -0.5788 4.3652 4.1021
v  -0.5644 4.3236 4.0082
v  -0.5714 4.3007 3.9204
v  -0.8213 3.9893 4.0075
v  -0.8118 3.9631 3.9400
v  -0.8427 4.0233 4.0780
v  -1.0252 3.7454 4.0591
v  -0.9974 3.7241 4.0036
v  -0.9832 3.7049 3.9487
v  -0.7365 3.7295 3.6087
v  -0.4511 3.9971 3.4915
v  -0.4736 4.1224 3.5980
v  -0.7595 3.8413 3.6792
v  -0.9788 3.6118 3.7281
v  -0.9649 3.5297 3.6625
v  -0.8178 3.9552 3.8807
v  -0.8106 3.9387 3.8224
v  -0.5377 4.2506 3.7938
v  -0.5553 4.2750 3.8594
v  -0.9892 3.6934 3.8982
v  -1.0035 3.6850 3.8452
v  -0.7852 3.9040 3.7546
v  -0.9974 3.6614 3.7862
v  -0.5069 4.2038 3.7028
v  -1.2933 3.3774 4.0570
v  -1.3015 3.3236 4.0227
v  -1.2283 3.4185 3.9853
v  -1.2192 3.4479 4.0185
v  -1.2113 3.4891 4.0475
v  -1.2664 3.4625 4.0766
v  -1.3298 3.4545 4.1192
v  -1.3536 3.3493 4.1137
v  -1.3877 3.2522 4.0758
v  -1.0716 3.2455 3.7461
v  -1.0925 3.3418 3.7147
v  -1.1809 3.3234 3.8116
v  -1.1600 3.1778 3.8354
v  -1.1416 3.4773 3.7383
v  -1.0992 3.4377 3.6883
v  -1.1201 3.5497 4.0076
v  -1.1164 3.5304 3.9658
v  -1.1453 3.5698 4.0470
v  -1.2260 3.0985 3.9147
v  -1.2279 3.2069 3.9190
v  -1.2921 3.1364 4.0055
v  -1.3191 3.0270 3.9618
v  -1.2350 3.2701 3.9149
v  -1.2245 3.3718 3.8508
v  -1.2291 3.3742 3.9067
v  -1.2720 3.2594 3.9507
v  -1.3356 3.1850 4.0462
v  -1.4298 3.1404 4.1645
v  -1.3872 3.0864 4.1197
v  -1.3840 3.0366 4.0723
v  -1.2278 3.3894 3.9508
v  -1.2984 3.2829 3.9845
v  -1.4039 2.9664 4.0066
v  -1.1285 3.5182 3.9212
v  -1.1402 3.5066 3.8736
v  -1.1538 3.5004 3.8081
v  -1.1978 3.5839 4.0844
v  -1.0765 3.7753 4.1045
v  -1.1654 3.7911 4.1174
v  -1.2690 3.5869 4.1075
v  -0.9744 4.1447 4.1424
v  -0.8998 4.0749 4.1403
v  -0.6572 4.4457 4.1445
v  -0.7446 4.5306 4.1453
v  -1.0205 4.2073 4.1566
v  -1.0507 4.2583 4.1973
v  -1.1621 4.0424 4.1608
v  -1.1784 3.9193 4.1308
v  -0.7922 4.5855 4.1849
v  -0.8352 4.6326 4.2302
v  -0.3188 4.8310 4.1500
v  0.0137 5.1445 4.1983
v  -0.0928 5.2394 4.1867
v  -0.4163 4.9208 4.1360
v  -0.4762 4.9696 4.1844
v  -0.1636 5.2847 4.2177
v  -0.2555 5.3158 4.2826
v  -0.5462 5.0099 4.2413
v  1.0378 6.5251 4.2380
v  0.7303 6.3037 4.1938
v  0.8030 6.1998 4.1639
v  1.1259 6.4247 4.2059
v  1.4827 6.6921 4.2634
v  1.3764 6.7803 4.2943
v  1.1747 6.8600 4.3374
v  0.8678 6.6150 4.2953
v  0.5871 6.3980 4.2499
v  0.6723 6.6029 3.7674
v  0.6392 6.6154 3.8759
v  1.0350 6.9323 3.8624
v  1.0887 6.9111 3.7570
v  0.3426 6.3125 3.8093
v  0.3109 6.3284 3.9029
v  -0.5903 5.1312 3.7384
v  -0.8621 4.7941 3.6588
v  -0.8855 4.8074 3.7402
v  -0.6262 5.1505 3.8094
v  -0.4294 5.4451 3.8748
v  -0.3941 5.4319 3.8075
v  -1.5964 4.0475 3.5556
v  -1.4338 4.2033 3.5947
v  -1.6112 4.0625 3.6107
v  -1.4470 4.2186 3.6603
v  -1.1752 4.4782 3.6134
v  -1.1910 4.4905 3.6926
v  -1.6190 4.0786 3.6635
v  -1.4518 4.2290 3.7136
v  -1.7259 3.9875 3.6180
v  -1.7409 4.0293 3.6815
v  -1.6140 4.0946 3.7155
v  -1.4433 4.2234 3.7687
v  -1.8085 3.9096 3.5830
v  -1.8361 3.9297 3.6354
v  -1.1986 4.4949 3.7579
v  -1.2119 4.4991 3.8171
v  -0.9398 4.8315 3.8842
v  -0.9033 4.8135 3.8159
v  -1.6565 4.1128 3.7724
v  -1.5947 4.1170 3.7678
v  -1.5140 4.2719 3.8889
v  -1.4575 4.2336 3.8246
v  -1.2863 3.8092 4.1292
v  -1.3088 3.6872 4.0974
v  -1.2285 3.9930 4.1787
v  -1.2763 3.9993 4.2224
v  -1.3606 3.7876 4.1580
v  -1.4006 3.6507 4.1149
v  -1.4442 3.5590 4.1570
v  -1.4581 3.6346 4.1464
v  -1.4965 3.6173 4.1696
v  -1.4663 3.5301 4.1719
v  -1.4228 3.4880 4.1713
v  -1.4024 3.5530 4.1506
v  -1.3408 3.5686 4.1273
v  -1.3796 3.4624 4.1518
v  2.7370 7.5204 3.7883
v  2.6772 7.4649 3.7236
v  2.5874 7.5922 3.7359
v  2.6674 7.6317 3.7956
v  2.4897 7.6633 3.8230
v  2.5867 7.6907 3.8670
v  2.6587 7.6849 3.8946
v  2.7267 7.6382 3.8685
v  2.7657 7.5595 3.8433
v  2.6683 7.4930 4.1688
v  2.7360 7.5495 4.0942
v  2.6756 7.6185 4.1156
v  2.5941 7.6056 4.1516
v  2.4748 7.5581 4.1925
v  2.5793 7.4277 4.2255
v  2.6366 7.3047 4.1079
v  2.7014 7.3918 4.0747
v  2.7430 7.4592 4.0583
v  2.5570 7.6612 4.0881
v  2.5487 7.6961 4.0229
v  2.4219 7.6639 4.0159
v  2.4290 7.6279 4.1094
v  2.6733 7.6591 4.0617
v  2.6649 7.6835 4.0125
v  2.7749 7.5991 3.9875
v  2.7681 7.5818 4.0314
v  2.7608 7.4526 3.9999
v  2.7709 7.4597 3.9446
v  2.6595 7.6913 3.9531
v  2.5537 7.7048 3.9471
v  2.4404 7.6726 3.9232
v  2.7639 7.6230 3.9369
v  2.7817 7.5070 3.8922
v  2.7473 7.4160 3.8367
v  2.6946 7.3403 3.7822
v  2.7189 7.3569 3.9093
v  2.6682 7.2653 3.8750
v  2.7024 7.3544 3.9851
v  2.6399 7.2657 3.9804
v  -1.4401 4.2731 4.6207
v  -1.5091 4.2946 4.6340
v  -1.6061 3.9865 4.4819
v  -1.5382 3.9622 4.4687
v  -1.4813 3.9420 4.4329
v  -1.3807 4.2529 4.5871
v  -1.2591 4.6261 4.7575
v  -1.3164 4.6422 4.8117
v  -1.3896 4.6659 4.8435
v  -1.5935 4.2960 4.6206
v  -1.6848 3.9903 4.4685
v  -1.4855 4.6756 4.8426
v  -1.5903 4.7033 4.8134
v  -1.6862 4.3184 4.5836
v  -1.7731 4.0162 4.4315
v  -1.6002 3.7366 4.3312
v  -1.6640 3.7540 4.3468
v  -1.6928 3.5940 4.2352
v  -1.6352 3.5814 4.2212
v  -1.5824 3.5781 4.2009
v  -1.5481 3.7281 4.2970
v  -1.7322 3.7635 4.3364
v  -1.7471 3.6051 4.2346
v  -1.8148 3.7948 4.3084
v  -1.8290 3.6198 4.2079
v  -1.5084 3.4905 4.1975
v  -1.4657 3.4237 4.2020
v  -1.5370 3.5941 4.1861
v  -1.5662 3.4604 4.2244
v  -1.5369 3.3549 4.2513
v  -1.8219 3.5012 4.2069
v  -1.8945 3.5775 4.1158
v  -1.9041 3.5076 4.1510
v  -1.9353 3.4518 4.1647
v  -1.8446 3.4210 4.2511
v  -1.9696 3.3985 4.1597
v  -1.9169 3.3980 4.2650
v  -1.5013 3.1963 4.2216
v  -1.4441 3.2865 4.1917
v  -1.5556 3.2445 4.3095
v  -1.4115 3.3705 4.1697
v  -1.8831 3.3280 4.3548
v  -1.8734 3.2318 4.4264
v  -1.7839 3.2280 4.4117
v  -1.8238 3.3434 4.3531
v  -1.6393 3.4583 4.2250
v  -1.7079 3.4716 4.2233
v  -1.7173 3.3867 4.2744
v  -1.6354 3.3737 4.2875
v  -1.7467 3.0498 4.3882
v  -1.8239 3.0917 4.4210
v  -1.6871 3.1726 4.3837
v  -1.8920 3.1275 4.4326
v  -1.7283 3.3223 4.3648
v  -1.7794 3.3603 4.3377
v  -1.7750 3.4030 4.2546
v  -1.6465 3.2846 4.3519
v  -1.7627 3.4865 4.2176
v  -1.9199 3.6657 4.0502
v  -1.9066 3.7480 4.1309
v  -1.9625 3.8589 4.0443
v  -1.9660 3.7541 3.9767
v  -1.9170 3.9536 3.7310
v  -1.8567 4.0646 3.7721
v  -1.8007 4.0440 3.7273
v  -1.8755 3.9423 3.6832
v  -1.9268 3.8064 3.6758
v  -1.9446 3.7979 3.7470
v  -1.9759 3.9115 3.8221
v  -1.9481 3.9760 3.7856
v  -1.9798 4.0289 3.8906
v  -1.9178 4.0678 3.8316
v  -1.9721 3.8345 3.8932
v  -1.9961 3.7399 3.8330
v  -1.9988 3.9537 3.9671
v  -1.7963 4.1712 3.8123
v  -1.7120 4.3200 3.9036
v  -1.6271 4.2751 3.8969
v  -1.7228 4.1402 3.7810
v  -1.8880 3.8928 4.2325
v  -1.9331 4.0086 4.1389
v  -1.8542 4.1097 4.3619
v  -1.8840 4.2214 4.2625
v  -1.9538 4.0980 4.0559
v  -1.9415 4.1608 3.9686
v  -1.8959 4.2998 4.1718
v  -1.8649 4.3414 4.0766
v  -1.8747 4.1797 3.8827
v  -1.8001 4.3460 3.9755
v  -1.7675 4.4089 4.5111
v  -1.8011 4.5161 4.4133
v  -1.6721 4.7919 4.7358
v  -1.7103 4.8928 4.6355
v  -1.6897 4.6097 4.1436
v  -1.5804 4.9770 4.3599
v  -1.4801 4.9379 4.3062
v  -1.5939 4.5677 4.0885
v  -1.7534 4.6133 4.2414
v  -1.6556 4.9834 4.4547
v  -1.7919 4.5841 4.3254
v  -1.6913 4.9530 4.5448
v  -1.5778 5.2654 5.0710
v  -1.6199 5.3501 4.9669
v  -1.4859 5.1865 5.1329
v  -1.4086 5.6024 5.4621
v  -1.5098 5.6862 5.3954
v  -1.5433 5.7601 5.2752
v  -1.4846 5.4267 4.6243
v  -1.4173 5.8342 4.8567
v  -1.3043 5.8240 4.7736
v  -1.3746 5.3979 4.5638
v  -1.5710 5.4260 4.7324
v  -1.4952 5.8155 4.9915
v  -1.6044 5.3979 4.8531
v  -1.5309 5.7942 5.1380
v  -0.9217 6.9506 6.0238
v  -0.8205 7.2622 6.2527
v  -0.9324 7.3227 6.1527
v  -1.0097 6.9989 5.9393
v  -1.1178 6.7216 5.7860
v  -1.0422 6.6732 5.8715
v  -0.9427 6.6331 5.9181
v  -0.8166 6.9081 6.0737
v  -0.6801 7.2083 6.2962
v  -1.0509 7.1297 5.7076
v  -1.1413 6.8588 5.5551
v  -1.1539 6.7942 5.6824
v  -1.0694 7.0683 5.8378
v  -0.9886 7.3905 6.0269
v  -0.9657 7.4516 5.8846
v  -0.9695 7.1626 5.5615
v  -0.8721 7.4995 5.7431
v  -0.7163 7.4847 5.6792
v  -0.8182 7.1232 5.4960
v  -0.9347 6.8257 5.3275
v  -1.0624 6.8724 5.4136
v  1.2271 1.5397 0.8077
v  1.1632 1.5352 0.7287
v  1.4027 1.5386 0.6317
v  1.4586 1.5520 0.7029
v  1.5085 1.5802 0.7673
v  1.2812 1.5790 0.8732
v  1.2894 1.7223 0.8742
v  1.3011 1.6502 0.8958
v  1.5377 1.6434 0.8072
v  1.5312 1.7229 0.7977
v  1.2565 1.7811 0.8237
v  1.4878 1.7849 0.7384
v  1.4613 1.8620 0.7131
v  1.2247 1.8525 0.7736
v  2.3967 4.5697 2.1309
v  2.4137 4.6244 2.1890
v  2.0496 4.4715 2.3198
v  2.0475 4.4146 2.2630
v  1.6735 4.2977 2.3570
v  1.6612 4.2145 2.2575
v  2.0304 4.3280 2.1705
v  2.3705 4.4755 2.0470
v  2.1282 1.8617 0.2365
v  2.0866 1.9411 0.2758
v  2.0764 1.8804 0.1652
v  2.0243 1.9416 0.1997
v  2.0054 1.5803 0.0460
v  1.9590 1.6762 0.0399
v  1.8720 1.5289 0.0721
v  1.8481 1.6216 0.0569
v  2.0858 2.0034 0.2967
v  2.0302 2.0012 0.2431
v  2.0620 2.1394 0.2861
v  2.1240 2.1401 0.3276
v  3.3622 5.1983 1.6881
v  3.3186 5.2572 1.6520
v  3.2752 5.1073 1.6537
v  3.1653 5.1637 1.6428
v  3.2052 5.0372 1.6169
v  3.2702 4.9832 1.6971
v  3.1807 4.8707 1.6375
v  3.1223 4.9230 1.5707
v  3.0095 4.9326 1.5855
v  3.0848 5.0624 1.6245
v  3.3061 5.3312 1.6394
v  3.1630 5.2789 1.6165
v  3.3935 5.5631 1.8653
v  3.2644 5.5452 1.9074
v  3.3717 5.5835 2.0991
v  3.4714 5.5343 2.0025
v  2.3714 7.5004 4.2358
v  2.2588 7.4407 4.2836
v  2.4110 7.2776 4.2849
v  2.4923 7.3542 4.2633
v  2.5001 7.1459 4.1653
v  2.5729 7.2225 4.1417
v  2.2957 7.5911 4.1264
v  2.2808 7.6053 3.9881
v  2.0923 7.6027 3.9605
v  2.1738 7.5943 4.1559
v  2.6349 7.2746 3.7392
v  2.5939 7.2089 3.6862
v  2.5275 7.3406 3.6309
v  2.6039 7.4058 3.6845
v  2.6237 7.1852 3.8402
v  2.5719 7.0881 3.8000
v  2.5838 7.1856 3.9762
v  2.5213 7.1127 3.9821
v  3.4672 5.2557 2.2116
v  3.5405 5.2941 2.1135
v  3.5267 5.3951 2.1344
v  3.4445 5.4170 2.2677
v  3.5074 5.4778 2.0923
v  3.4472 5.5316 2.1993
v  1.3449 5.5000 2.5654
v  0.9745 5.3428 2.6558
v  0.8133 5.6112 2.9077
v  1.1749 5.8053 2.8380
v  1.6459 5.9856 2.8157
v  1.8034 5.6827 2.4882
v  1.0373 6.0563 3.1612
v  0.6972 5.8298 3.2191
v  1.5013 6.2545 3.1617
v  0.7877 0.9479 0.2169
v  0.8702 1.1794 0.3258
v  0.6867 1.1302 0.4864
v  0.6088 0.9132 0.3763
v  0.5426 0.6877 0.2752
v  0.7046 0.7197 0.1074
v  0.8919 0.7573 -0.0344
v  0.9822 0.9943 0.0705
v  1.0894 1.2130 0.1978
v  0.9389 1.3017 -0.0053
v  1.0481 1.2960 -0.0642
v  0.9695 1.1260 -0.1859
v  0.8623 1.1349 -0.1264
v  1.1563 1.2842 -0.1160
v  1.0757 1.1094 -0.2369
v  1.3666 0.7064 -0.3100
v  1.3067 0.5217 -0.3803
v  1.2576 0.5573 -0.4108
v  1.3289 0.7431 -0.3382
v  1.4167 0.9514 -0.2423
v  1.4450 0.9160 -0.2182
v  1.5883 1.0702 -0.0998
v  1.5665 1.1043 -0.1274
v  1.5308 1.1376 -0.1502
v  1.6400 1.3041 -0.0505
v  1.6778 1.2716 -0.0285
v  1.6972 1.2393 -0.0041
v  1.7721 1.4171 0.0365
v  1.7405 1.4632 0.0214
v  1.7848 1.3705 0.0596
v  1.7871 1.3267 0.0995
v  1.6783 1.2181 0.0321
v  1.7402 1.3249 0.1485
v  1.6277 1.2142 0.0614
v  1.5685 1.0465 -0.0593
v  1.5211 1.0350 -0.0329
v  1.1160 1.5136 0.6658
v  1.0571 1.4655 0.5825
v  1.2922 1.4698 0.4838
v  1.3547 1.5131 0.5711
v  0.9078 1.4897 0.7742
v  0.8533 1.4325 0.7040
v  0.9662 1.3572 0.4560
v  0.7709 1.3122 0.5981
v  1.1993 1.3704 0.3487
v  3.0316 4.7103 1.4327
v  2.9351 4.7126 1.4421
v  3.0979 4.6697 1.4774
v  2.9388 4.4360 1.2072
v  2.8575 4.4585 1.1871
v  1.8200 3.7154 1.4797
v  1.9032 3.9571 1.7664
v  1.7177 3.4244 1.2108
v  1.9993 3.5027 1.1283
v  2.1115 3.8262 1.3745
v  2.2030 4.1023 1.6356
v  1.9779 4.1677 2.0004
v  1.6259 4.0567 2.0934
v  2.3017 4.3124 1.8762
v  2.7943 4.0973 0.9716
v  2.7487 4.1363 0.9178
v  2.6630 3.7188 0.7254
v  2.6200 3.7594 0.6585
v  2.2217 2.4520 0.3843
v  2.1570 2.4560 0.3454
v  2.3173 2.8761 0.3750
v  2.3801 2.8576 0.4496
v  2.5447 3.2903 0.5435
v  2.4722 3.3236 0.4807
v  1.5821 3.0796 1.0322
v  1.4560 2.7077 0.9390
v  1.6846 2.7593 0.8056
v  1.8339 3.1511 0.9209
v  1.5841 5.0053 2.1907
v  1.6098 4.9482 2.1081
v  1.2789 4.8137 2.2455
v  1.2520 4.8632 2.3382
v  2.0009 5.1947 2.0468
v  2.0008 5.1409 1.9434
v  2.2390 1.6315 0.3280
v  2.2326 1.5672 0.3054
v  2.1588 1.6123 0.4072
v  2.1426 1.5456 0.3888
v  2.2101 1.5146 0.2690
v  2.1195 1.4977 0.3535
v  2.0179 1.8609 0.1131
v  1.9474 1.8929 0.1336
v  1.9723 1.8157 0.0771
v  1.8888 1.8379 0.0833
v  1.9513 1.7541 0.0515
v  1.8656 1.7529 0.0561
v  1.3502 2.3561 0.8748
v  1.2651 2.0885 0.8149
v  1.4899 2.0834 0.7162
v  1.5777 2.3724 0.7663
v  1.2290 1.9448 0.7838
v  1.4584 1.9380 0.7066
v  1.4296 2.4297 0.6379
v  1.2414 2.4342 0.6836
v  1.6421 2.4316 0.5628
v  1.5694 2.1548 0.4411
v  1.3773 2.1707 0.5047
v  1.2078 2.1883 0.5489
v  1.3527 2.0585 0.4404
v  1.1968 2.0735 0.4998
v  1.5364 2.0320 0.3828
v  2.5058 7.5334 3.6953
v  2.3955 7.6038 3.7849
v  2.4189 7.4726 3.6673
v  2.2990 7.5422 3.7485
v  2.3190 7.6121 3.8901
v  2.1911 7.5776 3.8454
v  1.2368 6.1822 3.9232
v  1.2395 6.2111 4.0272
v  0.9341 5.9756 4.0041
v  0.9388 5.9329 3.8921
v  0.9277 5.8978 3.7820
v  1.2397 6.1352 3.8309
v  1.6139 6.3935 3.8833
v  1.6074 6.4342 3.9745
v  1.6125 6.4538 4.0899
v  1.2098 6.2848 4.1682
v  0.8930 6.0567 4.1444
v  1.5754 6.5433 4.2300
v  1.9513 4.7623 2.5711
v  1.5502 4.6615 2.6546
v  1.5988 4.5929 2.6478
v  1.9899 4.7015 2.5523
v  2.4090 4.8613 2.4316
v  2.3712 4.9270 2.4549
v  2.2931 5.0614 2.5149
v  1.8780 4.8860 2.6295
v  1.4711 4.7867 2.6955
v  1.7157 5.1454 2.7586
v  2.1429 5.3237 2.6989
v  1.9305 5.6839 2.8890
v  1.5169 5.4707 2.9483
v  1.1439 5.3160 3.0013
v  1.3156 5.0306 2.8076
v  3.2818 4.9106 1.7684
v  3.1952 4.8083 1.6988
v  3.2272 4.8571 1.8382
v  3.1452 4.7574 1.7622
v  3.1194 4.6154 1.5420
v  3.0665 4.5785 1.6045
v  1.7274 4.3906 1.7626
v  2.0963 4.5087 1.6559
v  1.4026 4.2690 1.8575
v  1.4287 4.4303 2.0558
v  1.7561 4.5891 1.9408
v  2.1415 4.7128 1.8346
v  1.7712 4.6771 2.0427
v  1.4296 4.5358 2.1415
v  1.4147 4.6049 2.1698
v  1.7578 4.7382 2.0870
v  2.1507 4.8730 1.9541
v  2.1588 4.8133 1.9184
v  3.0683 6.0301 2.4807
v  3.2980 5.7343 2.3474
v  3.2212 5.7426 2.2797
v  3.0289 6.0628 2.4342
v  2.8751 6.5419 2.6203
v  2.8943 6.4295 2.7302
v  2.8407 6.3436 2.7699
v  3.0355 5.9696 2.5218
v  3.2426 5.6605 2.4102
v  3.4076 5.5954 2.2721
v  3.3591 5.5104 2.3374
v  3.3430 5.6363 2.1842
v  2.0508 4.6286 2.5456
v  2.4602 4.7812 2.4244
v  1.6584 4.5194 2.6276
v  2.0907 4.5556 2.4940
v  2.4875 4.7026 2.3746
v  2.0712 4.5201 2.3988
v  2.4605 4.6529 2.2827
v  1.6364 4.9053 2.0705
v  1.6710 4.8634 2.0698
v  1.3477 4.7274 2.1852
v  1.3126 4.7694 2.2010
v  2.0207 5.0761 1.9000
v  2.0587 5.0135 1.9138
v  1.7193 4.8095 2.0954
v  2.1115 4.9491 1.9565
v  1.3845 4.6718 2.1811
v  2.7007 6.6705 3.1751
v  2.6435 6.8332 3.0328
v  2.7309 6.7755 3.1097
v  2.6078 7.0234 3.4595
v  2.5094 7.0762 3.3903
v  2.5612 6.9164 3.5270
v  2.5118 7.2358 3.5437
v  2.5845 7.1463 3.6186
v  2.5623 7.0278 3.7047
v  1.3452 5.7770 3.2164
v  1.0101 5.5621 3.2616
v  1.7271 6.0445 3.1686
v  1.6508 6.2282 3.5511
v  1.2487 5.9830 3.5110
v  0.9356 5.7355 3.5166
v  1.2369 6.0728 3.7159
v  1.6424 6.3031 3.7871
v  0.9225 5.8333 3.6770
v  2.0692 7.6266 4.1874
v  1.8306 7.6841 4.2891
v  1.8288 7.5062 4.3318
v  2.1040 7.4960 4.3098
v  1.9638 7.6427 4.0283
v  1.7435 7.7681 4.1520
v  0.5803 6.6290 3.9579
v  0.4504 6.6724 4.0860
v  0.8221 6.9886 4.0673
v  0.9724 6.9456 3.9406
v  0.2437 6.3521 3.9770
v  0.1205 6.4042 4.0885
v  -0.6238 6.8346 5.8257
v  -0.6348 6.8383 5.9688
v  -0.7568 6.5546 5.8087
v  -0.7346 6.5279 5.6656
v  -0.7225 6.4994 5.5310
v  -0.6022 6.8146 5.6964
v  -0.4008 7.1406 5.9036
v  -0.4363 7.1455 6.0265
v  -0.4611 7.1345 6.1717
v  -0.7105 6.8614 6.0628
v  -0.5521 7.1551 6.2761
v  -0.8351 6.5837 5.9074
v  1.6879 1.5548 0.5929
v  1.6365 1.5365 0.5360
v  1.8383 1.5039 0.4573
v  1.8873 1.5302 0.5006
v  1.9220 1.5626 0.5407
v  1.7303 1.5781 0.6460
v  1.7305 1.7874 0.6868
v  1.9203 1.7739 0.5965
v  1.8889 1.8546 0.6017
v  1.6973 1.8618 0.6689
v  1.7712 1.7058 0.7145
v  1.9499 1.6882 0.5850
v  2.3966 3.9400 1.2630
v  2.2667 3.5926 1.0316
v  2.4828 3.6593 0.9602
v  2.6388 4.0051 1.1980
v  2.7771 4.2790 1.4584
v  2.5018 4.2373 1.5065
v  2.8464 4.7906 2.1763
v  2.7819 4.7527 2.0725
v  3.0699 4.8621 1.9765
v  3.1590 4.8942 2.0982
v  3.2120 4.9880 2.2198
v  2.8903 4.8565 2.2854
v  1.9607 2.0013 0.2301
v  1.8617 2.0043 0.2555
v  1.9114 2.1305 0.3233
v  2.0003 2.1346 0.2869
v  1.9359 1.9539 0.1955
v  1.8363 1.9608 0.2174
v  3.0552 5.2432 1.6533
v  2.8911 5.1879 1.7489
v  2.8742 5.2767 1.7471
v  3.0439 5.3421 1.6507
v  3.0449 5.1406 1.6577
v  2.8854 5.0900 1.7304
v  2.6586 4.1504 0.9146
v  2.5050 4.1337 0.9469
v  2.6232 4.4473 1.2115
v  2.7751 4.4621 1.1903
v  2.5204 3.7736 0.6639
v  2.3768 3.7492 0.7225
v  2.1975 7.3353 4.3149
v  2.0618 7.2153 4.2903
v  2.1872 7.0741 4.2800
v  2.3314 7.2010 4.2927
v  2.2694 6.9546 4.1688
v  2.4223 7.0741 4.1777
v  3.3883 5.2079 2.2689
v  3.3495 5.3529 2.3151
v  3.2002 5.2410 2.3859
v  3.2209 5.1202 2.3088
v  3.3674 5.0691 2.1709
v  2.1540 6.2688 3.2010
v  2.2959 5.9820 2.7782
v  2.6208 6.1952 2.7672
v  2.4652 6.4992 3.1835
v  2.3488 6.7281 3.5649
v  2.0783 6.4509 3.6100
v  1.1679 1.0239 0.0083
v  1.0659 0.7984 -0.1032
v  1.2182 0.8274 -0.1251
v  1.3280 1.0278 0.0041
v  1.4526 1.2023 0.1395
v  1.2916 1.2123 0.1531
v  1.8908 1.4496 0.3398
v  1.7854 1.4073 0.2819
v  1.9725 1.4861 0.3795
v  1.7661 1.4740 0.4134
v  1.6741 1.4276 0.3497
v  2.0185 1.5165 0.4192
v  2.0454 1.5539 0.4539
v  1.5781 1.5066 0.4842
v  1.5034 1.4546 0.4102
v  2.0676 1.6115 0.4756
v  2.0667 1.6863 0.4873
v  1.9465 1.6175 0.5670
v  2.0324 1.7732 0.5014
v  2.0003 1.8595 0.5177
v  1.7642 1.6284 0.6919
v  2.0000 1.9322 0.5285
v  2.0494 2.0788 0.5602
v  1.9443 2.0556 0.6514
v  1.8904 1.9170 0.6105
v  1.6954 1.9241 0.6680
v  1.7431 2.0608 0.7127
v  2.4007 3.2830 0.7376
v  2.2483 2.8290 0.6402
v  2.5937 3.6862 0.9362
v  2.3047 3.2550 0.7718
v  2.1420 2.8151 0.6648
v  2.7649 4.0301 1.1747
v  2.9075 4.3153 1.4228
v  2.0999 3.2038 0.8453
v  1.9398 2.7882 0.7285
v  3.1533 4.8315 1.8737
v  3.0769 4.7332 1.7920
v  3.2163 4.9149 1.9284
v  3.0131 4.7868 1.9193
v  2.9457 4.6917 1.8338
v  3.3084 4.9671 2.0459
v  2.7451 4.6880 2.0165
v  2.6910 4.6043 1.9245
v  1.4511 1.5592 0.0831
v  1.5813 1.5309 0.0430
v  1.4822 1.3678 -0.0517
v  1.3584 1.3997 -0.0218
v  1.5311 1.7135 0.1359
v  1.6661 1.6866 0.0855
v  1.5713 1.8340 0.1223
v  1.7092 1.8081 0.0650
v  1.6094 1.9055 0.1509
v  1.7489 1.8830 0.0975
v  1.7978 1.7754 0.0503
v  1.7598 1.6523 0.0646
v  1.8291 1.8583 0.0848
v  1.6764 1.4996 0.0265
v  1.5758 1.3376 -0.0630
v  1.6509 1.9519 0.2066
v  1.7953 1.9302 0.1564
v  1.6883 1.9740 0.2717
v  1.7127 2.0159 0.3115
v  1.7578 2.1388 0.3778
v  1.8838 1.9081 0.1450
v  2.5313 4.9371 1.7788
v  2.8451 5.0068 1.7066
v  2.7843 4.8942 1.6345
v  2.4978 4.8270 1.7148
v  2.5494 4.9980 1.8093
v  2.5403 5.0842 1.8503
v  2.5025 5.1623 1.8216
v  2.9959 5.0521 1.6526
v  2.9329 4.9153 1.6109
v  2.0163 3.2982 0.6199
v  2.2301 3.3295 0.5361
v  2.1060 2.8779 0.4393
v  1.9247 2.8562 0.5337
v  2.1414 3.6991 0.8082
v  2.2535 4.0582 1.0394
v  2.3595 4.3584 1.3029
v  2.3690 3.3401 0.4822
v  2.2245 2.8841 0.3872
v  2.5089 5.3497 1.9754
v  2.9313 5.5009 1.9254
v  2.8666 5.4109 1.7998
v  2.4732 5.2891 1.8600
v  2.5211 5.4660 2.0532
v  2.9937 5.5848 2.0478
v  2.5186 5.5128 2.0775
v  2.4533 5.6246 2.1636
v  2.9170 5.7330 2.1948
v  2.9979 5.6255 2.1006
v  3.2349 5.5877 2.0746
v  3.2388 5.6370 2.1511
v  3.1436 5.7457 2.2629
v  3.1529 5.5284 1.9214
v  3.0518 5.5028 1.7527
v  1.8401 6.8579 3.5643
v  2.1929 7.1372 3.4969
v  2.2139 6.9752 3.3540
v  1.8685 6.7106 3.4306
v  1.8169 6.9643 3.6086
v  2.1938 7.2223 3.5713
v  1.7217 7.0828 3.5891
v  1.6017 7.1869 3.6238
v  1.9936 7.4070 3.6685
v  2.1135 7.3173 3.6153
v  2.3175 7.4221 3.6440
v  2.3986 7.3171 3.6017
v  2.1965 7.4986 3.7140
v  2.4012 7.2352 3.5122
v  2.4158 7.0613 3.3662
v  1.5067 7.2442 3.7278
v  1.4167 7.2855 3.8191
v  1.7749 7.5025 3.8527
v  1.8809 7.4643 3.7612
v  1.3449 7.2925 3.9013
v  1.1875 7.3026 4.0677
v  1.4915 7.5333 4.1027
v  1.6822 7.5205 3.9312
v  1.8622 7.6269 3.9599
v  1.9659 7.5877 3.8935
v  1.6404 7.6533 4.1070
v  2.0795 7.5453 3.8088
v  -0.7210 7.8165 5.9542
v  -0.5886 7.8240 5.8872
v  -0.8195 7.7770 6.0705
v  -0.6665 8.0313 6.2227
v  -0.6003 8.0808 6.1166
v  -0.4894 8.1014 6.0474
v  -0.8407 7.7197 6.2042
v  -0.6671 7.9735 6.3296
v  -0.7907 7.6548 6.3314
v  -0.6205 7.9182 6.4278
v  -0.6636 7.5938 6.4121
v  -0.5119 7.8664 6.4948
v  -0.5230 7.5426 6.4373
v  -0.3927 7.8183 6.5227
v  -0.4100 7.4952 6.4063
v  -0.3251 7.4692 6.3203
v  -0.2290 7.7464 6.4213
v  -0.2967 7.7673 6.5017
v  -0.2777 7.4786 6.1984
v  -0.2722 7.5066 6.0807
v  -0.1846 7.8078 6.2148
v  -0.1933 7.7677 6.3162
v  1.6886 7.0605 4.2909
v  1.9340 7.2842 4.2942
v  1.6848 7.3579 4.3211
v  1.4715 7.1200 4.3703
v  1.8058 6.9868 4.2636
v  1.9094 6.8492 4.2318
v  1.9725 6.7333 4.1296
v  2.0637 7.3957 4.3222
v  1.7951 7.4554 4.3237
v  1.9714 6.7143 4.0067
v  1.9742 6.6840 3.9018
v  2.2890 6.8956 3.9045
v  2.2797 6.9289 4.0261
v  2.0105 6.5960 3.7954
v  2.3076 6.8358 3.7825
v  2.4829 6.8613 3.5396
v  2.4675 6.9592 3.7505
v  2.4621 7.0072 3.8669
v  2.4426 7.0435 4.0087
v  2.8046 5.1341 2.4529
v  3.1398 5.3349 2.4345
v  3.0176 5.4993 2.4617
v  2.6972 5.2942 2.4662
v  2.8570 5.0508 2.4303
v  2.8906 4.9508 2.3750
v  3.2861 5.4492 2.3670
v  3.1707 5.6046 2.4355
v  2.9798 5.9214 2.5336
v  2.7846 6.2929 2.7762
v  2.8255 5.8201 2.5359
v  2.6320 6.6034 3.1899
v  2.5108 5.6058 2.5554
v  2.5319 6.7981 3.0281
v  2.7150 6.4973 2.6117
v  2.4804 6.4268 2.6105
v  2.3170 6.7296 3.0193
v  2.9489 6.0684 2.4137
v  2.7174 6.0419 2.3550
v  2.2945 5.8911 2.3968
v  2.0957 6.2342 2.6988
v  1.9480 6.5139 3.0889
v  1.2659 0.6292 -0.2138
v  1.2156 0.4484 -0.2665
v  1.3443 0.8210 -0.1096
v  1.1479 0.6161 -0.2106
v  1.1086 0.4260 -0.2577
v  1.4473 1.0235 -0.0034
v  1.5599 1.2076 0.1000
v  1.0023 0.5771 -0.1834
v  0.8348 0.5320 -0.1107
v  0.8030 0.3371 -0.1576
v  0.9689 0.3817 -0.2270
v  1.4757 1.1747 -0.1677
v  1.3939 1.2142 -0.1713
v  1.3712 0.9929 -0.2685
v  1.2984 1.0392 -0.2868
v  1.1915 1.0818 -0.2771
v  1.2798 1.2563 -0.1569
v  1.4076 1.3479 0.3002
v  1.5695 1.3327 0.2587
v  1.6734 1.3321 0.1986
v  3.0055 4.5524 1.6370
v  2.8804 4.5036 1.6843
v  2.6118 4.4447 1.7508
v  2.4466 4.6135 1.5511
v  2.7152 4.7003 1.4591
v  2.8632 4.7112 1.4447
v  1.8436 2.4371 0.4740
v  2.0095 2.4404 0.4070
v  2.0992 2.4489 0.3641
v  2.1323 2.4019 0.5945
v  2.0263 2.3825 0.6525
v  1.8215 2.3770 0.7012
v  3.0326 5.4218 1.6778
v  2.8611 5.3349 1.7589
v  2.4787 5.2221 1.8204
v  -2.0680 3.7265 3.6477
v  -2.0931 3.7107 3.7119
v  -2.1951 3.6556 3.6446
v  -2.1869 3.6772 3.6953
v  -2.1324 3.3517 3.7285
v  -2.2581 3.3841 3.6668
v  -2.1683 3.3848 3.8162
v  -2.3040 3.4264 3.7559
v  -2.2988 3.4474 3.6072
v  -2.3535 3.4905 3.6932
v  -2.3286 3.5519 3.6419
v  -2.2835 3.5084 3.5613
v  -2.3107 3.4837 3.8330
v  -2.1776 3.4521 3.8784
v  -2.1816 3.5216 3.9213
v  -2.2770 3.5277 3.8824
v  -2.3638 3.5445 3.7765
v  -2.3058 3.5914 3.8552
v  -2.2906 3.6494 3.7997
v  -2.3388 3.5999 3.7192
v  -2.1715 3.6881 3.8858
v  -2.1825 3.6105 3.9287
v  -2.1362 3.7117 3.7951
v  -2.2504 3.6662 3.7379
v  -2.2819 3.6243 3.6722
v  -2.2681 3.5961 3.6007
v  -2.2363 3.5663 3.5254
v  -1.4254 3.7731 4.1897
v  -1.3368 3.9889 4.2682
v  -1.4771 3.7589 4.2254
v  -1.3901 3.9967 4.3410
v  -1.4394 3.9460 4.3876
v  -1.5132 3.7403 4.2607
v  -1.2337 4.6425 4.6944
v  -1.3410 4.2617 4.5350
v  -1.2971 4.3083 4.4979
v  -1.2087 4.6758 4.6329
v  -1.0879 4.3021 4.2470
v  -1.1354 4.3263 4.3025
v  -0.8973 4.6822 4.2991
v  -0.9696 4.7156 4.3745
v  -1.1933 4.3172 4.3611
v  -1.0443 4.7143 4.4400
v  -1.1103 4.7049 4.5052
v  -1.2349 4.3279 4.4245
v  -1.2358 4.4128 4.4940
v  -1.1598 4.7162 4.5758
v  0.5622 6.6857 4.4619
v  0.8152 6.9484 4.4757
v  0.4559 7.0058 4.7154
v  0.2421 6.7338 4.6813
v  0.0200 6.5199 4.6131
v  0.3097 6.4753 4.4026
v  -0.5735 6.7969 5.6142
v  -0.5100 6.7906 5.5114
v  -0.3091 7.1196 5.7204
v  -0.3688 7.1294 5.8320
v  -0.7073 6.4839 5.4475
v  -0.6599 6.4946 5.3489
v  0.0114 6.7732 4.8832
v  -0.1844 6.5476 4.8017
v  0.2066 7.0507 4.9533
v  0.0207 7.0791 5.2108
v  -0.1689 6.7893 5.0967
v  -0.3518 6.5531 4.9844
v  -0.1611 7.0993 5.4923
v  -0.3595 6.7922 5.3221
v  -0.5280 6.5284 5.1794
v  1.0634 7.2171 4.5248
v  1.2336 7.4654 4.5144
v  0.7657 7.5839 4.7739
v  0.6277 7.3226 4.7361
v  -0.2448 7.5098 6.0117
v  -0.1823 7.5022 5.8872
v  -0.0956 7.8323 6.0083
v  -0.1577 7.8263 6.1478
v  -0.0302 7.4765 5.6160
v  0.1760 7.4294 5.2994
v  0.3183 7.7294 5.3852
v  0.0821 7.7982 5.7183
v  0.3670 7.3819 5.0104
v  0.5089 7.6600 5.0793
v  1.3186 7.5984 4.4973
v  0.8304 7.7545 4.7956
v  0.8260 7.7155 4.7849
v  1.3093 7.5779 4.4988
v  0.5896 7.8220 5.1222
v  0.4219 7.9101 5.4498
v  0.6246 7.9272 5.1438
v  0.4646 8.0435 5.4762
v  1.3110 7.7172 4.4894
v  0.8333 7.8856 4.8010
v  1.2278 7.7415 4.4127
v  0.7329 7.8995 4.7376
v  0.5776 8.0417 5.1095
v  0.4140 8.1752 5.4480
v  0.4646 8.0508 5.0572
v  0.2864 8.1830 5.3906
v  1.1720 7.6951 4.4107
v  0.6613 7.8744 4.6964
v  1.0571 7.6083 4.3968
v  0.5430 7.7851 4.6348
v  0.3755 8.0136 5.0025
v  0.2599 7.8921 4.9382
v  0.0972 7.9577 5.2741
v  0.1985 8.1042 5.3422
v  -0.3897 7.8047 5.7543
v  -0.5447 7.4627 5.5493
v  -0.6359 7.4834 5.6331
v  -0.5031 7.8318 5.8438
v  -0.3927 8.1071 6.0155
v  -0.2683 8.0846 5.9124
v  0.7946 7.4124 4.3171
v  0.3341 7.5845 4.5549
v  0.4918 7.1146 4.2907
v  0.1296 7.2602 4.5490
v  0.0720 7.6752 4.8515
v  -0.0861 7.3326 4.8197
v  -0.2184 7.3593 5.0973
v  -0.0728 7.7146 5.1718
v  -0.2252 7.7530 5.5086
v  -0.3899 7.4132 5.3542
v  -0.0692 8.0071 5.6499
v  -0.7473 7.1137 5.4411
v  -0.8660 6.8079 5.2589
v  -0.6801 7.1026 5.3542
v  -0.8027 6.7950 5.1702
v  0.1790 6.8014 4.2846
v  -0.1127 6.9400 4.5140
v  -0.1151 6.5406 4.2377
v  -0.3366 6.6556 4.4585
v  -0.2927 7.0032 4.7441
v  -0.4806 6.7100 4.6583
v  -0.5926 6.7405 4.8380
v  -0.4271 7.0382 4.9599
v  -0.5634 7.0732 5.1794
v  -0.7058 6.7706 5.0191
v  -0.2810 6.3167 4.2311
v  -0.3932 6.1539 4.2018
v  -0.5547 6.2516 4.3669
v  -0.4684 6.4258 4.4125
v  -0.0905 6.2027 4.0910
v  -0.2263 6.0539 4.0783
v  -0.5910 6.4870 4.5861
v  -0.6642 6.3207 4.5236
v  -0.7489 6.3654 4.6707
v  -0.6848 6.5225 4.7466
v  -1.3007 5.3789 4.5213
v  -1.4121 4.9260 4.2634
v  -1.2191 5.7958 4.7290
v  -1.1498 5.7816 4.6583
v  -1.2388 5.3811 4.4618
v  -1.3389 4.9398 4.2326
v  -1.2807 4.7295 4.0466
v  -1.4273 4.5889 4.0425
v  -1.2399 4.9910 4.2003
v  -1.1429 5.1101 4.1982
v  -1.1225 4.9839 4.1003
v  -1.0667 4.9124 4.0180
v  -1.2779 4.5761 3.9407
v  -1.2493 4.5154 3.8688
v  -1.0007 4.8634 3.9486
v  -1.5208 4.5473 4.0576
v  0.2470 -0.2169 0.1002
v  0.3940 -0.2236 -0.0234
v  0.3957 -0.1625 -0.0109
v  0.2564 -0.1516 0.1070
v  0.1703 -0.1413 0.2272
v  0.1621 -0.2025 0.2297
v  -0.4996 -0.1106 0.5516
v  -0.3581 -0.1153 0.4972
v  -0.3562 -0.0590 0.5338
v  -0.4916 -0.0585 0.5879
v  -0.6569 -0.0363 0.6337
v  -0.6361 -0.1065 0.5804
v  -0.7373 -0.1196 0.6010
v  -0.7628 -0.0528 0.6288
v  -0.8141 0.0757 0.6510
v  -0.8681 0.0289 0.6255
v  -0.9483 0.1784 0.6449
v  -0.9844 0.1189 0.6121
v  -1.0781 0.1893 0.6004
v  -1.0586 0.2594 0.6490
v  -1.1328 0.2986 0.6526
v  -1.1400 0.2396 0.6196
v  -1.0626 1.0196 0.9133
v  -1.0329 1.0917 0.8860
v  -1.0384 0.8897 0.7069
v  -1.0438 0.8476 0.7839
v  -0.9783 1.1523 0.8609
v  -0.9610 0.9658 0.6979
v  -1.0480 0.7267 0.7093
v  -1.0822 0.6894 0.7479
v  -1.0381 0.7524 0.6456
v  -1.0630 0.6363 0.6635
v  -1.0452 0.6656 0.6058
v  -1.1009 0.6077 0.7017
v  0.9926 1.9215 0.3090
v  0.8954 1.9216 0.3139
v  0.9213 2.0247 0.3371
v  1.0203 2.0041 0.3482
v  0.9742 1.7894 0.3267
v  0.8798 1.7878 0.3520
v  1.0532 2.0331 0.4274
v  0.9632 2.0638 0.4344
v  0.9964 2.0503 0.5372
v  1.0817 2.0280 0.5119
v  0.0502 1.4950 1.2963
v  0.2105 1.4947 1.2120
v  0.2283 1.5488 1.2510
v  0.0624 1.5512 1.3412
v  0.9829 4.4689 2.2383
v  0.9362 4.5685 2.2437
v  1.1214 4.6294 2.2458
v  1.1587 4.5563 2.2328
v  1.1868 4.4762 2.2248
v  1.0119 4.3766 2.2347
v  1.1884 4.4064 2.1856
v  0.9951 4.3240 2.1803
v  1.1743 4.3242 2.0874
v  0.9777 4.2544 2.0927
v  0.0731 3.6901 2.8794
v  0.0708 3.6388 2.8105
v  0.4096 3.7815 2.6805
v  0.4146 3.8332 2.7480
v  0.0723 3.5773 2.7333
v  0.4049 3.7180 2.6055
v  0.0778 1.8121 1.4224
v  0.0747 1.8753 1.4244
v  0.0969 1.7554 1.4510
v  0.2801 1.7823 1.3568
v  0.2614 1.8385 1.3303
v  0.2565 1.9008 1.3399
v  0.0277 6.1433 4.0050
v  0.1040 6.1086 3.9482
v  -0.0450 5.9565 3.9646
v  -0.1159 5.9914 4.0142
v  -1.1261 6.4854 5.7688
v  -1.1936 6.5261 5.6823
v  -1.2849 6.3849 5.6230
v  -1.2136 6.3428 5.7220
v  -1.1041 6.2909 5.7752
v  -1.0319 6.4423 5.8245
v  -0.9154 6.3820 5.8171
v  -0.9736 6.2212 5.7655
v  -0.8767 6.1708 5.6488
v  -0.8359 6.3472 5.7044
v  -0.8060 6.3109 5.5603
v  -0.7885 6.2820 5.4252
v  -0.8307 6.1303 5.4966
v  -0.8286 6.1149 5.3526
v  -0.7764 6.2778 5.3445
v  -0.8248 6.1256 5.2719
v  -0.7816 6.1428 5.1900
v  -0.7320 6.2927 5.2559
v  0.7499 5.6390 3.6720
v  0.7482 5.6896 3.7626
v  0.6322 5.5299 3.7586
v  0.6424 5.4947 3.6787
v  0.6466 5.4373 3.5740
v  0.7610 5.5584 3.5470
v  1.2373 4.5967 2.7637
v  1.0037 4.5422 2.8722
v  1.0513 4.4533 2.8455
v  1.2856 4.5158 2.7428
v  1.1637 4.7199 2.8080
v  0.9410 4.6601 2.9241
v  1.3499 4.4195 2.7411
v  1.1261 4.3333 2.8747
v  -0.8798 5.0982 4.5337
v  -0.7347 5.4237 4.6116
v  -0.8401 5.4248 4.7056
v  -0.9694 5.0910 4.6089
v  -0.7803 5.0923 4.4483
v  -0.6086 5.4106 4.5054
v  -0.6583 5.0566 4.3402
v  -0.4322 5.3709 4.3746
v  0.8150 5.4042 3.3342
v  0.6801 5.2978 3.3874
v  0.7569 5.0904 3.1967
v  0.9135 5.1884 3.1071
v  1.0405 4.9396 2.9221
v  0.8502 4.8608 3.0357
v  -0.0986 0.9185 0.9354
v  0.0490 0.9156 0.8587
v  -0.1392 0.7168 0.8235
v  -0.0011 0.7147 0.7469
v  0.9487 1.6111 0.3011
v  0.8467 1.6115 0.3484
v  0.8869 1.4479 0.1921
v  0.7716 1.4519 0.2529
v  0.5528 1.1231 0.0631
v  0.4856 1.1104 0.1093
v  0.5419 1.2951 0.2267
v  0.6118 1.3018 0.1822
v  0.6093 1.4493 0.3382
v  0.6832 1.4522 0.2980
v  0.6989 1.3041 0.1327
v  0.6354 1.1319 0.0111
v  0.7626 1.6016 0.3872
v  0.6849 1.5875 0.4233
v  0.7064 1.7464 0.4125
v  0.7899 1.7709 0.3766
v  0.6044 1.5768 0.4602
v  0.5371 1.4446 0.3821
v  0.6287 1.7237 0.4588
v  0.8165 1.3023 0.0673
v  0.7453 1.1357 -0.0557
v  0.4752 1.2854 0.2744
v  0.4207 1.0962 0.1573
v  0.3458 0.6910 -0.0288
v  0.3762 0.8843 0.0534
v  0.4409 0.8959 0.0065
v  0.4089 0.6990 -0.0754
v  0.4847 0.8971 0.5022
v  0.3944 0.8915 0.6018
v  0.3331 0.6773 0.5012
v  0.4268 0.6745 0.4064
v  0.5593 1.1069 0.6117
v  0.4648 1.0981 0.7102
v  0.3190 0.8867 0.6847
v  0.2450 0.8866 0.7547
v  0.1752 0.6936 0.6291
v  0.2515 0.6839 0.5717
v  0.3817 1.0936 0.7898
v  0.2982 1.0972 0.8524
v  0.1588 0.9008 0.8054
v  0.2076 1.1085 0.9043
v  0.0960 0.7067 0.6829
v  0.4397 1.2825 0.8824
v  0.3489 1.2855 0.9427
v  0.5332 1.2837 0.8095
v  0.5991 1.4171 0.8993
v  0.4956 1.4222 0.9654
v  0.3998 1.4215 1.0284
v  0.2544 1.2926 0.9975
v  0.2997 1.4260 1.0849
v  0.7634 1.4737 0.8791
v  0.6464 1.4852 0.9612
v  0.7105 1.4171 0.8120
v  0.5368 1.5006 1.0209
v  0.5771 1.5067 1.0958
v  0.4647 1.5438 1.1332
v  0.4350 1.4989 1.0829
v  0.6372 1.2885 0.7175
v  1.1657 4.1854 1.8987
v  0.9856 4.1312 1.9164
v  1.1637 3.9878 1.6629
v  1.0038 3.9537 1.6883
v  0.3564 1.5449 1.1875
v  0.3343 1.4921 1.1482
v  1.1596 3.7486 1.4145
v  1.1520 3.4612 1.1824
v  1.0273 3.4342 1.2237
v  1.0177 3.7206 1.4478
v  0.8929 3.6841 1.4898
v  0.8660 3.9116 1.7286
v  0.9167 3.4015 1.2701
v  0.8115 3.3694 1.3141
v  0.7800 3.6419 1.5379
v  0.7459 3.8594 1.7828
v  0.3893 3.5925 2.4724
v  0.0751 3.4636 2.5943
v  0.0903 3.2984 2.4193
v  0.3646 3.4278 2.2898
v  0.6600 3.6078 1.5762
v  0.6993 3.3440 1.3476
v  0.6174 3.8191 1.8254
v  0.1124 3.1024 2.2185
v  0.3550 3.2194 2.0891
v  0.1242 2.8922 2.0186
v  0.3416 2.9929 1.8916
v  0.5095 3.2952 2.0057
v  0.5319 3.5115 2.2107
v  0.4885 3.0549 1.8090
v  0.6025 3.0954 1.7517
v  0.6232 3.3474 1.9486
v  0.6479 3.5705 2.1587
v  0.7383 3.3993 1.8916
v  0.7183 3.1341 1.6969
v  0.7671 3.6263 2.1093
v  1.1356 3.1287 0.9884
v  1.0286 3.1035 1.0402
v  1.1216 2.7770 0.8349
v  1.0263 2.7600 0.8874
v  0.9286 3.0753 1.0957
v  0.8228 3.0553 1.1345
v  0.9261 2.7475 0.9357
v  0.8170 2.7434 0.9675
v  0.7096 2.7339 1.0058
v  0.7139 3.0372 1.1685
v  0.1299 2.6659 1.8688
v  0.1026 2.4545 1.7153
v  0.2934 2.5218 1.5970
v  0.3244 2.7552 1.7385
v  0.4637 2.8061 1.6569
v  0.4329 2.5604 1.5235
v  0.5383 2.5905 1.4626
v  0.5748 2.8379 1.6001
v  1.0816 4.6916 2.2755
v  1.0453 4.7473 2.3395
v  0.8882 4.6639 2.2888
v  0.8522 4.7393 2.3790
v  0.6879 2.8679 1.5467
v  0.6457 2.6165 1.4077
v  1.0195 4.7956 2.4472
v  0.9792 4.8762 2.5224
v  0.8305 4.7921 2.4973
v  0.8037 4.8515 2.5913
v  0.6629 4.7682 2.5368
v  0.6608 4.7370 2.4022
v  0.5177 4.6623 2.4783
v  0.5352 4.6885 2.5963
v  0.5435 4.7165 2.6825
v  0.6684 4.7873 2.6463
v  0.1092 1.6898 1.4625
v  0.1106 1.6236 1.4509
v  0.2828 1.6362 1.3609
v  0.2890 1.7102 1.3730
v  0.3976 4.5711 2.5556
v  0.4200 4.5975 2.6544
v  0.4201 4.6426 2.7204
v  0.6051 1.8748 0.4012
v  0.6957 1.8909 0.3522
v  0.4975 1.8788 0.4711
v  0.4817 2.0305 0.4690
v  0.5910 2.0386 0.3830
v  0.6980 2.0448 0.3360
v  0.0944 1.5721 1.4076
v  0.2579 1.5857 1.3104
v  0.7940 1.9092 0.3237
v  0.8130 2.0396 0.3268
v  0.3500 2.0848 0.6848
v  0.3322 2.0263 0.5994
v  0.5127 2.1500 0.5653
v  0.6352 2.1882 0.4802
v  0.6965 2.1855 0.6299
v  0.8074 2.1593 0.5890
v  0.7553 2.1746 0.4395
v  0.3376 1.9207 0.5652
v  0.9222 2.4440 0.7839
v  0.9265 2.2060 0.6915
v  0.8263 2.2286 0.7321
v  0.8182 2.4525 0.8232
v  1.0225 2.4364 0.7479
v  1.0206 2.1890 0.6482
v  0.8674 2.1192 0.4335
v  0.9057 2.0999 0.5626
v  0.7129 2.4566 0.8647
v  0.7227 2.2457 0.7733
v  1.0966 2.0726 0.5522
v  1.1024 2.1877 0.6010
v  1.0135 2.0863 0.5866
v  0.9209 2.1177 0.6231
v  0.8209 2.1607 0.6548
v  1.1133 2.4395 0.7072
v  0.7135 2.1899 0.6927
v  0.0688 1.9401 1.4308
v  0.2540 1.9655 1.3481
v  0.0652 2.0488 1.4674
v  0.2504 2.0828 1.3717
v  0.2588 2.2892 1.4547
v  0.0777 2.2355 1.5707
v  -0.1436 5.8631 3.8629
v  -0.0992 5.8568 3.7714
v  -0.2054 5.7594 3.7316
v  -0.2473 5.7667 3.8321
v  -0.2688 5.7575 3.9117
v  -0.1738 5.8563 3.9377
v  -0.0070 5.9523 3.8913
v  0.0347 5.9423 3.8064
v  -0.1956 5.5669 3.6177
v  -0.1144 5.6966 3.6222
v  0.0003 5.5924 3.6106
v  -0.0855 5.4737 3.6072
v  -0.2802 5.6288 3.7188
v  0.2665 6.0138 3.6962
v  0.1853 6.0691 3.7861
v  0.3662 5.9302 3.6716
v  0.2106 5.8096 3.6637
v  0.1123 5.8928 3.7057
v  0.0948 5.7000 3.6393
v  -0.0115 5.7977 3.6686
v  0.1441 6.0921 3.8712
v  -0.3154 5.6392 3.8197
v  -0.3327 5.6341 3.8996
v  0.6669 5.9099 4.1244
v  0.7462 5.7760 4.0301
v  0.5659 6.0585 4.1322
v  0.4016 5.9331 4.1486
v  0.5162 5.7799 4.1444
v  0.6183 5.6208 4.0606
v  0.7580 5.7207 3.8897
v  0.6598 5.5386 3.9099
v  -0.0785 4.2445 3.3710
v  -0.0461 4.1022 3.2694
v  0.3193 4.2792 3.1766
v  0.2745 4.4378 3.2840
v  0.2291 4.6250 3.4241
v  -0.1069 4.3971 3.5054
v  -0.0134 4.0203 3.2160
v  0.0202 3.9600 3.1750
v  0.3787 4.1404 3.0678
v  0.3533 4.1968 3.1236
v  0.8396 4.4702 2.9570
v  0.6992 4.3925 3.0054
v  0.7457 4.3156 2.9927
v  0.8966 4.3851 2.9605
v  0.7868 4.5776 3.0092
v  0.6544 4.4899 3.0574
v  0.4621 4.5755 3.2055
v  0.5216 4.4024 3.1030
v  0.5851 4.6717 3.1582
v  0.5129 4.8864 3.2996
v  0.3975 4.7843 3.3422
v  0.5617 4.3128 3.0531
v  0.5959 4.2470 3.0148
v  1.2781 3.9529 2.1803
v  1.3096 4.0972 2.3402
v  1.0284 3.9808 2.4180
v  0.9839 3.8714 2.2492
v  0.7108 4.7670 3.1139
v  0.6304 4.9877 3.2585
v  0.5722 3.6754 2.4001
v  0.6023 3.7951 2.5408
v  0.6864 3.7419 2.3494
v  0.7271 3.8497 2.5037
v  1.3248 4.1702 2.4439
v  1.0513 4.0379 2.5214
v  0.8768 3.9518 2.5666
v  0.8501 3.9068 2.4668
v  0.9119 3.9654 2.6554
v  0.7810 3.9039 2.6822
v  0.7503 3.8930 2.5958
v  0.8066 3.8006 2.3051
v  0.1058 3.8254 2.2357
v  0.0799 3.9471 2.3991
v  0.3864 4.0228 2.3066
v  0.4064 3.9110 2.1322
v  0.6186 3.8454 2.6243
v  0.6348 3.8802 2.6985
v  0.8388 4.0810 1.9545
v  0.8203 4.2028 2.1211
v  0.7143 4.0264 2.0088
v  0.6944 4.1440 2.1773
v  0.0642 4.0100 2.4838
v  0.0487 4.0465 2.5278
v  0.3700 4.1404 2.4387
v  0.3792 4.0876 2.3923
v  0.5523 4.2183 2.3354
v  0.5610 4.1618 2.3050
v  0.6854 4.2764 2.2615
v  0.6894 4.2207 2.2404
v  0.5664 4.0925 2.2305
v  0.5847 3.9809 2.0561
v  0.4932 5.0509 2.9093
v  0.5973 4.8979 2.7732
v  0.4849 4.8193 2.8005
v  0.3885 4.9625 2.9353
v  0.2838 5.1388 3.1291
v  0.3813 5.2366 3.1084
v  0.4807 5.3446 3.0641
v  0.6006 5.1453 2.8505
v  0.7151 4.9774 2.7088
v  0.8274 4.2759 2.1904
v  0.8366 4.3273 2.2188
v  0.2813 4.8773 2.9581
v  0.3712 4.7426 2.8270
v  0.1803 5.0459 3.1426
v  0.9448 4.9349 2.5592
v  0.8804 5.0306 2.6202
v  0.7732 4.8978 2.6414
v  0.6504 4.8229 2.7054
v  0.5300 4.7509 2.7327
v  0.7488 5.2274 2.7686
v  0.6164 5.4497 3.0082
v  0.0684 3.8814 3.1427
v  0.4376 4.0421 3.0447
v  0.1288 3.7792 3.1323
v  0.4924 3.9224 3.0145
v  0.4078 4.6803 2.7594
v  0.9846 3.9803 2.8000
v  0.9912 4.1181 2.8990
v  0.8525 4.0559 2.9372
v  0.8470 3.9187 2.8297
v  0.1196 3.7075 3.0144
v  0.4836 3.8231 2.8966
v  0.7068 3.8713 2.8518
v  0.7170 3.9927 2.9742
v  0.6580 4.1366 2.9985
v  0.8112 4.1951 2.9915
v  -0.0726 4.2675 2.6018
v  0.2062 4.4207 2.5056
v  0.2494 4.3203 2.4406
v  -0.0303 4.1731 2.5714
v  0.9574 4.2601 2.9548
v  0.6893 4.6527 2.2815
v  0.7482 4.5285 2.2279
v  0.5924 4.4648 2.2988
v  0.5360 4.5841 2.3591
v  0.0173 4.1007 2.5613
v  0.3168 4.2232 2.4400
v  0.5122 4.3020 2.3589
v  0.4513 4.4011 2.3750
v  0.6485 4.3593 2.2767
v  0.3964 4.5128 2.4333
v  0.1675 5.6323 3.6311
v  0.0730 5.5306 3.6092
v  0.2796 5.7389 3.6499
v  0.3293 5.6621 3.5467
v  0.2159 5.5645 3.5332
v  0.1243 5.4632 3.5277
v  0.8050 4.4139 2.2216
v  0.0413 5.3524 3.5348
v  -0.0171 5.4225 3.5988
v  0.5194 5.6425 3.2937
v  0.4598 5.7808 3.5401
v  0.3894 5.5281 3.3211
v  0.2877 5.4203 3.3389
v  0.2021 5.3129 3.3557
v  0.4296 5.8526 3.6666
v  -0.1839 4.6534 3.8180
v  -0.1724 4.6108 3.7457
v  0.1494 4.9366 3.6851
v  0.1498 4.9946 3.7669
v  -0.1442 4.5237 3.6337
v  0.1747 4.8075 3.5552
v  0.1092 5.2109 3.3646
v  0.5617 5.1921 3.4275
v  0.5353 5.3291 3.5966
v  0.4249 5.2273 3.6170
v  0.4468 5.0899 3.4561
v  0.3227 5.1835 3.7305
v  0.3165 5.1241 3.6389
v  0.4313 5.2810 3.7117
v  0.4338 5.3030 3.7920
v  0.3224 5.2102 3.8104
v  0.3380 4.9844 3.4894
v  -0.1172 5.9234 4.3398
v  -0.0078 6.0970 4.3424
v  -0.2487 6.1362 4.5187
v  -0.3417 5.9623 4.5068
v  -0.4244 5.7965 4.5077
v  -0.2079 5.7541 4.3563
v  0.0029 5.7036 4.2570
v  0.1005 5.8738 4.2334
v  0.2173 6.0460 4.2175
v  0.5336 5.3831 3.6913
v  0.5297 5.4079 3.7708
v  -0.2955 5.5862 4.3776
v  -0.5029 5.6302 4.5142
v  -0.0889 5.5305 4.2927
v  0.4958 6.1504 4.1570
v  0.3316 6.0044 4.1719
v  0.3690 6.2220 4.2098
v  0.1258 6.2808 4.3611
v  -0.1341 6.3194 4.5593
v  -0.6609 5.1692 3.8742
v  -0.4670 5.4653 3.9331
v  -0.7151 5.2004 3.9456
v  -0.5381 5.5105 4.0044
v  -0.4662 6.0177 4.1897
v  -0.5283 5.9028 4.1713
v  -0.6801 5.9981 4.3208
v  -0.6185 6.1123 4.3444
v  -0.3082 5.9215 4.0755
v  -0.3723 5.8059 4.0592
v  -0.3555 5.6403 3.9696
v  -0.2946 5.7615 3.9818
v  -0.4308 5.6860 4.0468
v  -0.8141 5.2601 4.0356
v  -0.9177 5.3223 4.1371
v  -0.8097 5.6821 4.2538
v  -0.6744 5.5972 4.1176
v  -0.5837 5.7834 4.1623
v  -0.7335 5.8782 4.3080
v  -0.2174 5.8698 4.0031
v  -0.9489 6.5782 5.1564
v  -1.0391 6.4377 5.0538
v  -1.1556 6.4810 5.1447
v  -1.0362 6.6069 5.2407
v  -0.8702 6.5648 5.0457
v  -0.9347 6.4102 4.9383
v  -1.1107 6.3213 4.9457
v  -1.1513 6.1871 4.8712
v  -1.2789 6.2395 4.9236
v  -1.2439 6.3776 5.0218
v  -0.9858 6.2665 4.8703
v  -1.0345 6.1333 4.8178
v  -0.7831 6.5501 4.9014
v  -0.8398 6.3916 4.8084
v  -1.1384 5.0491 4.8478
v  -1.1174 5.0702 4.7759
v  -1.0240 5.4147 4.9069
v  -1.0561 5.4045 4.9783
v  -1.0628 5.4074 5.0652
v  -1.1421 5.0376 4.9274
v  -1.1766 6.0364 4.8261
v  -1.0801 5.9979 4.7691
v  -1.2878 6.0797 4.8641
v  -0.9820 5.6296 5.0699
v  -0.9441 5.6373 4.9996
v  -0.8823 5.8045 5.0664
v  -0.9232 5.7941 5.1380
v  -0.9232 5.7867 5.2233
v  -0.9910 5.6327 5.1568
v  -0.9445 5.4220 4.8092
v  -1.0541 5.0831 4.6924
v  -1.3712 5.1411 5.1471
v  -1.2619 5.1078 5.1127
v  -1.1333 5.4851 5.3705
v  -1.2637 5.5301 5.4640
v  -1.1821 5.0607 5.0338
v  -1.0707 5.4361 5.2183
v  -0.8304 5.9767 5.1280
v  -0.8774 5.9640 5.2026
v  -0.8584 5.9442 5.2892
v  -1.3960 6.2960 5.4389
v  -1.4754 6.1737 5.3597
v  -1.5000 6.1464 5.5180
v  -1.4013 6.2696 5.5766
v  -1.2984 6.4203 5.5129
v  -1.2895 6.4579 5.3956
v  -1.3723 6.3236 5.3058
v  -1.4295 6.1906 5.2133
v  -1.5000 6.0265 5.2827
v  -1.4503 6.0414 5.1331
v  -1.5332 5.9974 5.4372
v  -1.1508 6.6474 5.3359
v  -1.2479 6.4880 5.2632
v  -1.2131 6.6341 5.4663
v  -1.3282 6.3613 5.1611
v  -1.3772 6.2272 5.0568
v  -1.2144 6.5799 5.5819
v  -0.6379 5.9892 4.8200
v  -0.5689 6.1651 4.8573
v  -0.6923 6.1584 5.0379
v  -0.7495 5.9869 4.9872
v  -0.7996 5.8123 4.9416
v  -0.6883 5.8141 4.7963
v  -1.3942 6.0748 4.9774
v  -0.8609 5.6439 4.8883
v  -0.7500 5.6452 4.7643
v  -0.3239 6.3431 4.7368
v  -0.4262 6.1566 4.6898
v  -0.4771 6.3469 4.9102
v  -0.5056 5.9809 4.6662
v  -0.5738 5.8126 4.6543
v  -0.6262 6.3255 5.0950
v  -0.9950 5.9927 4.6505
v  -1.0607 5.7783 4.5616
v  -0.9386 6.1183 4.7031
v  -0.8534 6.1024 4.5752
v  -0.9054 5.9782 4.5313
v  -0.9701 5.7697 4.4555
v  -0.6410 5.6444 4.6442
v  -0.8837 6.2452 4.7538
v  -0.7943 6.2221 4.6253
v  -0.9957 5.3705 4.2273
v  -0.8963 5.7377 4.3613
v  -1.0686 5.3972 4.3095
v  -0.8275 5.9402 4.4262
v  -0.7765 6.0623 4.4538
v  -1.1558 5.3939 4.3897
v  -0.7161 6.1784 4.4909
v  -0.2313 -0.1232 0.4497
v  -0.1296 -0.1369 0.4008
v  -0.1448 -0.0678 0.3962
v  -0.2366 -0.0605 0.4711
v  -0.0477 -0.1545 0.3699
v  0.0220 -0.1725 0.3403
v  -0.0072 -0.1107 0.2882
v  -0.0511 -0.0903 0.3760
v  0.0776 -0.1914 0.2865
v  0.6505 1.6833 1.3037
v  0.5339 1.6991 1.3167
v  0.5212 1.6141 1.2805
v  0.6341 1.5887 1.2583
v  0.6449 1.7882 1.2886
v  0.5314 1.7920 1.3111
v  0.4229 1.7108 1.3324
v  0.4196 1.7931 1.3265
v  0.4115 1.6330 1.3068
v  0.6081 1.5317 1.1801
v  0.4968 1.5615 1.2141
v  0.3853 1.5863 1.2476
v  0.4001 1.8512 1.2912
v  0.5151 1.8603 1.2780
v  0.4916 1.9196 1.2256
v  0.3792 1.9114 1.2586
v  0.4024 2.3202 1.3904
v  0.3871 2.1147 1.3008
v  0.5040 2.1360 1.2606
v  0.5154 2.3444 1.3421
v  0.6023 1.9302 1.1972
v  0.5874 2.0211 1.1649
v  0.6069 2.1542 1.2176
v  0.4870 2.0077 1.2119
v  0.6258 1.8652 1.2475
v  0.3825 1.9895 1.2711
v  0.6165 2.3692 1.2871
v  0.2102 5.8432 4.1910
v  0.1158 5.6717 4.2290
v  0.1956 5.6155 4.2300
v  0.2842 5.7819 4.1767
v  0.5656 5.4002 3.9302
v  0.4636 5.2879 3.9483
v  0.5196 5.4784 4.0935
v  0.4240 5.3470 4.1192
v  0.0998 5.4445 4.2656
v  0.2192 5.3294 4.2624
v  0.3066 5.2305 4.1268
v  0.3266 5.4799 4.2450
v  0.0197 5.4971 4.2593
v  0.4159 5.6326 4.1996
v  0.3412 5.1957 3.9588
v  -1.3305 6.2102 5.7182
v  -1.4417 6.0670 5.6933
v  -1.2716 5.9655 5.7597
v  -1.1859 6.1297 5.7811
v  -1.4881 5.9159 5.5916
v  -1.3425 5.8232 5.6574
v  -1.1736 5.7489 5.6242
v  -1.0446 5.7039 5.4951
v  -0.9613 5.8338 5.5702
v  -1.0958 5.8887 5.7045
v  -1.0258 6.0506 5.7506
v  -0.8940 5.9889 5.6254
v  -0.8616 5.9593 5.4416
v  -0.9307 5.8071 5.3812
v  -0.9956 5.6601 5.3195
v  0.0081 8.1461 5.7272
v  0.0560 8.1738 5.7684
v  -0.1996 8.2190 6.0023
v  -0.1706 8.3039 6.0845
v  -0.3352 8.2442 6.1040
v  -0.4385 8.2411 6.1279
v  -0.4125 8.3235 6.1786
v  -0.3118 8.3291 6.1529
v  -0.5432 8.2167 6.1955
v  -0.5962 8.1629 6.2981
v  -0.5621 8.2520 6.3466
v  -0.5110 8.2997 6.2464
v  -0.6052 8.1085 6.4013
v  -0.5713 8.2010 6.4511
v  -0.5620 8.0514 6.4990
v  -0.5283 8.1456 6.5506
v  -0.4517 7.9980 6.5631
v  -0.4225 8.0928 6.6212
v  -0.3318 7.9463 6.5932
v  -0.2984 8.0448 6.6437
v  -0.2330 7.8940 6.5672
v  -0.1628 7.8731 6.4848
v  -0.1171 7.9673 6.5334
v  -0.1955 7.9933 6.6149
v  -0.0806 7.9900 6.4304
v  -0.1217 7.8977 6.3831
v  -0.1096 7.9480 6.2875
v  -0.0689 8.0376 6.3385
v  0.1940 7.9731 5.7999
v  0.0081 7.9971 6.0945
v  0.2595 8.1009 5.8427
v  0.0603 8.1343 6.1753
v  -0.0692 7.9793 6.2279
v  -0.0215 8.0778 6.2804
v  0.1574 8.1911 5.8021
v  -0.0095 8.2641 6.1012
v  -0.2910 8.4273 6.2230
v  -0.3885 8.4306 6.2497
v  -0.3529 8.5369 6.3312
v  -0.2628 8.5292 6.3003
v  -0.1710 8.4964 6.2960
v  -0.1876 8.4107 6.2132
v  -0.4734 8.4133 6.3197
v  -0.4221 8.5283 6.3969
v  -0.5184 8.3798 6.4167
v  -0.4622 8.5113 6.4839
v  -0.5198 8.3393 6.5230
v  -0.4578 8.4843 6.5859
v  -0.4707 8.2946 6.6202
v  -0.4079 8.4541 6.6774
v  -0.3721 8.2557 6.6838
v  -0.3203 8.4299 6.7350
v  -0.2580 8.2194 6.6966
v  -0.2170 8.4027 6.7488
v  -0.1568 8.1709 6.6696
v  -0.0698 8.1341 6.5996
v  -0.0531 8.3257 6.6373
v  -0.1230 8.3630 6.7080
v  -0.3686 8.6339 6.4502
v  -0.3023 8.6367 6.3983
v  -0.4060 8.6215 6.5238
v  -0.3540 8.6760 6.5467
v  -0.3078 8.6994 6.5129
v  -0.2423 8.7068 6.4798
v  -0.4050 8.6030 6.6144
v  -0.3382 8.6796 6.6134
v  -0.3594 8.5816 6.6944
v  -0.3226 8.6504 6.6790
v  -0.0352 8.1384 6.5026
v  -0.0257 8.1622 6.4204
v  -0.0240 8.3057 6.4893
v  -0.0201 8.3060 6.5609
v  -0.2780 8.5660 6.7462
v  -0.2543 8.6661 6.7028
v  -0.1780 8.5458 6.7609
v  -0.1622 8.6523 6.7046
v  -0.2666 8.7179 6.6078
v  -0.1862 8.7221 6.5974
v  -0.1154 8.6916 6.5805
v  -0.0671 8.6400 6.5612
v  -0.0892 8.6278 6.4644
v  -0.1656 8.6845 6.4670
v  -0.0869 8.6252 6.6786
v  -0.0329 8.5846 6.6319
v  -0.0924 8.5113 6.7190
v  -0.0332 8.4729 6.6540
v  -0.0780 8.3423 6.2439
v  -0.1021 8.4217 6.3196
v  -0.0654 8.3582 6.3718
v  -0.0201 8.2535 6.2964
v  -0.1425 8.5781 6.3758
v  -0.2177 8.6244 6.3745
v  -0.0428 8.3224 6.4265
v  -0.0370 8.4545 6.4708
v  -0.0406 8.5567 6.5064
v  -0.0175 8.5101 6.5350
v  -0.0140 8.4275 6.5248
v  -0.0675 8.4905 6.4198
v  -0.0983 8.5061 6.3732
v  -0.0405 8.5941 6.5505
v  -0.0157 8.5372 6.5785
v  -0.0103 8.4391 6.5848
v  -0.4854 0.9511 0.4467
v  -0.4711 0.7738 0.3501
v  -0.6449 0.8312 0.2616
v  -0.6741 1.0008 0.3709
v  -0.7582 0.7805 0.2990
v  -0.7823 0.9433 0.4177
v  -0.2251 0.9129 0.3882
v  -0.2307 0.7441 0.2758
v  0.2371 0.3641 -0.1392
v  0.2243 0.2770 -0.1785
v  0.1356 0.2821 -0.1201
v  0.1433 0.3699 -0.0809
v  0.0009 0.2988 -0.0567
v  0.0011 0.3886 -0.0159
v  -0.0036 0.4902 0.0364
v  0.1455 0.4688 -0.0298
v  0.2456 0.4613 -0.0880
v  0.1485 0.5666 0.0231
v  -0.0062 0.5890 0.0938
v  0.2533 0.5589 -0.0374
v  0.8710 0.9007 -0.2771
v  0.7807 0.9145 -0.2230
v  0.9631 0.8803 -0.3231
v  0.8652 0.6623 -0.3679
v  0.7890 0.6834 -0.3287
v  0.7163 0.7015 -0.2844
v  0.6979 0.3542 -0.4179
v  0.7711 0.3439 -0.4524
v  0.7452 0.2661 -0.4883
v  0.6696 0.2689 -0.4558
v  0.5968 0.2718 -0.4212
v  0.6276 0.3631 -0.3817
v  0.6555 0.4623 -0.3480
v  0.7246 0.4489 -0.3854
v  0.7967 0.4338 -0.4204
v  0.9634 0.6429 -0.4046
v  1.0699 0.8558 -0.3613
v  1.1781 0.8235 -0.3802
v  1.0713 0.6216 -0.4315
v  0.7481 0.5453 -0.3589
v  0.6804 0.5625 -0.3195
v  0.8193 0.5264 -0.3951
v  1.2668 0.7838 -0.3683
v  1.1753 0.5932 -0.4358
v  1.2236 0.3300 -0.4635
v  1.1686 0.3654 -0.4919
v  1.2076 0.4431 -0.4578
v  1.2626 0.4077 -0.4291
v  1.2994 0.3715 -0.3975
v  1.2593 0.2897 -0.4298
v  1.1489 0.1965 -0.5246
v  1.1799 0.1506 -0.4887
v  1.1327 0.1038 -0.5320
v  1.0935 0.1368 -0.5775
v  1.2166 0.2123 -0.4597
v  1.1834 0.2556 -0.4958
v  1.0942 0.2328 -0.5644
v  1.1301 0.2914 -0.5268
v  1.3134 0.3362 -0.3425
v  1.2730 0.2466 -0.3772
v  1.2545 0.3277 -0.3015
v  1.2253 0.2249 -0.3288
v  1.1680 0.0507 -0.4822
v  1.1978 0.0951 -0.4417
v  1.1742 0.0470 -0.3942
v  1.1943 0.1256 -0.3600
v  1.2286 0.1621 -0.4106
v  1.1852 0.3164 -0.2941
v  1.1632 0.2109 -0.3163
v  1.0874 0.2901 -0.2831
v  1.0719 0.1841 -0.3072
v  1.1658 0.0040 -0.4423
v  1.1217 0.0223 -0.3812
v  1.1208 -0.0325 -0.4224
v  1.0348 -0.0058 -0.3804
v  1.0254 -0.0660 -0.4205
v  1.0529 0.0804 -0.3393
v  1.1396 0.1074 -0.3443
v  0.9469 0.2417 -0.2565
v  0.9272 0.1317 -0.2857
v  0.7803 0.1930 -0.1883
v  0.7545 0.0791 -0.2231
v  0.6518 0.5006 0.0265
v  0.6231 0.3100 -0.0260
v  0.4937 0.4776 0.1906
v  0.4629 0.2956 0.1287
v  0.8776 -0.0590 -0.3763
v  0.8685 -0.1187 -0.4172
v  0.7003 -0.1219 -0.3058
v  0.6952 -0.1815 -0.3376
v  0.7235 -0.0308 -0.2659
v  0.9014 0.0267 -0.3273
v  0.5297 -0.2149 -0.1970
v  0.5359 -0.1531 -0.1713
v  0.6023 0.1682 -0.0622
v  0.4403 0.1602 0.0841
v  0.4168 0.0504 0.0423
v  0.5773 0.0549 -0.1007
v  0.3990 -0.0630 0.0071
v  0.5520 -0.0579 -0.1399
v  0.3380 0.2986 0.2506
v  0.3772 0.4713 0.3207
v  0.2819 0.4785 0.4150
v  0.2353 0.3133 0.3383
v  0.3115 0.1677 0.2029
v  0.2085 0.1830 0.2932
v  0.1910 0.0712 0.2630
v  0.2901 0.0582 0.1649
v  0.1772 -0.0429 0.2372
v  0.2701 -0.0539 0.1294
v  -0.4245 0.3096 0.8396
v  -0.3111 0.3425 0.7432
v  -0.2938 0.5039 0.8270
v  -0.4012 0.4638 0.9307
v  -0.5410 0.4482 0.9829
v  -0.5700 0.3107 0.8857
v  -0.4454 0.2003 0.7647
v  -0.5917 0.2066 0.8154
v  -0.6098 0.1212 0.7569
v  -0.4627 0.1107 0.7014
v  -0.3360 0.1246 0.6292
v  -0.3249 0.2234 0.6802
v  -0.6293 0.0500 0.6896
v  -0.4783 0.0200 0.6403
v  -0.3468 0.0256 0.5798
v  -0.7152 0.4673 0.9742
v  -0.7373 0.3616 0.8825
v  -0.8435 0.5594 0.8646
v  -0.8659 0.4626 0.7921
v  -0.7507 0.2820 0.8111
v  -0.8887 0.3730 0.7683
v  -0.9058 0.3045 0.7294
v  -0.7669 0.2087 0.7547
v  -1.1164 0.6574 0.8003
v  -1.1215 0.5818 0.7452
v  -1.1086 0.5397 0.7951
v  -1.0935 0.6116 0.8586
v  -0.9239 0.2398 0.6901
v  -0.7847 0.1401 0.7007
v  -0.9865 0.5804 0.8691
v  -1.0086 0.4956 0.8101
v  -1.0229 0.4294 0.7678
v  -1.1125 0.4768 0.7494
v  -1.1186 0.4147 0.7160
v  -1.0336 0.3721 0.7305
v  -1.1257 0.3537 0.6823
v  -1.0453 0.3157 0.6915
v  -1.1606 0.3210 0.6166
v  -1.1537 0.3795 0.6399
v  -1.1423 0.4458 0.6722
v  -1.1408 0.4663 0.6252
v  -1.1592 0.3965 0.5890
v  -1.1311 0.5121 0.7048
v  -1.1192 0.5348 0.6624
v  0.3576 0.3671 -0.2216
v  0.3363 0.2764 -0.2600
v  0.2864 0.2760 -0.2233
v  0.3037 0.3644 -0.1845
v  0.3164 0.4621 -0.1364
v  0.3741 0.4660 -0.1766
v  0.4725 0.7069 -0.1216
v  0.5071 0.9067 -0.0396
v  0.5837 0.9148 -0.0917
v  0.5439 0.7116 -0.1714
v  0.3274 0.5613 -0.0893
v  0.3883 0.5667 -0.1330
v  0.6803 0.9179 -0.1565
v  0.6297 0.7104 -0.2290
v  0.5176 0.5749 -0.2204
v  0.5989 0.5722 -0.2712
v  0.5751 0.4701 -0.3029
v  0.4965 0.4725 -0.2562
v  0.4318 0.4702 -0.2153
v  0.4495 0.5722 -0.1755
v  0.1965 0.4919 0.4776
v  0.1172 0.5091 0.5240
v  0.0712 0.3483 0.4396
v  0.1493 0.3297 0.3969
v  0.5486 0.3693 -0.3391
v  0.5179 0.2757 -0.3791
v  0.4442 0.2781 -0.3349
v  0.4727 0.3718 -0.2957
v  0.4116 0.3702 -0.2575
v  0.3862 0.2777 -0.2963
v  0.1257 0.1972 0.3562
v  0.0499 0.2144 0.3990
v  0.0374 0.0985 0.3740
v  0.1107 0.0831 0.3295
v  -0.0379 0.1206 0.4100
v  -0.1305 0.1423 0.4470
v  -0.1433 0.0316 0.4126
v  -0.0471 0.0047 0.3899
v  0.0293 -0.0196 0.3594
v  0.1006 -0.0330 0.3100
v  0.0993 -0.1295 0.3090
v  0.0397 0.5244 0.5747
v  -0.0511 0.5317 0.6392
v  -0.0932 0.3753 0.5474
v  -0.0056 0.3661 0.4858
v  -0.0268 0.2350 0.4381
v  -0.1162 0.2501 0.4886
v  -0.1760 0.5303 0.7197
v  -0.2090 0.3734 0.6282
v  -0.2229 0.2476 0.5714
v  -0.2291 0.1406 0.5319
v  -0.2345 0.0321 0.4980
v  -0.4555 0.6365 0.2835
v  -0.2254 0.6210 0.1952
v  -0.2145 0.5198 0.1306
v  -0.4392 0.5272 0.2218
v  -0.4218 0.4141 0.1569
v  -0.2017 0.4157 0.0699
v  -0.1906 0.3207 0.0227
v  -0.4065 0.3087 0.0886
v  -0.5852 0.4763 0.0559
v  -0.7212 0.4944 -0.0004
v  -0.7311 0.5746 0.0995
v  -0.5997 0.5883 0.1197
v  -0.5709 0.3688 -0.0079
v  -0.9622 0.8248 0.5263
v  -0.9607 0.7146 0.3826
v  -1.0198 0.7285 0.3914
v  -1.0410 0.8107 0.5243
v  -0.9034 0.8581 0.5011
v  -0.9031 0.7243 0.3560
v  -0.7427 0.6633 0.1967
v  -0.6202 0.7007 0.1844
v  -0.8445 0.8930 0.4673
v  -0.8380 0.7456 0.3276
v  -0.8960 0.5263 0.0737
v  -0.8893 0.5749 0.1596
v  -0.8207 0.5653 0.1211
v  -0.8213 0.5087 0.0190
v  -0.9606 0.5495 0.1283
v  -0.9554 0.5920 0.2045
v  -1.0133 0.5837 0.1722
v  -1.0130 0.6274 0.2368
v  -0.9577 0.6432 0.2821
v  -1.0134 0.6707 0.3034
v  -0.8955 0.6367 0.2470
v  -0.8276 0.6412 0.2178
v  1.1201 0.4731 -0.4729
v  1.0161 0.4937 -0.4600
v  1.0840 0.3907 -0.5014
v  0.9857 0.4059 -0.4852
v  0.8594 0.3326 -0.4878
v  0.9538 0.3217 -0.5176
v  0.9243 0.2568 -0.5508
v  0.8335 0.2612 -0.5224
v  0.8871 0.4198 -0.4559
v  1.0477 0.3127 -0.5362
v  1.0098 0.2588 -0.5671
v  0.9126 0.5101 -0.4309
v  -1.1038 0.4845 0.5685
v  -1.0816 0.5577 0.6171
v  -1.0583 0.5862 0.5576
v  -1.0755 0.5122 0.5043
v  -1.0501 0.5841 0.2196
v  -1.0522 0.6255 0.2773
v  -1.0742 0.5745 0.2645
v  -1.0727 0.6100 0.3165
v  -1.0683 0.6452 0.3659
v  -1.0586 0.6665 0.4289
v  -1.0590 0.7106 0.4130
v  -1.0551 0.6687 0.3344
v  -1.0555 0.7443 0.5313
v  -1.0472 0.6747 0.5173
v  -1.1260 0.4110 0.5200
v  -1.0945 0.4389 0.4485
v  -1.0826 0.5375 0.3514
v  -1.0712 0.5778 0.3933
v  -1.0740 0.5932 0.3516
v  -1.0791 0.5609 0.3089
v  -1.0696 0.5477 0.4446
v  -1.0866 0.4905 0.3948
v  -1.0624 0.6234 0.4225
v  -1.0667 0.6228 0.3811
v  -1.0561 0.6101 0.4865
v  -0.0128 8.1974 6.3532
# 3488 vertices

vn -0.8480 0.2541 -0.4652
vn -0.7350 0.3643 -0.5719
vn -0.7293 0.3414 -0.5929
vn -0.8487 0.2584 -0.4615
vn -0.7629 0.3931 -0.5133
vn -0.8182 0.2756 -0.5046
vn -0.8026 0.3030 -0.5138
vn -0.8193 0.2979 -0.4899
vn -0.7623 0.3332 -0.5548
vn -0.8243 0.2908 -0.4858
vn -0.8205 0.2955 -0.4894
vn -0.7932 0.3090 -0.5247
vn -0.7623 0.3236 -0.5605
vn -0.7416 0.3453 -0.5751
vn -0.7534 0.3339 -0.5665
vn -0.3400 0.4430 -0.8295
vn -0.0768 0.2568 -0.9634
vn 0.0319 0.5145 -0.8569
vn -0.3219 0.4955 -0.8067
vn -0.4107 0.4364 -0.8005
vn -0.2485 0.1891 -0.9500
vn 0.0716 0.5252 -0.8479
vn 0.1373 0.4773 -0.8679
vn -0.1634 0.5529 -0.8171
vn -0.2877 0.5159 -0.8069
vn -0.4513 0.4883 -0.7469
vn -0.4626 0.5130 -0.7231
vn -0.5488 0.5062 -0.6653
vn -0.5415 0.4483 -0.7112
vn -0.4974 0.4281 -0.7545
vn -0.3966 0.4733 -0.7866
vn -0.3165 0.5183 -0.7945
vn -0.3391 0.5232 -0.7819
vn -0.3447 0.5069 -0.7901
vn -0.4070 0.5246 -0.7477
vn -0.3439 0.5062 -0.7909
vn -0.4271 0.5553 -0.7136
vn -0.4955 0.5607 -0.6634
vn -0.3228 0.4870 -0.8115
vn -0.3179 0.4763 -0.8198
vn -0.1448 0.5094 -0.8483
vn -0.1731 0.5037 -0.8463
vn -0.1550 0.4458 -0.8816
vn 0.8817 -0.4173 0.2201
vn 0.8796 -0.3705 0.2984
vn 0.8443 -0.0623 -0.5322
vn 0.8488 -0.0712 -0.5240
vn 0.8270 -0.1233 -0.5486
vn 0.9420 -0.3348 -0.0236
vn 0.4506 -0.5131 0.7305
vn 0.1946 -0.4623 0.8651
vn 0.2543 -0.3546 0.8998
vn 0.7187 -0.3813 0.5814
vn 0.6555 -0.4316 0.6196
vn 0.6568 -0.4145 0.6299
vn 0.6148 -0.4322 0.6597
vn 0.5635 -0.4563 0.6886
vn 0.7427 -0.3727 0.5563
vn 0.5110 -0.5138 0.6891
vn 0.3769 -0.5466 0.7478
vn 0.2249 -0.5868 0.7778
vn 0.4234 -0.5556 0.7156
vn 0.3759 -0.5571 0.7405
vn 0.3495 -0.6793 0.6453
vn 0.3572 -0.6621 0.6589
vn 0.5374 -0.5139 0.6687
vn 0.5252 -0.5820 0.6208
vn 0.4595 -0.4935 0.7385
vn 0.3805 -0.4922 0.7829
vn 0.7323 -0.4891 0.4738
vn 0.7497 -0.5707 0.3351
vn 0.6211 -0.6783 0.3926
vn 0.6111 -0.5770 0.5419
vn -0.2499 -0.5736 0.7801
vn -0.1206 -0.5972 0.7930
vn -0.3577 -0.6182 0.6999
vn -0.4437 -0.5927 0.6722
vn -0.4740 -0.5710 0.6702
vn -0.3698 -0.5472 0.7509
vn -0.4681 0.6604 -0.5872
vn -0.5157 0.6952 -0.5007
vn -0.7802 0.4366 -0.4480
vn -0.7402 0.4288 -0.5179
vn -0.7373 0.3414 -0.5830
vn -0.4984 0.5489 -0.6710
vn -0.2838 0.6774 -0.6786
vn -0.3272 0.7464 -0.5795
vn -0.3655 0.7897 -0.4927
vn -0.4201 0.4785 -0.7711
vn -0.3233 0.3978 -0.8586
vn -0.7280 0.3738 -0.5747
vn -0.6569 0.4326 -0.6175
vn -0.3846 0.5996 -0.7018
vn -0.2605 0.6350 -0.7273
vn -0.2789 0.7332 -0.6202
vn -0.0972 0.8733 -0.4773
vn 0.0261 0.9493 -0.3133
vn -0.1290 0.8314 -0.5405
vn -0.5363 0.5763 -0.6166
vn -0.3937 0.7183 -0.5736
vn -0.8084 0.2771 -0.5193
vn -0.7975 0.2410 -0.5531
vn -0.7470 0.3204 -0.5825
vn -0.7770 0.2915 -0.5579
vn -0.7560 0.3210 -0.5704
vn -0.6853 0.4361 -0.5832
vn -0.8093 0.2621 -0.5257
vn -0.8210 0.2731 -0.5014
vn -0.2292 0.0585 -0.9716
vn -0.3095 -0.1020 -0.9454
vn -0.3636 -0.1676 -0.9164
vn -0.3606 0.1348 -0.9229
vn -0.3449 0.3350 -0.8768
vn -0.2484 0.7875 -0.5640
vn -0.2631 0.7501 -0.6068
vn -0.3683 0.2069 -0.9064
vn -0.0938 0.9676 -0.2344
vn -0.0090 0.9947 -0.1024
vn -0.1142 0.9835 -0.1400
vn -0.1217 0.9760 -0.1806
vn -0.4012 0.2445 -0.8827
vn -0.4524 -0.1660 -0.8762
vn -0.4891 -0.1328 -0.8621
vn -0.4429 0.3235 -0.8362
vn 0.5922 0.0158 -0.8056
vn 0.8465 -0.4156 -0.3327
vn 0.5016 -0.6811 -0.5334
vn 0.2736 -0.2823 -0.9195
vn 0.0878 0.3351 -0.9381
vn -0.0310 0.0587 -0.9978
vn 0.2414 0.5385 -0.8073
vn 0.7047 0.2460 -0.6655
vn 0.9732 -0.1736 -0.1506
vn 0.3927 0.6774 -0.6221
vn 0.5629 0.7157 -0.4134
vn 0.6714 0.7331 -0.1082
vn 0.7557 0.5273 -0.3884
vn 0.8252 0.5037 0.2556
vn 0.9802 0.1773 0.0877
vn 0.2264 -0.9488 -0.2201
vn 0.5930 -0.7243 -0.3517
vn 0.4626 -0.4773 -0.7471
vn 0.1455 -0.7730 -0.6175
vn 0.3713 -0.9257 -0.0725
vn 0.1667 -0.9521 0.2562
vn 0.2590 -0.9510 0.1688
vn 0.3660 -0.8983 0.2432
vn 0.6179 -0.6808 0.3933
vn 0.6938 -0.7013 0.1639
vn 0.4642 -0.8214 0.3313
vn 0.4220 -0.8900 0.1726
vn 0.6688 -0.6754 0.3107
vn 0.6025 -0.5812 0.5470
vn -0.3472 0.4561 -0.8194
vn -0.2416 0.4826 -0.8419
vn -0.1662 0.6817 -0.7125
vn -0.2874 0.6901 -0.6642
vn -0.3235 0.6811 -0.6568
vn -0.3676 0.4409 -0.8189
vn -0.3765 0.1125 -0.9196
vn -0.3277 0.1940 -0.9246
vn -0.2163 0.2553 -0.9424
vn -0.2169 0.3922 -0.8939
vn -0.2368 0.3311 -0.9134
vn -0.2282 0.3305 -0.9158
vn -0.0475 0.7817 -0.6218
vn -0.1069 0.7374 -0.6669
vn -0.1790 0.6532 -0.7357
vn 0.1733 -0.9786 0.1109
vn 0.1796 -0.9715 0.1546
vn 0.4630 -0.6519 0.6005
vn 0.4667 -0.6836 0.5611
vn 0.2538 -0.6541 0.7125
vn 0.0718 -0.9513 0.2998
vn 0.0354 -0.9970 0.0681
vn 0.1662 -0.9778 0.1277
vn 0.1664 -0.9751 0.1463
vn 0.6332 -0.0255 0.7736
vn 0.5893 -0.0294 0.8074
vn 0.5460 0.4516 0.7056
vn 0.5990 0.4638 0.6527
vn 0.4809 0.4153 0.7722
vn 0.4374 -0.0870 0.8951
vn 0.4576 0.6461 0.6109
vn 0.5414 0.6616 0.5188
vn 0.6015 0.4265 0.6755
vn 0.5259 0.4942 0.6923
vn 0.4882 0.6415 0.5917
vn 0.5358 0.3510 0.7679
vn 0.6737 -0.4659 0.5736
vn 0.5898 -0.4397 0.6773
vn 0.5110 -0.6642 0.5456
vn 0.5427 -0.3504 0.7633
vn 0.6598 -0.2708 0.7010
vn 0.6047 -0.3001 0.7378
vn 0.6667 -0.1194 0.7357
vn 0.5406 -0.0465 0.8400
vn 0.5342 0.2761 0.7990
vn 0.7091 0.0440 0.7037
vn 0.7346 -0.1709 0.6567
vn 0.6640 -0.2356 0.7096
vn -0.5465 0.6414 -0.5385
vn -0.5304 0.5770 -0.6211
vn -0.7904 0.3037 -0.5320
vn -0.8198 0.3609 -0.4447
vn -0.2967 0.7730 -0.5608
vn -0.2451 0.7458 -0.6195
vn -0.2393 0.7667 -0.5957
vn -0.1769 0.7627 -0.6220
vn -0.3711 0.7758 -0.5103
vn -0.4416 0.6903 -0.5732
vn -0.3333 0.6807 -0.6524
vn -0.2835 0.6856 -0.6705
vn -0.4722 0.5589 -0.6817
vn -0.4424 0.5611 -0.6996
vn -0.5072 0.5619 -0.6535
vn -0.5662 0.4927 -0.6608
vn -0.5368 0.4748 -0.6974
vn -0.4917 0.4802 -0.7263
vn -0.4754 0.4480 -0.7572
vn -0.4398 0.4518 -0.7762
vn -0.5151 0.4940 -0.7004
vn -0.4735 0.4928 -0.7300
vn -0.4526 0.4371 -0.7772
vn -0.4398 0.4377 -0.7842
vn 0.4748 -0.4020 0.7829
vn 0.9020 -0.3631 0.2335
vn 0.9561 -0.2704 -0.1132
vn 0.8305 -0.4917 0.2619
vn 0.5885 -0.5971 0.5452
vn 0.4011 -0.4335 0.8070
vn 0.4050 -0.2901 0.8671
vn 0.6427 -0.3470 0.6830
vn 0.9155 -0.3667 0.1654
vn 0.4738 -0.4528 0.7553
vn 0.4209 -0.4580 0.7830
vn 0.5413 -0.3993 0.7399
vn 0.5897 -0.4308 0.6831
vn 0.5343 -0.5605 0.6327
vn 0.4659 -0.5218 0.7146
vn 0.4390 -0.5082 0.7410
vn 0.4275 -0.4725 0.7707
vn 0.4129 -0.4677 0.7815
vn 0.5922 -0.4984 0.6331
vn 0.7783 -0.3251 0.5372
vn 0.8032 -0.2856 0.5227
vn 0.6218 -0.4681 0.6279
vn 0.5562 -0.5299 0.6402
vn 0.5519 -0.5187 0.6530
vn 0.5780 -0.5212 0.6280
vn 0.5913 -0.5204 0.6161
vn 0.7601 -0.3536 0.5452
vn -0.4123 0.3589 -0.8374
vn -0.3830 0.3874 -0.8386
vn -0.3884 0.5340 -0.7510
vn -0.4147 0.5406 -0.7319
vn -0.4323 0.5299 -0.7296
vn -0.4435 0.3539 -0.8235
vn -0.4434 0.2376 -0.8643
vn -0.3248 0.2852 -0.9018
vn -0.2392 0.3446 -0.9078
vn 0.7061 -0.3885 0.5921
vn 0.1892 -0.7804 0.5960
vn 0.1420 -0.7582 0.6363
vn 0.6832 -0.3890 0.6180
vn 0.7410 -0.3844 0.5506
vn 0.1970 -0.7858 0.5863
vn 0.8121 0.3643 0.4559
vn 0.7447 0.2222 0.6293
vn 0.6943 0.1470 0.7045
vn 0.7753 0.3027 0.5543
vn 0.8346 0.5100 0.2083
vn 0.9864 0.1579 0.0458
vn 0.9121 0.0841 0.4012
vn 0.7958 0.0531 0.6033
vn -0.0311 0.9160 -0.4000
vn -0.0329 0.9001 -0.4345
vn 0.0030 0.9651 -0.2619
vn -0.1604 0.8590 -0.4861
vn -0.0865 0.8795 -0.4679
vn -0.0463 0.8839 -0.4654
vn 0.7231 0.1697 0.6695
vn 0.7191 -0.0869 0.6895
vn 0.7900 0.1897 0.5831
vn 0.7934 0.0865 0.6026
vn 0.5698 0.2371 0.7869
vn 0.5951 -0.0654 0.8010
vn 0.6600 -0.3955 0.6388
vn 0.8240 -0.2429 0.5119
vn 0.8276 -0.1751 0.5333
vn 0.6809 -0.2655 0.6826
vn 0.6039 -0.3019 0.7377
vn 0.5745 -0.4567 0.6792
vn -0.6377 0.5638 -0.5248
vn -0.5996 0.6095 -0.5186
vn -0.2287 0.8498 -0.4749
vn -0.2669 0.8298 -0.4901
vn -0.8134 0.3069 -0.4941
vn -0.8001 0.3172 -0.5092
vn -0.5563 0.5860 -0.5892
vn -0.2243 0.8034 -0.5515
vn -0.7885 0.3029 -0.5353
vn 0.0250 0.9274 -0.3731
vn 0.0116 0.9043 -0.4268
vn -0.0548 0.8569 -0.5125
vn 0.0538 0.9516 -0.3026
vn -0.0905 0.8362 -0.5408
vn -0.1856 0.7458 -0.6398
vn -0.1221 0.9313 -0.3432
vn -0.2969 0.7038 -0.6453
vn -0.3704 0.5268 -0.7651
vn -0.2505 0.8151 -0.5224
vn -0.4016 0.5683 -0.7181
vn -0.4445 0.4731 -0.7607
vn -0.3414 0.7765 -0.5296
vn -0.3666 0.5084 -0.7792
vn -0.3733 0.5470 -0.7493
vn -0.3295 0.8542 -0.4023
vn -0.2758 0.9568 -0.0918
vn -0.2679 0.9397 -0.2126
vn -0.4075 0.4368 -0.8020
vn -0.3992 0.3974 -0.8262
vn 0.9035 -0.2467 0.3505
vn 0.8576 -0.3544 0.3727
vn 0.7953 -0.3168 0.5169
vn 0.8094 -0.2268 0.5417
vn 0.9771 -0.1993 -0.0749
vn 0.9487 -0.2917 -0.1218
vn 0.8621 -0.3259 0.3880
vn 0.6184 -0.3037 0.7248
vn 0.9476 -0.2803 -0.1530
vn 0.5495 -0.0906 0.8305
vn 0.5307 -0.0314 0.8470
vn 0.4944 -0.1672 0.8530
vn 0.4392 -0.3467 0.8288
vn 0.4747 -0.3386 0.8124
vn 0.4880 -0.3396 0.8041
vn 0.4470 -0.3998 0.8002
vn 0.4193 -0.4058 0.8121
vn 0.4483 -0.3797 0.8092
vn 0.6970 -0.1929 0.6907
vn 0.7993 0.0042 0.6009
vn 0.6068 -0.1555 0.7795
vn 0.6839 -0.3777 0.6242
vn 0.0774 -0.7198 0.6899
vn 0.0344 -0.7079 0.7055
vn 0.6842 -0.3601 0.6342
vn 0.6634 -0.2345 -0.7106
vn 0.3620 -0.0195 -0.9320
vn 0.5571 0.2979 -0.7752
vn 0.7100 0.1535 -0.6873
vn 0.7629 0.0752 -0.6421
vn 0.7388 -0.3062 -0.6003
vn 0.5863 -0.6151 -0.5271
vn 0.4187 -0.6146 -0.6685
vn 0.2512 -0.4041 -0.8795
vn -0.9006 -0.2505 0.3553
vn -0.8595 0.1175 0.4974
vn -0.8859 0.2672 0.3793
vn -0.9897 0.1181 0.0807
vn -0.9077 -0.1959 -0.3711
vn -0.6882 -0.7151 -0.1221
vn -0.3941 -0.9180 0.0437
vn -0.7867 -0.4449 0.4281
vn -0.8331 0.0088 0.5530
vn -0.7533 0.4151 0.5101
vn -0.5545 0.7008 0.4489
vn -0.6282 0.7140 0.3092
vn -0.8152 0.4912 0.3068
vn -0.7263 0.3763 0.5753
vn -0.5622 0.6642 0.4928
vn 0.5395 0.5745 -0.6156
vn 0.6635 0.4903 -0.5651
vn 0.2722 0.6363 -0.7218
vn -0.0912 0.8905 -0.4457
vn 0.1679 0.9332 -0.3176
vn 0.2600 0.9414 -0.2150
vn 0.7028 -0.2837 -0.6524
vn 0.7030 0.1523 -0.6947
vn 0.2088 0.3242 -0.9227
vn 0.4217 -0.1557 -0.8933
vn 0.4011 -0.5300 -0.7472
vn 0.5818 -0.6056 -0.5429
vn 0.3878 -0.8034 -0.4519
vn -0.1412 -0.9855 -0.0937
vn 0.2301 -0.8957 -0.3804
vn 0.2911 -0.7464 -0.5984
vn 0.0564 -0.9798 -0.1917
vn -0.6024 -0.6751 0.4259
vn -0.7159 -0.1241 0.6871
vn -0.2308 -0.8774 0.4207
vn -0.3470 -0.3591 0.8664
vn -0.6144 0.3383 0.7128
vn -0.4706 0.6396 0.6078
vn -0.3225 0.1884 0.9276
vn -0.2666 0.5684 0.7784
vn -0.2829 0.8926 0.3512
vn -0.2784 0.9201 0.2755
vn -0.2045 0.8308 0.5176
vn -0.1277 0.9858 0.1092
vn 0.0361 0.9847 -0.1704
vn 0.4876 0.5877 -0.6456
vn -0.0157 0.8257 -0.5639
vn -0.0495 0.0135 -0.9987
vn -0.0947 0.4992 -0.8613
vn -0.1575 0.6010 -0.7836
vn -0.1011 0.1672 -0.9807
vn -0.0853 -0.3682 -0.9258
vn 0.0446 -0.4432 -0.8953
vn 0.1343 -0.7590 -0.6371
vn 0.0268 -0.8182 -0.5744
vn 0.1994 -0.9691 -0.1451
vn 0.1783 -0.9574 -0.2272
vn 0.1554 -0.9177 0.3657
vn 0.0950 -0.5192 0.8493
vn 0.2665 -0.9046 0.3326
vn 0.1678 -0.6390 0.7507
vn -0.0076 0.0080 0.9999
vn -0.1012 0.4653 0.8794
vn -0.0116 -0.1240 0.9922
vn -0.1260 0.4350 0.8916
vn -0.1468 0.9629 0.2264
vn -0.1514 0.7907 0.5932
vn -0.1637 0.7907 0.5899
vn -0.2142 0.9472 0.2386
vn -0.1299 0.9295 -0.3451
vn -0.2264 0.9347 -0.2740
vn 0.0970 -0.5206 -0.8483
vn -0.0440 -0.3014 -0.9525
vn 0.0330 -0.2867 -0.9575
vn 0.2089 -0.4619 -0.8620
vn 0.4180 -0.7675 -0.4861
vn 0.3293 -0.8500 -0.4112
vn 0.1715 -0.9302 -0.3245
vn -0.1916 -0.7315 -0.6544
vn -0.3271 -0.4337 -0.8396
vn -0.3380 0.1269 -0.9326
vn -0.6758 0.6156 -0.4053
vn -0.7986 0.4652 -0.3818
vn -0.3155 -0.0323 -0.9484
vn 0.1517 -0.4817 -0.8631
vn 0.0925 -0.3349 -0.9377
vn -0.3283 0.2014 -0.9229
vn -0.5760 0.6966 -0.4277
vn -0.6036 0.7971 0.0145
vn -0.3398 0.7524 0.5643
vn -0.4941 0.6715 0.5522
vn -0.7135 0.6756 0.1858
vn -0.5999 0.7954 -0.0861
vn -0.3905 0.8057 0.4454
vn -0.1630 0.5134 0.8425
vn -0.3808 0.4733 0.7943
vn -0.0992 0.5432 0.8337
vn 0.0995 0.1910 0.9765
vn 0.0417 0.1613 0.9860
vn -0.0742 0.1491 0.9860
vn 0.3068 -0.2494 0.9185
vn 0.2857 -0.2434 0.9269
vn 0.3437 -0.2459 0.9063
vn 0.5205 -0.6691 0.5304
vn 0.4812 -0.6140 0.6257
vn 0.5336 -0.6064 0.5895
vn 0.5679 -0.8229 0.0152
vn 0.4718 -0.6534 -0.5920
vn 0.4551 -0.5355 -0.7114
vn 0.5843 -0.7948 -0.1641
vn 0.5115 -0.8585 0.0371
vn 0.2664 -0.4178 -0.8686
vn 0.3486 -0.4857 -0.8016
vn 0.0106 -0.8109 -0.5850
vn -0.0317 -0.2683 -0.9628
vn -0.0950 -0.2618 -0.9604
vn -0.0096 -0.7948 -0.6068
vn 0.0249 -0.9985 -0.0479
vn 0.1226 -0.9897 -0.0734
vn 0.1169 -0.9338 0.3381
vn 0.0251 -0.9292 0.3688
vn 0.0534 -0.6477 0.7600
vn 0.0511 -0.6757 0.7354
vn -0.0516 -0.1210 0.9913
vn -0.1295 0.4904 0.8618
vn -0.0123 -0.0784 0.9968
vn -0.0990 0.5393 0.8363
vn -0.1816 0.8069 0.5621
vn -0.2671 0.9296 0.2541
vn -0.1700 0.8196 0.5471
vn -0.3005 0.9163 0.2647
vn -0.3558 0.9077 -0.2226
vn -0.5009 0.8538 -0.1417
vn -0.5892 0.4741 -0.6543
vn -0.3669 0.5900 -0.7193
vn -0.1874 0.2132 -0.9589
vn -0.3777 0.0853 -0.9220
vn -0.1177 -0.8784 -0.4632
vn -0.0080 -0.9992 0.0388
vn -0.4592 -0.3650 -0.8099
vn -0.8989 -0.2267 -0.3750
vn -0.5834 -0.8104 -0.0538
vn -0.2159 -0.9384 0.2698
vn -0.8072 0.5454 0.2257
vn -0.8884 0.1979 -0.4143
vn -0.6082 0.5890 0.5321
vn -0.7721 0.3411 0.5362
vn -0.8947 0.3639 0.2589
vn -0.9319 -0.2178 -0.2900
vn -0.6383 -0.2969 0.7102
vn -0.1936 -0.1782 0.9648
vn -0.0388 -0.4500 0.8922
vn -0.2412 -0.7670 0.5946
vn -0.7561 -0.4071 0.5124
vn -0.5819 0.1617 0.7971
vn -0.0075 0.0134 0.9999
vn 0.0035 -0.8939 0.4483
vn 0.0723 -0.6007 0.7962
vn -0.4554 0.4535 0.7661
vn -0.0282 0.1946 0.9805
vn 0.0944 -0.0598 0.9937
vn -0.0102 0.5414 0.8407
vn 0.1391 -0.1210 0.9829
vn 0.0427 0.4896 0.8709
vn -0.1455 0.8145 0.5616
vn -0.3707 0.8706 0.3235
vn -0.1573 0.7501 0.6424
vn -0.4324 0.8085 0.3993
vn -0.9875 -0.1313 -0.0872
vn -0.9107 -0.0909 0.4029
vn 0.3675 -0.0848 0.9262
vn 0.6039 -0.4374 0.6663
vn 0.5887 -0.2669 0.7630
vn 0.3503 -0.0385 0.9358
vn 0.6749 -0.5360 0.5071
vn 0.5575 -0.8180 0.1418
vn 0.7298 -0.4547 0.5105
vn 0.6960 -0.1718 0.6972
vn 0.4837 -0.0830 0.8713
vn 0.5022 -0.2363 0.8318
vn 0.7673 -0.6324 0.1064
vn 0.4508 -0.7932 -0.4095
vn 0.6245 -0.7667 -0.1488
vn 0.3332 -0.6778 -0.6554
vn 0.2128 -0.9087 -0.3591
vn 0.2546 -0.7433 -0.6186
vn 0.0164 -0.7500 -0.6613
vn -0.0915 -0.9499 -0.2988
vn -0.5040 -0.3916 -0.7698
vn -0.5919 -0.6551 -0.4696
vn -0.6143 -0.7099 -0.3445
vn -0.2982 -0.9464 -0.1239
vn -0.8878 -0.3371 -0.3134
vn -0.8820 -0.3551 -0.3097
vn -0.6721 -0.6730 -0.3090
vn -0.4020 -0.9033 -0.1500
vn -0.6878 -0.6498 -0.3234
vn -0.4325 -0.8736 -0.2233
vn -0.8398 -0.3946 -0.3729
vn -0.8043 -0.4235 -0.4168
vn -0.6639 -0.6530 -0.3646
vn -0.4099 -0.8762 -0.2536
vn -0.8803 0.1162 -0.4599
vn -0.7821 -0.4127 -0.4670
vn -0.8848 -0.2578 -0.3881
vn -0.9222 0.1613 -0.3514
vn -0.9185 -0.0816 -0.3869
vn -0.8476 0.0596 -0.5272
vn -0.8427 -0.2758 -0.4623
vn -0.3818 -0.8864 -0.2618
vn -0.4572 -0.8746 -0.1616
vn -0.3881 -0.8958 -0.2165
vn -0.4782 -0.8613 -0.1715
vn -0.5864 -0.7651 -0.2661
vn -0.8759 -0.3224 -0.3591
vn -0.8262 -0.5101 -0.2392
vn -0.6893 -0.6867 -0.2308
vn -0.2717 -0.9624 0.0016
vn 0.1183 -0.9801 0.1592
vn 0.0054 -1.0000 0.0056
vn -0.0984 -0.9861 -0.1340
vn -0.1490 -0.9269 -0.3446
vn -0.2376 -0.8337 -0.4984
vn -0.7172 -0.5733 -0.3962
vn -0.6150 -0.6656 -0.4228
vn -0.8868 -0.1968 -0.4182
vn 0.3899 -0.8903 -0.2351
vn 0.3468 -0.7992 -0.4909
vn 0.3921 -0.9199 0.0014
vn 0.6851 -0.7231 0.0885
vn 0.7544 -0.6491 -0.0979
vn 0.7529 -0.5583 -0.3485
vn 0.3187 -0.8264 0.4642
vn 0.3036 -0.9443 0.1269
vn -0.0965 -0.6525 0.7516
vn 0.2917 -0.5968 0.7475
vn 0.5637 -0.6147 0.5517
vn 0.5968 -0.6497 0.4709
vn 0.1888 -0.9820 0.0079
vn -0.0744 -0.9966 0.0363
vn -0.5171 -0.5660 0.6421
vn -0.1338 -0.7595 0.6365
vn -0.3838 0.0523 0.9219
vn -0.3398 -0.2690 0.9012
vn -0.1214 -0.1816 0.9759
vn -0.0587 0.1170 0.9914
vn -0.2857 -0.9540 0.0904
vn -0.9573 -0.2780 0.0798
vn -0.9986 -0.0093 -0.0518
vn -0.9578 -0.2015 -0.2050
vn -0.9518 0.0482 0.3028
vn -0.7810 0.2012 0.5912
vn -0.3992 0.4529 0.7972
vn -0.3658 0.4051 0.8379
vn -0.0395 0.5323 0.8456
vn -0.0454 0.4078 0.9120
vn -0.7798 -0.5528 -0.2937
vn -0.8426 -0.4894 -0.2247
vn -0.3355 -0.7511 -0.5686
vn -0.4853 -0.6839 -0.5447
vn -0.8973 -0.4192 -0.1384
vn -0.8791 -0.3793 0.2888
vn -0.7741 -0.0477 0.6313
vn -0.9023 0.0057 0.4311
vn -0.6475 -0.6581 -0.3843
vn -0.7507 -0.6595 -0.0387
vn 0.9265 -0.2016 -0.3177
vn 0.9140 -0.3881 -0.1183
vn 0.6580 -0.5765 -0.4844
vn 0.6543 -0.4876 -0.5781
vn 0.9578 -0.2255 -0.1782
vn 0.9857 -0.0306 0.1659
vn 0.9805 0.1036 0.1672
vn 0.9560 -0.0853 0.2808
vn 0.2499 -0.6991 -0.6700
vn 0.1636 -0.7141 -0.6806
vn 0.6391 0.3192 0.6998
vn 0.7008 -0.0031 0.7134
vn 0.5955 0.3851 0.7051
vn 0.0370 0.4501 0.8922
vn 0.2317 0.1719 0.9575
vn 0.0990 -0.9010 -0.4224
vn 0.7279 -0.6722 -0.1357
vn 0.6128 -0.6976 0.3713
vn -0.1301 -0.9363 0.3263
vn -0.3897 0.4371 0.8106
vn -0.3428 0.2116 0.9153
vn -0.3325 -0.3363 0.8811
vn 0.4924 -0.3183 0.8101
vn 0.8351 -0.4127 0.3636
vn 0.0053 -0.6856 0.7279
vn 0.0592 -0.7959 0.6025
vn -0.2410 -0.7440 0.6232
vn -0.2716 -0.6784 0.6826
vn 0.0820 -0.8276 0.5552
vn 0.1065 -0.7879 0.6065
vn -0.2606 -0.7575 0.5986
vn -0.2461 -0.7694 0.5895
vn -0.2125 -0.7649 0.6081
vn -0.2088 -0.7462 0.6322
vn -0.2178 -0.7544 0.6192
vn -0.0650 -0.8173 0.5726
vn -0.0676 -0.7998 0.5964
vn -0.0990 -0.7817 0.6158
vn -0.2735 -0.7301 0.6262
vn 0.1406 -0.7090 0.6910
vn 0.2040 -0.6089 0.7665
vn -0.2715 -0.7061 0.6540
vn -0.1814 -0.7514 0.6344
vn -0.0524 -0.7579 0.6503
vn -0.2029 -0.7019 0.6828
vn -0.0902 -0.6527 0.7522
vn -0.2484 -0.7013 0.6682
vn 0.2756 -0.5583 0.7825
vn 0.3705 -0.4904 0.7888
vn -0.1963 -0.6970 0.6897
vn -0.2699 -0.6784 0.6833
vn -0.3141 -0.6773 0.6653
vn -0.1198 -0.6656 0.7366
vn -0.1116 -0.6422 0.7584
vn 0.7011 -0.3024 0.6458
vn 0.0273 -0.6886 0.7246
vn -0.0077 -0.6694 0.7429
vn 0.6351 -0.2982 0.7125
vn 0.4991 -0.3784 0.7796
vn -0.1134 -0.6798 0.7246
vn -0.3159 -0.6857 0.6558
vn -0.2880 -0.7159 0.6361
vn -0.1550 -0.7019 0.6952
vn -0.1406 -0.6809 0.7187
vn -0.2034 -0.7133 0.6707
vn -0.2088 -0.6832 0.6998
vn -0.1171 -0.7366 0.6661
vn -0.4434 -0.6693 0.5962
vn -0.4833 -0.6139 0.6242
vn -0.2301 -0.6640 0.7115
vn -0.5581 -0.5150 0.6506
vn -0.1897 -0.6258 0.7566
vn -0.9746 -0.2201 0.0416
vn -0.8716 0.2209 -0.4377
vn -0.8880 0.2067 -0.4107
vn -0.9864 -0.1609 0.0329
vn -0.8733 0.2718 -0.4043
vn -0.9996 -0.0273 -0.0008
vn -0.1899 -0.7742 0.6038
vn -0.1529 -0.7511 0.6422
vn -0.5394 -0.6499 0.5354
vn -0.5789 -0.6776 0.4535
vn -0.9675 -0.2410 -0.0772
vn -0.8726 0.1409 -0.4676
vn -0.9511 -0.3081 0.0226
vn -0.9049 0.0267 -0.4248
vn -0.2563 -0.7501 0.6096
vn -0.6458 -0.5714 0.5064
vn -0.5963 -0.6329 0.4939
vn -0.2129 -0.7945 0.5687
vn -0.7666 0.2464 -0.5930
vn -0.7540 0.2503 -0.6073
vn -0.8308 0.2670 -0.4883
vn -0.8400 0.2626 -0.4747
vn -0.7696 0.1922 -0.6089
vn -0.7067 0.2968 -0.6423
vn -0.7827 0.2693 -0.5611
vn -0.6896 0.3365 -0.6413
vn -0.8078 0.2943 -0.5107
vn -0.9668 -0.0010 -0.2557
vn -0.9364 -0.3154 0.1537
vn -0.9403 -0.2525 0.2284
vn -0.9878 0.0283 -0.1532
vn -0.8705 0.1630 -0.4644
vn -0.8726 0.2075 -0.4421
vn -0.6799 0.3856 -0.6238
vn -0.7234 0.3558 -0.5918
vn -0.7200 0.4503 -0.5280
vn -0.7045 0.4364 -0.5597
vn -0.2928 -0.7052 0.6457
vn -0.6918 -0.5418 0.4774
vn -0.2612 -0.6948 0.6701
vn -0.7122 -0.5396 0.4491
vn -0.8821 0.2313 -0.4104
vn -0.8820 0.2649 -0.3898
vn -0.9925 0.0108 -0.1218
vn -0.9934 0.0020 -0.1143
vn -0.9470 -0.2342 0.2197
vn -0.9475 -0.2742 0.1642
vn -0.2423 -0.6658 0.7057
vn -0.7107 -0.5203 0.4734
vn -0.2472 -0.6126 0.7508
vn -0.6985 -0.4884 0.5231
vn -0.9536 -0.2548 0.1604
vn -0.9597 -0.2000 0.1976
vn -0.9926 0.1087 -0.0534
vn -0.9949 0.0464 -0.0900
vn -0.8706 0.3637 -0.3315
vn -0.7329 0.5083 -0.4521
vn -0.8707 0.4154 -0.2632
vn -0.7967 0.4623 -0.3893
vn -0.7615 0.3935 -0.5151
vn -0.8128 0.3336 -0.4776
vn -0.9567 -0.1404 0.2549
vn -0.9582 -0.1413 0.2489
vn -0.9784 0.2041 -0.0320
vn -0.9857 0.1684 -0.0045
vn -0.6757 -0.4710 0.5670
vn -0.6818 -0.4889 0.5442
vn -0.2535 -0.5918 0.7652
vn -0.2851 -0.6360 0.7171
vn -0.9193 0.3731 -0.1252
vn -0.8752 0.4332 -0.2153
vn -0.2422 -0.7592 0.6041
vn -0.2121 -0.7252 0.6550
vn -0.2357 -0.7870 0.5701
vn -0.5589 -0.6576 0.5052
vn -0.8458 0.2718 -0.4591
vn -0.8735 0.2015 -0.4431
vn -0.8689 0.3309 -0.3680
vn -0.9161 0.1972 -0.3490
vn -0.3712 -0.6707 0.6422
vn -0.7219 -0.5204 0.4561
vn -0.9158 0.3230 -0.2386
vn -0.9481 0.1758 -0.2649
vn -0.9898 0.1194 -0.0777
vn -0.9937 0.0007 -0.1123
vn -0.9578 -0.2198 0.1852
vn -0.9282 -0.3242 0.1825
vn -0.2463 -0.7977 0.5504
vn -0.5796 -0.6778 0.4525
vn -0.2571 -0.8085 0.5294
vn -0.5901 -0.6909 0.4176
vn -0.8965 0.1254 -0.4249
vn -0.9264 0.0701 -0.3701
vn -0.9423 0.0832 -0.3243
vn -0.9656 0.0136 -0.2595
vn -0.9631 0.0768 -0.2578
vn -0.9793 0.0347 -0.1992
vn -0.9924 -0.0757 -0.0971
vn -0.9934 -0.0980 -0.0589
vn -0.9019 -0.3898 0.1861
vn -0.8945 -0.4072 0.1847
vn -0.2912 -0.8059 0.5154
vn -0.6048 -0.6882 0.4007
vn -0.3387 -0.8144 0.4713
vn -0.6455 -0.6541 0.3943
vn -0.9625 0.0433 -0.2677
vn -0.9630 0.0523 -0.2643
vn -0.9854 -0.0564 -0.1608
vn -0.9825 -0.1434 -0.1191
vn -0.9886 -0.0154 -0.1495
vn -0.9865 -0.1260 -0.1044
vn -0.9925 -0.1113 -0.0507
vn -0.9860 -0.1600 -0.0463
vn -0.9017 -0.3971 0.1710
vn -0.9216 -0.3621 0.1399
vn -0.9075 0.0340 -0.4187
vn -0.9465 0.0538 -0.3182
vn -0.9709 -0.1880 -0.1481
vn -0.9459 -0.2609 -0.1929
vn -0.8975 0.0341 -0.4397
vn -0.6481 -0.0744 -0.7579
vn -0.7225 0.2853 -0.6298
vn -0.8394 0.3024 -0.4517
vn -0.9215 0.1460 -0.3599
vn -0.8653 0.3237 -0.3828
vn -0.8746 0.2639 -0.4068
vn -0.8798 0.0968 -0.4653
vn -0.9502 0.0987 -0.2955
vn -0.6193 0.7662 -0.1717
vn -0.6851 0.6968 -0.2121
vn -0.9679 -0.0184 -0.2505
vn -0.9643 -0.1109 0.2406
vn -0.3735 -0.5513 0.7461
vn -0.5219 -0.7137 0.4672
vn -0.9970 0.0366 -0.0683
vn -0.8793 0.3748 -0.2940
vn -0.9787 0.2045 -0.0181
vn -0.8434 -0.1892 0.5028
vn -0.2474 -0.3111 0.9176
vn -0.7845 -0.1119 0.6099
vn -0.3418 -0.0121 0.9397
vn -0.9718 0.0776 0.2228
vn -0.9536 0.0065 0.3009
vn -0.8487 -0.1182 0.5155
vn -0.6708 0.2166 0.7093
vn -0.4536 0.8127 -0.3657
vn -0.3875 0.7544 -0.5299
vn -0.5668 0.6261 -0.5354
vn -0.6045 0.6870 -0.4031
vn -0.5614 0.7792 -0.2789
vn -0.5262 0.8439 -0.1050
vn -0.6379 0.7175 -0.2797
vn -0.5364 0.7664 -0.3534
vn -0.4765 0.7496 -0.4593
vn -0.2631 0.6473 -0.7154
vn -0.3835 0.3786 -0.8424
vn -0.4119 0.4578 -0.7879
vn -0.2811 0.6951 -0.6616
vn -0.2742 0.7426 -0.6111
vn -0.2839 0.7110 -0.6433
vn -0.2095 0.6568 -0.7244
vn -0.2474 0.5699 -0.7836
vn -0.3762 0.3184 -0.8701
vn -0.2431 0.4880 -0.8383
vn -0.3986 0.2591 -0.8798
vn -0.1177 0.6089 -0.7845
vn -0.0856 0.6130 -0.7854
vn -0.2463 0.4883 -0.8372
vn -0.4802 0.2326 -0.8458
vn -0.5106 0.1098 -0.8528
vn -0.5733 -0.2456 -0.7817
vn -0.6274 -0.1334 -0.7672
vn -0.5435 0.1775 -0.8205
vn -0.4955 0.0209 -0.8684
vn -0.5530 -0.4498 -0.7014
vn -0.4837 -0.6929 -0.5347
vn -0.1872 -0.9794 -0.0755
vn -0.3350 -0.9398 -0.0678
vn -0.6297 -0.5415 -0.5570
vn -0.3337 -0.8779 -0.3434
vn -0.1086 -0.9917 -0.0690
vn -0.5554 -0.0680 -0.8288
vn -0.6125 -0.6796 -0.4037
vn -0.7050 -0.1298 -0.6973
vn -0.8000 -0.5781 -0.1603
vn -0.8323 -0.0074 -0.5543
vn -0.9050 -0.2961 -0.3054
vn -0.6693 0.2241 -0.7084
vn -0.0631 -0.9076 0.4151
vn 0.0044 -0.8771 0.4803
vn -0.0187 -0.8158 0.5780
vn -0.2161 -0.8819 0.4190
vn -0.6616 -0.7492 -0.0321
vn -0.5246 -0.8485 -0.0694
vn 0.0573 -0.9283 0.3673
vn 0.0423 -0.9493 0.3114
vn -0.9621 -0.2695 -0.0418
vn -0.9114 -0.4103 -0.0315
vn -0.9561 -0.2913 0.0313
vn -0.9067 -0.4217 0.0002
vn -0.4132 -0.8543 0.3153
vn -0.8461 -0.5254 -0.0897
vn -0.8010 -0.5756 0.1646
vn -0.4109 -0.8526 0.3230
vn 0.2650 -0.7711 0.5790
vn 0.3238 -0.7541 0.5713
vn -0.9203 -0.3758 0.1083
vn -0.9122 -0.4082 -0.0366
vn -0.2826 -0.9571 0.0646
vn 0.1638 -0.9325 0.3219
vn -0.6680 -0.6823 -0.2970
vn -0.8621 -0.5067 0.0052
vn -0.4800 -0.7064 0.5202
vn -0.9140 -0.4006 0.0646
vn -0.7791 -0.5313 0.3327
vn -0.3918 -0.9175 0.0678
vn 0.0164 -0.9447 0.3276
vn 0.1147 -0.9508 0.2877
vn -0.0357 -0.9559 0.2916
vn -0.9166 0.2312 -0.3261
vn -0.8950 -0.0471 -0.4435
vn -0.7630 -0.1230 -0.6345
vn -0.8342 -0.4640 -0.2980
vn -0.3832 -0.9104 -0.1562
vn -0.8260 -0.4336 -0.3601
vn -0.9591 0.0724 -0.2735
vn -0.9364 0.0564 -0.3463
vn -0.9797 0.0029 -0.2004
vn -0.9467 -0.1204 -0.2986
vn -0.9308 0.0768 -0.3573
vn -0.9109 0.2130 -0.3533
vn -0.8664 -0.2333 -0.4416
vn -0.8874 -0.3280 -0.3241
vn -0.9264 -0.1073 -0.3609
vn -0.9108 -0.3873 -0.1431
vn -0.3834 0.2061 -0.9003
vn -0.6934 0.0902 -0.7149
vn -0.6673 0.6687 -0.3280
vn -0.5720 0.7199 -0.3932
vn 0.3999 -0.9123 0.0884
vn 0.3555 -0.7571 0.5481
vn 0.0406 -0.8141 0.5793
vn 0.1083 -0.9897 0.0939
vn -0.2726 0.5046 0.8192
vn -0.5495 0.1939 0.8127
vn -0.1222 -0.0810 0.9892
vn 0.0500 0.0814 0.9954
vn -0.5515 0.7692 0.3228
vn -0.7917 0.5244 0.3133
vn -0.6386 0.7579 -0.1331
vn -0.7666 0.6287 -0.1306
vn 0.1822 -0.3479 0.9197
vn -0.0903 -0.4509 0.8880
vn -0.5325 -0.3559 0.7679
vn -0.9373 -0.1114 0.3301
vn -0.7388 -0.6476 0.1867
vn -0.4111 -0.7978 0.4409
vn -0.9484 0.0934 -0.3029
vn -0.6798 -0.5955 -0.4282
vn -0.3115 -0.9390 -0.1459
vn -0.6301 0.5923 -0.5022
vn -0.1286 0.3558 -0.9257
vn -0.3701 -0.4011 -0.8379
vn -0.0911 -0.8413 -0.5329
vn -0.7941 0.6070 -0.0296
vn -0.4384 0.8963 -0.0674
vn -0.2774 0.9477 0.1579
vn -0.4053 -0.9117 0.0669
vn -0.6979 -0.4571 -0.5513
vn -0.7595 -0.3343 -0.5580
vn -0.4687 -0.8710 0.1471
vn -0.8172 0.0411 -0.5749
vn -0.7407 -0.4429 -0.5053
vn -0.8580 0.1453 -0.4926
vn -0.8092 -0.0147 -0.5874
vn -0.7270 0.0127 -0.6865
vn -0.7052 -0.4029 -0.5834
vn -0.6623 -0.1681 -0.7302
vn -0.6905 -0.3350 -0.6411
vn -0.6403 -0.3783 -0.6685
vn -0.6988 -0.0455 -0.7138
vn -0.6846 -0.0107 -0.7289
vn -0.6549 -0.3846 -0.6505
vn -0.7627 -0.1675 -0.6247
vn -0.9170 0.0988 -0.3865
vn -0.9346 0.0348 -0.3541
vn -0.9284 -0.1651 -0.3330
vn -0.8991 -0.2702 -0.3443
vn -0.9141 0.1098 -0.3904
vn -0.7122 -0.4837 -0.5087
vn -0.8135 -0.1168 -0.5697
vn -0.5844 -0.6673 -0.4617
vn -0.6089 -0.7377 -0.2916
vn -0.4037 -0.8645 -0.2994
vn -0.5844 -0.6791 -0.4442
vn -0.9575 -0.0415 -0.2855
vn -0.5763 -0.7914 -0.2036
vn -0.3661 -0.8979 -0.2446
vn -0.6292 -0.6676 -0.3979
vn -0.5248 0.6091 -0.5946
vn -0.4181 0.7008 -0.5780
vn -0.5625 0.6402 -0.5233
vn -0.5248 0.7241 -0.4475
vn -0.5254 0.6881 -0.5005
vn -0.4989 0.6386 -0.5860
vn -0.4762 0.5486 -0.6872
vn -0.3517 0.6397 -0.6834
vn -0.9852 -0.1350 -0.1054
vn -0.9447 -0.2892 -0.1548
vn -0.5082 -0.8246 0.2486
vn -0.4155 -0.8951 0.1617
vn -0.8377 -0.4802 -0.2599
vn -0.7186 -0.6668 -0.1977
vn -0.2883 -0.9321 0.2193
vn -0.1391 -0.8807 0.4527
vn -0.5596 -0.8283 -0.0294
vn -0.0386 -0.8228 0.5671
vn -0.1413 -0.9093 0.3915
vn -0.1841 -0.8704 0.4566
vn -0.1569 -0.9394 0.3048
vn -0.5925 -0.8052 0.0224
vn -0.6382 -0.7630 0.1027
vn -0.6580 -0.7440 0.1162
vn -0.6845 -0.7272 0.0510
vn -0.2549 -0.8594 0.4433
vn -0.2793 0.6832 -0.6747
vn -0.4170 0.5681 -0.7095
vn -0.4614 0.5763 -0.6745
vn -0.2895 0.6831 -0.6705
vn -0.3045 0.6282 -0.7160
vn -0.2846 0.5903 -0.7554
vn -0.2569 0.6772 -0.6895
vn -0.4121 0.5613 -0.7177
vn -0.8447 -0.4327 -0.3152
vn -0.8072 -0.0140 -0.5901
vn -0.7486 -0.0252 -0.6626
vn -0.8067 -0.4268 -0.4087
vn -0.8746 -0.4265 -0.2307
vn -0.8605 0.0033 -0.5095
vn -0.5150 0.5890 -0.6228
vn -0.3284 0.7069 -0.6265
vn -0.8815 -0.4182 -0.2192
vn -0.8491 -0.4275 -0.3103
vn -0.8800 -0.0074 -0.4749
vn -0.8882 -0.0043 -0.4594
vn -0.5724 0.2589 -0.7780
vn -0.6903 -0.0558 -0.7213
vn -0.5783 0.3204 -0.7503
vn -0.4341 0.5442 -0.7179
vn -0.6232 0.3506 -0.6991
vn -0.6729 0.3708 -0.6401
vn -0.7372 -0.4515 -0.5027
vn -0.6983 0.3674 -0.6144
vn -0.7380 0.3866 -0.5531
vn 0.7696 -0.3736 0.5179
vn 0.7665 -0.3429 0.5431
vn 0.7823 -0.3014 0.5451
vn 0.7535 -0.3384 0.5637
vn 0.6003 -0.5235 0.6046
vn 0.5769 -0.5340 0.6181
vn 0.5809 -0.5602 0.5905
vn 0.5927 -0.5246 0.6112
vn 0.5719 -0.5263 0.6292
vn 0.7840 -0.2578 0.5647
vn 0.5693 -0.6023 0.5595
vn 0.5434 -0.6413 0.5418
vn 0.5583 -0.5449 0.6256
vn 0.7939 -0.2551 0.5519
vn 0.4174 -0.6147 0.6693
vn 0.3967 -0.6469 0.6512
vn 0.4526 -0.6782 0.5790
vn 0.3990 -0.7208 0.5669
vn 0.3555 -0.7113 0.6063
vn 0.3914 -0.7005 0.5968
vn 0.9125 -0.3910 -0.1203
vn 0.6890 -0.6354 0.3486
vn 0.9131 -0.1444 -0.3812
vn 0.8576 0.0066 -0.5143
vn 0.9093 -0.4157 -0.0209
vn 0.6415 -0.6447 0.4157
vn -0.4116 0.6368 -0.6519
vn -0.3655 0.6390 -0.6768
vn -0.3543 0.7025 -0.6172
vn -0.4164 0.6687 -0.6160
vn -0.4166 0.6826 -0.6004
vn -0.4330 0.6289 -0.6457
vn -0.5227 0.5655 -0.6380
vn -0.4982 0.6155 -0.6107
vn -0.4891 0.6515 -0.5800
vn -0.4960 0.5848 -0.6418
vn -0.5723 0.5263 -0.6289
vn -0.5680 0.5480 -0.6140
vn -0.3620 0.7404 -0.5663
vn -0.3018 0.6917 -0.6561
vn -0.4806 0.6147 -0.6255
vn -0.5024 0.6626 -0.5555
vn -0.5519 0.5638 -0.6144
vn -0.5808 0.5504 -0.5998
vn -0.5789 0.5538 -0.5985
vn -0.5699 0.5760 -0.5861
vn -0.5544 0.5956 -0.5814
vn -0.5622 0.5734 -0.5960
vn -0.4558 0.5943 -0.6626
vn -0.4738 0.6403 -0.6046
vn -0.1640 0.6619 -0.7314
vn -0.4837 0.4269 -0.7640
vn -0.2723 0.5049 -0.8191
vn 0.0521 0.7088 -0.7035
vn -0.2261 0.7040 -0.6733
vn -0.1228 0.7395 -0.6618
vn -0.4654 0.6818 -0.5644
vn -0.4269 0.4239 -0.7988
vn -0.4823 0.3761 -0.7911
vn -0.4833 0.4088 -0.7742
vn -0.5411 0.7282 -0.4208
vn -0.4199 0.9035 -0.0860
vn -0.2904 0.9537 0.0785
vn -0.3312 0.9051 -0.2668
vn -0.3093 0.6282 -0.7139
vn -0.5550 0.5060 -0.6602
vn -0.5251 0.4288 -0.7351
vn -0.5252 0.3992 -0.7515
vn -0.5548 0.4721 -0.6850
vn -0.5808 0.6462 -0.4951
vn -0.5780 0.7117 -0.3992
vn -0.3844 0.3643 -0.8483
vn -0.4233 0.6349 -0.6464
vn -0.4904 0.6589 -0.5704
vn -0.4225 0.3508 -0.8357
vn -0.4303 0.4806 -0.7641
vn -0.3788 0.2447 -0.8925
vn -0.3908 0.2353 -0.8899
vn -0.3638 0.2959 -0.8832
vn -0.3924 0.4146 -0.8210
vn 0.5319 -0.7736 0.3445
vn 0.4988 -0.8267 0.2603
vn 0.3928 -0.8484 0.3549
vn 0.4253 -0.8041 0.4154
vn 0.3907 -0.4829 0.7837
vn 0.5220 -0.4530 0.7227
vn 0.5748 -0.3787 0.7254
vn 0.6073 -0.7433 0.2805
vn 0.5047 -0.8632 0.0104
vn 0.5586 -0.7143 0.4216
vn 0.7870 -0.5195 0.3329
vn 0.5240 -0.6619 0.5361
vn 0.4966 -0.8525 0.1634
vn 0.4488 -0.8917 -0.0593
vn 0.7122 -0.7014 -0.0264
vn 0.4196 0.0117 0.9076
vn 0.5380 -0.2231 0.8129
vn 0.5124 -0.2203 0.8300
vn 0.5183 -0.2483 0.8184
vn 0.5315 -0.3358 0.7777
vn 0.4401 -0.1088 0.8913
vn 0.4451 -0.0193 0.8953
vn 0.4492 0.1826 0.8746
vn 0.5820 -0.0994 0.8071
vn 0.4755 -0.8794 0.0237
vn 0.6174 -0.7845 0.0585
vn 0.5225 -0.8342 0.1764
vn 0.4753 -0.2649 0.8390
vn 0.5639 -0.5141 0.6463
vn 0.5998 -0.7087 0.3715
vn 0.4846 -0.1297 0.8651
vn 0.6363 -0.4056 0.6562
vn 0.4238 -0.0203 0.9055
vn 0.7860 -0.3196 0.5292
vn 0.5618 -0.6628 0.4951
vn 0.8595 -0.2111 0.4655
vn 0.6702 -0.5920 0.4477
vn 0.8446 -0.3136 0.4339
vn 0.9586 -0.1644 0.2325
vn 0.8089 -0.3066 0.5016
vn 0.7999 -0.4387 0.4094
vn 0.7969 -0.3490 0.4930
vn 0.7248 -0.5629 0.3972
vn 0.7357 -0.5420 0.4062
vn 0.7346 -0.3401 0.5871
vn 0.7635 -0.3588 0.5370
vn 0.7864 -0.2852 0.5479
vn 0.3997 -0.9031 0.1572
vn 0.4312 -0.8690 0.2427
vn 0.6046 -0.7305 0.3176
vn 0.6338 -0.7371 0.2347
vn 0.4190 -0.8061 0.4179
vn 0.5680 -0.7278 0.3843
vn 0.3117 -0.2416 0.9189
vn 0.5930 -0.2722 0.7578
vn 0.3870 0.0705 0.9194
vn 0.7177 -0.2060 0.6652
vn 0.5851 -0.6932 0.4209
vn 0.6378 -0.5858 0.5000
vn 0.7213 -0.5567 0.4120
vn 0.6704 -0.6581 0.3427
vn 0.7465 -0.2025 0.6339
vn 0.7589 -0.4695 0.4513
vn 0.7360 -0.3679 0.5682
vn 0.7518 -0.3729 0.5439
vn 0.7434 -0.2926 0.6014
vn 0.7459 -0.6182 0.2480
vn 0.7868 -0.5530 0.2742
vn 0.8883 -0.4460 0.1093
vn 0.8902 -0.1000 0.4445
vn 0.4826 0.4012 0.7786
vn 0.7063 -0.3494 0.6157
vn 0.7146 -0.3725 0.5921
vn 0.7361 -0.6751 0.0487
vn 0.7794 -0.5521 0.2962
vn 0.7512 -0.5618 0.3465
vn 0.7056 -0.7010 0.1036
vn 0.6794 -0.7302 0.0714
vn 0.7260 -0.6508 -0.2222
vn 0.6637 -0.6934 -0.2805
vn 0.7300 -0.6819 -0.0473
vn 0.8508 -0.4735 0.2280
vn 0.6865 -0.5582 -0.4660
vn 0.6068 -0.6785 -0.4139
vn 0.7932 -0.5293 -0.3011
vn 0.7104 -0.3848 -0.5893
vn 0.5847 -0.5208 -0.6220
vn 0.5394 -0.5784 -0.6119
vn 0.7578 -0.5735 -0.3112
vn 0.6974 -0.4031 -0.5926
vn 0.9118 -0.0191 -0.4101
vn 0.9648 -0.2609 -0.0322
vn 0.8023 0.4752 0.3613
vn 0.8459 0.2017 0.4937
vn 0.9063 -0.1433 0.3976
vn 0.9774 0.1327 0.1648
vn 0.8930 0.4117 -0.1818
vn 0.6442 0.7593 0.0921
vn 0.5395 -0.1164 -0.8339
vn 0.3702 -0.3218 -0.8714
vn 0.2616 -0.1595 -0.9519
vn 0.2650 0.0551 -0.9627
vn 0.2917 0.3029 -0.9073
vn 0.6683 0.2279 -0.7081
vn 0.6378 0.5625 -0.5261
vn 0.3984 0.8719 -0.2848
vn 0.2627 0.5559 -0.7886
vn 0.1138 0.8222 -0.5578
vn -0.0055 0.8588 -0.5123
vn 0.0914 0.6057 -0.7905
vn 0.1583 0.3746 -0.9136
vn -0.0630 0.2457 -0.9673
vn -0.0805 0.6021 -0.7943
vn -0.0620 0.9164 -0.3954
vn -0.5126 0.8559 -0.0680
vn -0.5262 0.8310 -0.1806
vn -0.5555 0.7760 -0.2986
vn -0.4759 0.8780 0.0512
vn -0.5434 0.8152 -0.2003
vn -0.5124 0.8450 -0.1532
vn -0.5603 0.5664 -0.6044
vn -0.4671 0.3215 -0.8237
vn -0.5731 0.5741 -0.5847
vn -0.5572 0.6158 -0.5571
vn -0.4586 0.5852 -0.6687
vn -0.2850 0.2153 -0.9340
vn -0.1170 0.6020 -0.7898
vn -0.0341 0.5320 -0.8461
vn -0.4038 0.9136 -0.0484
vn -0.4095 0.8620 -0.2986
vn -0.4610 0.6545 -0.5993
vn -0.4358 0.4077 -0.8024
vn -0.4484 0.5531 -0.7022
vn -0.3600 0.4318 -0.8270
vn -0.3506 0.7130 -0.6072
vn -0.3144 0.8997 -0.3029
vn -0.4258 0.2268 -0.8759
vn -0.2345 0.3721 -0.8981
vn -0.3516 0.2074 -0.9129
vn -0.3418 0.0734 -0.9369
vn -0.4683 0.1960 -0.8615
vn -0.3686 -0.0502 -0.9282
vn -0.2445 -0.0464 -0.9685
vn -0.2744 -0.0507 -0.9603
vn -0.1835 -0.0822 -0.9796
vn -0.1659 0.2788 -0.9459
vn -0.0007 0.5794 -0.8150
vn -0.2963 0.1685 -0.9401
vn -0.0523 0.6392 -0.7673
vn -0.0584 0.5751 -0.8160
vn -0.4416 0.0652 -0.8948
vn -0.2192 0.5402 -0.8125
vn -0.3407 0.6084 -0.7168
vn -0.2682 -0.0454 -0.9623
vn -0.5170 0.2844 -0.8073
vn -0.2620 0.6953 -0.6693
vn -0.2216 0.6785 -0.7004
vn -0.4233 0.4885 -0.7630
vn -0.4218 0.5408 -0.7278
vn -0.3217 0.4445 -0.8360
vn -0.3781 0.4515 -0.8082
vn -0.2918 0.7713 -0.5657
vn -0.1726 0.8698 -0.4622
vn -0.2064 0.7146 -0.6684
vn -0.0990 0.5977 -0.7956
vn -0.1547 0.9317 -0.3287
vn -0.1143 0.6810 -0.7234
vn -0.2833 0.4236 -0.8604
vn -0.1603 0.3426 -0.9257
vn -0.1155 0.3384 -0.9339
vn -0.2195 0.5116 -0.8307
vn -0.3277 0.4095 -0.8514
vn -0.2198 0.3827 -0.8973
vn -0.0397 0.3547 -0.9341
vn -0.0736 0.4587 -0.8855
vn -0.2535 0.4692 -0.8459
vn -0.2947 0.4875 -0.8219
vn -0.3808 0.5868 -0.7146
vn -0.2102 0.4356 -0.8753
vn -0.4920 0.6728 -0.5525
vn -0.5150 0.6153 -0.5968
vn -0.3488 0.5082 -0.7874
vn -0.1366 0.3355 -0.9321
vn -0.0266 0.3251 -0.9453
vn -0.0725 0.3321 -0.9404
vn 0.0089 0.1535 -0.9881
vn -0.0286 0.1752 -0.9841
vn -0.0284 0.3167 -0.9481
vn -0.1670 0.3683 -0.9146
vn -0.0194 0.0942 -0.9954
vn -0.2373 0.2782 -0.9307
vn -0.5130 0.5324 -0.6734
vn -0.5498 0.5951 -0.5862
vn -0.2563 0.3440 -0.9033
vn -0.0169 0.1141 -0.9933
vn -0.4936 0.4227 -0.7600
vn -0.4261 0.4038 -0.8096
vn -0.4187 0.4056 -0.8125
vn -0.4913 0.4604 -0.7394
vn -0.4123 0.4399 -0.7978
vn -0.4762 0.4913 -0.7293
vn -0.3535 0.4488 -0.8208
vn -0.4188 0.4635 -0.7809
vn -0.1626 0.2751 -0.9476
vn -0.1822 0.2609 -0.9480
vn -0.3753 0.4526 -0.8089
vn -0.4504 0.3367 -0.8269
vn -0.1389 0.2235 -0.9648
vn -0.0896 0.2346 -0.9680
vn -0.5973 0.5680 -0.5662
vn -0.7206 0.4094 -0.5596
vn -0.5271 0.4337 -0.7308
vn -0.5429 0.4817 -0.6879
vn -0.5758 0.4832 -0.6595
vn -0.5349 0.4072 -0.7404
vn -0.5274 0.5199 -0.6720
vn -0.5721 0.5231 -0.6317
vn -0.4318 0.4652 -0.7727
vn -0.4752 0.4637 -0.7478
vn -0.1633 0.2702 -0.9489
vn -0.2287 0.2955 -0.9276
vn -0.1566 0.1026 -0.9823
vn -0.2183 0.2022 -0.9547
vn -0.1766 0.0832 -0.9808
vn -0.2556 0.1563 -0.9541
vn -0.5074 0.4161 -0.7546
vn -0.3968 0.4177 -0.8174
vn -0.4107 0.4682 -0.7824
vn -0.1022 0.0835 -0.9913
vn -0.1580 0.2440 -0.9568
vn -0.4568 0.5539 -0.6961
vn -0.4699 0.4191 -0.7769
vn -0.3666 0.5671 -0.7375
vn -0.3655 0.6393 -0.6766
vn -0.5288 0.6839 -0.5027
vn -0.6332 0.6243 -0.4576
vn 0.5900 -0.7588 0.2761
vn 0.6923 -0.6115 0.3832
vn 0.6832 -0.5965 0.4213
vn 0.6600 -0.6722 0.3354
vn 0.5589 -0.5276 0.6397
vn 0.5176 -0.7193 0.4634
vn 0.5534 -0.4329 0.7116
vn 0.7415 -0.6192 0.2582
vn 0.7440 -0.6100 0.2726
vn 0.7520 -0.5314 0.3901
vn 0.8037 -0.5691 0.1738
vn 0.6096 -0.4737 0.6356
vn 0.5973 -0.4406 0.6701
vn 0.7331 -0.5020 0.4588
vn 0.8074 -0.5540 0.2028
vn 0.5710 -0.3613 0.7372
vn 0.5699 -0.3963 0.7198
vn 0.5917 -0.4964 0.6352
vn 0.6139 -0.4184 0.6694
vn 0.5743 -0.4913 0.6548
vn 0.4964 -0.4315 0.7533
vn 0.7987 -0.5867 0.1335
vn 0.7430 -0.5503 0.3810
vn 0.6720 -0.5814 0.4586
vn 0.7054 -0.5795 0.4081
vn 0.8007 -0.5982 -0.0317
vn 0.7853 -0.6082 0.1155
vn 0.6644 -0.4977 0.5576
vn 0.7018 -0.5491 0.4538
vn 0.6254 -0.5447 0.5587
vn 0.7190 -0.3869 0.5774
vn 0.7489 -0.4313 0.5031
vn 0.7559 -0.5383 0.3726
vn 0.6774 -0.5599 0.4772
vn 0.5796 -0.4681 0.6670
vn 0.5735 -0.3308 0.7495
vn 0.5519 -0.1602 0.8184
vn 0.7086 -0.2923 0.6422
vn 0.7883 -0.1008 0.6070
vn 0.6591 0.0798 0.7478
vn 0.5976 0.2850 0.7495
vn 0.7332 0.2069 0.6478
vn 0.7742 -0.0246 0.6325
vn 0.7401 -0.3470 0.5761
vn 0.6276 -0.0559 0.7765
vn 0.6903 -0.5362 0.4859
vn 0.7514 -0.6398 0.1615
vn 0.5541 -0.4284 0.7138
vn 0.7604 -0.2887 0.5818
vn 0.7718 0.1040 0.6273
vn 0.7722 -0.1000 0.6274
vn 0.7008 -0.4550 0.5494
vn 0.7886 0.0969 0.6072
vn 0.9270 -0.1251 0.3537
vn 0.9296 -0.3379 0.1472
vn 0.7503 0.0170 0.6609
vn 0.7316 0.1596 0.6628
vn 0.7224 -0.0449 0.6901
vn 0.7131 -0.2350 0.6605
vn 0.6870 -0.5273 0.5000
vn 0.8412 -0.4518 0.2971
vn 0.7661 -0.1796 0.6171
vn 0.6800 -0.4040 0.6119
vn 0.7701 -0.6378 -0.0146
vn 0.7942 -0.6065 -0.0371
vn 0.7964 -0.5891 0.1365
vn 0.3807 -0.2932 0.8770
vn 0.3026 -0.2709 0.9138
vn 0.0836 -0.1396 0.9867
vn 0.2432 -0.0638 0.9679
vn 0.0598 -0.0893 0.9942
vn 0.2278 -0.2298 0.9462
vn 0.1476 -0.1117 0.9827
vn 0.1984 -0.1577 0.9673
vn 0.3160 -0.2516 0.9148
vn 0.5071 -0.3763 0.7754
vn 0.4274 -0.3270 0.8429
vn 0.2027 -0.2013 0.9583
vn 0.4274 -0.3306 0.8414
vn 0.4953 -0.3760 0.7831
vn 0.1510 -0.1933 0.9695
vn 0.1357 -0.4053 0.9040
vn -0.0208 -0.2050 0.9785
vn 0.1391 -0.1819 0.9734
vn 0.3943 -0.4024 0.8262
vn 0.2917 -0.3817 0.8770
vn 0.3765 -0.3829 0.8436
vn 0.4436 -0.4181 0.7927
vn 0.0850 -0.3012 0.9498
vn 0.0747 -0.3109 0.9475
vn 0.0160 -0.1963 0.9804
vn 0.0373 -0.2531 0.9667
vn 0.0876 -0.1923 0.9774
vn 0.1120 -0.2493 0.9619
vn 0.1692 -0.3498 0.9214
vn 0.2152 -0.4079 0.8873
vn 0.2082 -0.4658 0.8600
vn -0.5736 0.6560 -0.4906
vn -0.6040 0.6889 -0.4008
vn -0.5822 0.6457 -0.4941
vn -0.5670 0.6556 -0.4988
vn -0.6522 0.5816 -0.4863
vn -0.6324 0.5835 -0.5096
vn -0.6628 0.5802 -0.4735
vn -0.6671 0.6654 -0.3350
vn -0.7043 0.6570 -0.2689
vn -0.6658 0.5607 -0.4923
vn -0.6892 0.4936 -0.5305
vn -0.7632 0.4611 -0.4527
vn -0.5532 0.7141 -0.4290
vn -0.6134 0.6792 -0.4030
vn -0.5712 0.7469 -0.3404
vn -0.6553 0.7132 -0.2487
vn -0.6465 0.6553 -0.3906
vn -0.6943 0.6941 -0.1902
vn -0.5282 0.7975 -0.2915
vn -0.6826 0.7306 -0.0166
vn -0.4731 0.7308 -0.4920
vn -0.3401 0.7184 -0.6069
vn -0.4418 0.8558 -0.2693
vn -0.6740 0.7355 -0.0698
vn -0.5784 0.6402 -0.5055
vn -0.5531 0.5908 -0.5874
vn -0.7117 0.6836 -0.1619
vn -0.6621 0.6278 -0.4092
vn -0.5849 0.5310 -0.6131
vn -0.6952 0.6199 -0.3639
vn -0.0268 0.7341 -0.6785
vn -0.3173 0.8270 -0.4642
vn -0.2631 0.5698 -0.7785
vn -0.5319 0.6656 -0.5234
vn 0.2899 -0.3060 0.9068
vn 0.1179 -0.0904 0.9889
vn 0.5123 -0.3626 0.7785
vn 0.5838 -0.4244 0.6921
vn 0.4444 -0.3978 0.8026
vn 0.3604 -0.0353 0.9321
vn 0.2674 0.2268 0.9365
vn 0.5061 -0.0749 0.8592
vn 0.5132 -0.1393 0.8469
vn 0.3079 0.2273 0.9239
vn 0.3788 0.1808 0.9077
vn 0.2937 0.2153 0.9313
vn 0.2737 0.1296 0.9530
vn 0.5143 0.0016 0.8576
vn 0.7481 0.1391 -0.6488
vn 0.5791 0.0707 -0.8122
vn 0.1640 0.5669 -0.8073
vn 0.3824 0.6517 -0.6551
vn -0.1957 0.8590 -0.4732
vn 0.0492 0.9317 -0.3600
vn 0.3310 0.9146 -0.2322
vn 0.6229 0.6973 -0.3545
vn 0.8693 0.2550 -0.4234
vn 0.5987 0.0160 0.8008
vn 0.7861 0.1269 0.6049
vn 0.4426 0.5797 0.6842
vn 0.1565 0.5880 0.7936
vn 0.0310 0.5684 0.8222
vn 0.4566 0.0058 0.8896
vn 0.7777 -0.4354 0.4535
vn 0.7923 -0.4269 0.4358
vn 0.8604 -0.2698 0.4324
vn -0.0171 0.8368 0.5472
vn -0.0771 0.9526 0.2942
vn -0.3000 0.9383 0.1720
vn -0.1485 0.8353 0.5294
vn 0.4047 0.7982 0.4463
vn 0.3603 0.9006 0.2431
vn 0.9081 0.3838 0.1677
vn 0.8913 0.2710 0.3635
vn 0.9248 -0.3221 0.2027
vn 0.9527 -0.2931 0.0800
vn 0.3338 0.9426 -0.0029
vn -0.0789 0.9964 -0.0296
vn -0.3409 0.9329 -0.1160
vn 0.8080 0.5861 -0.0597
vn 0.9888 -0.0668 -0.1331
vn 0.9020 -0.3156 -0.2945
vn 0.8190 -0.3674 -0.4407
vn 0.8622 -0.5035 0.0559
vn 0.8572 -0.5146 0.0205
vn 0.8216 -0.5398 0.1833
vn 0.8022 -0.5635 0.1973
vn 0.1717 -0.4775 0.8617
vn -0.0520 -0.4542 0.8894
vn -0.0846 -0.4487 0.8897
vn 0.1579 -0.5064 0.8477
vn 0.4928 -0.5338 0.6872
vn 0.5484 -0.4878 0.6792
vn 0.7404 -0.4455 0.5033
vn 0.3751 -0.5099 0.7741
vn 0.0773 -0.5123 0.8553
vn -0.2843 -0.3929 0.8745
vn -0.3145 -0.3887 0.8660
vn -0.1989 -0.4701 0.8599
vn -0.5852 -0.3222 0.7441
vn -0.5966 -0.2498 0.7626
vn -0.6182 -0.2636 0.7405
vn 0.2116 -0.5774 0.7886
vn -0.0774 -0.5266 0.8466
vn 0.0161 -0.3595 0.9330
vn 0.2262 -0.3109 0.9231
vn 0.3174 -0.1850 0.9301
vn 0.5299 -0.5480 0.6472
vn -0.3177 -0.4628 0.8276
vn -0.2124 -0.3092 0.9270
vn -0.6504 -0.3186 0.6895
vn -0.6359 -0.1887 0.7483
vn 0.3065 0.2355 0.9223
vn 0.4232 0.1440 0.8945
vn 0.4250 -0.1667 0.8897
vn 0.2049 0.3148 0.9268
vn 0.4943 0.2179 0.8415
vn -0.3919 0.2715 0.8790
vn -0.9046 0.0464 0.4238
vn -0.7729 0.4215 0.4743
vn -0.7623 0.5877 0.2713
vn -0.1286 0.7078 0.6946
vn -0.7816 0.6235 -0.0182
vn -0.3334 0.7831 0.5249
vn 0.7296 0.0070 0.6838
vn 0.6669 -0.0868 0.7401
vn 0.6635 0.1568 0.7316
vn 0.6028 -0.0377 0.7970
vn -0.1762 0.6723 0.7190
vn 0.1025 0.3405 0.9346
vn 0.2243 0.2198 0.9494
vn -0.0589 0.6526 0.7554
vn 0.0277 0.3582 0.9332
vn -0.0101 0.2319 0.9727
vn 0.0286 0.7175 0.6960
vn 0.2296 0.5501 0.8029
vn 0.3609 -0.1328 0.9231
vn 0.2030 -0.0934 0.9747
vn 0.3821 0.0092 0.9241
vn 0.1079 -0.1213 0.9867
vn 0.1984 0.5193 0.8312
vn 0.0875 0.7632 0.6402
vn 0.0631 0.6844 0.7264
vn 0.4100 0.3030 0.8603
vn -0.0745 0.1697 0.9827
vn -0.9252 -0.1294 0.3567
vn -0.8897 -0.1745 0.4219
vn -0.9485 -0.1314 0.2882
vn -0.9577 -0.0052 0.2876
vn -0.7159 0.3712 -0.5914
vn -0.4987 0.5208 -0.6928
vn -0.3764 0.5987 -0.7071
vn -0.6108 0.5088 -0.6067
vn -0.7509 0.6385 -0.1688
vn -0.8561 0.4972 -0.1411
vn -0.9537 0.0045 -0.3007
vn -0.7932 0.3201 -0.5180
vn -0.9155 0.3138 -0.2518
vn -0.6696 0.5013 -0.5480
vn -0.9996 -0.0222 -0.0161
vn -0.6859 0.7074 0.1707
vn -0.9955 -0.0011 0.0946
vn -0.2992 0.6041 -0.7386
vn -0.1220 0.5691 -0.8132
vn 0.0548 0.5337 -0.8439
vn 0.0015 0.6249 -0.7807
vn -0.8742 -0.1503 0.4617
vn -0.9395 -0.0021 0.3426
vn -0.8603 -0.0716 0.5048
vn -0.9482 0.0920 0.3042
vn -0.9696 0.1702 0.1757
vn -0.8813 0.4200 -0.2167
vn -0.9549 0.2880 0.0729
vn -0.8162 0.5091 -0.2730
vn -0.6174 0.5605 -0.5520
vn -0.5431 0.6062 -0.5810
vn -0.8560 -0.0518 0.5144
vn -0.9614 0.1397 0.2371
vn -0.8713 -0.1064 0.4791
vn -0.9805 0.1202 0.1552
vn -0.4735 0.5750 -0.6673
vn -0.4657 0.5262 -0.7115
vn -0.3050 0.5367 -0.7867
vn -0.2074 0.5762 -0.7905
vn -0.7969 0.4783 -0.3691
vn -0.8014 0.4321 -0.4136
vn -0.9366 0.3382 -0.0919
vn -0.9424 0.3040 -0.1395
vn -0.8502 -0.2012 0.4866
vn -0.9859 0.0797 0.1474
vn -0.5251 -0.4307 0.7340
vn -0.4988 -0.4669 0.7302
vn -0.8643 -0.2343 0.4450
vn -0.9946 0.0548 0.0881
vn -0.5253 0.4882 -0.6969
vn -0.6961 0.3978 -0.5977
vn -0.3952 0.4182 -0.8179
vn -0.3204 0.4955 -0.8074
vn -0.8405 0.3907 -0.3753
vn -0.8964 0.3355 -0.2896
vn -0.9576 0.2641 -0.1151
vn -0.9616 0.2464 -0.1209
vn -0.6235 -0.2433 0.7430
vn -0.5584 -0.2553 0.7893
vn -0.8222 -0.0594 0.5661
vn -0.8085 -0.0782 0.5832
vn -0.8533 0.0278 0.5206
vn -0.6361 -0.1326 0.7601
vn -0.3028 -0.3325 0.8932
vn -0.3176 -0.4229 0.8487
vn -0.2155 -0.4037 0.8892
vn -0.9098 0.3721 -0.1839
vn -0.9058 0.3801 -0.1871
vn -0.9592 0.1845 0.2141
vn -0.9582 0.1432 0.2476
vn -0.9548 0.1953 0.2243
vn -0.8902 0.4157 -0.1865
vn -0.5655 0.5115 -0.6470
vn -0.5646 0.5617 -0.6047
vn -0.3437 0.5541 -0.7582
vn -0.3606 0.5258 -0.7704
vn -0.4443 0.5296 -0.7226
vn -0.5898 0.4954 -0.6378
vn 0.1437 -0.9698 0.1973
vn 0.0912 -0.9877 0.1274
vn 0.0943 -0.9720 0.2150
vn 0.1185 -0.9676 0.2228
vn 0.2529 -0.7981 0.5468
vn 0.3348 -0.6904 0.6413
vn 0.3308 0.5340 0.7781
vn 0.4023 -0.0503 0.9141
vn 0.3603 -0.2751 0.8914
vn 0.2735 0.4601 0.8447
vn 0.3064 0.6563 0.6895
vn 0.2126 0.5625 0.7990
vn 0.2412 0.2360 0.9413
vn 0.3639 0.2853 0.8867
vn 0.4727 -0.6866 0.5525
vn 0.4184 -0.8413 0.3424
vn 0.4591 -0.7386 0.4936
vn 0.4466 -0.6699 0.5930
vn 0.3881 -0.7556 0.5276
vn 0.3785 -0.7246 0.5759
vn 0.4345 -0.7106 0.5534
vn 0.4940 -0.6900 0.5290
vn 0.7552 0.6418 -0.1331
vn 0.8344 0.4064 -0.3724
vn 0.4836 0.7268 -0.4877
vn 0.3675 0.6439 -0.6711
vn -0.0318 -0.3953 -0.9180
vn -0.1500 0.0066 -0.9887
vn 0.2447 -0.2735 -0.9302
vn -0.0211 -0.0021 -0.9998
vn 0.8355 0.0419 -0.5479
vn 0.4474 0.3517 -0.8223
vn 0.2793 0.1579 -0.9471
vn 0.7451 -0.0978 -0.6598
vn 0.4718 -0.3290 -0.8180
vn 0.2848 -0.1635 -0.9445
vn 0.4658 -0.1301 -0.8753
vn -0.0020 0.0219 -0.9998
vn 0.3929 0.0426 -0.9186
vn 0.7428 -0.3081 -0.5944
vn 0.8181 -0.1397 -0.5578
vn 0.3623 0.2565 -0.8961
vn -0.2347 0.4885 -0.8404
vn -0.1561 0.3128 -0.9369
vn 0.2119 0.0484 -0.9761
vn -0.0456 -0.0907 -0.9948
vn 0.0151 0.9974 -0.0706
vn -0.0716 0.9854 -0.1547
vn 0.3936 0.8888 -0.2348
vn 0.4095 0.9036 0.1258
vn 0.0481 0.5310 0.8460
vn 0.2108 0.4131 0.8859
vn 0.3432 -0.1207 0.9315
vn 0.3726 -0.0291 0.9275
vn 0.6534 -0.5416 0.5289
vn 0.7346 -0.4666 0.4926
vn -0.0672 0.8895 0.4520
vn -0.2034 0.9791 -0.0012
vn 0.0703 0.9763 -0.2046
vn 0.2366 0.9025 0.3598
vn 0.8253 -0.2655 -0.4984
vn 0.9368 -0.0452 -0.3470
vn 0.4546 0.3332 -0.8260
vn 0.4692 0.0692 -0.8804
vn 0.8728 -0.4879 0.0095
vn 0.8453 -0.5120 0.1527
vn 0.7736 -0.5994 0.2053
vn 0.7197 -0.6534 0.2348
vn 0.7480 -0.2828 0.6004
vn 0.8337 -0.2350 0.4997
vn 0.8486 0.1680 0.5016
vn 0.7347 0.0316 0.6776
vn 0.7442 0.6020 0.2894
vn 0.8356 0.5056 0.2150
vn -0.3389 0.4440 -0.8295
vn -0.4560 0.3582 -0.8147
vn -0.5478 0.4833 -0.6829
vn -0.3525 0.5890 -0.7272
vn -0.3917 0.6025 -0.6954
vn -0.3863 0.5055 -0.7716
vn -0.4383 0.6724 -0.5965
vn -0.6288 0.5836 -0.5138
vn -0.3569 0.6640 -0.6571
vn 0.6095 -0.5094 0.6075
vn 0.5506 -0.5955 0.5850
vn 0.6254 -0.5536 0.5499
vn 0.6491 -0.4913 0.5808
vn 0.6911 -0.4291 0.5816
vn 0.6358 -0.4451 0.6306
vn 0.5155 -0.4507 0.7288
vn 0.4635 -0.5452 0.6985
vn 0.3087 -0.6811 0.6639
vn -0.3416 0.6866 -0.6418
vn -0.2859 0.6816 -0.6736
vn -0.3232 0.5633 -0.7604
vn -0.3910 0.5730 -0.7203
vn -0.1810 0.6626 -0.7268
vn -0.2280 0.5391 -0.8108
vn 0.6965 0.0438 -0.7163
vn 0.6419 0.0788 -0.7628
vn 0.4842 0.1399 -0.8637
vn 0.5790 0.1137 -0.8073
vn 0.6008 0.0708 -0.7963
vn 0.6911 -0.0203 -0.7224
vn 0.8588 -0.3718 -0.3525
vn 0.6550 -0.0146 -0.7555
vn 0.5045 0.1562 -0.8491
vn 0.4364 0.1925 -0.8789
vn 0.6364 -0.0183 -0.7712
vn 0.8274 -0.4002 -0.3940
vn 0.5534 -0.0955 -0.8274
vn 0.2610 0.1449 -0.9544
vn 0.7161 -0.2953 -0.6324
vn 0.6908 -0.7192 -0.0739
vn 0.6208 -0.7132 0.3255
vn 0.3412 -0.8288 0.4436
vn 0.4017 -0.6963 0.5949
vn 0.7073 -0.6075 0.3614
vn 0.4628 -0.5564 0.6901
vn 0.1826 -0.9352 0.3034
vn 0.2816 -0.8640 0.4173
vn 0.1339 -0.8753 0.4647
vn 0.1149 -0.9309 0.3467
vn 0.3264 -0.8767 0.3534
vn 0.4173 -0.7996 0.4318
vn 0.4093 -0.7533 0.5148
vn 0.5440 -0.6719 0.5026
vn 0.1758 -0.7979 0.5766
vn 0.3172 0.4679 -0.8249
vn -0.0521 0.6415 -0.7653
vn 0.8239 0.0841 -0.5604
vn 0.5696 0.3603 -0.7387
vn 0.1896 0.6079 -0.7710
vn 0.4515 -0.7010 0.5521
vn 0.4633 -0.7226 0.5130
vn 0.4595 -0.6204 0.6355
vn 0.4097 -0.6143 0.6744
vn 0.4823 -0.6602 0.5757
vn 0.5236 -0.6973 0.4895
vn 0.4461 -0.7256 0.5240
vn 0.3795 -0.7171 0.5846
vn 0.5020 -0.7310 0.4623
vn 0.8538 0.0532 -0.5178
vn 0.5065 0.4074 -0.7599
vn 0.8957 -0.0358 -0.4433
vn 0.4858 0.2942 -0.8231
vn 0.7329 -0.1631 -0.6606
vn 0.1048 0.0752 -0.9916
vn 0.3518 0.0242 -0.9358
vn 0.8475 -0.2171 -0.4844
vn 0.8163 -0.1040 -0.5682
vn 0.3689 0.1625 -0.9152
vn 0.5453 -0.4583 0.7019
vn 0.5694 -0.3307 0.7526
vn 0.4103 -0.2865 0.8658
vn 0.3837 -0.4830 0.7871
vn -0.4996 0.7322 -0.4630
vn -0.5038 0.5182 -0.6912
vn -0.4689 0.5854 -0.6614
vn -0.4601 0.6935 -0.5545
vn -0.4203 0.8206 -0.3872
vn -0.4387 0.6300 -0.6408
vn 0.8545 -0.0425 0.5177
vn 0.8288 -0.4124 0.3782
vn 0.6615 -0.1606 0.7325
vn 0.5395 -0.5323 0.6524
vn 0.7078 -0.6861 0.1681
vn 0.3673 -0.7942 0.4841
vn 0.1556 0.6740 -0.7221
vn 0.0789 0.6778 -0.7310
vn 0.0185 0.5131 -0.8581
vn 0.0926 0.4920 -0.8657
vn -0.0779 0.2636 -0.9615
vn -0.0044 0.1282 -0.9917
vn 0.4697 -0.3263 0.8203
vn 0.3986 -0.3016 0.8661
vn 0.2326 -0.2049 0.9507
vn 0.3283 -0.1992 0.9233
vn 0.3723 -0.1879 0.9089
vn 0.2605 -0.0299 0.9650
vn -0.2526 0.3969 -0.8824
vn -0.1970 0.3878 -0.9004
vn -0.3464 0.3564 -0.8678
vn -0.2495 0.4739 -0.8445
vn -0.2194 0.4890 -0.8443
vn -0.2990 0.4403 -0.8466
vn -0.2168 0.6112 -0.7612
vn -0.3027 0.4989 -0.8121
vn -0.2008 0.6132 -0.7640
vn 0.0270 0.4709 -0.8818
vn -0.2804 0.7857 -0.5514
vn -0.0083 0.4965 -0.8680
vn -0.1607 0.7696 -0.6179
vn -0.3095 0.9279 -0.2080
vn -0.1110 0.9274 -0.3571
vn 0.5420 -0.7809 0.3107
vn 0.5127 -0.7840 0.3500
vn 0.5706 -0.6847 0.4535
vn 0.6609 -0.7108 0.2410
vn 0.6400 -0.7157 0.2796
vn 0.4851 -0.7699 0.4147
vn 0.4706 -0.6975 0.5404
vn 0.5524 -0.7968 0.2449
vn 0.5175 -0.7827 0.3457
vn 0.2612 -0.5369 0.8022
vn 0.2609 -0.4692 0.8437
vn 0.2714 -0.4656 0.8423
vn 0.2950 -0.1739 0.9395
vn 0.2566 -0.0484 0.9653
vn 0.2641 0.0279 0.9641
vn 0.2503 -0.0176 0.9680
vn 0.1872 -0.0947 0.9777
vn 0.2513 -0.2063 0.9457
vn 0.3475 -0.2631 0.9000
vn 0.2841 -0.2844 0.9156
vn 0.2838 -0.1949 0.9389
vn 0.2441 -0.3296 0.9120
vn 0.4033 -0.2810 0.8709
vn 0.4034 -0.3288 0.8539
vn 0.3164 -0.4249 0.8482
vn 0.4371 -0.4214 0.7946
vn 0.3294 -0.2996 0.8954
vn 0.8223 -0.5296 -0.2080
vn 0.8853 -0.4428 -0.1417
vn 0.6369 -0.7091 0.3027
vn 0.6395 -0.6828 0.3532
vn 0.9295 -0.3662 -0.0427
vn 0.6575 -0.6360 0.4039
vn -0.4360 0.6556 -0.6166
vn -0.3920 0.6785 -0.6212
vn -0.3858 0.7228 -0.5733
vn -0.4436 0.6488 -0.6183
vn -0.4377 0.6684 -0.6014
vn -0.4092 0.6390 -0.6513
vn -0.4171 0.5916 -0.6899
vn -0.4257 0.4386 -0.7914
vn -0.3143 0.1642 -0.9350
vn -0.3510 0.2230 -0.9094
vn -0.3550 0.1854 -0.9163
vn -0.4282 0.5205 -0.7387
vn 0.8941 0.3896 0.2208
vn 0.7858 0.5743 0.2295
vn 0.3483 0.7287 -0.5896
vn 0.5697 0.5573 -0.6040
vn 0.5558 0.6426 -0.5274
vn 0.9341 0.0728 0.3494
vn 0.6543 -0.3274 0.6817
vn 0.5661 -0.0718 0.8212
vn 0.5290 0.0292 0.8481
vn 0.8734 0.3888 0.2932
vn 0.6243 0.0111 0.7811
vn 0.4827 0.7918 -0.3741
vn 0.2990 -0.1579 0.9411
vn 0.2702 -0.2395 0.9325
vn 0.3048 -0.1172 0.9452
vn 0.3955 -0.6972 0.5979
vn 0.4109 -0.6681 0.6203
vn 0.4097 -0.8542 0.3202
vn 0.3820 -0.8974 0.2207
vn -0.4112 0.0907 -0.9070
vn -0.1918 -0.3510 -0.9165
vn -0.2965 -0.0138 -0.9549
vn -0.4059 0.2612 -0.8758
vn -0.3089 0.0724 -0.9483
vn -0.1015 -0.4324 -0.8960
vn -0.1867 -0.2758 -0.9429
vn -0.1477 -0.3440 -0.9273
vn -0.2447 -0.0358 -0.9689
vn 0.8060 -0.2818 0.5205
vn 0.2371 0.8474 -0.4751
vn 0.9117 0.3977 0.1030
vn 0.9602 0.2792 -0.0109
vn 0.3550 0.7200 -0.5964
vn 0.7850 -0.4313 0.4447
vn 0.5300 0.5837 -0.6152
vn 0.9836 0.1248 -0.1306
vn 0.8729 -0.4325 0.2258
vn 0.4543 -0.5609 0.6921
vn 0.5430 -0.5401 0.6430
vn 0.4244 -0.6396 0.6409
vn 0.4155 -0.8268 0.3792
vn 0.4988 -0.7214 0.4805
vn 0.5959 -0.6179 0.5129
vn 0.4764 -0.7893 0.3874
vn 0.4207 -0.7424 0.5214
vn 0.6152 -0.6740 0.4089
vn 0.3035 0.8841 0.3552
vn 0.4184 0.6475 0.6370
vn 0.2103 0.0642 0.9755
vn 0.2019 0.4529 0.8684
vn 0.2280 0.9464 -0.2287
vn 0.0546 0.9732 -0.2235
vn -0.5303 0.5889 -0.6099
vn -0.4382 0.4883 -0.7547
vn -0.4243 0.4852 -0.7646
vn -0.5191 0.5802 -0.6276
vn -0.5114 0.4838 -0.7102
vn -0.3952 0.4389 -0.8069
vn 0.8415 -0.5159 0.1606
vn 0.7269 -0.5926 0.3470
vn 0.7552 -0.5054 0.4174
vn 0.8831 -0.4235 0.2019
vn 0.8802 -0.4250 0.2114
vn 0.7812 -0.5495 0.2962
vn 0.7735 -0.5409 0.3304
vn 0.8421 -0.5136 0.1647
vn 0.7212 -0.5803 0.3783
vn 0.2078 -0.6027 0.7704
vn 0.2564 -0.5542 0.7919
vn 0.2463 -0.5225 0.8163
vn 0.0771 -0.9480 0.3089
vn 0.0627 -0.9359 0.3465
vn 0.0924 -0.8915 0.4435
vn 0.1591 -0.8746 0.4580
vn 0.3416 -0.7100 0.6158
vn 0.2013 -0.8453 0.4949
vn 0.3138 0.4036 0.8594
vn 0.5688 0.1485 0.8090
vn 0.4842 0.0230 0.8747
vn 0.2442 0.1719 0.9544
vn 0.4648 0.0875 0.8811
vn 0.6097 -0.0642 0.7901
vn 0.4321 -0.6429 0.6325
vn 0.4311 -0.5747 0.6956
vn 0.3552 -0.5772 0.7353
vn 0.2950 -0.6710 0.6803
vn 0.2997 -0.7396 0.6026
vn 0.3880 -0.7337 0.5577
vn 0.3807 -0.8968 0.2253
vn 0.4187 -0.8459 0.3305
vn 0.3992 -0.8685 0.2938
vn 0.4168 -0.8824 0.2183
vn 0.4710 -0.6711 0.5726
vn 0.3847 -0.7504 0.5374
vn -0.0291 0.5299 -0.8476
vn -0.1964 0.6151 -0.7636
vn -0.3091 0.4342 -0.8461
vn -0.1929 0.3506 -0.9164
vn 0.0000 0.6857 -0.7279
vn -0.0792 0.7947 -0.6019
vn -0.3541 -0.0734 -0.9323
vn -0.3691 0.0285 -0.9289
vn -0.3602 0.0108 -0.9328
vn -0.3940 0.0933 -0.9144
vn -0.3326 0.1563 -0.9300
vn -0.3897 0.3043 -0.8692
vn -0.0510 0.6212 -0.7820
vn -0.3365 0.6317 -0.6984
vn -0.3025 0.7022 -0.6445
vn -0.0742 0.6932 -0.7169
vn -0.1810 0.5015 -0.8460
vn -0.3944 0.5233 -0.7553
vn 0.0876 0.0033 0.9962
vn -0.0399 -0.1267 0.9911
vn 0.1616 -0.3342 0.9286
vn 0.2562 -0.2678 0.9288
vn 0.4788 -0.6997 0.5303
vn 0.5571 -0.6241 0.5478
vn 0.5880 -0.3517 0.7284
vn 0.5236 -0.1462 0.8393
vn 0.4107 -0.2937 0.8632
vn 0.4202 -0.4857 0.7665
vn 0.6149 -0.6248 0.4812
vn 0.4383 -0.7280 0.5271
vn 0.4165 -0.4621 0.7830
vn 0.3451 -0.5460 0.7634
vn 0.4777 -0.6624 0.5771
vn 0.6212 -0.5841 0.5224
vn 0.5213 -0.6703 0.5281
vn 0.1884 -0.5862 0.7879
vn 0.3169 -0.4645 0.8269
vn 0.0464 -0.4742 0.8792
vn 0.0203 -0.5696 0.8217
vn 0.1406 -0.6900 0.7100
vn 0.0767 -0.6944 0.7154
vn 0.1851 -0.8950 0.4059
vn 0.1604 -0.8729 0.4607
vn 0.1651 -0.8943 0.4159
vn 0.0774 -0.8715 0.4843
vn 0.1254 -0.8306 0.5425
vn 0.2454 -0.8177 0.5207
vn 0.4129 -0.6281 0.6596
vn 0.0949 -0.8850 0.4558
vn 0.1152 -0.8209 0.5593
vn 0.5737 -0.2747 0.7716
vn 0.6543 0.0192 0.7560
vn 0.5314 -0.3768 0.7587
vn 0.6795 0.1336 0.7214
vn 0.6769 0.0177 0.7358
vn 0.4040 -0.5171 0.7546
vn 0.6829 -0.2474 0.6873
vn 0.7267 -0.2842 0.6254
vn 0.4681 -0.2517 0.8471
vn 0.4399 -0.2618 0.8590
vn 0.1845 -0.1390 0.9730
vn 0.1670 -0.2155 0.9621
vn 0.3938 -0.4297 0.8126
vn 0.2794 -0.2557 0.9255
vn 0.3678 -0.5975 0.7126
vn 0.4001 -0.4315 0.8086
vn 0.3020 -0.2472 0.9207
vn 0.3766 -0.6859 0.6226
vn 0.4739 -0.7001 0.5341
vn 0.3707 -0.4615 0.8060
vn 0.3083 -0.2515 0.9175
vn 0.4516 -0.7290 0.5143
vn 0.4439 -0.7196 0.5341
vn 0.4750 -0.8333 0.2829
vn 0.4299 -0.7401 0.5171
vn 0.4348 -0.7108 0.5530
vn 0.5566 -0.8081 0.1930
vn 0.4330 -0.7475 0.5037
vn 0.4239 -0.7492 0.5090
vn -0.1692 0.4853 -0.8578
vn -0.1018 0.4359 -0.8942
vn 0.0129 0.5474 -0.8368
vn -0.0463 0.6329 -0.7728
vn -0.2656 0.2208 -0.9385
vn -0.2408 0.1466 -0.9594
vn -0.3257 0.2539 -0.9107
vn -0.2154 0.2124 -0.9532
vn -0.1899 0.6539 -0.7323
vn -0.0604 0.6245 -0.7787
vn -0.0144 0.1230 -0.9923
vn -0.0922 0.1108 -0.9896
vn 0.0917 0.5454 -0.8332
vn 0.0337 0.3305 -0.9432
vn 0.1989 0.4035 -0.8931
vn -0.0466 0.8883 -0.4568
vn 0.0307 0.8331 -0.5523
vn -0.1014 0.8579 -0.5038
vn -0.2254 0.6302 -0.7430
vn -0.2725 0.4648 -0.8424
vn 0.0580 0.7346 -0.6761
vn -0.3799 0.5293 -0.7587
vn -0.3289 0.4906 -0.8070
vn -0.2632 0.6462 -0.7163
vn -0.4032 0.5965 -0.6940
vn -0.3585 0.4322 -0.8275
vn -0.2576 -0.0374 -0.9655
vn -0.1414 -0.2278 -0.9634
vn -0.3918 0.3699 -0.8424
vn -0.3086 0.5591 -0.7696
vn -0.4126 0.3784 -0.8286
vn -0.3742 0.3939 -0.8395
vn -0.4314 0.2247 -0.8737
vn -0.4721 0.2202 -0.8536
vn -0.3856 0.5363 -0.7508
vn -0.4067 0.6283 -0.6633
vn -0.4123 0.6901 -0.5948
vn -0.1715 0.3560 -0.9186
vn -0.2624 0.2077 -0.9423
vn -0.3434 0.7465 -0.5699
vn -0.2687 0.8699 -0.4137
vn -0.4304 0.6830 -0.5901
vn -0.3188 0.7056 -0.6329
vn -0.2832 0.5123 -0.8108
vn -0.0869 0.8327 -0.5468
vn -0.2084 0.4931 -0.8446
vn -0.2355 0.5005 -0.8331
vn 0.0551 0.5784 -0.8139
vn 0.0057 0.7478 -0.6639
vn 0.0518 0.9054 -0.4214
vn 0.1328 0.8060 -0.5769
vn 0.1781 0.6403 -0.7472
vn -0.1138 0.9680 -0.2235
vn -0.3037 0.8666 -0.3960
vn -0.3660 0.4520 -0.8135
vn -0.3708 0.5871 -0.7196
vn -0.4047 0.6318 -0.6611
vn -0.4616 0.6205 -0.6340
vn -0.1360 0.1430 -0.9803
vn -0.2401 0.4833 -0.8419
vn 0.0010 0.0837 -0.9965
vn -0.2413 0.4450 -0.8624
vn -0.1526 0.5655 -0.8105
vn -0.1156 0.3579 -0.9266
vn -0.0652 0.4918 -0.8682
vn 0.0133 0.5384 -0.8426
vn -0.1207 0.7020 -0.7018
vn -0.0324 0.6950 -0.7183
vn -0.1053 0.7038 -0.7026
vn -0.3978 0.6201 -0.6762
vn -0.4736 0.6473 -0.5972
vn -0.3079 0.7187 -0.6235
vn -0.2432 0.7130 -0.6576
vn -0.5316 0.6531 -0.5393
vn -0.4503 0.5937 -0.6669
vn -0.4362 0.6337 -0.6389
vn -0.3886 0.7107 -0.5865
vn -0.0939 0.8074 -0.5825
vn -0.0439 0.8597 -0.5089
vn -0.4056 0.6233 -0.6686
vn -0.1190 0.8447 -0.5218
vn -0.5581 0.6184 -0.5533
vn -0.4083 0.5811 -0.7040
vn -0.8264 0.5380 -0.1662
vn -0.8636 0.5024 -0.0432
vn -0.6783 0.5719 -0.4613
vn -0.4106 0.5734 -0.7090
vn -0.9000 0.3414 0.2710
vn -0.8732 0.3206 0.3670
vn -0.7381 0.0974 0.6676
vn -0.7124 0.0813 0.6971
vn -0.4122 -0.1298 0.9018
vn -0.4279 -0.1585 0.8898
vn -0.0882 -0.3030 0.9489
vn -0.1606 -0.3216 0.9332
vn 0.3305 -0.4446 0.8325
vn 0.7302 -0.4626 0.5028
vn 0.7425 -0.5124 0.4314
vn 0.3079 -0.4866 0.8176
vn 0.9131 -0.3881 0.1253
vn 0.9098 -0.3848 0.1553
vn 0.9084 -0.4103 0.0799
vn 0.9069 -0.4148 0.0737
vn 0.1861 -0.1551 0.9702
vn 0.0023 -0.1423 0.9898
vn 0.2228 -0.1716 0.9596
vn 0.2846 -0.2203 0.9330
vn 0.0843 -0.1524 0.9847
vn 0.2152 -0.3505 0.9115
vn 0.5120 -0.7136 0.4781
vn 0.0242 -0.0471 0.9986
vn 0.1231 -0.2173 0.9683
vn 0.5714 -0.8003 0.1818
vn 0.5330 -0.7185 0.4468
vn 0.5530 -0.7623 0.3361
vn 0.5670 -0.7946 0.2171
vn 0.5078 -0.5898 0.6280
vn 0.5798 -0.6853 0.4408
vn 0.5937 -0.6186 0.5147
vn 0.6248 -0.6910 0.3635
vn 0.6248 -0.7213 0.2988
vn 0.6331 -0.7373 0.2358
vn 0.0879 -0.1285 0.9878
vn 0.3038 -0.1352 0.9431
vn 0.1606 -0.0894 0.9830
vn 0.1177 -0.1258 0.9851
vn 0.2213 -0.2892 0.9313
vn 0.3445 -0.5110 0.7875
vn 0.4659 -0.1086 0.8781
vn 0.3241 -0.0818 0.9425
vn 0.2968 -0.2637 0.9178
vn 0.4005 -0.5129 0.7593
vn 0.2246 -0.2705 0.9362
vn 0.5263 -0.5888 0.6134
vn 0.3138 -0.2355 0.9198
vn -0.2089 0.7521 -0.6251
vn -0.1328 0.6111 -0.7803
vn -0.2931 0.5863 -0.7552
vn -0.3505 0.6923 -0.6308
vn 0.1939 0.4850 -0.8528
vn -0.0384 0.4901 -0.8708
vn -0.3246 0.4917 -0.8080
vn -0.4477 0.5518 -0.7036
vn -0.4988 0.6390 -0.5856
vn -0.0059 -0.3642 0.9313
vn 0.0864 -0.2645 0.9605
vn -0.0841 -0.4587 0.8846
vn 0.1658 -0.3462 0.9234
vn 0.2066 -0.2435 0.9476
vn 0.2032 -0.5432 0.8146
vn 0.3472 -0.6917 0.6333
vn 0.3566 -0.3336 0.8727
vn 0.5273 -0.3319 0.7822
vn 0.5169 -0.2684 0.8129
vn 0.3556 -0.2519 0.9001
vn 0.3357 0.3362 -0.8799
vn 0.1773 0.5066 -0.8437
vn 0.4764 0.2054 -0.8549
vn 0.2408 0.3723 -0.8963
vn -0.0387 0.4877 -0.8721
vn 0.0116 0.6183 -0.7858
vn 0.0862 -0.7615 0.6425
vn 0.2009 -0.7648 0.6121
vn 0.2870 -0.8025 0.5231
vn 0.5094 -0.6697 0.5404
vn 0.4080 -0.7004 0.5856
vn 0.3912 -0.7607 0.5179
vn -0.4143 0.6650 -0.6214
vn -0.2658 0.7030 -0.6597
vn -0.0866 0.6936 -0.7152
vn -0.3818 0.2985 -0.8747
vn -0.4059 0.2643 -0.8749
vn -0.3732 0.2286 -0.8992
vn 0.5201 -0.2348 0.8212
vn 0.3886 -0.1455 0.9099
vn 0.2560 -0.0960 0.9619
vn -0.4106 0.4704 -0.7811
vn -0.3958 0.2844 -0.8732
vn -0.2292 0.2005 -0.9525
vn -0.5258 0.8503 0.0250
vn -0.3964 0.9172 -0.0405
vn -0.4349 0.8576 -0.2746
vn -0.3051 0.9126 -0.2723
vn -0.1636 -0.9422 0.2923
vn -0.5718 -0.8202 0.0159
vn -0.1958 -0.8370 0.5110
vn -0.6529 -0.7196 0.2363
vn -0.8382 -0.4103 -0.3592
vn -0.9469 -0.2720 -0.1716
vn -0.8472 0.2761 -0.4538
vn -0.8412 0.0769 -0.5352
vn -0.6725 -0.4634 0.5771
vn -0.1708 -0.6048 0.7778
vn -0.1542 -0.3078 0.9389
vn -0.5528 -0.2148 0.8052
vn -0.9730 0.0417 0.2270
vn -0.7246 0.3071 0.6170
vn -0.6253 0.7583 0.1843
vn -0.8155 0.5485 -0.1847
vn -0.2890 0.7503 0.5946
vn -0.1945 0.2473 0.9492
vn -0.2745 0.9616 -0.0045
vn -0.4287 0.8873 -0.1701
vn -0.5448 0.7558 -0.3633
vn -0.6298 0.6251 -0.4610
vn -0.7163 0.4736 -0.5125
vn 0.5433 -0.4360 0.7175
vn 0.6356 -0.4606 0.6196
vn 0.6725 -0.4421 0.5936
vn 0.7523 -0.4627 0.4690
vn 0.7348 -0.4908 0.4682
vn 0.7131 -0.4582 0.5305
vn 0.9075 -0.3353 0.2531
vn 0.7740 -0.4409 0.4544
vn 0.7748 -0.4275 0.4657
vn 0.8805 -0.3250 0.3451
vn 0.5685 -0.3996 0.7191
vn 0.6372 -0.4069 0.6546
vn 0.5453 -0.3975 0.7380
vn 0.5850 -0.4050 0.7027
vn 0.6973 -0.4169 0.5830
vn 0.6401 -0.4013 0.6552
vn 0.7067 -0.3848 0.5937
vn 0.7405 -0.4213 0.5237
vn 0.7581 -0.3808 0.5294
vn 0.7708 -0.3652 0.5220
vn 0.3703 -0.5124 0.7748
vn 0.3395 -0.4139 0.8447
vn 0.5247 -0.4248 0.7377
vn 0.4520 -0.5704 0.6858
vn 0.4549 -0.5965 0.6612
vn 0.3560 -0.5717 0.7392
vn 0.7047 -0.5820 0.4059
vn 0.6465 -0.6104 0.4577
vn 0.6953 -0.5563 0.4550
vn 0.7152 -0.5602 0.4179
vn 0.8367 -0.4665 0.2869
vn 0.7534 -0.5341 0.3836
vn 0.5318 -0.6098 0.5876
vn 0.5353 -0.6130 0.5811
vn 0.6165 -0.4885 0.6175
vn 0.6703 -0.5311 0.5183
vn 0.5769 -0.6328 0.5164
vn 0.5936 -0.6187 0.5145
vn 0.6782 -0.5476 0.4901
vn 0.6104 -0.6343 0.4744
vn 0.6649 -0.5937 0.4532
vn 0.3181 -0.3230 0.8913
vn 0.3940 -0.1830 0.9007
vn 0.5316 -0.3424 0.7747
vn 0.5085 -0.3855 0.7700
vn 0.8303 -0.4146 0.3725
vn 0.7821 -0.4241 0.4566
vn 0.7511 -0.5135 0.4150
vn 0.8243 -0.4894 0.2847
vn 0.7367 -0.4384 0.5149
vn 0.7075 -0.4642 0.5330
vn 0.6725 -0.5082 0.5381
vn 0.6827 -0.5166 0.5167
vn 0.6514 -0.4487 0.6118
vn 0.6604 -0.4691 0.5864
vn 0.4133 -0.0127 0.9105
vn 0.6619 -0.1661 0.7309
vn 0.5592 -0.3025 0.7719
vn 0.4008 -0.1409 0.9053
vn 0.7075 -0.4303 0.5606
vn 0.7148 -0.4601 0.5267
vn 0.8692 0.0347 0.4933
vn 0.8873 0.0371 0.4596
vn 0.4025 0.6474 0.6472
vn 0.6674 0.6762 0.3121
vn -0.1389 0.8864 -0.4416
vn 0.0989 0.9206 -0.3778
vn 0.5830 0.8123 0.0138
vn 0.5531 0.8259 0.1095
vn 0.0148 0.9333 -0.3589
vn -0.1728 0.9425 -0.2862
vn -0.3596 0.5446 -0.7577
vn -0.1203 0.7897 -0.6016
vn -0.2807 0.5828 -0.7626
vn -0.2613 0.6615 -0.7029
vn -0.3152 0.8217 -0.4749
vn -0.5088 0.6917 -0.5126
vn -0.6424 0.6433 -0.4165
vn -0.5418 0.7225 -0.4296
vn -0.5037 0.5958 -0.6255
vn -0.5459 0.5577 -0.6252
vn -0.4482 0.5536 -0.7019
vn -0.4101 0.5778 -0.7056
vn -0.3493 0.5973 -0.7220
vn -0.4840 0.6158 -0.6217
vn -0.2883 0.5140 -0.8079
vn -0.4284 0.4988 -0.7534
vn -0.3870 0.4076 -0.8271
vn -0.5380 0.4129 -0.7349
vn -0.6528 0.5443 -0.5268
vn -0.6995 0.4776 -0.5316
vn -0.7135 0.5132 -0.4769
vn -0.7164 0.5551 -0.4226
vn -0.6487 0.6021 -0.4655
vn -0.6373 0.5405 -0.5492
vn -0.6190 0.6195 -0.4828
vn -0.5459 0.5489 -0.6330
vn -0.5853 0.5398 -0.6050
vn -0.6234 0.5627 -0.5429
vn -0.6611 0.5308 -0.5302
vn -0.3767 0.4542 -0.8073
vn -0.5055 0.5104 -0.6956
vn -0.4016 0.4383 -0.8041
vn -0.5507 0.4994 -0.6688
vn -0.6284 0.5467 -0.5534
vn -0.6445 0.5337 -0.5476
vn -0.6702 0.5393 -0.5099
vn -0.6545 0.5800 -0.4851
vn -0.6340 0.5821 -0.5091
vn -0.6734 0.5372 -0.5079
vn -0.4481 0.4068 -0.7961
vn -0.4622 0.3882 -0.7973
vn -0.5779 0.4239 -0.6974
vn -0.5562 0.4615 -0.6911
vn -0.3825 0.3748 -0.8445
vn -0.3791 0.3505 -0.8564
vn -0.6542 0.5042 -0.5637
vn -0.6735 0.4456 -0.5898
vn -0.6971 0.4676 -0.5436
vn -0.6779 0.5195 -0.5201
vn -0.4805 0.4868 -0.7295
vn -0.3892 0.5291 -0.7540
vn -0.4264 0.4610 -0.7782
vn -0.6198 0.4678 -0.6302
vn -0.6218 0.4516 -0.6398
vn -0.4556 0.5065 -0.7320
vn -0.4897 0.4936 -0.7187
vn -0.4114 0.5032 -0.7600
vn -0.5281 0.4759 -0.7032
vn -0.5870 0.4336 -0.6837
vn -0.5477 0.4440 -0.7091
vn -0.4985 0.4379 -0.7482
vn -0.5009 0.5088 -0.7002
vn -0.5538 0.5396 -0.6341
vn -0.4943 0.4572 -0.7393
vn -0.2348 0.5369 -0.8103
vn 0.7551 -0.0544 0.6534
vn 0.6951 -0.2294 0.6814
vn 0.6779 -0.1722 0.7147
vn 0.7216 -0.1976 0.6635
vn 0.7332 -0.1438 0.6647
vn 0.6977 -0.0620 0.7137
vn 0.2581 -0.5308 0.8072
vn 0.3107 -0.3643 0.8779
vn 0.3834 -0.4781 0.7902
vn 0.2391 -0.5646 0.7900
vn 0.0511 -0.4889 0.8708
vn 0.2004 -0.3494 0.9153
vn 0.4833 0.4316 0.7617
vn 0.0349 -0.1172 0.9925
vn -0.2512 -0.3645 0.8967
vn -0.1121 -0.1820 0.9769
vn -0.3363 -0.3936 0.8555
vn -0.0371 0.0600 0.9975
vn 0.1022 0.0043 0.9948
vn -0.2669 -0.5082 0.8188
vn -0.5779 -0.3510 0.7367
vn 0.0557 0.0940 0.9940
vn -0.9029 0.2210 -0.3687
vn -0.8157 0.3420 -0.4666
vn -0.8941 0.3306 -0.3022
vn -0.9610 0.1324 -0.2430
vn -0.7681 0.3478 -0.5376
vn -0.6826 0.5029 -0.5303
vn -0.9385 0.2203 -0.2657
vn -0.8500 0.3489 -0.3947
vn -0.9977 0.0654 -0.0171
vn -0.8848 0.3546 -0.3024
vn -0.9883 0.1451 -0.0464
vn -0.8498 0.3873 -0.3576
vn -0.1108 0.1661 -0.9799
vn -0.0602 -0.0209 -0.9980
vn 0.1917 0.5677 -0.8006
vn 0.1127 0.7242 -0.6803
vn -0.2864 0.0147 -0.9580
vn -0.2443 -0.0966 -0.9649
vn 0.1917 0.9610 -0.1993
vn 0.3905 0.8886 -0.2405
vn 0.2372 0.9082 -0.3448
vn -0.0170 0.9134 -0.4066
vn 0.3411 -0.6515 0.6776
vn 0.3374 -0.6779 0.6532
vn 0.2900 -0.7592 0.5826
vn 0.3206 -0.8468 0.4245
vn 0.0082 0.0613 -0.9981
vn -0.0168 0.2324 -0.9725
vn -0.2086 0.1708 -0.9630
vn -0.1708 0.0588 -0.9835
vn -0.2569 0.2411 -0.9359
vn -0.1371 0.4218 -0.8963
vn -0.3538 0.6087 -0.7101
vn -0.2455 0.7456 -0.6196
vn -0.3339 0.7565 -0.5624
vn -0.3083 0.7599 -0.5723
vn 0.5026 -0.8292 0.2445
vn 0.5412 -0.6682 0.5105
vn 0.4500 -0.7179 0.5311
vn 0.3527 -0.9134 0.2031
vn 0.5425 -0.6473 0.5355
vn 0.4836 -0.6800 0.5511
vn 0.4558 0.2620 0.8506
vn 0.4960 -0.0264 0.8679
vn 0.4204 0.3809 0.8235
vn 0.2964 0.3672 0.8817
vn 0.3788 0.2448 0.8925
vn 0.4906 -0.0904 0.8667
vn -0.4374 0.3704 -0.8195
vn -0.5790 0.4886 -0.6527
vn -0.4976 0.6189 -0.6078
vn -0.3693 0.4149 -0.8316
vn -0.6522 -0.0059 0.7580
vn -0.8410 0.2106 0.4983
vn -0.7663 0.4468 0.4617
vn -0.5413 0.2389 0.8062
vn -0.2189 -0.0274 0.9754
vn -0.3274 -0.2294 0.9166
vn 0.2916 -0.4425 0.8480
vn 0.3740 -0.2709 0.8870
vn 0.8164 -0.2492 0.5210
vn 0.7824 -0.4283 0.4521
vn 0.9177 -0.3188 0.2372
vn 0.9385 -0.3087 0.1546
vn 0.9611 -0.2104 0.1790
vn 0.9724 -0.2305 0.0358
vn 0.8894 -0.3885 0.2408
vn 0.9251 -0.3409 0.1670
vn 0.8141 -0.4250 0.3958
vn 0.8072 -0.4497 0.3823
vn 0.7186 -0.5792 0.3849
vn 0.7775 -0.5980 0.1948
vn 0.7933 -0.5981 0.1139
vn 0.7271 -0.5887 0.3532
vn 0.6795 -0.5787 0.4509
vn 0.6825 -0.5502 0.4811
vn 0.3839 -0.0564 0.9217
vn 0.4830 -0.0313 0.8751
vn 0.4191 0.1758 0.8907
vn 0.3470 0.1146 0.9308
vn 0.4277 -0.1410 0.8928
vn 0.5196 -0.1587 0.8396
vn 0.4232 -0.0074 0.9060
vn 0.4189 0.1103 0.9013
vn 0.5892 -0.4255 0.6869
vn 0.5940 -0.4068 0.6940
vn 0.6225 -0.4351 0.6505
vn 0.6340 -0.4194 0.6497
vn 0.5527 -0.4223 0.7184
vn 0.5464 -0.3725 0.7501
vn 0.5087 -0.4202 0.7514
vn 0.4307 -0.3531 0.8305
vn 0.6285 -0.4805 0.6117
vn 0.6272 -0.4832 0.6108
vn 0.6121 -0.3393 0.7143
vn 0.5858 -0.3594 0.7264
vn 0.5064 -0.2451 0.8267
vn 0.5809 -0.2409 0.7775
vn 0.4679 -0.4851 0.7387
vn 0.3633 -0.4962 0.7886
vn 0.5029 -0.4867 0.7143
vn 0.4137 -0.5362 0.7358
vn -0.3596 0.3948 -0.8455
vn -0.3977 0.3368 -0.8535
vn -0.3338 0.6592 -0.6738
vn -0.3454 0.6486 -0.6782
vn -0.5195 0.5200 -0.6780
vn -0.5654 0.5024 -0.6542
vn -0.4935 0.6030 -0.6267
vn -0.4274 0.6326 -0.6458
vn -0.4103 0.6389 -0.6507
vn -0.3697 0.6488 -0.6651
vn -0.3707 0.6532 -0.6602
vn -0.4606 0.5490 -0.6975
vn -0.4304 0.3194 -0.8442
vn -0.4458 0.3464 -0.8254
vn -0.4015 -0.1934 -0.8952
vn -0.2886 -0.1736 -0.9416
vn -0.4309 0.3686 -0.8237
vn -0.4456 0.6024 -0.6622
vn -0.4537 -0.1530 -0.8779
vn -0.3627 0.6728 -0.6448
vn -0.4327 0.5710 -0.6976
vn -0.5282 0.5793 -0.6208
vn -0.5761 0.4996 -0.6469
vn -0.5573 0.4073 -0.7236
vn -0.5722 0.4275 -0.6998
vn -0.5731 0.4222 -0.7023
vn -0.5728 0.3991 -0.7160
vn 0.6548 -0.4825 0.5818
vn 0.6457 -0.5042 0.5735
vn 0.5903 -0.4622 0.6618
vn 0.6615 -0.4351 0.6108
vn 0.6323 -0.5475 0.5481
vn 0.6157 -0.5309 0.5823
vn 0.6038 -0.5300 0.5954
vn 0.4725 -0.5370 0.6988
vn 0.4319 -0.5624 0.7051
vn 0.5062 -0.5156 0.6913
vn 0.5604 -0.5003 0.6600
vn 0.4502 -0.4786 0.7539
vn 0.3547 -0.5122 0.7822
vn 0.3733 -0.4814 0.7931
vn 0.4062 -0.5689 0.7151
vn 0.4787 -0.5483 0.6857
vn 0.4230 -0.5381 0.7290
vn 0.5256 -0.5913 0.6116
vn 0.3896 -0.6894 0.6107
vn 0.4134 -0.6212 0.6657
vn 0.4085 -0.6291 0.6613
vn 0.3703 -0.5459 0.7516
vn 0.3323 -0.6716 0.6623
vn 0.3236 -0.8495 0.4167
vn 0.1847 -0.8986 0.3981
vn 0.4348 -0.7629 0.4785
vn 0.1646 -0.8737 0.4577
vn -0.1309 -0.9667 0.2199
vn 0.0701 -0.9250 0.3734
vn 0.3800 -0.7121 0.5904
vn 0.5645 -0.6255 0.5386
vn -0.3249 0.7495 -0.5768
vn -0.3383 0.7453 -0.5745
vn -0.3211 0.7074 -0.6297
vn -0.3235 0.7017 -0.6348
vn 0.2453 -0.7914 0.5599
vn 0.3641 -0.6839 0.6322
vn -0.3462 0.6347 -0.6909
vn -0.3820 0.5335 -0.7546
vn -0.4159 0.5052 -0.7562
vn -0.3497 0.6177 -0.7044
vn -0.4467 0.5785 -0.6825
vn -0.4579 0.6534 -0.6027
vn -0.4544 0.4701 -0.7567
vn -0.4048 0.4922 -0.7706
vn -0.4456 0.5881 -0.6750
vn -0.4723 0.6530 -0.5921
vn 0.5098 -0.6688 0.5411
vn 0.5507 -0.6206 0.5582
vn 0.5700 -0.5625 0.5988
vn 0.5567 -0.6138 0.5597
vn -0.4417 0.6001 -0.6669
vn -0.4043 0.5044 -0.7630
vn -0.4630 0.6639 -0.5873
vn 0.5880 -0.5431 0.5995
vn 0.5865 -0.5610 0.5841
vn 0.6040 -0.4951 0.6246
vn 0.5854 -0.5109 0.6295
vn 0.5710 -0.5676 0.5931
vn 0.5578 -0.6385 0.5303
vn 0.5491 -0.5173 0.6564
vn 0.5133 -0.5167 0.6853
vn 0.5559 -0.5673 0.6076
vn 0.5501 -0.6442 0.5315
vn 0.5137 -0.5792 0.6329
vn 0.4872 -0.5083 0.7101
vn 0.4927 -0.6677 0.5580
vn -0.4165 0.4078 -0.8126
vn -0.4970 0.3932 -0.7735
vn -0.3696 0.3669 -0.8537
vn -0.4611 0.3711 -0.8060
vn -0.4521 0.4173 -0.7883
vn -0.3580 0.4497 -0.8183
vn -0.3607 0.4085 -0.8384
vn -0.3070 0.4319 -0.8481
vn -0.3740 0.4359 -0.8186
vn -0.3892 0.4464 -0.8058
vn 0.5895 -0.4733 0.6546
vn 0.5603 -0.5195 0.6451
vn 0.5448 -0.4912 0.6796
vn 0.5897 -0.4602 0.6637
vn 0.5391 -0.4693 0.6994
vn 0.5229 -0.4566 0.7197
vn 0.5146 -0.4432 0.7340
vn 0.4920 -0.4816 0.7253
vn -0.2753 0.4633 -0.8424
vn -0.2935 0.7513 -0.5911
vn -0.0769 0.5820 -0.8095
vn -0.0960 0.8396 -0.5347
vn 0.4607 -0.4816 0.7456
vn 0.4592 -0.4599 0.7600
vn -0.3044 0.7318 -0.6097
vn -0.3619 0.4635 -0.8089
vn -0.2028 0.8403 -0.5027
vn -0.4182 0.6415 -0.6431
vn -0.4337 0.8778 -0.2034
vn -0.3556 0.8311 -0.4276
vn -0.6140 0.7345 -0.2890
vn -0.6014 0.7883 -0.1300
vn -0.5665 0.7139 -0.4115
vn -0.5622 0.7362 -0.3768
vn 0.4803 0.0395 0.8762
vn 0.4787 -0.4068 0.7780
vn 0.3958 -0.4859 0.7793
vn 0.3825 0.0256 0.9236
vn -0.6055 0.7720 -0.1935
vn -0.6113 0.7537 -0.2414
vn -0.5731 0.6010 -0.5570
vn -0.4687 -0.2562 -0.8454
vn -0.3300 -0.2408 -0.9127
vn -0.5414 -0.2009 -0.8164
vn -0.6008 0.2972 -0.7421
vn -0.5066 0.2451 -0.8266
vn -0.2418 0.3056 -0.9210
vn 0.3714 -0.8300 0.4162
vn 0.2826 -0.8225 0.4936
vn -0.1519 -0.1619 -0.9750
vn 0.0506 0.4153 -0.9083
vn -0.3146 0.9146 -0.2540
vn -0.4745 0.5450 -0.6913
vn -0.4441 0.8560 -0.2647
vn -0.2584 0.8947 -0.3642
vn 0.0077 0.9998 -0.0193
vn 0.3366 0.9392 -0.0682
vn 0.1491 0.8895 -0.4320
vn -0.4919 -0.0370 -0.8699
vn -0.3009 0.3758 -0.8765
vn -0.2186 0.5119 -0.8307
vn -0.1901 0.5786 -0.7932
vn -0.3068 0.3913 -0.8676
vn -0.3513 0.3516 -0.8677
vn -0.3518 0.4514 -0.8201
vn 0.4156 0.8414 -0.3455
vn 0.4091 0.8866 -0.2159
vn -0.3431 0.3904 -0.8543
vn -0.2829 0.5954 -0.7520
vn -0.2855 0.5698 -0.7706
vn -0.3925 0.4160 -0.8203
vn -0.0986 0.6826 -0.7241
vn 0.1008 0.7986 -0.5934
vn 0.1317 0.8948 -0.4267
vn -0.2859 0.3522 -0.8912
vn -0.0845 0.9313 -0.3543
vn 0.5077 -0.1446 0.8493
vn 0.4806 -0.1309 0.8671
vn 0.5206 -0.3469 0.7801
vn 0.4972 -0.2779 0.8219
vn 0.5169 -0.4280 0.7414
vn 0.5410 -0.4564 0.7065
vn -0.5666 0.7851 -0.2501
vn -0.4309 0.7570 -0.4911
vn -0.5955 0.6002 -0.5340
vn -0.7467 0.6175 -0.2475
vn -0.7840 0.5684 -0.2494
vn -0.5961 0.7061 -0.3822
vn -0.5733 0.7375 -0.3570
vn -0.5013 0.6964 -0.5135
vn -0.3884 0.1800 -0.9037
vn -0.2489 0.3786 -0.8915
vn 0.0286 0.1092 -0.9936
vn -0.0678 0.0766 -0.9948
vn -0.7505 0.3670 -0.5497
vn -0.3474 0.2839 -0.8937
vn -0.5974 0.5167 -0.6132
vn -0.1139 0.0673 -0.9912
vn -0.0883 0.2136 -0.9729
vn -0.3007 0.4681 -0.8309
vn 0.0399 0.2447 -0.9688
vn -0.1538 0.5419 -0.8263
vn -0.6668 0.5853 -0.4613
vn -0.8728 0.4163 -0.2549
vn -0.8433 0.4634 -0.2723
vn 0.2372 -0.2350 0.9426
vn 0.6312 -0.4765 0.6119
vn 0.0564 -0.1202 0.9911
vn 0.1693 -0.0228 0.9853
vn 0.3021 -0.0231 0.9530
vn 0.6772 -0.3188 0.6631
vn 0.7960 -0.5682 0.2085
vn 0.8408 -0.5098 0.1820
vn 0.4887 -0.4752 0.7316
vn 0.4699 -0.3837 0.7950
vn 0.4549 -0.3782 0.8063
vn 0.5053 -0.4063 0.7613
vn 0.5667 -0.3806 0.7308
vn 0.5248 -0.5102 0.6814
vn 0.4643 -0.3274 0.8230
vn 0.4301 -0.2334 0.8721
vn 0.3909 -0.2804 0.8767
vn 0.4625 -0.4154 0.7833
vn 0.3851 -0.0008 0.9229
vn 0.3692 -0.1470 0.9176
vn 0.1749 0.0212 0.9844
vn 0.3294 0.1619 0.9302
vn 0.5085 -0.2122 0.8345
vn 0.4764 -0.2659 0.8380
vn 0.5513 -0.3082 0.7753
vn 0.4840 -0.2978 0.8228
vn 0.5228 -0.2965 0.7992
vn 0.5649 -0.3430 0.7505
vn 0.6012 -0.3214 0.7316
vn 0.4364 -0.2894 0.8519
vn 0.2881 -0.1511 0.9456
vn 0.3714 -0.7303 0.5734
vn 0.4181 -0.7460 0.5183
vn 0.4322 -0.8109 0.3945
vn 0.3928 -0.7705 0.5021
vn 0.5537 -0.2697 0.7878
vn 0.5849 -0.3356 0.7384
vn 0.5414 -0.6835 0.4896
vn 0.4585 -0.7657 0.4511
vn 0.5430 -0.7057 0.4551
vn 0.4625 -0.8109 0.3586
vn 0.4596 -0.7740 0.4354
vn 0.4806 -0.8476 0.2251
vn 0.4448 -0.8869 0.1250
vn 0.4556 -0.8252 0.3338
vn 0.4376 -0.8967 -0.0663
vn 0.3068 -0.9509 -0.0413
vn 0.3782 -0.9080 0.1805
vn 0.4821 -0.7437 0.4632
vn -0.4604 0.6607 -0.5929
vn -0.4347 0.6837 -0.5862
vn -0.4388 0.7080 -0.5534
vn -0.4570 0.7027 -0.5453
vn 0.3708 -0.8479 0.3790
vn 0.2376 -0.9674 0.0877
vn -0.4561 0.6927 -0.5587
vn -0.4388 0.6656 -0.6037
vn -0.4860 0.6799 -0.5490
vn -0.5154 0.6090 -0.6029
vn -0.4328 0.6465 -0.6283
vn -0.4577 0.4252 -0.7809
vn -0.4136 0.2207 -0.8833
vn -0.4579 0.6127 -0.6442
vn -0.5268 0.1717 -0.8324
vn -0.5383 0.4807 -0.6922
vn -0.4419 0.1413 -0.8859
vn -0.5148 0.4271 -0.7434
vn -0.5080 0.6518 -0.5631
vn -0.4784 0.6961 -0.5354
vn -0.5867 0.3516 -0.7295
vn -0.5310 0.3333 -0.7791
vn -0.4738 0.4296 -0.7687
vn -0.5176 0.4290 -0.7403
vn -0.5752 0.4857 -0.6582
vn -0.6428 0.4072 -0.6488
vn -0.6434 0.4234 -0.6378
vn -0.6125 0.3129 -0.7259
vn -0.5584 0.2644 -0.7863
vn -0.3572 0.5858 -0.7275
vn -0.1855 0.2879 -0.9395
vn -0.5262 0.4221 -0.7382
vn -0.5233 0.4230 -0.7398
vn -0.5654 0.5025 -0.6541
vn -0.4300 0.2761 -0.8596
vn -0.4910 0.2491 -0.8348
vn -0.5246 0.3714 -0.7660
vn -0.5531 0.4737 -0.6853
vn -0.4909 0.5382 -0.6851
vn -0.5715 0.3173 -0.7568
vn -0.6430 0.4337 -0.6312
vn 0.3430 -0.0222 0.9391
vn 0.2767 -0.0736 0.9581
vn 0.4784 -0.3755 0.7938
vn 0.3443 -0.4432 0.8277
vn -0.5312 0.4844 -0.6951
vn 0.5265 -0.7858 0.3246
vn 0.4695 -0.3928 0.7907
vn 0.3721 -0.3955 0.8397
vn 0.4184 -0.8427 0.3388
vn 0.4848 -0.8557 0.1809
vn 0.3015 -0.9269 0.2237
vn 0.2914 -0.9139 0.2827
vn 0.3267 -0.3853 0.8630
vn 0.1913 -0.0813 0.9782
vn 0.1955 -0.1241 0.9728
vn -0.5333 0.4409 -0.7219
vn -0.5423 0.5952 -0.5930
vn -0.3977 0.0694 -0.9149
vn -0.4107 -0.0020 -0.9118
vn 0.3790 -0.0287 0.9250
vn -0.2978 0.5303 -0.7938
vn -0.1897 0.1594 -0.9688
vn -0.4768 0.0561 -0.8772
vn -0.5742 0.4200 -0.7027
vn -0.4273 0.0697 -0.9014
vn -0.2844 -0.1476 -0.9473
vn -0.4472 -0.0573 -0.8926
vn -0.4279 0.0543 -0.9022
vn -0.4205 -0.0364 -0.9066
vn -0.5656 0.5069 -0.6506
vn -0.2170 0.4112 -0.8853
vn -0.2433 0.3272 -0.9131
vn -0.2634 0.4022 -0.8768
vn -0.5280 0.6092 -0.5917
vn -0.5167 0.5840 -0.6260
vn -0.5544 0.4631 -0.6915
vn -0.1057 0.0074 -0.9944
vn -0.5269 0.4210 -0.7384
vn -0.2604 0.2667 -0.9279
vn -0.6635 0.5368 -0.5211
vn -0.6132 0.6017 -0.5118
vn -0.6130 0.5469 -0.5702
vn -0.6408 0.4643 -0.6114
vn -0.6284 0.4576 -0.6290
vn -0.3662 0.3708 -0.8535
vn 0.6701 -0.5966 0.4416
vn 0.6432 -0.5649 0.5169
vn 0.6863 -0.5295 0.4985
vn 0.7014 -0.5822 0.4111
vn 0.5808 -0.5191 0.6270
vn 0.6261 -0.4133 0.6612
vn -0.5919 0.5099 -0.6242
vn 0.6149 -0.4776 0.6275
vn 0.6640 -0.5955 0.4521
vn 0.6524 -0.6101 0.4496
vn 0.6073 -0.4630 0.6457
vn 0.6911 -0.6571 0.3011
vn 0.6889 -0.5623 0.4575
vn 0.6802 -0.6841 0.2633
vn 0.6870 -0.7266 -0.0057
vn 0.6693 -0.7424 0.0296
vn 0.6452 -0.4163 0.6407
vn 0.4688 -0.2338 0.8518
vn 0.4527 -0.3494 0.8203
vn 0.5477 -0.4179 0.7248
vn 0.5824 -0.3174 0.7484
vn 0.5880 -0.2623 0.7651
vn 0.4704 -0.1482 0.8699
vn 0.3362 -0.0339 0.9412
vn 0.3712 -0.1197 0.9208
vn 0.3718 -0.2361 0.8978
vn 0.7064 -0.6414 0.2993
vn 0.7453 -0.6657 0.0366
vn 0.4296 -0.2141 0.8773
vn 0.5753 -0.2850 0.7667
vn 0.3157 -0.1688 0.9337
vn 0.1482 -0.2584 0.9546
vn 0.2648 -0.1431 0.9536
vn 0.3003 -0.3804 0.8747
vn 0.4306 -0.4656 0.7732
vn 0.5071 -0.5148 0.6913
vn -0.6258 0.5192 -0.5821
vn -0.5843 0.4724 -0.6598
vn -0.5259 0.4458 -0.7244
vn -0.4511 0.4277 -0.7833
vn -0.4737 0.3562 -0.8054
vn -0.4773 0.3345 -0.8126
vn -0.5729 0.3970 -0.7171
vn -0.5782 0.4219 -0.6983
vn -0.4398 0.3275 -0.8363
vn -0.4645 0.3529 -0.8122
vn -0.6833 0.4782 -0.5518
vn -0.6745 0.4843 -0.5572
vn -0.4688 0.3862 -0.7944
vn -0.4851 0.4009 -0.7771
vn -0.5372 0.4066 -0.7389
vn -0.5477 0.4123 -0.7280
vn -0.4592 0.4050 -0.7907
vn -0.4722 0.3514 -0.8084
vn -0.5703 0.3769 -0.7298
vn -0.5365 0.5011 -0.6790
vn -0.5177 0.6133 -0.5965
vn -0.3313 0.7195 -0.6103
vn -0.3897 0.7708 -0.5039
vn -0.4360 0.6082 -0.6633
vn -0.6422 0.5713 -0.5111
vn -0.5427 0.5933 -0.5946
vn -0.2220 0.6097 -0.7609
vn -0.2160 0.4129 -0.8848
vn -0.4858 0.4698 -0.7371
vn -0.4439 0.7072 -0.5503
vn -0.4604 0.4888 -0.7411
vn -0.4621 0.4404 -0.7697
vn -0.6765 0.5358 -0.5052
vn -0.6669 0.4953 -0.5568
vn 0.9529 -0.2827 0.1094
vn 0.8634 -0.3578 0.3557
vn 0.7996 -0.4118 0.4370
vn 0.9179 -0.3358 0.2114
vn 0.9408 -0.3200 0.1119
vn 0.9122 -0.3444 0.2222
vn -0.2626 0.3607 -0.8950
vn -0.5330 0.4655 -0.7065
vn -0.4522 0.3420 -0.8237
vn 0.8805 -0.4022 0.2508
vn 0.7746 -0.4503 0.4441
vn 0.7950 -0.4215 0.4363
vn 0.8994 -0.3860 0.2051
vn 0.9278 -0.3727 0.0164
vn 0.9239 -0.3717 0.0913
vn 0.6790 -0.4407 0.5872
vn 0.7111 -0.4071 0.5732
vn -0.1020 -0.5569 0.8243
vn 0.2712 -0.5591 0.7835
vn 0.5335 -0.5829 0.6129
vn 0.0201 -0.6033 0.7972
vn 0.6558 -0.4801 0.5826
vn 0.8394 -0.4463 0.3101
vn 0.8079 -0.3966 0.4358
vn 0.9342 -0.3388 0.1114
vn 0.9542 -0.2889 -0.0775
vn -0.8214 0.5699 0.0249
vn -0.9013 0.4109 -0.1373
vn -0.9198 0.3458 0.1857
vn -0.7752 0.5381 0.3308
vn -0.8475 0.5067 0.1581
vn -0.8501 0.5250 -0.0411
vn -0.8374 0.5372 -0.1011
vn -0.8989 0.3773 -0.2229
vn -0.9478 0.2408 -0.2092
vn -0.9209 0.2902 -0.2602
vn -0.9936 0.0928 0.0640
vn -0.6444 0.5267 -0.5543
vn -0.6857 0.6569 -0.3136
vn -0.9120 0.3903 -0.1259
vn -0.7558 0.6060 -0.2482
vn -0.8367 0.4123 -0.3604
vn -0.9309 0.2910 0.2206
vn 0.7442 -0.3554 0.5656
vn 0.7059 -0.4466 0.5498
vn 0.7758 -0.4302 0.4617
vn 0.7863 -0.3794 0.4877
vn 0.7476 -0.3941 0.5346
vn 0.7416 -0.3374 0.5798
vn -0.8243 0.3262 -0.4627
vn 0.6969 -0.4452 0.5623
vn 0.6813 -0.4022 0.6116
vn 0.5869 -0.5329 0.6095
vn 0.6359 -0.4387 0.6350
vn 0.6558 -0.5322 0.5355
vn 0.6671 -0.3543 0.6553
vn 0.6891 -0.3109 0.6546
vn 0.7372 -0.4931 0.4620
vn -0.6824 0.4892 -0.5431
vn -0.6597 0.4423 -0.6076
vn -0.6615 0.5085 -0.5513
vn -0.6593 0.5155 -0.5473
vn -0.6653 0.4511 -0.5948
vn -0.6523 0.4276 -0.6259
vn 0.6628 -0.3434 0.6654
vn -0.6634 0.4596 -0.5905
vn -0.6928 0.4664 -0.5500
vn -0.5909 0.4133 -0.6928
vn -0.6141 0.4196 -0.6685
vn -0.6177 0.4179 -0.6662
vn -0.6318 0.4128 -0.6560
vn -0.6303 0.4681 -0.6194
vn -0.6248 0.4314 -0.6508
vn -0.6589 0.4585 -0.5963
vn 0.4075 -0.0155 0.9131
vn 0.3529 0.3043 0.8848
vn 0.3959 -0.0458 0.9171
vn 0.5120 -0.2569 0.8196
vn 0.5315 0.4075 0.7426
vn 0.5048 0.4152 0.7568
vn 0.4501 0.0325 0.8924
vn 0.5017 -0.1816 0.8458
vn 0.6825 0.0260 0.7304
vn 0.2030 -0.1402 0.9691
vn 0.1266 -0.1529 0.9801
vn 0.0422 -0.6137 0.7884
vn 0.0639 -0.6340 0.7707
vn 0.2851 0.3349 0.8981
vn 0.1724 0.2747 0.9459
vn 0.1894 -0.1130 0.9754
vn 0.1417 0.3172 0.9377
vn 0.1687 -0.5903 0.7893
vn -0.0724 -0.8878 0.4546
vn -0.0406 -0.8819 0.4697
vn 0.1131 -0.8210 0.5597
vn 0.1361 0.5418 0.8294
vn 0.1254 0.5751 0.8084
vn 0.2266 0.3963 0.8897
vn 0.3556 0.1531 0.9220
vn 0.4382 -0.4329 0.7878
vn 0.4416 -0.3208 0.8379
vn 0.3965 -0.3716 0.8395
vn 0.4729 -0.3841 0.7930
vn 0.3551 0.4952 0.7929
vn 0.4635 -0.0204 0.8859
vn 0.4602 -0.3465 0.8174
vn 0.4201 -0.0637 0.9053
vn 0.3036 0.5835 0.7532
vn 0.4774 -0.1474 0.8662
vn 0.4917 -0.3642 0.7909
vn 0.2900 -0.0250 0.9567
vn 0.2010 0.0867 0.9757
vn 0.1000 0.1960 0.9755
vn 0.1742 0.1343 0.9755
vn 0.7879 -0.6028 0.1262
vn 0.6810 -0.7250 0.1030
vn 0.6940 -0.3405 0.6344
vn 0.6510 -0.4954 0.5752
vn -0.0567 -0.0070 0.9984
vn 0.2372 -0.3115 0.9202
vn 0.5359 -0.6786 0.5023
vn 0.3627 -0.0467 0.9307
vn 0.0970 -0.0718 0.9927
vn 0.3641 0.0679 0.9289
vn 0.6017 -0.7908 0.1125
vn -0.5205 0.3209 0.7913
vn -0.6984 0.0686 0.7124
vn -0.1916 -0.2842 0.9394
vn -0.1210 0.0081 0.9926
vn -0.8204 -0.2270 0.5247
vn -0.3478 -0.5023 0.7917
vn 0.1498 -0.6109 0.7774
vn 0.6090 -0.6110 0.5057
vn 0.6740 -0.5673 0.4733
vn 0.2735 -0.4965 0.8238
vn 0.3771 -0.2644 0.8876
vn 0.7849 -0.3329 0.5226
vn 0.9338 -0.3331 0.1306
vn 0.8612 -0.4779 0.1731
vn 0.8552 -0.4599 0.2391
vn -0.4584 0.7885 -0.4101
vn -0.1779 0.9507 -0.2539
vn -0.4105 0.6825 -0.6047
vn -0.0291 0.8282 -0.5597
vn -0.2827 0.5905 -0.7559
vn -0.3841 0.5767 -0.7210
vn -0.3992 0.5682 -0.7196
vn -0.2060 0.5944 -0.7774
vn -0.7200 0.5416 -0.4340
vn -0.9018 0.4288 -0.0530
vn -0.9210 0.3809 -0.0814
vn -0.7277 0.5305 -0.4348
vn -0.9265 0.2344 0.2942
vn -0.9431 0.2026 0.2635
vn -0.7551 -0.0477 0.6538
vn -0.7685 -0.0539 0.6376
vn -0.4735 -0.2866 0.8329
vn -0.4529 -0.2611 0.8525
vn -0.1709 -0.4115 0.8952
vn -0.1013 -0.3405 0.9348
vn 0.2827 -0.5355 0.7958
vn 0.7108 -0.5658 0.4178
vn 0.7402 -0.4906 0.4598
vn 0.3125 -0.4419 0.8409
vn 0.9135 -0.3979 0.0849
vn 0.8842 -0.4637 0.0566
vn 0.8719 -0.4833 0.0794
vn 0.8891 -0.4397 0.1270
vn 0.6674 -0.5644 0.4858
vn 0.7097 -0.5765 0.4050
vn 0.8403 0.1477 0.5216
vn 0.9115 0.0108 0.4111
vn 0.7681 -0.5631 0.3049
vn 0.8587 -0.3824 0.3412
vn 0.2664 0.9603 0.0832
vn 0.5767 0.8156 -0.0476
vn -0.0707 0.6173 -0.7836
vn -0.4055 0.6049 -0.6853
vn -0.4028 0.6306 -0.6634
vn -0.0002 0.6157 -0.7880
vn 0.4147 0.5518 -0.7235
vn 0.2786 0.6873 -0.6709
vn -0.7357 0.5405 -0.4082
vn -0.7190 0.5673 -0.4014
vn -0.9136 0.4004 -0.0710
vn -0.8899 0.4512 -0.0669
vn -0.9240 0.2265 0.3082
vn -0.8975 0.2830 0.3383
vn -0.7358 0.0087 0.6771
vn -0.7038 0.0953 0.7040
vn -0.3864 -0.1884 0.9029
vn -0.3610 -0.0634 0.9304
vn -0.0254 -0.2673 0.9633
vn 0.0721 -0.1845 0.9802
vn 0.3425 -0.2820 0.8962
vn 0.7531 -0.3053 0.5827
vn 0.7730 -0.1903 0.6051
vn 0.4653 -0.2230 0.8566
vn -0.6060 0.6845 -0.4052
vn -0.2787 0.7293 -0.6248
vn -0.8109 0.5809 -0.0710
vn -0.6141 0.7889 -0.0224
vn -0.3841 0.8968 -0.2194
vn -0.0406 0.9236 -0.3812
vn -0.8253 0.4589 0.3292
vn -0.5746 0.7730 0.2687
vn -0.6362 0.3051 0.7086
vn -0.5042 0.6095 0.6118
vn 0.9544 -0.2426 0.1739
vn 0.9850 -0.1435 0.0959
vn 0.9891 -0.0094 -0.1469
vn 0.9738 -0.1198 0.1932
vn -0.2707 0.2333 0.9340
vn -0.1329 0.6715 0.7290
vn 0.1814 0.1549 0.9711
vn 0.2686 0.6444 0.7159
vn -0.2176 0.9509 0.2201
vn 0.2081 0.9650 0.1598
vn 0.5607 0.8263 0.0527
vn 0.7791 0.6222 -0.0767
vn 0.6939 0.5541 -0.4598
vn 0.3560 0.8194 -0.4492
vn 0.6197 0.5355 0.5738
vn 0.8716 0.3677 0.3242
vn 0.5877 0.0189 0.8088
vn 0.8457 -0.0449 0.5318
vn 0.7066 0.6555 -0.2666
vn 0.7869 0.4054 -0.4652
vn 0.9210 0.3044 -0.2431
vn 0.9429 0.3261 0.0678
vn 0.5220 0.5170 -0.6784
vn 0.1510 0.6678 -0.7289
vn 0.9690 0.1539 -0.1931
vn 0.9137 0.1268 -0.3862
vn 0.8805 0.3057 -0.3623
vn 0.9568 0.1574 -0.2445
vn 0.9804 0.0217 -0.1958
vn 0.8539 0.2512 -0.4558
vn 0.7613 0.4000 -0.5102
vn 0.8569 0.4566 -0.2393
vn 0.9813 0.1918 0.0137
vn 0.9854 -0.0412 0.1655
vn 0.1911 0.4814 -0.8554
vn 0.1978 0.4885 -0.8499
vn 0.0140 0.5253 -0.8508
vn -0.0834 0.5236 -0.8479
vn -0.4601 0.5290 -0.7131
vn -0.6556 0.3780 -0.6537
vn -0.2143 0.5286 -0.8214
vn -0.2578 0.5197 -0.8146
vn -0.4891 0.4249 -0.7617
vn -0.5133 0.3897 -0.7646
vn -0.4269 0.3780 -0.8215
vn -0.3969 0.4181 -0.8171
vn -0.3330 0.3750 -0.8651
vn -0.3189 0.4097 -0.8546
vn -0.3080 0.4491 -0.8387
vn -0.3719 0.4398 -0.8175
vn -0.4769 0.4320 -0.7655
vn -0.3682 0.4615 -0.8071
vn -0.3068 0.4928 -0.8143
vn -0.4780 0.4324 -0.7646
vn -0.3737 0.4176 -0.8282
vn -0.4495 0.4320 -0.7819
vn -0.2874 0.3901 -0.8748
vn -0.3246 0.3104 -0.8935
vn -0.3934 0.3301 -0.8581
vn -0.4512 0.3542 -0.8191
vn -0.3504 0.4363 -0.8288
vn -0.3104 0.4422 -0.8415
vn -0.3077 0.4990 -0.8102
vn -0.3469 0.4872 -0.8014
vn -0.3814 0.4757 -0.7926
vn -0.3853 0.4337 -0.8145
vn -0.4077 0.3674 -0.8359
vn -0.3677 0.3604 -0.8573
vn -0.3199 0.3625 -0.8754
vn -0.2346 0.2919 -0.9272
vn -0.1568 0.3540 -0.9220
vn 0.0787 0.2930 -0.9529
vn -0.0814 0.2697 -0.9595
vn -0.3873 0.3195 -0.8648
vn -0.4308 0.3336 -0.8385
vn -0.3302 0.3081 -0.8922
vn 0.3753 0.2006 -0.9049
vn 0.1956 0.2210 -0.9555
vn 0.5914 0.0403 -0.8053
vn 0.3728 0.2032 -0.9054
vn 0.4065 0.1800 -0.8957
vn 0.6031 0.0817 -0.7935
vn 0.8166 -0.1027 -0.5680
vn 0.7838 -0.1599 -0.6000
vn 0.6654 0.0071 -0.7464
vn 0.7747 -0.1300 -0.6188
vn 0.8385 0.4819 -0.2544
vn 0.8889 0.4388 0.1316
vn 0.7775 -0.1795 -0.6028
vn 0.6169 0.0142 -0.7869
vn 0.6466 0.5154 -0.5624
vn 0.4031 0.2388 -0.8834
vn 0.8919 -0.3997 0.2117
vn 0.9034 -0.4245 0.0602
vn 0.3769 -0.3527 0.8565
vn 0.5312 -0.3951 0.7494
vn 0.9568 0.2584 0.1333
vn 0.9266 -0.3206 -0.1966
vn 0.7382 -0.4998 0.4532
vn 0.6666 -0.4232 0.6137
vn 0.9200 -0.3823 -0.0868
vn 0.1609 -0.2425 0.9567
vn 0.2234 -0.2860 0.9318
vn 0.2169 -0.2316 0.9483
vn 0.2112 -0.2850 0.9350
vn 0.7432 -0.0676 0.6657
vn 0.3354 -0.5278 0.7803
vn 0.3529 -0.3499 0.8678
vn 0.2039 -0.5215 0.8285
vn 0.1594 -0.4464 0.8805
vn 0.2003 -0.3943 0.8969
vn 0.2747 -0.3758 0.8850
vn 0.3444 -0.2679 0.8998
vn 0.3308 -0.3552 0.8743
vn 0.5053 -0.3062 0.8068
vn 0.4901 -0.3980 0.7755
vn 0.6461 -0.3482 0.6792
vn 0.6299 -0.2880 0.7213
vn 0.6887 -0.3780 0.6187
vn 0.6625 -0.3343 0.6703
vn 0.3366 -0.5459 0.7673
vn 0.3302 -0.2701 0.9044
vn 0.5541 -0.4321 0.7115
vn 0.5613 -0.0179 0.8274
vn 0.5062 -0.4456 0.7384
vn 0.3198 -0.4737 0.8206
vn 0.6887 0.0284 0.7245
vn 0.6903 -0.3247 0.6466
vn 0.6064 -0.3279 0.7244
vn 0.6369 -0.3549 0.6844
vn 0.6336 -0.3535 0.6881
vn 0.6020 -0.3757 0.7046
vn 0.6537 -0.2488 0.7147
vn 0.6450 -0.3497 0.6795
vn 0.6135 -0.3835 0.6904
vn 0.6484 -0.4233 0.6327
vn 0.5417 -0.4632 0.7014
vn 0.5230 -0.4091 0.7477
vn 0.6156 -0.3568 0.7027
vn 0.5687 -0.3298 0.7536
vn 0.6254 -0.2681 0.7328
vn 0.6482 -0.3383 0.6822
vn 0.7032 -0.1788 0.6882
vn 0.6957 -0.2752 0.6635
vn 0.4748 -0.5309 0.7019
vn 0.6759 -0.4235 0.6032
vn 0.6718 -0.4105 0.6166
vn 0.5600 -0.4815 0.6742
vn 0.1154 -0.5882 0.8004
vn 0.0228 -0.5911 0.8062
vn 0.4196 -0.5586 0.7155
vn -0.0162 -0.5642 0.8255
vn -0.0340 -0.6196 0.7842
vn 0.3532 -0.5742 0.7386
vn 0.5682 -0.4224 0.7062
vn 0.6368 -0.4214 0.6457
vn -0.0468 -0.5942 0.8030
vn 0.2776 -0.5556 0.7838
vn 0.4794 -0.4389 0.7600
vn -0.4510 -0.5091 0.7331
vn -0.4469 -0.5085 0.7360
vn -0.4429 -0.5238 0.7276
vn -0.3772 -0.3532 0.8561
vn -0.3805 -0.5250 0.7613
vn -0.3700 -0.3174 0.8731
vn -0.3516 -0.4201 0.8366
vn -0.3658 -0.5036 0.7827
vn -0.9924 0.1068 -0.0619
vn -0.9910 0.1326 -0.0203
vn -0.7459 -0.3381 0.5739
vn -0.6677 -0.4195 0.6150
vn -0.3509 -0.4499 0.8212
vn -0.3356 -0.5087 0.7928
vn -0.1581 -0.5777 0.8008
vn -0.1944 -0.5216 0.8307
vn -0.2568 -0.4556 0.8523
vn -0.7248 -0.3043 0.6181
vn -0.6772 -0.2899 0.6763
vn -0.2942 -0.4793 0.8269
vn -0.6292 -0.3125 0.7117
vn -0.2909 -0.4997 0.8159
vn -0.7621 0.0398 0.6462
vn -0.9411 0.0246 0.3372
vn -0.9725 0.0410 0.2293
vn -0.9277 0.3270 -0.1804
vn -0.9345 0.3497 -0.0669
vn -0.9888 0.1022 0.1084
vn -0.8794 0.3879 -0.2761
vn -0.5240 0.4265 -0.7372
vn -0.5431 0.4120 -0.7316
vn -0.5396 0.3995 -0.7411
vn -0.5216 0.4255 -0.7395
vn -0.5280 0.4190 -0.7387
vn -0.5351 0.4093 -0.7390
vn -0.5553 0.3947 -0.7320
vn -0.5515 0.4239 -0.7185
vn -0.5240 0.4295 -0.7355
vn -0.5262 0.3882 -0.7566
vn -0.5431 0.4125 -0.7313
vn -0.5529 0.3988 -0.7317
vn -0.4941 0.4336 -0.7536
vn -0.4896 0.3761 -0.7867
vn -0.5034 0.3738 -0.7790
vn -0.4679 0.3540 -0.8098
vn -0.4460 0.3793 -0.8107
vn -0.4812 0.3928 -0.7836
vn -0.5157 0.4024 -0.7564
vn -0.5345 0.3875 -0.7511
vn 0.4166 -0.4908 0.7652
vn 0.3737 -0.5220 0.7667
vn 0.3691 -0.4245 0.8268
vn 0.4147 -0.4120 0.8114
vn -0.4210 0.4377 -0.7945
vn -0.4245 0.4615 -0.7790
vn -0.4764 0.4442 -0.7588
vn -0.4614 0.4391 -0.7709
vn -0.5048 0.4329 -0.7469
vn -0.5246 0.4279 -0.7360
vn 0.4802 -0.2994 0.8245
vn 0.3932 -0.2842 0.8744
vn 0.4164 -0.1991 0.8871
vn 0.5405 -0.2197 0.8121
vn 0.3220 -0.2377 0.9164
vn 0.4846 -0.3178 0.8150
vn 0.4439 -0.2264 0.8670
vn 0.2587 -0.1614 0.9524
vn 0.4488 -0.3460 0.8239
vn 0.4956 -0.2236 0.8393
vn 0.4342 -0.1231 0.8924
vn 0.4206 -0.5435 0.7264
vn 0.4602 -0.5387 0.7057
vn 0.4935 -0.4841 0.7226
vn 0.4202 -0.4626 0.7806
vn 0.3827 -0.3239 0.8652
vn 0.5065 -0.3872 0.7704
vn 0.5688 -0.4871 0.6628
vn 0.6225 -0.4433 0.6450
vn 0.6371 -0.3557 0.6838
vn 0.6266 -0.3037 0.7177
vn 0.5933 -0.2790 0.7550
vn 0.1819 0.4890 -0.8531
vn -0.2973 0.4986 -0.8142
vn -0.3160 0.4655 -0.8267
vn 0.1582 0.5099 -0.8456
vn 0.1397 0.5271 -0.8382
vn -0.3119 0.4284 -0.8480
vn -0.2096 0.4602 -0.8627
vn 0.1375 0.8067 -0.5747
vn 0.4514 0.5274 -0.7197
vn 0.2739 0.7879 -0.5516
vn -0.0186 0.7486 -0.6628
vn 0.3092 0.5411 -0.7821
vn 0.4767 0.8217 -0.3124
vn -0.3990 0.7606 -0.5122
vn -0.1514 0.7879 -0.5969
vn -0.2737 0.8186 -0.5050
vn -0.7038 0.6327 -0.3229
vn -0.6111 0.5890 -0.5288
vn -0.4320 0.6760 -0.5970
vn -0.2492 0.6415 -0.7255
vn 0.1524 0.5351 -0.8309
vn -0.6775 0.4748 -0.5617
vn -0.4708 0.6182 -0.6294
vn -0.0584 0.9229 -0.3806
vn -0.1738 0.8263 -0.5358
vn -0.2114 0.8087 -0.5489
vn -0.0080 0.9140 -0.4057
vn 0.0026 0.8863 -0.4631
vn 0.0019 0.8412 -0.5408
vn -0.2186 0.8323 -0.5094
vn -0.1873 0.8137 -0.5503
vn -0.0390 0.8151 -0.5781
vn -0.1428 0.8117 -0.5663
vn -0.2849 0.7504 -0.5965
vn -0.3318 0.6974 -0.6353
vn 0.0941 0.2669 -0.9591
vn -0.1420 0.2977 -0.9440
vn 0.0571 0.3378 -0.9395
vn -0.1605 0.3702 -0.9150
vn -0.2535 0.4515 -0.8555
vn -0.1777 0.4670 -0.8662
vn -0.2003 0.5248 -0.8273
vn -0.2591 0.5106 -0.8198
vn -0.2569 0.3677 -0.8937
vn 0.0446 0.4305 -0.9015
vn -0.0499 0.6009 -0.7977
vn -0.2583 0.3029 -0.9173
vn -0.8564 0.4268 -0.2907
vn -0.8611 0.4086 -0.3027
vn -0.9622 0.2559 -0.0937
vn -0.9466 0.3079 -0.0956
vn -0.7104 0.5799 -0.3989
vn -0.7056 0.5735 -0.4162
vn -0.9184 0.3319 -0.2156
vn -0.9574 0.2546 -0.1361
vn -0.9859 0.1669 -0.0121
vn -0.9905 0.0540 0.1264
vn -0.8581 0.4931 -0.1429
vn -0.7281 0.5642 -0.3894
vn -0.9943 0.1067 -0.0084
vn -0.9985 -0.0014 0.0540
vn -0.8351 0.5021 -0.2249
vn -0.9391 0.3307 -0.0931
vn -0.9818 0.1755 0.0725
vn -0.9831 0.1448 0.1122
vn -0.9898 0.1253 0.0673
vn -0.9833 0.1818 -0.0129
vn -0.9792 0.1875 0.0780
vn -0.9753 0.2044 0.0838
vn -0.9892 0.0920 0.1145
vn -0.9897 0.0637 0.1279
vn -0.9884 0.1351 0.0694
vn 0.9974 0.0283 0.0657
# 3488 vertex normals

vt 0.0000 0.0000 0.0000
# 1 texture coords

o ALAup
g ALAup
usemtl 17174_Tiamat_new__17174_Tiamat_v1default
s 1
f 1/1/1 2/1/2 3/1/3 
f 3/1/3 4/1/4 1/1/1 
f 4/1/4 5/1/5 6/1/6 
f 6/1/6 1/1/1 4/1/4 
f 1/1/1 6/1/6 7/1/7 
f 7/1/7 8/1/8 1/1/1 
f 8/1/8 9/1/9 2/1/2 
f 2/1/2 1/1/1 8/1/8 
f 10/1/10 11/1/11 12/1/12 
f 12/1/12 13/1/13 10/1/10 
f 10/1/10 14/1/14 15/1/15 
f 15/1/15 11/1/11 10/1/10 
f 11/1/11 15/1/15 9/1/9 
f 9/1/9 8/1/8 11/1/11 
f 8/1/8 7/1/7 12/1/12 
f 12/1/12 11/1/11 8/1/8 
f 16/1/16 17/1/17 18/1/18 
f 18/1/18 19/1/19 16/1/16 
f 19/1/19 9/1/9 15/1/15 
f 15/1/15 16/1/16 19/1/19 
f 16/1/16 15/1/15 14/1/14 
f 14/1/14 20/1/20 16/1/16 
f 16/1/16 20/1/20 21/1/21 
f 22/1/22 23/1/23 24/1/24 
f 24/1/24 25/1/25 22/1/22 
f 24/1/24 3/1/3 2/1/2 
f 2/1/2 25/1/25 24/1/24 
f 25/1/25 2/1/2 9/1/9 
f 9/1/9 19/1/19 25/1/25 
f 25/1/25 19/1/19 18/1/18 
f 18/1/18 22/1/22 25/1/25 
f 26/1/26 27/1/27 28/1/28 
f 28/1/28 29/1/29 26/1/26 
f 29/1/29 30/1/30 31/1/31 
f 31/1/31 26/1/26 29/1/29 
f 26/1/26 31/1/31 32/1/32 
f 32/1/32 33/1/33 26/1/26 
f 33/1/33 34/1/34 27/1/27 
f 27/1/27 26/1/26 33/1/33 
f 35/1/35 36/1/36 37/1/37 
f 37/1/37 38/1/38 35/1/35 
f 38/1/38 28/1/28 27/1/27 
f 27/1/27 35/1/35 38/1/38 
f 35/1/35 27/1/27 34/1/34 
f 34/1/34 39/1/39 35/1/35 
f 39/1/39 40/1/40 36/1/36 
f 36/1/36 35/1/35 39/1/39 
f 41/1/41 42/1/42 23/1/23 
f 23/1/23 22/1/22 41/1/41 
f 22/1/22 18/1/18 43/1/43 
f 43/1/43 41/1/41 22/1/22 
f 41/1/41 43/1/43 40/1/40 
f 40/1/40 39/1/39 41/1/41 
f 39/1/39 34/1/34 42/1/42 
f 42/1/42 41/1/41 39/1/39 
f 44/1/44 45/1/45 46/1/46 
f 46/1/46 47/1/47 44/1/44 
f 47/1/47 48/1/48 49/1/49 
f 49/1/49 44/1/44 47/1/47 
f 44/1/44 49/1/49 50/1/50 
f 51/1/51 52/1/52 45/1/45 
f 45/1/45 44/1/44 51/1/51 
f 53/1/53 54/1/54 55/1/55 
f 55/1/55 56/1/56 53/1/53 
f 56/1/56 57/1/57 58/1/58 
f 58/1/58 53/1/53 56/1/56 
f 53/1/53 58/1/58 59/1/59 
f 59/1/59 60/1/60 53/1/53 
f 60/1/60 61/1/61 54/1/54 
f 54/1/54 53/1/53 60/1/60 
f 62/1/62 63/1/63 64/1/64 
f 64/1/64 65/1/65 62/1/62 
f 66/1/66 62/1/62 65/1/65 
f 65/1/65 67/1/67 66/1/66 
f 68/1/68 62/1/62 66/1/66 
f 66/1/66 57/1/57 68/1/68 
f 68/1/68 69/1/69 63/1/63 
f 63/1/63 62/1/62 68/1/68 
f 70/1/70 71/1/71 72/1/72 
f 72/1/72 73/1/73 70/1/70 
f 73/1/73 59/1/59 58/1/58 
f 58/1/58 70/1/70 73/1/73 
f 70/1/70 58/1/58 57/1/57 
f 57/1/57 66/1/66 70/1/70 
f 66/1/66 67/1/67 71/1/71 
f 71/1/71 70/1/70 66/1/66 
f 74/1/74 75/1/75 76/1/76 
f 76/1/76 77/1/77 74/1/74 
f 77/1/77 78/1/78 79/1/79 
f 79/1/79 74/1/74 77/1/77 
f 74/1/74 79/1/79 61/1/61 
f 61/1/61 60/1/60 74/1/74 
f 60/1/60 59/1/59 75/1/75 
f 75/1/75 74/1/74 60/1/60 
f 80/1/80 81/1/81 82/1/82 
f 82/1/82 83/1/83 80/1/80 
f 83/1/83 84/1/84 85/1/85 
f 85/1/85 80/1/80 83/1/83 
f 80/1/80 85/1/85 86/1/86 
f 86/1/86 87/1/87 80/1/80 
f 87/1/87 88/1/88 81/1/81 
f 81/1/81 80/1/80 87/1/87 
f 89/1/89 90/1/90 21/1/21 
f 21/1/21 20/1/20 89/1/89 
f 20/1/20 14/1/14 91/1/91 
f 91/1/91 89/1/89 20/1/20 
f 89/1/89 91/1/91 92/1/92 
f 92/1/92 93/1/93 89/1/89 
f 93/1/93 94/1/94 90/1/90 
f 90/1/90 89/1/89 93/1/93 
f 95/1/95 96/1/96 97/1/97 
f 97/1/97 98/1/98 95/1/95 
f 98/1/98 94/1/94 93/1/93 
f 93/1/93 95/1/95 98/1/98 
f 95/1/95 93/1/93 92/1/92 
f 92/1/92 99/1/99 95/1/95 
f 99/1/99 100/1/100 96/1/96 
f 101/1/101 102/1/102 92/1/92 
f 92/1/92 91/1/91 101/1/101 
f 91/1/91 14/1/14 10/1/10 
f 10/1/10 101/1/101 91/1/91 
f 101/1/101 10/1/10 13/1/13 
f 13/1/13 103/1/103 101/1/101 
f 103/1/103 104/1/104 102/1/102 
f 102/1/102 101/1/101 103/1/103 
f 105/1/105 106/1/106 100/1/100 
f 102/1/102 105/1/105 99/1/99 
f 99/1/99 92/1/92 102/1/102 
f 105/1/105 102/1/102 104/1/104 
f 104/1/104 107/1/107 105/1/105 
f 107/1/107 108/1/108 106/1/106 
f 106/1/106 105/1/105 107/1/107 
f 109/1/109 43/1/43 18/1/18 
f 18/1/18 17/1/17 109/1/109 
f 17/1/17 21/1/21 110/1/110 
f 109/1/109 110/1/110 111/1/111 
f 111/1/111 112/1/112 109/1/109 
f 112/1/112 40/1/40 43/1/43 
f 43/1/43 109/1/109 112/1/112 
f 113/1/113 110/1/110 21/1/21 
f 21/1/21 90/1/90 113/1/113 
f 90/1/90 94/1/94 114/1/114 
f 114/1/114 113/1/113 90/1/90 
f 113/1/113 114/1/114 115/1/115 
f 115/1/115 116/1/116 113/1/113 
f 116/1/116 111/1/111 110/1/110 
f 110/1/110 113/1/113 116/1/116 
f 117/1/117 114/1/114 94/1/94 
f 98/1/98 97/1/97 118/1/118 
f 117/1/117 118/1/118 119/1/119 
f 119/1/119 120/1/120 117/1/117 
f 120/1/120 115/1/115 114/1/114 
f 114/1/114 117/1/117 120/1/120 
f 121/1/121 36/1/36 40/1/40 
f 40/1/40 112/1/112 121/1/121 
f 112/1/112 111/1/111 122/1/122 
f 122/1/122 121/1/121 112/1/112 
f 121/1/121 122/1/122 123/1/123 
f 123/1/123 124/1/124 121/1/121 
f 124/1/124 37/1/37 36/1/36 
f 36/1/36 121/1/121 124/1/124 
f 125/1/125 126/1/126 127/1/127 
f 127/1/127 128/1/128 125/1/125 
f 129/1/129 125/1/125 128/1/128 
f 128/1/128 130/1/130 129/1/129 
f 125/1/125 129/1/129 131/1/131 
f 131/1/131 132/1/132 125/1/125 
f 132/1/132 133/1/133 126/1/126 
f 126/1/126 125/1/125 132/1/132 
f 134/1/134 135/1/135 136/1/136 
f 137/1/137 136/1/136 138/1/138 
f 138/1/138 139/1/139 137/1/137 
f 132/1/132 137/1/137 139/1/139 
f 139/1/139 133/1/133 132/1/132 
f 132/1/132 131/1/131 134/1/134 
f 134/1/134 137/1/137 132/1/132 
f 140/1/140 141/1/141 142/1/142 
f 143/1/143 127/1/127 144/1/144 
f 144/1/144 140/1/140 143/1/143 
f 140/1/140 144/1/144 145/1/145 
f 145/1/145 146/1/146 140/1/140 
f 146/1/146 147/1/147 141/1/141 
f 141/1/141 140/1/140 146/1/146 
f 148/1/148 72/1/72 71/1/71 
f 71/1/71 149/1/149 148/1/148 
f 71/1/71 67/1/67 150/1/150 
f 150/1/150 149/1/149 71/1/71 
f 149/1/149 150/1/150 151/1/151 
f 152/1/152 153/1/153 148/1/148 
f 154/1/154 155/1/155 156/1/156 
f 156/1/156 157/1/157 154/1/154 
f 154/1/154 157/1/157 158/1/158 
f 158/1/158 159/1/159 154/1/154 
f 159/1/159 160/1/160 161/1/161 
f 161/1/161 154/1/154 159/1/159 
f 161/1/161 162/1/162 155/1/155 
f 155/1/155 154/1/154 161/1/161 
f 163/1/163 164/1/164 162/1/162 
f 162/1/162 161/1/161 163/1/163 
f 161/1/161 160/1/160 165/1/165 
f 165/1/165 163/1/163 161/1/161 
f 163/1/163 165/1/165 166/1/166 
f 166/1/166 167/1/167 163/1/163 
f 167/1/167 168/1/168 164/1/164 
f 164/1/164 163/1/163 167/1/167 
f 169/1/169 170/1/170 171/1/171 
f 171/1/171 172/1/172 169/1/169 
f 172/1/172 173/1/173 174/1/174 
f 174/1/174 169/1/169 172/1/172 
f 169/1/169 174/1/174 175/1/175 
f 175/1/175 176/1/176 169/1/169 
f 176/1/176 177/1/177 170/1/170 
f 170/1/170 169/1/169 176/1/176 
f 178/1/178 179/1/179 180/1/180 
f 180/1/180 181/1/181 178/1/178 
f 181/1/181 182/1/182 183/1/183 
f 183/1/183 178/1/178 181/1/181 
f 178/1/178 183/1/183 173/1/173 
f 173/1/173 172/1/172 178/1/178 
f 172/1/172 171/1/171 179/1/179 
f 179/1/179 178/1/178 172/1/172 
f 184/1/184 185/1/185 186/1/186 
f 186/1/186 187/1/187 184/1/184 
f 181/1/181 185/1/185 184/1/184 
f 184/1/184 182/1/182 181/1/181 
f 181/1/181 180/1/180 188/1/188 
f 188/1/188 185/1/185 181/1/181 
f 185/1/185 188/1/188 189/1/189 
f 189/1/189 186/1/186 185/1/185 
f 190/1/190 191/1/191 153/1/153 
f 153/1/153 152/1/152 190/1/190 
f 152/1/152 151/1/151 192/1/192 
f 192/1/192 190/1/190 152/1/152 
f 190/1/190 192/1/192 193/1/193 
f 193/1/193 194/1/194 190/1/190 
f 194/1/194 195/1/195 191/1/191 
f 191/1/191 190/1/190 194/1/194 
f 196/1/196 197/1/197 198/1/198 
f 198/1/198 199/1/199 196/1/196 
f 199/1/199 200/1/200 201/1/201 
f 201/1/201 196/1/196 199/1/199 
f 196/1/196 201/1/201 195/1/195 
f 195/1/195 194/1/194 196/1/196 
f 194/1/194 193/1/193 197/1/197 
f 197/1/197 196/1/196 194/1/194 
f 202/1/202 203/1/203 204/1/204 
f 204/1/204 205/1/205 202/1/202 
f 205/1/205 82/1/82 81/1/81 
f 81/1/81 202/1/202 205/1/205 
f 202/1/202 81/1/81 88/1/88 
f 88/1/88 206/1/206 202/1/202 
f 206/1/206 207/1/207 203/1/203 
f 203/1/203 202/1/202 206/1/206 
f 208/1/208 209/1/209 207/1/207 
f 207/1/207 206/1/206 208/1/208 
f 206/1/206 88/1/88 210/1/210 
f 210/1/210 208/1/208 206/1/206 
f 208/1/208 210/1/210 211/1/211 
f 211/1/211 212/1/212 208/1/208 
f 212/1/212 213/1/213 209/1/209 
f 209/1/209 208/1/208 212/1/212 
f 214/1/214 215/1/215 213/1/213 
f 213/1/213 212/1/212 214/1/214 
f 212/1/212 211/1/211 216/1/216 
f 216/1/216 214/1/214 212/1/212 
f 214/1/214 216/1/216 217/1/217 
f 217/1/217 218/1/218 214/1/214 
f 218/1/218 219/1/219 215/1/215 
f 215/1/215 214/1/214 218/1/218 
f 220/1/220 221/1/221 219/1/219 
f 219/1/219 218/1/218 220/1/220 
f 218/1/218 217/1/217 222/1/222 
f 222/1/222 220/1/220 218/1/218 
f 220/1/220 222/1/222 223/1/223 
f 223/1/223 224/1/224 220/1/220 
f 224/1/224 225/1/225 221/1/221 
f 221/1/221 220/1/220 224/1/224 
f 226/1/226 227/1/227 228/1/228 
f 229/1/229 230/1/230 231/1/231 
f 231/1/231 232/1/232 233/1/233 
f 233/1/233 226/1/226 231/1/231 
f 234/1/234 227/1/227 226/1/226 
f 235/1/235 236/1/236 237/1/237 
f 237/1/237 238/1/238 235/1/235 
f 238/1/238 239/1/239 240/1/240 
f 240/1/240 235/1/235 238/1/238 
f 235/1/235 240/1/240 241/1/241 
f 241/1/241 242/1/242 235/1/235 
f 242/1/242 243/1/243 236/1/236 
f 236/1/236 235/1/235 242/1/242 
f 244/1/244 245/1/245 246/1/246 
f 246/1/246 247/1/247 244/1/244 
f 247/1/247 248/1/248 249/1/249 
f 249/1/249 244/1/244 247/1/247 
f 244/1/244 249/1/249 250/1/250 
f 250/1/250 251/1/251 244/1/244 
f 251/1/251 252/1/252 245/1/245 
f 245/1/245 244/1/244 251/1/251 
f 253/1/253 254/1/254 255/1/255 
f 255/1/255 256/1/256 253/1/253 
f 256/1/256 257/1/257 258/1/258 
f 258/1/258 253/1/253 256/1/256 
f 253/1/253 258/1/258 259/1/259 
f 259/1/259 260/1/260 253/1/253 
f 260/1/260 261/1/261 254/1/254 
f 254/1/254 253/1/253 260/1/260 
f 262/1/262 263/1/263 264/1/264 
f 264/1/264 265/1/265 262/1/262 
f 265/1/265 246/1/246 245/1/245 
f 245/1/245 262/1/262 265/1/265 
f 262/1/262 245/1/245 252/1/252 
f 252/1/252 266/1/266 262/1/262 
f 266/1/266 267/1/267 263/1/263 
f 263/1/263 262/1/262 266/1/266 
f 268/1/268 269/1/269 270/1/270 
f 270/1/270 271/1/271 268/1/268 
f 271/1/271 138/1/138 272/1/272 
f 272/1/272 268/1/268 271/1/271 
f 272/1/272 273/1/273 274/1/274 
f 274/1/274 268/1/268 272/1/272 
f 274/1/274 275/1/275 269/1/269 
f 269/1/269 268/1/268 274/1/274 
f 276/1/276 277/1/277 168/1/168 
f 168/1/168 167/1/167 276/1/276 
f 167/1/167 166/1/166 278/1/278 
f 278/1/278 276/1/276 167/1/167 
f 278/1/278 279/1/279 280/1/280 
f 280/1/280 276/1/276 278/1/278 
f 280/1/280 281/1/281 277/1/277 
f 277/1/277 276/1/276 280/1/280 
f 282/1/282 283/1/283 284/1/284 
f 284/1/284 285/1/285 282/1/282 
f 285/1/285 200/1/200 199/1/199 
f 282/1/282 199/1/199 198/1/198 
f 286/1/286 287/1/287 283/1/283 
f 283/1/283 282/1/282 286/1/286 
f 288/1/288 289/1/289 290/1/290 
f 290/1/290 291/1/291 288/1/288 
f 291/1/291 292/1/292 293/1/293 
f 293/1/293 288/1/288 291/1/291 
f 288/1/288 293/1/293 248/1/248 
f 248/1/248 247/1/247 288/1/288 
f 247/1/247 246/1/246 289/1/289 
f 289/1/289 288/1/288 247/1/247 
f 294/1/294 295/1/295 296/1/296 
f 296/1/296 297/1/297 294/1/294 
f 297/1/297 100/1/100 106/1/106 
f 106/1/106 294/1/294 297/1/297 
f 294/1/294 106/1/106 108/1/108 
f 108/1/108 298/1/298 294/1/294 
f 298/1/298 299/1/299 295/1/295 
f 295/1/295 294/1/294 298/1/298 
f 300/1/300 203/1/203 207/1/207 
f 207/1/207 301/1/301 300/1/300 
f 301/1/301 296/1/296 295/1/295 
f 295/1/295 300/1/300 301/1/301 
f 300/1/300 295/1/295 299/1/299 
f 299/1/299 302/1/302 300/1/300 
f 302/1/302 204/1/204 203/1/203 
f 203/1/203 300/1/300 302/1/302 
f 303/1/303 304/1/304 305/1/305 
f 305/1/305 306/1/306 303/1/303 
f 306/1/306 97/1/97 96/1/96 
f 96/1/96 303/1/303 306/1/306 
f 303/1/303 96/1/96 100/1/100 
f 100/1/100 297/1/297 303/1/303 
f 297/1/297 296/1/296 304/1/304 
f 304/1/304 303/1/303 297/1/297 
f 307/1/307 209/1/209 213/1/213 
f 213/1/213 308/1/308 307/1/307 
f 308/1/308 305/1/305 304/1/304 
f 304/1/304 307/1/307 308/1/308 
f 307/1/307 304/1/304 296/1/296 
f 296/1/296 301/1/301 307/1/307 
f 301/1/301 207/1/207 209/1/209 
f 209/1/209 307/1/307 301/1/301 
f 309/1/309 310/1/310 311/1/311 
f 312/1/312 119/1/119 118/1/118 
f 118/1/118 309/1/309 312/1/312 
f 309/1/309 118/1/118 97/1/97 
f 97/1/97 306/1/306 309/1/309 
f 306/1/306 305/1/305 310/1/310 
f 310/1/310 309/1/309 306/1/306 
f 313/1/313 215/1/215 219/1/219 
f 219/1/219 314/1/314 313/1/313 
f 314/1/314 311/1/311 310/1/310 
f 310/1/310 313/1/313 314/1/314 
f 313/1/313 310/1/310 305/1/305 
f 305/1/305 308/1/308 313/1/313 
f 308/1/308 213/1/213 215/1/215 
f 215/1/215 313/1/313 308/1/308 
f 315/1/315 316/1/316 317/1/317 
f 317/1/317 318/1/318 315/1/315 
f 318/1/318 319/1/319 320/1/320 
f 320/1/320 315/1/315 318/1/318 
f 315/1/315 320/1/320 119/1/119 
f 119/1/119 312/1/312 315/1/315 
f 312/1/312 311/1/311 316/1/316 
f 316/1/316 315/1/315 312/1/312 
f 321/1/321 221/1/221 225/1/225 
f 225/1/225 322/1/322 321/1/321 
f 322/1/322 317/1/317 316/1/316 
f 316/1/316 321/1/321 322/1/322 
f 321/1/321 316/1/316 311/1/311 
f 311/1/311 314/1/314 321/1/321 
f 314/1/314 219/1/219 221/1/221 
f 221/1/221 321/1/321 314/1/314 
f 323/1/323 324/1/324 325/1/325 
f 325/1/325 326/1/326 323/1/323 
f 326/1/326 275/1/275 274/1/274 
f 274/1/274 323/1/323 326/1/326 
f 323/1/323 274/1/274 273/1/273 
f 273/1/273 327/1/327 323/1/323 
f 327/1/327 328/1/328 324/1/324 
f 324/1/324 323/1/323 327/1/327 
f 329/1/329 233/1/233 232/1/232 
f 232/1/232 330/1/330 329/1/329 
f 330/1/330 325/1/325 324/1/324 
f 324/1/324 329/1/329 330/1/330 
f 329/1/329 324/1/324 328/1/328 
f 328/1/328 331/1/331 329/1/329 
f 331/1/331 234/1/234 233/1/233 
f 332/1/332 333/1/333 187/1/187 
f 187/1/187 186/1/186 332/1/332 
f 186/1/186 189/1/189 334/1/334 
f 334/1/334 332/1/332 186/1/186 
f 332/1/332 334/1/334 335/1/335 
f 335/1/335 336/1/336 332/1/332 
f 336/1/336 337/1/337 333/1/333 
f 333/1/333 332/1/332 336/1/336 
f 338/1/338 237/1/237 236/1/236 
f 236/1/236 339/1/339 338/1/338 
f 236/1/236 243/1/243 340/1/340 
f 340/1/340 339/1/339 236/1/236 
f 339/1/339 340/1/340 337/1/337 
f 337/1/337 336/1/336 339/1/339 
f 336/1/336 335/1/335 338/1/338 
f 338/1/338 339/1/339 336/1/336 
f 341/1/341 342/1/342 284/1/284 
f 283/1/283 287/1/287 343/1/343 
f 343/1/343 341/1/341 283/1/283 
f 341/1/341 343/1/343 292/1/292 
f 292/1/292 291/1/291 341/1/341 
f 291/1/291 290/1/290 342/1/342 
f 342/1/342 341/1/341 291/1/291 
f 344/1/344 289/1/289 246/1/246 
f 246/1/246 265/1/265 344/1/344 
f 265/1/265 264/1/264 345/1/345 
f 345/1/345 344/1/344 265/1/265 
f 344/1/344 345/1/345 346/1/346 
f 346/1/346 347/1/347 344/1/344 
f 347/1/347 290/1/290 289/1/289 
f 289/1/289 344/1/344 347/1/347 
f 348/1/348 349/1/349 350/1/350 
f 350/1/350 351/1/351 348/1/348 
f 351/1/351 352/1/352 353/1/353 
f 353/1/353 348/1/348 351/1/351 
f 348/1/348 353/1/353 354/1/354 
f 354/1/354 355/1/355 348/1/348 
f 355/1/355 356/1/356 349/1/349 
f 349/1/349 348/1/348 355/1/355 
f 357/1/357 358/1/358 359/1/359 
f 359/1/359 360/1/360 357/1/357 
f 360/1/360 361/1/361 362/1/362 
f 362/1/362 357/1/357 360/1/360 
f 357/1/357 362/1/362 363/1/363 
f 363/1/363 364/1/364 357/1/357 
f 364/1/364 365/1/365 358/1/358 
f 358/1/358 357/1/357 364/1/364 
f 366/1/366 367/1/367 368/1/368 
f 368/1/368 369/1/369 366/1/366 
f 369/1/369 359/1/359 358/1/358 
f 358/1/358 366/1/366 369/1/369 
f 366/1/366 358/1/358 365/1/365 
f 365/1/365 370/1/370 366/1/366 
f 370/1/370 371/1/371 367/1/367 
f 367/1/367 366/1/366 370/1/370 
f 372/1/372 373/1/373 352/1/352 
f 352/1/352 351/1/351 372/1/372 
f 351/1/351 350/1/350 374/1/374 
f 374/1/374 372/1/372 351/1/351 
f 372/1/372 374/1/374 375/1/375 
f 375/1/375 376/1/376 372/1/372 
f 376/1/376 377/1/377 373/1/373 
f 373/1/373 372/1/372 376/1/376 
f 378/1/378 353/1/353 352/1/352 
f 352/1/352 379/1/379 378/1/378 
f 379/1/379 380/1/380 381/1/381 
f 381/1/381 378/1/378 379/1/379 
f 378/1/378 381/1/381 382/1/382 
f 382/1/382 383/1/383 378/1/378 
f 383/1/383 354/1/354 353/1/353 
f 353/1/353 378/1/378 383/1/383 
f 384/1/384 385/1/385 363/1/363 
f 386/1/386 354/1/354 383/1/383 
f 383/1/383 384/1/384 386/1/386 
f 384/1/384 383/1/383 382/1/382 
f 382/1/382 387/1/387 384/1/384 
f 387/1/387 388/1/388 385/1/385 
f 385/1/385 384/1/384 387/1/387 
f 389/1/389 390/1/390 365/1/365 
f 365/1/365 364/1/364 389/1/389 
f 364/1/364 363/1/363 385/1/385 
f 385/1/385 389/1/389 364/1/364 
f 389/1/389 385/1/385 388/1/388 
f 391/1/391 392/1/392 390/1/390 
f 390/1/390 389/1/389 391/1/391 
f 393/1/393 394/1/394 371/1/371 
f 371/1/371 370/1/370 393/1/393 
f 370/1/370 365/1/365 390/1/390 
f 390/1/390 393/1/393 370/1/370 
f 393/1/393 390/1/390 392/1/392 
f 392/1/392 395/1/395 393/1/393 
f 395/1/395 396/1/396 394/1/394 
f 394/1/394 393/1/393 395/1/395 
f 397/1/397 398/1/398 371/1/371 
f 371/1/371 394/1/394 397/1/397 
f 394/1/394 396/1/396 399/1/399 
f 399/1/399 397/1/397 394/1/394 
f 397/1/397 399/1/399 400/1/400 
f 400/1/400 401/1/401 397/1/397 
f 401/1/401 377/1/377 398/1/398 
f 398/1/398 397/1/397 401/1/401 
f 402/1/402 403/1/403 380/1/380 
f 380/1/380 379/1/379 402/1/402 
f 379/1/379 352/1/352 373/1/373 
f 373/1/373 402/1/402 379/1/379 
f 402/1/402 373/1/373 377/1/377 
f 377/1/377 401/1/401 402/1/402 
f 401/1/401 400/1/400 403/1/403 
f 404/1/404 381/1/381 380/1/380 
f 380/1/380 405/1/405 404/1/404 
f 405/1/405 406/1/406 407/1/407 
f 407/1/407 404/1/404 405/1/405 
f 404/1/404 407/1/407 408/1/408 
f 408/1/408 409/1/409 404/1/404 
f 409/1/409 382/1/382 381/1/381 
f 381/1/381 404/1/404 409/1/409 
f 410/1/410 387/1/387 382/1/382 
f 382/1/382 409/1/409 410/1/410 
f 409/1/409 408/1/408 411/1/411 
f 411/1/411 410/1/410 409/1/409 
f 410/1/410 411/1/411 412/1/412 
f 412/1/412 413/1/413 410/1/410 
f 387/1/387 410/1/410 413/1/413 
f 413/1/413 388/1/388 387/1/387 
f 414/1/414 415/1/415 392/1/392 
f 392/1/392 391/1/391 414/1/414 
f 391/1/391 388/1/388 413/1/413 
f 413/1/413 414/1/414 391/1/391 
f 414/1/414 413/1/413 412/1/412 
f 412/1/412 416/1/416 414/1/414 
f 416/1/416 417/1/417 415/1/415 
f 415/1/415 414/1/414 416/1/416 
f 418/1/418 419/1/419 396/1/396 
f 396/1/396 395/1/395 418/1/418 
f 395/1/395 392/1/392 415/1/415 
f 415/1/415 418/1/418 395/1/395 
f 418/1/418 415/1/415 417/1/417 
f 417/1/417 420/1/420 418/1/418 
f 420/1/420 421/1/421 419/1/419 
f 419/1/419 418/1/418 420/1/420 
f 422/1/422 400/1/400 399/1/399 
f 399/1/399 423/1/423 422/1/422 
f 399/1/399 396/1/396 419/1/419 
f 419/1/419 423/1/423 399/1/399 
f 423/1/423 419/1/419 421/1/421 
f 421/1/421 424/1/424 423/1/423 
f 422/1/422 423/1/423 424/1/424 
f 424/1/424 425/1/425 422/1/422 
f 426/1/426 427/1/427 406/1/406 
f 406/1/406 405/1/405 426/1/426 
f 405/1/405 380/1/380 403/1/403 
f 403/1/403 426/1/426 405/1/405 
f 426/1/426 403/1/403 400/1/400 
f 422/1/422 425/1/425 427/1/427 
f 427/1/427 426/1/426 422/1/422 
f 428/1/428 429/1/429 430/1/430 
f 430/1/430 431/1/431 428/1/428 
f 431/1/431 432/1/432 433/1/433 
f 433/1/433 428/1/428 431/1/431 
f 428/1/428 433/1/433 434/1/434 
f 434/1/434 435/1/435 428/1/428 
f 435/1/435 436/1/436 429/1/429 
f 429/1/429 428/1/428 435/1/435 
f 437/1/437 438/1/438 439/1/439 
f 440/1/440 441/1/441 442/1/442 
f 442/1/442 437/1/437 440/1/440 
f 437/1/437 442/1/442 430/1/430 
f 430/1/430 443/1/443 437/1/437 
f 443/1/443 444/1/444 438/1/438 
f 438/1/438 437/1/437 443/1/443 
f 445/1/445 446/1/446 447/1/447 
f 447/1/447 448/1/448 445/1/445 
f 448/1/448 439/1/439 438/1/438 
f 438/1/438 445/1/445 448/1/448 
f 445/1/445 438/1/438 444/1/444 
f 444/1/444 449/1/449 445/1/445 
f 450/1/450 446/1/446 445/1/445 
f 451/1/451 452/1/452 447/1/447 
f 447/1/447 446/1/446 451/1/451 
f 446/1/446 450/1/450 453/1/453 
f 453/1/453 451/1/451 446/1/446 
f 451/1/451 453/1/453 454/1/454 
f 454/1/454 455/1/455 451/1/451 
f 455/1/455 456/1/456 452/1/452 
f 452/1/452 451/1/451 455/1/455 
f 457/1/457 458/1/458 456/1/456 
f 456/1/456 455/1/455 457/1/457 
f 455/1/455 454/1/454 459/1/459 
f 459/1/459 457/1/457 455/1/455 
f 457/1/457 459/1/459 460/1/460 
f 460/1/460 461/1/461 457/1/457 
f 461/1/461 462/1/462 458/1/458 
f 458/1/458 457/1/457 461/1/461 
f 463/1/463 464/1/464 465/1/465 
f 461/1/461 463/1/463 466/1/466 
f 466/1/466 462/1/462 461/1/461 
f 461/1/461 460/1/460 467/1/467 
f 467/1/467 463/1/463 461/1/461 
f 467/1/467 432/1/432 464/1/464 
f 464/1/464 463/1/463 467/1/467 
f 468/1/468 464/1/464 432/1/432 
f 432/1/432 431/1/431 468/1/468 
f 431/1/431 430/1/430 442/1/442 
f 442/1/442 468/1/468 431/1/431 
f 441/1/441 469/1/469 468/1/468 
f 468/1/468 469/1/469 465/1/465 
f 465/1/465 464/1/464 468/1/468 
f 470/1/470 411/1/411 408/1/408 
f 408/1/408 471/1/471 470/1/470 
f 471/1/471 472/1/472 473/1/473 
f 473/1/473 470/1/470 471/1/471 
f 473/1/473 474/1/474 475/1/475 
f 475/1/475 470/1/470 473/1/473 
f 475/1/475 412/1/412 411/1/411 
f 411/1/411 470/1/470 475/1/475 
f 476/1/476 475/1/475 474/1/474 
f 474/1/474 477/1/477 476/1/476 
f 477/1/477 478/1/478 479/1/479 
f 479/1/479 476/1/476 477/1/477 
f 476/1/476 479/1/479 417/1/417 
f 417/1/417 416/1/416 476/1/476 
f 416/1/416 412/1/412 475/1/475 
f 475/1/475 476/1/476 416/1/416 
f 480/1/480 481/1/481 421/1/421 
f 421/1/421 420/1/420 480/1/480 
f 420/1/420 417/1/417 479/1/479 
f 479/1/479 480/1/480 420/1/420 
f 480/1/480 479/1/479 478/1/478 
f 478/1/478 482/1/482 480/1/480 
f 482/1/482 483/1/483 481/1/481 
f 481/1/481 480/1/480 482/1/482 
f 484/1/484 485/1/485 425/1/425 
f 425/1/425 424/1/424 484/1/484 
f 424/1/424 421/1/421 481/1/481 
f 481/1/481 484/1/484 424/1/424 
f 484/1/484 481/1/481 483/1/483 
f 483/1/483 486/1/486 484/1/484 
f 486/1/486 487/1/487 485/1/485 
f 485/1/485 484/1/484 486/1/486 
f 488/1/488 427/1/427 425/1/425 
f 425/1/425 485/1/485 488/1/488 
f 489/1/489 488/1/488 485/1/485 
f 485/1/485 487/1/487 489/1/489 
f 488/1/488 489/1/489 490/1/490 
f 490/1/490 491/1/491 488/1/488 
f 491/1/491 406/1/406 427/1/427 
f 427/1/427 488/1/488 491/1/491 
f 492/1/492 493/1/493 472/1/472 
f 472/1/472 471/1/471 492/1/492 
f 471/1/471 408/1/408 407/1/407 
f 407/1/407 492/1/492 471/1/471 
f 492/1/492 407/1/407 406/1/406 
f 406/1/406 491/1/491 492/1/492 
f 491/1/491 490/1/490 493/1/493 
f 493/1/493 492/1/492 491/1/491 
f 494/1/494 495/1/495 474/1/474 
f 474/1/474 473/1/473 494/1/494 
f 473/1/473 472/1/472 496/1/496 
f 496/1/496 494/1/494 473/1/473 
f 494/1/494 496/1/496 497/1/497 
f 498/1/498 499/1/499 495/1/495 
f 495/1/495 494/1/494 498/1/498 
f 500/1/500 501/1/501 439/1/439 
f 439/1/439 448/1/448 500/1/500 
f 448/1/448 447/1/447 502/1/502 
f 502/1/502 500/1/500 448/1/448 
f 500/1/500 502/1/502 503/1/503 
f 503/1/503 504/1/504 500/1/500 
f 504/1/504 505/1/505 501/1/501 
f 501/1/501 500/1/500 504/1/504 
f 506/1/506 507/1/507 508/1/508 
f 508/1/508 509/1/509 506/1/506 
f 509/1/509 499/1/499 510/1/510 
f 506/1/506 510/1/510 503/1/503 
f 511/1/511 512/1/512 507/1/507 
f 513/1/513 514/1/514 478/1/478 
f 478/1/478 477/1/477 513/1/513 
f 477/1/477 474/1/474 495/1/495 
f 495/1/495 513/1/513 477/1/477 
f 513/1/513 495/1/495 499/1/499 
f 499/1/499 509/1/509 513/1/513 
f 509/1/509 508/1/508 514/1/514 
f 514/1/514 513/1/513 509/1/509 
f 511/1/511 503/1/503 502/1/502 
f 502/1/502 515/1/515 511/1/511 
f 515/1/515 502/1/502 447/1/447 
f 447/1/447 452/1/452 515/1/515 
f 452/1/452 456/1/456 516/1/516 
f 516/1/516 515/1/515 452/1/452 
f 516/1/516 512/1/512 511/1/511 
f 511/1/511 515/1/515 516/1/516 
f 517/1/517 518/1/518 483/1/483 
f 483/1/483 482/1/482 517/1/517 
f 482/1/482 478/1/478 514/1/514 
f 514/1/514 517/1/517 482/1/482 
f 517/1/517 514/1/514 508/1/508 
f 508/1/508 519/1/519 517/1/517 
f 519/1/519 520/1/520 518/1/518 
f 518/1/518 517/1/517 519/1/519 
f 521/1/521 522/1/522 487/1/487 
f 487/1/487 486/1/486 521/1/521 
f 486/1/486 483/1/483 518/1/518 
f 518/1/518 521/1/521 486/1/486 
f 521/1/521 518/1/518 520/1/520 
f 520/1/520 523/1/523 521/1/521 
f 523/1/523 524/1/524 522/1/522 
f 522/1/522 521/1/521 523/1/523 
f 525/1/525 505/1/505 504/1/504 
f 526/1/526 504/1/504 503/1/503 
f 503/1/503 510/1/510 526/1/526 
f 526/1/526 510/1/510 499/1/499 
f 498/1/498 497/1/497 525/1/525 
f 527/1/527 528/1/528 529/1/529 
f 529/1/529 530/1/530 527/1/527 
f 530/1/530 512/1/512 516/1/516 
f 516/1/516 527/1/527 530/1/530 
f 527/1/527 516/1/516 456/1/456 
f 456/1/456 458/1/458 527/1/527 
f 458/1/458 462/1/462 528/1/528 
f 528/1/528 527/1/527 458/1/458 
f 531/1/531 532/1/532 533/1/533 
f 534/1/534 535/1/535 536/1/536 
f 536/1/536 531/1/531 534/1/534 
f 531/1/531 536/1/536 529/1/529 
f 529/1/529 537/1/537 531/1/531 
f 537/1/537 538/1/538 532/1/532 
f 539/1/539 540/1/540 538/1/538 
f 537/1/537 529/1/529 528/1/528 
f 528/1/528 539/1/539 537/1/537 
f 466/1/466 539/1/539 528/1/528 
f 528/1/528 462/1/462 466/1/466 
f 466/1/466 465/1/465 540/1/540 
f 541/1/541 538/1/538 540/1/540 
f 540/1/540 542/1/542 541/1/541 
f 540/1/540 465/1/465 469/1/469 
f 542/1/542 469/1/469 441/1/441 
f 441/1/441 543/1/543 542/1/542 
f 543/1/543 544/1/544 541/1/541 
f 545/1/545 543/1/543 441/1/441 
f 441/1/441 440/1/440 545/1/545 
f 440/1/440 439/1/439 501/1/501 
f 545/1/545 501/1/501 505/1/505 
f 505/1/505 546/1/546 545/1/545 
f 546/1/546 544/1/544 543/1/543 
f 543/1/543 545/1/545 546/1/546 
f 547/1/547 548/1/548 544/1/544 
f 546/1/546 505/1/505 549/1/549 
f 549/1/549 547/1/547 546/1/546 
f 547/1/547 549/1/549 550/1/550 
f 550/1/550 551/1/551 547/1/547 
f 551/1/551 552/1/552 548/1/548 
f 548/1/548 547/1/547 551/1/551 
f 553/1/553 554/1/554 552/1/552 
f 552/1/552 551/1/551 553/1/553 
f 551/1/551 550/1/550 555/1/555 
f 555/1/555 553/1/553 551/1/551 
f 553/1/553 555/1/555 556/1/556 
f 556/1/556 557/1/557 553/1/553 
f 557/1/557 558/1/558 554/1/554 
f 554/1/554 553/1/553 557/1/557 
f 559/1/559 560/1/560 561/1/561 
f 559/1/559 562/1/562 563/1/563 
f 559/1/559 564/1/564 565/1/565 
f 565/1/565 560/1/560 559/1/559 
f 566/1/566 560/1/560 565/1/565 
f 565/1/565 567/1/567 566/1/566 
f 567/1/567 552/1/552 554/1/554 
f 554/1/554 566/1/566 567/1/567 
f 566/1/566 554/1/554 558/1/558 
f 558/1/558 568/1/568 566/1/566 
f 568/1/568 561/1/561 560/1/560 
f 560/1/560 566/1/566 568/1/568 
f 569/1/569 570/1/570 571/1/571 
f 571/1/571 572/1/572 569/1/569 
f 572/1/572 573/1/573 574/1/574 
f 569/1/569 574/1/574 575/1/575 
f 576/1/576 577/1/577 570/1/570 
f 570/1/570 569/1/569 576/1/576 
f 578/1/578 579/1/579 580/1/580 
f 580/1/580 581/1/581 578/1/578 
f 580/1/580 563/1/563 582/1/582 
f 582/1/582 571/1/571 570/1/570 
f 570/1/570 581/1/581 582/1/582 
f 581/1/581 570/1/570 577/1/577 
f 577/1/577 578/1/578 581/1/581 
f 583/1/583 584/1/584 579/1/579 
f 579/1/579 578/1/578 583/1/583 
f 578/1/578 577/1/577 585/1/585 
f 585/1/585 583/1/583 578/1/578 
f 583/1/583 585/1/585 586/1/586 
f 586/1/586 587/1/587 583/1/583 
f 587/1/587 588/1/588 584/1/584 
f 584/1/584 583/1/583 587/1/587 
f 589/1/589 590/1/590 591/1/591 
f 591/1/591 592/1/592 589/1/589 
f 592/1/592 593/1/593 594/1/594 
f 594/1/594 589/1/589 592/1/592 
f 532/1/532 589/1/589 594/1/594 
f 594/1/594 533/1/533 532/1/532 
f 532/1/532 538/1/538 590/1/590 
f 595/1/595 596/1/596 597/1/597 
f 598/1/598 591/1/591 590/1/590 
f 590/1/590 595/1/595 598/1/598 
f 595/1/595 590/1/590 538/1/538 
f 538/1/538 541/1/541 595/1/595 
f 541/1/541 544/1/544 596/1/596 
f 596/1/596 595/1/595 541/1/541 
f 598/1/598 597/1/597 599/1/599 
f 599/1/599 600/1/600 598/1/598 
f 601/1/601 600/1/600 599/1/599 
f 599/1/599 602/1/602 601/1/601 
f 600/1/600 601/1/601 591/1/591 
f 591/1/591 598/1/598 600/1/600 
f 603/1/603 604/1/604 597/1/597 
f 596/1/596 544/1/544 548/1/548 
f 548/1/548 603/1/603 596/1/596 
f 603/1/603 548/1/548 552/1/552 
f 552/1/552 567/1/567 603/1/603 
f 567/1/567 565/1/565 604/1/604 
f 604/1/604 603/1/603 567/1/567 
f 605/1/605 604/1/604 565/1/565 
f 564/1/564 563/1/563 606/1/606 
f 606/1/606 607/1/607 608/1/608 
f 608/1/608 597/1/597 604/1/604 
f 604/1/604 605/1/605 608/1/608 
f 608/1/608 607/1/607 609/1/609 
f 609/1/609 610/1/610 608/1/608 
f 609/1/609 611/1/611 612/1/612 
f 612/1/612 610/1/610 609/1/609 
f 610/1/610 612/1/612 602/1/602 
f 602/1/602 599/1/599 610/1/610 
f 599/1/599 597/1/597 608/1/608 
f 608/1/608 610/1/610 599/1/599 
f 613/1/613 614/1/614 607/1/607 
f 607/1/607 606/1/606 613/1/613 
f 606/1/606 563/1/563 580/1/580 
f 580/1/580 613/1/613 606/1/606 
f 613/1/613 580/1/580 579/1/579 
f 579/1/579 615/1/615 613/1/613 
f 615/1/615 616/1/616 614/1/614 
f 614/1/614 613/1/613 615/1/615 
f 617/1/617 618/1/618 619/1/619 
f 619/1/619 620/1/620 617/1/617 
f 620/1/620 607/1/607 614/1/614 
f 614/1/614 617/1/617 620/1/620 
f 617/1/617 614/1/614 616/1/616 
f 616/1/616 621/1/621 617/1/617 
f 621/1/621 622/1/622 618/1/618 
f 618/1/618 617/1/617 621/1/621 
f 623/1/623 624/1/624 625/1/625 
f 625/1/625 626/1/626 623/1/623 
f 626/1/626 588/1/588 627/1/627 
f 627/1/627 628/1/628 629/1/629 
f 629/1/629 623/1/623 627/1/627 
f 623/1/623 629/1/629 630/1/630 
f 630/1/630 624/1/624 623/1/623 
f 631/1/631 632/1/632 616/1/616 
f 615/1/615 579/1/579 584/1/584 
f 584/1/584 631/1/631 615/1/615 
f 631/1/631 584/1/584 588/1/588 
f 631/1/631 626/1/626 625/1/625 
f 625/1/625 632/1/632 631/1/631 
f 633/1/633 634/1/634 630/1/630 
f 630/1/630 629/1/629 633/1/633 
f 633/1/633 629/1/629 628/1/628 
f 628/1/628 635/1/635 633/1/633 
f 635/1/635 611/1/611 636/1/636 
f 636/1/636 633/1/633 635/1/635 
f 633/1/633 636/1/636 637/1/637 
f 637/1/637 634/1/634 633/1/633 
f 638/1/638 639/1/639 640/1/640 
f 640/1/640 641/1/641 638/1/638 
f 638/1/638 641/1/641 622/1/622 
f 622/1/622 621/1/621 638/1/638 
f 621/1/621 616/1/616 632/1/632 
f 632/1/632 625/1/625 639/1/639 
f 639/1/639 638/1/638 632/1/632 
f 642/1/642 636/1/636 611/1/611 
f 611/1/611 609/1/609 642/1/642 
f 609/1/609 607/1/607 620/1/620 
f 620/1/620 642/1/642 609/1/609 
f 642/1/642 620/1/620 619/1/619 
f 619/1/619 643/1/643 642/1/642 
f 643/1/643 637/1/637 636/1/636 
f 636/1/636 642/1/642 643/1/643 
f 644/1/644 645/1/645 637/1/637 
f 643/1/643 619/1/619 618/1/618 
f 644/1/644 618/1/618 622/1/622 
f 622/1/622 641/1/641 644/1/644 
f 641/1/641 640/1/640 645/1/645 
f 645/1/645 644/1/644 641/1/641 
f 646/1/646 645/1/645 640/1/640 
f 639/1/639 625/1/625 624/1/624 
f 646/1/646 624/1/624 630/1/630 
f 634/1/634 637/1/637 645/1/645 
f 647/1/647 648/1/648 649/1/649 
f 649/1/649 650/1/650 647/1/647 
f 650/1/650 76/1/76 75/1/75 
f 75/1/75 647/1/647 650/1/650 
f 647/1/647 75/1/75 59/1/59 
f 59/1/59 73/1/73 647/1/647 
f 73/1/73 72/1/72 648/1/648 
f 648/1/648 647/1/647 73/1/73 
f 651/1/651 648/1/648 72/1/72 
f 72/1/72 148/1/148 651/1/651 
f 148/1/148 153/1/153 652/1/652 
f 652/1/652 651/1/651 148/1/148 
f 651/1/651 652/1/652 653/1/653 
f 653/1/653 654/1/654 651/1/651 
f 654/1/654 649/1/649 648/1/648 
f 648/1/648 651/1/651 654/1/654 
f 655/1/655 656/1/656 649/1/649 
f 649/1/649 654/1/654 655/1/655 
f 654/1/654 653/1/653 657/1/657 
f 657/1/657 655/1/655 654/1/654 
f 655/1/655 657/1/657 658/1/658 
f 658/1/658 659/1/659 655/1/655 
f 659/1/659 660/1/660 656/1/656 
f 656/1/656 655/1/655 659/1/659 
f 661/1/661 653/1/653 652/1/652 
f 652/1/652 662/1/662 661/1/661 
f 652/1/652 153/1/153 191/1/191 
f 191/1/191 662/1/662 652/1/652 
f 662/1/662 191/1/191 195/1/195 
f 195/1/195 663/1/663 662/1/662 
f 662/1/662 663/1/663 664/1/664 
f 664/1/664 661/1/661 662/1/662 
f 665/1/665 666/1/666 658/1/658 
f 658/1/658 657/1/657 665/1/665 
f 665/1/665 657/1/657 653/1/653 
f 653/1/653 661/1/661 665/1/665 
f 665/1/665 661/1/661 664/1/664 
f 664/1/664 667/1/667 665/1/665 
f 667/1/667 668/1/668 666/1/666 
f 666/1/666 665/1/665 667/1/667 
f 669/1/669 664/1/664 663/1/663 
f 663/1/663 670/1/670 669/1/669 
f 663/1/663 195/1/195 201/1/201 
f 201/1/201 670/1/670 663/1/663 
f 201/1/201 200/1/200 671/1/671 
f 670/1/670 671/1/671 672/1/672 
f 669/1/669 673/1/673 667/1/667 
f 667/1/667 664/1/664 669/1/669 
f 669/1/669 672/1/672 674/1/674 
f 674/1/674 673/1/673 669/1/669 
f 674/1/674 675/1/675 676/1/676 
f 676/1/676 673/1/673 674/1/674 
f 673/1/673 676/1/676 668/1/668 
f 668/1/668 667/1/667 673/1/673 
f 677/1/677 678/1/678 679/1/679 
f 679/1/679 680/1/680 677/1/677 
f 677/1/677 680/1/680 284/1/284 
f 677/1/677 342/1/342 290/1/290 
f 290/1/290 347/1/347 677/1/677 
f 347/1/347 346/1/346 678/1/678 
f 678/1/678 677/1/677 347/1/347 
f 681/1/681 680/1/680 679/1/679 
f 682/1/682 672/1/672 671/1/671 
f 681/1/681 671/1/671 200/1/200 
f 285/1/285 284/1/284 680/1/680 
f 683/1/683 674/1/674 672/1/672 
f 672/1/672 682/1/682 683/1/683 
f 683/1/683 682/1/682 679/1/679 
f 679/1/679 684/1/684 683/1/683 
f 684/1/684 685/1/685 686/1/686 
f 686/1/686 683/1/683 684/1/684 
f 683/1/683 686/1/686 675/1/675 
f 675/1/675 674/1/674 683/1/683 
f 687/1/687 688/1/688 76/1/76 
f 76/1/76 650/1/650 687/1/687 
f 650/1/650 649/1/649 656/1/656 
f 656/1/656 687/1/687 650/1/650 
f 687/1/687 656/1/656 660/1/660 
f 660/1/660 689/1/689 687/1/687 
f 689/1/689 690/1/690 688/1/688 
f 688/1/688 687/1/687 689/1/689 
f 691/1/691 692/1/692 688/1/688 
f 688/1/688 690/1/690 691/1/691 
f 691/1/691 693/1/693 694/1/694 
f 694/1/694 692/1/692 691/1/691 
f 692/1/692 694/1/694 78/1/78 
f 78/1/78 77/1/77 692/1/692 
f 77/1/77 76/1/76 688/1/688 
f 688/1/688 692/1/692 77/1/77 
f 695/1/695 696/1/696 697/1/697 
f 697/1/697 698/1/698 695/1/695 
f 697/1/697 699/1/699 700/1/700 
f 700/1/700 698/1/698 697/1/697 
f 698/1/698 700/1/700 693/1/693 
f 693/1/693 691/1/691 698/1/698 
f 691/1/691 690/1/690 695/1/695 
f 695/1/695 698/1/698 691/1/691 
f 689/1/689 660/1/660 701/1/701 
f 701/1/701 702/1/702 689/1/689 
f 702/1/702 701/1/701 703/1/703 
f 703/1/703 704/1/704 702/1/702 
f 704/1/704 690/1/690 689/1/689 
f 689/1/689 702/1/702 704/1/704 
f 705/1/705 706/1/706 696/1/696 
f 696/1/696 695/1/695 705/1/705 
f 705/1/705 695/1/695 690/1/690 
f 704/1/704 703/1/703 707/1/707 
f 707/1/707 705/1/705 704/1/704 
f 707/1/707 708/1/708 706/1/706 
f 706/1/706 705/1/705 707/1/707 
f 709/1/709 710/1/710 711/1/711 
f 711/1/711 712/1/712 709/1/709 
f 711/1/711 703/1/703 701/1/701 
f 701/1/701 712/1/712 711/1/711 
f 712/1/712 701/1/701 660/1/660 
f 660/1/660 659/1/659 712/1/712 
f 659/1/659 658/1/658 709/1/709 
f 709/1/709 712/1/712 659/1/659 
f 713/1/713 714/1/714 715/1/715 
f 715/1/715 716/1/716 713/1/713 
f 716/1/716 696/1/696 706/1/706 
f 706/1/706 713/1/713 716/1/716 
f 713/1/713 706/1/706 708/1/708 
f 708/1/708 717/1/717 713/1/713 
f 717/1/717 718/1/718 714/1/714 
f 714/1/714 713/1/713 717/1/717 
f 719/1/719 714/1/714 718/1/718 
f 718/1/718 720/1/720 719/1/719 
f 720/1/720 13/1/13 12/1/12 
f 12/1/12 719/1/719 720/1/720 
f 719/1/719 12/1/12 7/1/7 
f 7/1/7 721/1/721 719/1/719 
f 721/1/721 715/1/715 714/1/714 
f 714/1/714 719/1/719 721/1/721 
f 722/1/722 723/1/723 724/1/724 
f 724/1/724 725/1/725 722/1/722 
f 723/1/723 722/1/722 708/1/708 
f 708/1/708 707/1/707 723/1/723 
f 723/1/723 707/1/707 703/1/703 
f 703/1/703 711/1/711 723/1/723 
f 724/1/724 723/1/723 711/1/711 
f 711/1/711 710/1/710 724/1/724 
f 717/1/717 708/1/708 722/1/722 
f 722/1/722 726/1/726 717/1/717 
f 726/1/726 722/1/722 725/1/725 
f 725/1/725 727/1/727 726/1/726 
f 726/1/726 727/1/727 718/1/718 
f 718/1/718 717/1/717 726/1/726 
f 728/1/728 103/1/103 13/1/13 
f 13/1/13 720/1/720 728/1/728 
f 720/1/720 718/1/718 729/1/729 
f 729/1/729 728/1/728 720/1/720 
f 728/1/728 729/1/729 730/1/730 
f 730/1/730 731/1/731 728/1/728 
f 728/1/728 731/1/731 104/1/104 
f 104/1/104 103/1/103 728/1/728 
f 732/1/732 733/1/733 710/1/710 
f 710/1/710 709/1/709 732/1/732 
f 709/1/709 658/1/658 666/1/666 
f 666/1/666 732/1/732 709/1/709 
f 732/1/732 666/1/666 668/1/668 
f 668/1/668 734/1/734 732/1/732 
f 734/1/734 735/1/735 733/1/733 
f 733/1/733 732/1/732 734/1/734 
f 729/1/729 736/1/736 737/1/737 
f 737/1/737 730/1/730 729/1/729 
f 729/1/729 718/1/718 727/1/727 
f 727/1/727 736/1/736 729/1/729 
f 736/1/736 727/1/727 725/1/725 
f 725/1/725 738/1/738 736/1/736 
f 738/1/738 739/1/739 737/1/737 
f 737/1/737 736/1/736 738/1/738 
f 740/1/740 741/1/741 739/1/739 
f 739/1/739 738/1/738 740/1/740 
f 738/1/738 725/1/725 724/1/724 
f 724/1/724 740/1/740 738/1/738 
f 724/1/724 710/1/710 733/1/733 
f 733/1/733 740/1/740 724/1/724 
f 733/1/733 735/1/735 741/1/741 
f 741/1/741 740/1/740 733/1/733 
f 742/1/742 743/1/743 735/1/735 
f 735/1/735 734/1/734 742/1/742 
f 734/1/734 668/1/668 676/1/676 
f 676/1/676 742/1/742 734/1/734 
f 742/1/742 676/1/676 675/1/675 
f 675/1/675 744/1/744 742/1/742 
f 744/1/744 745/1/745 743/1/743 
f 743/1/743 742/1/742 744/1/744 
f 746/1/746 741/1/741 735/1/735 
f 735/1/735 743/1/743 746/1/746 
f 743/1/743 745/1/745 747/1/747 
f 747/1/747 746/1/746 743/1/743 
f 746/1/746 747/1/747 748/1/748 
f 748/1/748 749/1/749 746/1/746 
f 749/1/749 739/1/739 741/1/741 
f 741/1/741 746/1/746 749/1/749 
f 750/1/750 751/1/751 730/1/730 
f 730/1/730 737/1/737 750/1/750 
f 737/1/737 739/1/739 749/1/749 
f 749/1/749 750/1/750 737/1/737 
f 749/1/749 748/1/748 752/1/752 
f 752/1/752 750/1/750 749/1/749 
f 751/1/751 750/1/750 752/1/752 
f 752/1/752 753/1/753 751/1/751 
f 754/1/754 755/1/755 108/1/108 
f 108/1/108 107/1/107 754/1/754 
f 107/1/107 104/1/104 731/1/731 
f 731/1/731 754/1/754 107/1/107 
f 754/1/754 731/1/731 730/1/730 
f 730/1/730 751/1/751 754/1/754 
f 751/1/751 753/1/753 755/1/755 
f 755/1/755 754/1/754 751/1/751 
f 756/1/756 757/1/757 758/1/758 
f 758/1/758 759/1/759 756/1/756 
f 759/1/759 748/1/748 747/1/747 
f 747/1/747 756/1/756 759/1/759 
f 756/1/756 747/1/747 745/1/745 
f 745/1/745 760/1/760 756/1/756 
f 760/1/760 761/1/761 757/1/757 
f 757/1/757 756/1/756 760/1/760 
f 762/1/762 760/1/760 745/1/745 
f 745/1/745 744/1/744 762/1/762 
f 744/1/744 675/1/675 686/1/686 
f 686/1/686 762/1/762 744/1/744 
f 762/1/762 686/1/686 685/1/685 
f 685/1/685 763/1/763 762/1/762 
f 763/1/763 761/1/761 760/1/760 
f 760/1/760 762/1/762 763/1/763 
f 764/1/764 752/1/752 748/1/748 
f 748/1/748 759/1/759 764/1/764 
f 759/1/759 758/1/758 765/1/765 
f 765/1/765 764/1/764 759/1/759 
f 765/1/765 753/1/753 752/1/752 
f 752/1/752 764/1/764 765/1/765 
f 766/1/766 767/1/767 685/1/685 
f 685/1/685 684/1/684 766/1/766 
f 684/1/684 679/1/679 678/1/678 
f 678/1/678 766/1/766 684/1/684 
f 766/1/766 678/1/678 346/1/346 
f 346/1/346 768/1/768 766/1/766 
f 768/1/768 769/1/769 767/1/767 
f 767/1/767 766/1/766 768/1/768 
f 770/1/770 771/1/771 299/1/299 
f 299/1/299 298/1/298 770/1/770 
f 298/1/298 108/1/108 755/1/755 
f 755/1/755 770/1/770 298/1/298 
f 770/1/770 755/1/755 753/1/753 
f 753/1/753 772/1/772 770/1/770 
f 772/1/772 773/1/773 771/1/771 
f 771/1/771 770/1/770 772/1/772 
f 763/1/763 685/1/685 767/1/767 
f 767/1/767 774/1/774 763/1/763 
f 774/1/774 767/1/767 769/1/769 
f 774/1/774 775/1/775 761/1/761 
f 761/1/761 763/1/763 774/1/774 
f 776/1/776 777/1/777 773/1/773 
f 773/1/773 772/1/772 776/1/776 
f 772/1/772 753/1/753 765/1/765 
f 765/1/765 776/1/776 772/1/772 
f 776/1/776 765/1/765 758/1/758 
f 758/1/758 778/1/778 776/1/776 
f 778/1/778 779/1/779 777/1/777 
f 777/1/777 776/1/776 778/1/778 
f 780/1/780 781/1/781 779/1/779 
f 779/1/779 778/1/778 780/1/780 
f 778/1/778 758/1/758 757/1/757 
f 757/1/757 780/1/780 778/1/778 
f 780/1/780 757/1/757 761/1/761 
f 761/1/761 775/1/775 780/1/780 
f 775/1/775 769/1/769 781/1/781 
f 781/1/781 780/1/780 775/1/775 
f 782/1/782 783/1/783 769/1/769 
f 769/1/769 768/1/768 782/1/782 
f 768/1/768 346/1/346 345/1/345 
f 345/1/345 782/1/782 768/1/768 
f 782/1/782 345/1/345 264/1/264 
f 264/1/264 784/1/784 782/1/782 
f 784/1/784 785/1/785 783/1/783 
f 783/1/783 782/1/782 784/1/784 
f 786/1/786 787/1/787 204/1/204 
f 204/1/204 302/1/302 786/1/786 
f 302/1/302 299/1/299 771/1/771 
f 771/1/771 786/1/786 302/1/302 
f 786/1/786 771/1/771 773/1/773 
f 773/1/773 788/1/788 786/1/786 
f 788/1/788 789/1/789 787/1/787 
f 787/1/787 786/1/786 788/1/788 
f 790/1/790 791/1/791 789/1/789 
f 789/1/789 788/1/788 790/1/790 
f 788/1/788 773/1/773 777/1/777 
f 777/1/777 790/1/790 788/1/788 
f 790/1/790 777/1/777 779/1/779 
f 779/1/779 792/1/792 790/1/790 
f 792/1/792 793/1/793 791/1/791 
f 791/1/791 790/1/790 792/1/792 
f 794/1/794 795/1/795 793/1/793 
f 793/1/793 792/1/792 794/1/794 
f 792/1/792 779/1/779 781/1/781 
f 781/1/781 794/1/794 792/1/792 
f 794/1/794 781/1/781 769/1/769 
f 769/1/769 783/1/783 794/1/794 
f 783/1/783 785/1/785 795/1/795 
f 795/1/795 794/1/794 783/1/783 
f 784/1/784 796/1/796 797/1/797 
f 797/1/797 785/1/785 784/1/784 
f 784/1/784 264/1/264 263/1/263 
f 263/1/263 796/1/796 784/1/784 
f 796/1/796 263/1/263 267/1/267 
f 267/1/267 798/1/798 796/1/796 
f 796/1/796 798/1/798 799/1/799 
f 799/1/799 797/1/797 796/1/796 
f 800/1/800 801/1/801 82/1/82 
f 82/1/82 205/1/205 800/1/800 
f 205/1/205 204/1/204 787/1/787 
f 787/1/787 800/1/800 205/1/205 
f 800/1/800 787/1/787 789/1/789 
f 789/1/789 802/1/802 800/1/800 
f 802/1/802 803/1/803 801/1/801 
f 801/1/801 800/1/800 802/1/802 
f 804/1/804 805/1/805 803/1/803 
f 803/1/803 802/1/802 804/1/804 
f 802/1/802 789/1/789 791/1/791 
f 791/1/791 804/1/804 802/1/802 
f 804/1/804 791/1/791 793/1/793 
f 793/1/793 806/1/806 804/1/804 
f 806/1/806 807/1/807 805/1/805 
f 805/1/805 804/1/804 806/1/806 
f 808/1/808 809/1/809 807/1/807 
f 807/1/807 806/1/806 808/1/808 
f 806/1/806 793/1/793 795/1/795 
f 795/1/795 808/1/808 806/1/806 
f 808/1/808 795/1/795 785/1/785 
f 785/1/785 797/1/797 808/1/808 
f 797/1/797 799/1/799 809/1/809 
f 809/1/809 808/1/808 797/1/797 
f 810/1/810 84/1/84 83/1/83 
f 83/1/83 811/1/811 810/1/810 
f 83/1/83 82/1/82 801/1/801 
f 801/1/801 811/1/811 83/1/83 
f 811/1/811 801/1/801 803/1/803 
f 803/1/803 812/1/812 811/1/811 
f 812/1/812 813/1/813 810/1/810 
f 810/1/810 811/1/811 812/1/812 
f 814/1/814 497/1/497 496/1/496 
f 496/1/496 815/1/815 814/1/814 
f 496/1/496 472/1/472 493/1/493 
f 815/1/815 493/1/493 490/1/490 
f 816/1/816 817/1/817 814/1/814 
f 814/1/814 815/1/815 816/1/816 
f 818/1/818 819/1/819 820/1/820 
f 820/1/820 821/1/821 818/1/818 
f 821/1/821 556/1/556 555/1/555 
f 555/1/555 818/1/818 821/1/821 
f 818/1/818 555/1/555 550/1/550 
f 550/1/550 822/1/822 818/1/818 
f 822/1/822 817/1/817 819/1/819 
f 819/1/819 818/1/818 822/1/822 
f 823/1/823 816/1/816 490/1/490 
f 489/1/489 487/1/487 522/1/522 
f 522/1/522 823/1/823 489/1/489 
f 823/1/823 522/1/522 524/1/524 
f 524/1/524 824/1/824 823/1/823 
f 824/1/824 817/1/817 816/1/816 
f 816/1/816 823/1/823 824/1/824 
f 822/1/822 550/1/550 549/1/549 
f 549/1/549 825/1/825 822/1/822 
f 549/1/549 505/1/505 525/1/525 
f 525/1/525 825/1/825 549/1/549 
f 825/1/825 525/1/525 497/1/497 
f 497/1/497 814/1/814 825/1/825 
f 814/1/814 817/1/817 822/1/822 
f 822/1/822 825/1/825 814/1/814 
f 826/1/826 827/1/827 828/1/828 
f 829/1/829 817/1/817 830/1/830 
f 826/1/826 830/1/830 831/1/831 
f 832/1/832 833/1/833 827/1/827 
f 834/1/834 835/1/835 833/1/833 
f 833/1/833 832/1/832 834/1/834 
f 832/1/832 831/1/831 836/1/836 
f 836/1/836 834/1/834 832/1/832 
f 834/1/834 836/1/836 837/1/837 
f 837/1/837 838/1/838 834/1/834 
f 838/1/838 839/1/839 835/1/835 
f 840/1/840 841/1/841 842/1/842 
f 842/1/842 843/1/843 840/1/840 
f 843/1/843 844/1/844 845/1/845 
f 845/1/845 840/1/840 843/1/843 
f 840/1/840 845/1/845 846/1/846 
f 846/1/846 847/1/847 840/1/840 
f 840/1/840 847/1/847 848/1/848 
f 848/1/848 841/1/841 840/1/840 
f 849/1/849 850/1/850 851/1/851 
f 851/1/851 852/1/852 849/1/849 
f 852/1/852 853/1/853 854/1/854 
f 854/1/854 849/1/849 852/1/852 
f 849/1/849 854/1/854 855/1/855 
f 855/1/855 856/1/856 849/1/849 
f 856/1/856 857/1/857 850/1/850 
f 850/1/850 849/1/849 856/1/856 
f 858/1/858 859/1/859 857/1/857 
f 857/1/857 856/1/856 858/1/858 
f 856/1/856 855/1/855 860/1/860 
f 860/1/860 858/1/858 856/1/856 
f 858/1/858 860/1/860 861/1/861 
f 861/1/861 862/1/862 858/1/858 
f 862/1/862 863/1/863 859/1/859 
f 859/1/859 858/1/858 862/1/862 
f 864/1/864 865/1/865 866/1/866 
f 866/1/866 867/1/867 864/1/864 
f 867/1/867 851/1/851 850/1/850 
f 850/1/850 864/1/864 867/1/867 
f 864/1/864 850/1/850 857/1/857 
f 857/1/857 868/1/868 864/1/864 
f 868/1/868 869/1/869 865/1/865 
f 865/1/865 864/1/864 868/1/868 
f 870/1/870 871/1/871 872/1/872 
f 873/1/873 866/1/866 865/1/865 
f 865/1/865 870/1/870 873/1/873 
f 870/1/870 865/1/865 869/1/869 
f 874/1/874 875/1/875 871/1/871 
f 871/1/871 870/1/870 874/1/874 
f 876/1/876 877/1/877 869/1/869 
f 869/1/869 868/1/868 876/1/876 
f 868/1/868 857/1/857 859/1/859 
f 859/1/859 876/1/876 868/1/868 
f 876/1/876 859/1/859 863/1/863 
f 863/1/863 878/1/878 876/1/876 
f 878/1/878 879/1/879 877/1/877 
f 877/1/877 876/1/876 878/1/878 
f 880/1/880 881/1/881 879/1/879 
f 879/1/879 878/1/878 880/1/880 
f 878/1/878 863/1/863 882/1/882 
f 882/1/882 880/1/880 878/1/878 
f 880/1/880 882/1/882 84/1/84 
f 84/1/84 810/1/810 880/1/880 
f 810/1/810 813/1/813 881/1/881 
f 881/1/881 880/1/880 810/1/810 
f 883/1/883 884/1/884 885/1/885 
f 885/1/885 886/1/886 883/1/883 
f 886/1/886 887/1/887 888/1/888 
f 888/1/888 883/1/883 886/1/886 
f 883/1/883 888/1/888 872/1/872 
f 872/1/872 889/1/889 883/1/883 
f 889/1/889 890/1/890 884/1/884 
f 884/1/884 883/1/883 889/1/889 
f 891/1/891 892/1/892 813/1/813 
f 813/1/813 812/1/812 891/1/891 
f 812/1/812 803/1/803 805/1/805 
f 805/1/805 891/1/891 812/1/812 
f 891/1/891 805/1/805 807/1/807 
f 807/1/807 893/1/893 891/1/891 
f 893/1/893 894/1/894 892/1/892 
f 892/1/892 891/1/891 893/1/893 
f 895/1/895 896/1/896 897/1/897 
f 897/1/897 898/1/898 895/1/895 
f 897/1/897 799/1/799 798/1/798 
f 798/1/798 267/1/267 899/1/899 
f 899/1/899 898/1/898 798/1/798 
f 899/1/899 900/1/900 895/1/895 
f 895/1/895 898/1/898 899/1/899 
f 901/1/901 902/1/902 894/1/894 
f 894/1/894 893/1/893 901/1/901 
f 893/1/893 807/1/807 809/1/809 
f 809/1/809 901/1/901 893/1/893 
f 901/1/901 809/1/809 799/1/799 
f 799/1/799 897/1/897 901/1/901 
f 897/1/897 896/1/896 902/1/902 
f 902/1/902 901/1/901 897/1/897 
f 903/1/903 895/1/895 900/1/900 
f 904/1/904 575/1/575 574/1/574 
f 574/1/574 903/1/903 904/1/904 
f 574/1/574 573/1/573 905/1/905 
f 905/1/905 903/1/903 574/1/574 
f 903/1/903 905/1/905 896/1/896 
f 906/1/906 907/1/907 879/1/879 
f 881/1/881 813/1/813 892/1/892 
f 892/1/892 906/1/906 881/1/881 
f 906/1/906 892/1/892 894/1/894 
f 894/1/894 908/1/908 906/1/906 
f 908/1/908 909/1/909 907/1/907 
f 910/1/910 911/1/911 875/1/875 
f 874/1/874 869/1/869 877/1/877 
f 910/1/910 877/1/877 879/1/879 
f 879/1/879 907/1/907 910/1/910 
f 907/1/907 909/1/909 911/1/911 
f 912/1/912 913/1/913 890/1/890 
f 890/1/890 889/1/889 912/1/912 
f 889/1/889 872/1/872 871/1/871 
f 871/1/871 912/1/912 889/1/889 
f 912/1/912 871/1/871 875/1/875 
f 875/1/875 911/1/911 912/1/912 
f 911/1/911 909/1/909 913/1/913 
f 914/1/914 915/1/915 916/1/916 
f 916/1/916 917/1/917 918/1/918 
f 918/1/918 890/1/890 913/1/913 
f 913/1/913 919/1/919 918/1/918 
f 919/1/919 913/1/913 909/1/909 
f 920/1/920 921/1/921 915/1/915 
f 915/1/915 914/1/914 920/1/920 
f 914/1/914 909/1/909 922/1/922 
f 922/1/922 920/1/920 914/1/914 
f 920/1/920 922/1/922 923/1/923 
f 924/1/924 925/1/925 921/1/921 
f 921/1/921 920/1/920 924/1/924 
f 926/1/926 924/1/924 923/1/923 
f 923/1/923 927/1/927 926/1/926 
f 927/1/927 896/1/896 905/1/905 
f 905/1/905 926/1/926 927/1/927 
f 926/1/926 905/1/905 573/1/573 
f 573/1/573 928/1/928 926/1/926 
f 928/1/928 925/1/925 924/1/924 
f 924/1/924 926/1/926 928/1/928 
f 908/1/908 894/1/894 902/1/902 
f 902/1/902 929/1/929 908/1/908 
f 929/1/929 902/1/902 896/1/896 
f 896/1/896 927/1/927 929/1/929 
f 929/1/929 927/1/927 923/1/923 
f 923/1/923 922/1/922 929/1/929 
f 922/1/922 909/1/909 908/1/908 
f 930/1/930 429/1/429 436/1/436 
f 436/1/436 931/1/931 930/1/930 
f 930/1/930 931/1/931 932/1/932 
f 932/1/932 933/1/933 930/1/930 
f 930/1/930 933/1/933 444/1/444 
f 444/1/444 443/1/443 930/1/930 
f 443/1/443 430/1/430 429/1/429 
f 429/1/429 930/1/930 443/1/443 
f 934/1/934 935/1/935 936/1/936 
f 936/1/936 937/1/937 934/1/934 
f 934/1/934 937/1/937 434/1/434 
f 434/1/434 433/1/433 934/1/934 
f 934/1/934 433/1/433 432/1/432 
f 432/1/432 467/1/467 934/1/934 
f 934/1/934 467/1/467 460/1/460 
f 460/1/460 935/1/935 934/1/934 
f 938/1/938 939/1/939 940/1/940 
f 940/1/940 941/1/941 938/1/938 
f 941/1/941 454/1/454 453/1/453 
f 453/1/453 938/1/938 941/1/941 
f 938/1/938 453/1/453 450/1/450 
f 450/1/450 942/1/942 938/1/938 
f 942/1/942 943/1/943 939/1/939 
f 939/1/939 938/1/938 942/1/942 
f 942/1/942 450/1/450 449/1/449 
f 449/1/449 944/1/944 942/1/942 
f 449/1/449 444/1/444 933/1/933 
f 933/1/933 944/1/944 449/1/449 
f 944/1/944 933/1/933 932/1/932 
f 932/1/932 945/1/945 944/1/944 
f 945/1/945 943/1/943 942/1/942 
f 942/1/942 944/1/944 945/1/945 
f 946/1/946 947/1/947 936/1/936 
f 936/1/936 935/1/935 946/1/946 
f 935/1/935 460/1/460 459/1/459 
f 459/1/459 946/1/946 935/1/935 
f 946/1/946 459/1/459 454/1/454 
f 454/1/454 941/1/941 946/1/946 
f 941/1/941 940/1/940 947/1/947 
f 947/1/947 946/1/946 941/1/941 
f 948/1/948 949/1/949 950/1/950 
f 950/1/950 951/1/951 948/1/948 
f 951/1/951 936/1/936 947/1/947 
f 947/1/947 948/1/948 951/1/951 
f 948/1/948 947/1/947 940/1/940 
f 940/1/940 939/1/939 948/1/948 
f 948/1/948 939/1/939 943/1/943 
f 952/1/952 945/1/945 932/1/932 
f 932/1/932 931/1/931 952/1/952 
f 952/1/952 931/1/931 436/1/436 
f 952/1/952 953/1/953 950/1/950 
f 949/1/949 943/1/943 945/1/945 
f 945/1/945 952/1/952 949/1/949 
f 954/1/954 951/1/951 950/1/950 
f 950/1/950 953/1/953 954/1/954 
f 436/1/436 435/1/435 954/1/954 
f 954/1/954 435/1/435 434/1/434 
f 434/1/434 937/1/937 954/1/954 
f 937/1/937 936/1/936 951/1/951 
f 951/1/951 954/1/954 937/1/937 
f 955/1/955 375/1/375 374/1/374 
f 374/1/374 956/1/956 955/1/955 
f 374/1/374 350/1/350 349/1/349 
f 349/1/349 956/1/956 374/1/374 
f 956/1/956 349/1/349 356/1/356 
f 356/1/356 957/1/957 956/1/956 
f 957/1/957 361/1/361 955/1/955 
f 955/1/955 956/1/956 957/1/957 
f 958/1/958 362/1/362 361/1/361 
f 361/1/361 957/1/957 958/1/958 
f 958/1/958 957/1/957 356/1/356 
f 356/1/356 355/1/355 958/1/958 
f 958/1/958 355/1/355 354/1/354 
f 354/1/354 386/1/386 958/1/958 
f 386/1/386 363/1/363 362/1/362 
f 362/1/362 958/1/958 386/1/386 
f 959/1/959 360/1/360 359/1/359 
f 359/1/359 369/1/369 959/1/959 
f 369/1/369 368/1/368 960/1/960 
f 960/1/960 959/1/959 369/1/369 
f 959/1/959 960/1/960 375/1/375 
f 959/1/959 955/1/955 361/1/361 
f 361/1/361 360/1/360 959/1/959 
f 961/1/961 960/1/960 368/1/368 
f 368/1/368 367/1/367 961/1/961 
f 367/1/367 371/1/371 398/1/398 
f 398/1/398 961/1/961 367/1/367 
f 961/1/961 398/1/398 377/1/377 
f 377/1/377 376/1/376 961/1/961 
f 376/1/376 375/1/375 960/1/960 
f 960/1/960 961/1/961 376/1/376 
f 962/1/962 884/1/884 890/1/890 
f 890/1/890 918/1/918 962/1/962 
f 918/1/918 917/1/917 963/1/963 
f 963/1/963 962/1/962 918/1/918 
f 962/1/962 963/1/963 964/1/964 
f 964/1/964 965/1/965 962/1/962 
f 965/1/965 885/1/885 884/1/884 
f 884/1/884 962/1/962 965/1/965 
f 966/1/966 967/1/967 556/1/556 
f 556/1/556 821/1/821 966/1/966 
f 821/1/821 820/1/820 968/1/968 
f 968/1/968 966/1/966 821/1/821 
f 966/1/966 968/1/968 969/1/969 
f 969/1/969 970/1/970 966/1/966 
f 970/1/970 971/1/971 967/1/967 
f 967/1/967 966/1/966 970/1/970 
f 972/1/972 973/1/973 974/1/974 
f 974/1/974 975/1/975 972/1/972 
f 975/1/975 964/1/964 963/1/963 
f 963/1/963 972/1/972 975/1/975 
f 972/1/972 963/1/963 917/1/917 
f 917/1/917 916/1/916 972/1/972 
f 916/1/916 915/1/915 973/1/973 
f 976/1/976 977/1/977 971/1/971 
f 971/1/971 970/1/970 976/1/976 
f 970/1/970 969/1/969 978/1/978 
f 978/1/978 976/1/976 970/1/970 
f 976/1/976 978/1/978 964/1/964 
f 964/1/964 975/1/975 976/1/976 
f 975/1/975 974/1/974 977/1/977 
f 977/1/977 976/1/976 975/1/975 
f 979/1/979 980/1/980 571/1/571 
f 571/1/571 582/1/582 979/1/979 
f 582/1/582 563/1/563 562/1/562 
f 562/1/562 979/1/979 582/1/582 
f 979/1/979 562/1/562 561/1/561 
f 561/1/561 981/1/981 979/1/979 
f 981/1/981 982/1/982 980/1/980 
f 980/1/980 979/1/979 981/1/981 
f 983/1/983 982/1/982 984/1/984 
f 984/1/984 974/1/974 973/1/973 
f 973/1/973 985/1/985 984/1/984 
f 985/1/985 973/1/973 915/1/915 
f 921/1/921 925/1/925 983/1/983 
f 983/1/983 985/1/985 921/1/921 
f 986/1/986 987/1/987 988/1/988 
f 988/1/988 989/1/989 986/1/986 
f 989/1/989 971/1/971 977/1/977 
f 977/1/977 986/1/986 989/1/989 
f 986/1/986 977/1/977 974/1/974 
f 974/1/974 984/1/984 986/1/986 
f 986/1/986 984/1/984 982/1/982 
f 982/1/982 987/1/987 986/1/986 
f 990/1/990 983/1/983 925/1/925 
f 925/1/925 928/1/928 990/1/990 
f 928/1/928 573/1/573 572/1/572 
f 572/1/572 990/1/990 928/1/928 
f 572/1/572 571/1/571 980/1/980 
f 980/1/980 982/1/982 983/1/983 
f 983/1/983 990/1/990 980/1/980 
f 991/1/991 981/1/981 561/1/561 
f 568/1/568 558/1/558 992/1/992 
f 992/1/992 991/1/991 568/1/568 
f 991/1/991 992/1/992 988/1/988 
f 988/1/988 987/1/987 991/1/991 
f 987/1/987 982/1/982 981/1/981 
f 993/1/993 992/1/992 558/1/558 
f 558/1/558 557/1/557 993/1/993 
f 557/1/557 556/1/556 967/1/967 
f 967/1/967 993/1/993 557/1/557 
f 993/1/993 967/1/967 971/1/971 
f 971/1/971 989/1/989 993/1/993 
f 989/1/989 988/1/988 992/1/992 
f 992/1/992 993/1/993 989/1/989 
f 994/1/994 995/1/995 848/1/848 
f 848/1/848 996/1/996 994/1/994 
f 996/1/996 997/1/997 998/1/998 
f 998/1/998 994/1/994 996/1/996 
f 994/1/994 998/1/998 999/1/999 
f 999/1/999 1000/1/1000 994/1/994 
f 1000/1/1000 1001/1/1001 995/1/995 
f 995/1/995 994/1/994 1000/1/1000 
f 1002/1/1002 1003/1/1003 820/1/820 
f 820/1/820 819/1/819 1002/1/1002 
f 819/1/819 817/1/817 829/1/829 
f 829/1/829 1002/1/1002 819/1/819 
f 1002/1/1002 829/1/829 828/1/828 
f 828/1/828 1004/1/1004 1002/1/1002 
f 1004/1/1004 1005/1/1005 1003/1/1003 
f 1003/1/1003 1002/1/1002 1004/1/1004 
f 1006/1/1006 1007/1/1007 969/1/969 
f 969/1/969 968/1/968 1006/1/1006 
f 968/1/968 820/1/820 1003/1/1003 
f 1003/1/1003 1006/1/1006 968/1/968 
f 1006/1/1006 1003/1/1003 1005/1/1005 
f 1005/1/1005 1008/1/1008 1006/1/1006 
f 1008/1/1008 1009/1/1009 1007/1/1007 
f 1010/1/1010 1007/1/1007 1009/1/1009 
f 1011/1/1011 885/1/885 965/1/965 
f 1010/1/1010 965/1/965 964/1/964 
f 978/1/978 969/1/969 1007/1/1007 
f 1012/1/1012 1013/1/1013 1009/1/1009 
f 1009/1/1009 1008/1/1008 1012/1/1012 
f 1008/1/1008 1005/1/1005 1014/1/1014 
f 1012/1/1012 1014/1/1014 1015/1/1015 
f 1015/1/1015 1016/1/1016 1012/1/1012 
f 1016/1/1016 1017/1/1017 1013/1/1013 
f 1013/1/1013 1012/1/1012 1016/1/1016 
f 1013/1/1013 1017/1/1017 1018/1/1018 
f 1018/1/1018 1019/1/1019 1013/1/1013 
f 1019/1/1019 1018/1/1018 887/1/887 
f 887/1/887 886/1/886 1019/1/1019 
f 886/1/886 885/1/885 1011/1/1011 
f 1011/1/1011 1019/1/1019 886/1/886 
f 1011/1/1011 1009/1/1009 1013/1/1013 
f 1013/1/1013 1019/1/1019 1011/1/1011 
f 1020/1/1020 1021/1/1021 1022/1/1022 
f 1022/1/1022 1023/1/1023 1020/1/1020 
f 1023/1/1023 1001/1/1001 1024/1/1024 
f 1024/1/1024 1020/1/1020 1023/1/1023 
f 1024/1/1024 1025/1/1025 1026/1/1026 
f 1026/1/1026 1020/1/1020 1024/1/1024 
f 1026/1/1026 1027/1/1027 1021/1/1021 
f 1021/1/1021 1020/1/1020 1026/1/1026 
f 1028/1/1028 1029/1/1029 1030/1/1030 
f 1030/1/1030 1031/1/1031 1028/1/1028 
f 1031/1/1031 887/1/887 1018/1/1018 
f 1018/1/1018 1028/1/1028 1031/1/1031 
f 1028/1/1028 1018/1/1018 1017/1/1017 
f 1017/1/1017 1032/1/1032 1028/1/1028 
f 1032/1/1032 1033/1/1033 1029/1/1029 
f 1029/1/1029 1028/1/1028 1032/1/1032 
f 1034/1/1034 842/1/842 841/1/841 
f 841/1/841 1035/1/1035 1034/1/1034 
f 841/1/841 848/1/848 995/1/995 
f 995/1/995 1035/1/1035 841/1/841 
f 1035/1/1035 995/1/995 1001/1/1001 
f 1001/1/1001 1023/1/1023 1035/1/1035 
f 1034/1/1034 1035/1/1035 1023/1/1023 
f 1023/1/1023 1022/1/1022 1034/1/1034 
f 1036/1/1036 1016/1/1016 1015/1/1015 
f 1015/1/1015 1037/1/1037 1036/1/1036 
f 1036/1/1036 1037/1/1037 1038/1/1038 
f 1038/1/1038 1039/1/1039 1036/1/1036 
f 1036/1/1036 1039/1/1039 1033/1/1033 
f 1033/1/1033 1032/1/1032 1036/1/1036 
f 1032/1/1032 1017/1/1017 1016/1/1016 
f 1016/1/1016 1036/1/1036 1032/1/1032 
f 1040/1/1040 1041/1/1041 1030/1/1030 
f 1030/1/1030 1042/1/1042 1040/1/1040 
f 1042/1/1042 1027/1/1027 1043/1/1043 
f 1043/1/1043 1040/1/1040 1042/1/1042 
f 1040/1/1040 1043/1/1043 851/1/851 
f 851/1/851 867/1/867 1040/1/1040 
f 867/1/867 866/1/866 1041/1/1041 
f 1041/1/1041 1040/1/1040 867/1/867 
f 1021/1/1021 1044/1/1044 1045/1/1045 
f 1045/1/1045 1022/1/1022 1021/1/1021 
f 1044/1/1044 1021/1/1021 1027/1/1027 
f 1027/1/1027 1042/1/1042 1044/1/1044 
f 1042/1/1042 1030/1/1030 1029/1/1029 
f 1029/1/1029 1044/1/1044 1042/1/1042 
f 1044/1/1044 1029/1/1029 1033/1/1033 
f 1033/1/1033 1045/1/1045 1044/1/1044 
f 1046/1/1046 1041/1/1041 866/1/866 
f 866/1/866 873/1/873 1046/1/1046 
f 873/1/873 872/1/872 888/1/888 
f 888/1/888 1046/1/1046 873/1/873 
f 1046/1/1046 888/1/888 887/1/887 
f 887/1/887 1031/1/1031 1046/1/1046 
f 1031/1/1031 1030/1/1030 1041/1/1041 
f 1041/1/1041 1046/1/1046 1031/1/1031 
f 1039/1/1039 1047/1/1047 1045/1/1045 
f 1045/1/1045 1033/1/1033 1039/1/1039 
f 1039/1/1039 1038/1/1038 1048/1/1048 
f 1048/1/1048 1047/1/1047 1039/1/1039 
f 1047/1/1047 1048/1/1048 842/1/842 
f 842/1/842 1034/1/1034 1047/1/1047 
f 1034/1/1034 1022/1/1022 1045/1/1045 
f 1045/1/1045 1047/1/1047 1034/1/1034 
f 1049/1/1049 1050/1/1050 1051/1/1051 
f 1051/1/1051 1052/1/1052 1049/1/1049 
f 1052/1/1052 900/1/900 899/1/899 
f 899/1/899 1049/1/1049 1052/1/1052 
f 1049/1/1049 899/1/899 267/1/267 
f 267/1/267 266/1/266 1049/1/1049 
f 266/1/266 252/1/252 1050/1/1050 
f 1050/1/1050 1049/1/1049 266/1/266 
f 1053/1/1053 1050/1/1050 252/1/252 
f 252/1/252 251/1/251 1053/1/1053 
f 251/1/251 250/1/250 1054/1/1054 
f 1054/1/1054 1053/1/1053 251/1/251 
f 1053/1/1053 1054/1/1054 1055/1/1055 
f 1055/1/1055 1056/1/1056 1053/1/1053 
f 1056/1/1056 1051/1/1051 1050/1/1050 
f 1050/1/1050 1053/1/1053 1056/1/1056 
f 1057/1/1057 1058/1/1058 1051/1/1051 
f 1051/1/1051 1056/1/1056 1057/1/1057 
f 1056/1/1056 1055/1/1055 1059/1/1059 
f 1059/1/1059 1057/1/1057 1056/1/1056 
f 1057/1/1057 1059/1/1059 1060/1/1060 
f 1060/1/1060 1061/1/1061 1057/1/1057 
f 1061/1/1061 1062/1/1062 1058/1/1058 
f 1058/1/1058 1057/1/1057 1061/1/1061 
f 1063/1/1063 241/1/241 240/1/240 
f 240/1/240 1064/1/1064 1063/1/1063 
f 1064/1/1064 240/1/240 239/1/239 
f 239/1/239 1065/1/1065 1064/1/1064 
f 1065/1/1065 1066/1/1066 1067/1/1067 
f 1067/1/1067 1064/1/1064 1065/1/1065 
f 1064/1/1064 1067/1/1067 1068/1/1068 
f 1068/1/1068 1063/1/1063 1064/1/1064 
f 1069/1/1069 1070/1/1070 230/1/230 
f 229/1/229 228/1/228 1071/1/1071 
f 1069/1/1069 1071/1/1071 1072/1/1072 
f 1072/1/1072 1073/1/1073 1069/1/1069 
f 1073/1/1073 1074/1/1074 1070/1/1070 
f 1075/1/1075 1076/1/1076 1077/1/1077 
f 1077/1/1077 1078/1/1078 1075/1/1075 
f 1078/1/1078 1079/1/1079 1080/1/1080 
f 1080/1/1080 1075/1/1075 1078/1/1078 
f 1075/1/1075 1080/1/1080 257/1/257 
f 257/1/257 256/1/256 1075/1/1075 
f 256/1/256 255/1/255 1076/1/1076 
f 1076/1/1076 1075/1/1075 256/1/256 
f 1081/1/1081 1082/1/1082 1083/1/1083 
f 1083/1/1083 1084/1/1084 1081/1/1081 
f 1084/1/1084 223/1/223 222/1/222 
f 222/1/222 1081/1/1081 1084/1/1084 
f 1081/1/1081 222/1/222 217/1/217 
f 217/1/217 1085/1/1085 1081/1/1081 
f 1085/1/1085 1086/1/1086 1082/1/1082 
f 1082/1/1082 1081/1/1081 1085/1/1085 
f 1087/1/1087 1088/1/1088 1089/1/1089 
f 1089/1/1089 1090/1/1090 1087/1/1087 
f 1090/1/1090 211/1/211 210/1/210 
f 210/1/210 1087/1/1087 1090/1/1090 
f 1087/1/1087 210/1/210 88/1/88 
f 88/1/88 87/1/87 1087/1/1087 
f 87/1/87 86/1/86 1088/1/1088 
f 1088/1/1088 1087/1/1087 87/1/87 
f 1091/1/1091 1092/1/1092 1086/1/1086 
f 1086/1/1086 1085/1/1085 1091/1/1091 
f 1085/1/1085 217/1/217 216/1/216 
f 216/1/216 1091/1/1091 1085/1/1085 
f 1091/1/1091 216/1/216 211/1/211 
f 211/1/211 1090/1/1090 1091/1/1091 
f 1090/1/1090 1089/1/1089 1092/1/1092 
f 1092/1/1092 1091/1/1091 1090/1/1090 
f 1093/1/1093 1094/1/1094 1095/1/1095 
f 1095/1/1095 1096/1/1096 1093/1/1093 
f 1096/1/1096 1086/1/1086 1092/1/1092 
f 1092/1/1092 1093/1/1093 1096/1/1096 
f 1093/1/1093 1092/1/1092 1089/1/1089 
f 1089/1/1089 1097/1/1097 1093/1/1093 
f 1097/1/1097 1098/1/1098 1094/1/1094 
f 1094/1/1094 1093/1/1093 1097/1/1097 
f 1099/1/1099 86/1/86 85/1/85 
f 85/1/85 1100/1/1100 1099/1/1099 
f 85/1/85 84/1/84 882/1/882 
f 882/1/882 1100/1/1100 85/1/85 
f 882/1/882 863/1/863 1101/1/1101 
f 1101/1/1101 1100/1/1100 882/1/882 
f 1101/1/1101 1102/1/1102 1099/1/1099 
f 1103/1/1103 1104/1/1104 1098/1/1098 
f 1098/1/1098 1097/1/1097 1103/1/1103 
f 1097/1/1097 1089/1/1089 1088/1/1088 
f 1088/1/1088 1103/1/1103 1097/1/1097 
f 1103/1/1103 1088/1/1088 86/1/86 
f 86/1/86 1099/1/1099 1103/1/1103 
f 1099/1/1099 1102/1/1102 1104/1/1104 
f 1104/1/1104 1103/1/1103 1099/1/1099 
f 1105/1/1105 1106/1/1106 1107/1/1107 
f 1107/1/1107 1108/1/1108 1105/1/1105 
f 1108/1/1108 1109/1/1109 1110/1/1110 
f 1105/1/1105 1110/1/1110 1111/1/1111 
f 1112/1/1112 1113/1/1113 1106/1/1106 
f 1114/1/1114 1115/1/1115 1116/1/1116 
f 1116/1/1116 1117/1/1117 1114/1/1114 
f 1117/1/1117 1118/1/1118 1119/1/1119 
f 1119/1/1119 1114/1/1114 1117/1/1117 
f 1114/1/1114 1119/1/1119 1109/1/1109 
f 1109/1/1109 1108/1/1108 1114/1/1114 
f 1108/1/1108 1107/1/1107 1115/1/1115 
f 1115/1/1115 1114/1/1114 1108/1/1108 
f 1120/1/1120 1121/1/1121 1122/1/1122 
f 1122/1/1122 1123/1/1123 1120/1/1120 
f 1123/1/1123 1122/1/1122 1124/1/1124 
f 1124/1/1124 1125/1/1125 1123/1/1123 
f 1125/1/1125 1126/1/1126 1127/1/1127 
f 1127/1/1127 1123/1/1123 1125/1/1125 
f 1123/1/1123 1127/1/1127 1128/1/1128 
f 1128/1/1128 1120/1/1120 1123/1/1123 
f 1129/1/1129 1130/1/1130 1131/1/1131 
f 1131/1/1131 1132/1/1132 1129/1/1129 
f 1132/1/1132 1133/1/1133 1134/1/1134 
f 1134/1/1134 1129/1/1129 1132/1/1132 
f 1129/1/1129 1134/1/1134 1135/1/1135 
f 1135/1/1135 1136/1/1136 1129/1/1129 
f 1136/1/1136 1137/1/1137 1130/1/1130 
f 1130/1/1130 1129/1/1129 1136/1/1136 
f 1138/1/1138 1139/1/1139 1062/1/1062 
f 1062/1/1062 1061/1/1061 1138/1/1138 
f 1061/1/1061 1060/1/1060 1140/1/1140 
f 1140/1/1140 1138/1/1138 1061/1/1061 
f 1138/1/1138 1140/1/1140 1141/1/1141 
f 1142/1/1142 1143/1/1143 1139/1/1139 
f 1139/1/1139 1138/1/1138 1142/1/1142 
f 1144/1/1144 1145/1/1145 1146/1/1146 
f 1146/1/1146 1147/1/1147 1148/1/1148 
f 1148/1/1148 1149/1/1149 1146/1/1146 
f 1149/1/1149 1148/1/1148 1150/1/1150 
f 1151/1/1151 1152/1/1152 1144/1/1144 
f 1144/1/1144 1149/1/1149 1151/1/1151 
f 1153/1/1153 1154/1/1154 1143/1/1143 
f 1155/1/1155 1153/1/1153 1142/1/1142 
f 1142/1/1142 1141/1/1141 1155/1/1155 
f 1153/1/1153 1155/1/1155 1156/1/1156 
f 1153/1/1153 1157/1/1157 1158/1/1158 
f 1158/1/1158 1154/1/1154 1153/1/1153 
f 1159/1/1159 1160/1/1160 1158/1/1158 
f 1157/1/1157 1156/1/1156 1161/1/1161 
f 1159/1/1159 1161/1/1161 1145/1/1145 
f 1145/1/1145 1144/1/1144 1159/1/1159 
f 1159/1/1159 1144/1/1144 1152/1/1152 
f 1162/1/1162 1163/1/1163 900/1/900 
f 900/1/900 1052/1/1052 1162/1/1162 
f 1052/1/1052 1051/1/1051 1058/1/1058 
f 1058/1/1058 1162/1/1162 1052/1/1052 
f 1162/1/1162 1058/1/1058 1062/1/1062 
f 1062/1/1062 1164/1/1164 1162/1/1162 
f 1164/1/1164 1165/1/1165 1163/1/1163 
f 1163/1/1163 1162/1/1162 1164/1/1164 
f 1166/1/1166 1165/1/1165 1164/1/1164 
f 1167/1/1167 1164/1/1164 1062/1/1062 
f 1062/1/1062 1139/1/1139 1167/1/1167 
f 1167/1/1167 1139/1/1139 1143/1/1143 
f 1143/1/1143 1166/1/1166 1167/1/1167 
f 1168/1/1168 1169/1/1169 1170/1/1170 
f 1170/1/1170 1171/1/1171 1168/1/1168 
f 1168/1/1168 1171/1/1171 1165/1/1165 
f 1166/1/1166 1143/1/1143 1154/1/1154 
f 1154/1/1154 1158/1/1158 1169/1/1169 
f 1172/1/1172 1169/1/1169 1158/1/1158 
f 1160/1/1160 1152/1/1152 1173/1/1173 
f 1172/1/1172 1173/1/1173 1174/1/1174 
f 1174/1/1174 1175/1/1175 1172/1/1172 
f 1175/1/1175 1170/1/1170 1169/1/1169 
f 1176/1/1176 585/1/585 577/1/577 
f 577/1/577 576/1/576 1176/1/1176 
f 576/1/576 575/1/575 1177/1/1177 
f 1177/1/1177 1176/1/1176 576/1/576 
f 1176/1/1176 1177/1/1177 1178/1/1178 
f 1178/1/1178 1179/1/1179 1176/1/1176 
f 1179/1/1179 586/1/586 585/1/585 
f 585/1/585 1176/1/1176 1179/1/1179 
f 1180/1/1180 1177/1/1177 575/1/575 
f 575/1/575 904/1/904 1180/1/1180 
f 904/1/904 900/1/900 1163/1/1163 
f 1163/1/1163 1180/1/1180 904/1/904 
f 1180/1/1180 1163/1/1163 1165/1/1165 
f 1165/1/1165 1181/1/1181 1180/1/1180 
f 1181/1/1181 1178/1/1178 1177/1/1177 
f 1177/1/1177 1180/1/1180 1181/1/1181 
f 1182/1/1182 1183/1/1183 593/1/593 
f 593/1/593 592/1/592 1182/1/1182 
f 592/1/592 591/1/591 601/1/601 
f 1182/1/1182 601/1/601 602/1/602 
f 602/1/602 1184/1/1184 1182/1/1182 
f 1184/1/1184 1185/1/1185 1183/1/1183 
f 1183/1/1183 1182/1/1182 1184/1/1184 
f 1181/1/1181 1165/1/1165 1171/1/1171 
f 1171/1/1171 1186/1/1186 1181/1/1181 
f 1171/1/1171 1170/1/1170 1187/1/1187 
f 1187/1/1187 1186/1/1186 1171/1/1171 
f 1187/1/1187 1188/1/1188 1189/1/1189 
f 1189/1/1189 1186/1/1186 1187/1/1187 
f 1186/1/1186 1189/1/1189 1178/1/1178 
f 1178/1/1178 1181/1/1181 1186/1/1186 
f 1190/1/1190 1185/1/1185 1191/1/1191 
f 1191/1/1191 1192/1/1192 1190/1/1190 
f 1191/1/1191 1188/1/1188 1193/1/1193 
f 1193/1/1193 1192/1/1192 1191/1/1191 
f 1192/1/1192 1193/1/1193 1194/1/1194 
f 1194/1/1194 1190/1/1190 1192/1/1192 
f 1195/1/1195 1196/1/1196 586/1/586 
f 586/1/586 1179/1/1179 1195/1/1195 
f 1179/1/1179 1178/1/1178 1189/1/1189 
f 1189/1/1189 1195/1/1195 1179/1/1179 
f 1195/1/1195 1189/1/1189 1188/1/1188 
f 1188/1/1188 1191/1/1191 1195/1/1195 
f 1191/1/1191 1185/1/1185 1196/1/1196 
f 1196/1/1196 1195/1/1195 1191/1/1191 
f 1197/1/1197 1198/1/1198 628/1/628 
f 628/1/628 627/1/627 1197/1/1197 
f 627/1/627 588/1/588 587/1/587 
f 587/1/587 1197/1/1197 627/1/627 
f 587/1/587 586/1/586 1196/1/1196 
f 1196/1/1196 1197/1/1197 587/1/587 
f 1196/1/1196 1185/1/1185 1198/1/1198 
f 1184/1/1184 602/1/602 612/1/612 
f 612/1/612 1199/1/1199 1184/1/1184 
f 1199/1/1199 612/1/612 611/1/611 
f 611/1/611 635/1/635 1199/1/1199 
f 635/1/635 628/1/628 1198/1/1198 
f 1198/1/1198 1185/1/1185 1184/1/1184 
f 1200/1/1200 1187/1/1187 1170/1/1170 
f 1175/1/1175 1174/1/1174 1201/1/1201 
f 1201/1/1201 1200/1/1200 1175/1/1175 
f 1200/1/1200 1201/1/1201 1194/1/1194 
f 1194/1/1194 1193/1/1193 1200/1/1200 
f 1200/1/1200 1193/1/1193 1188/1/1188 
f 1188/1/1188 1187/1/1187 1200/1/1200 
f 1202/1/1202 1203/1/1203 1204/1/1204 
f 1204/1/1204 1205/1/1205 1202/1/1202 
f 1205/1/1205 1206/1/1206 1207/1/1207 
f 1207/1/1207 1202/1/1202 1205/1/1205 
f 1202/1/1202 1207/1/1207 1208/1/1208 
f 1208/1/1208 1209/1/1209 1202/1/1202 
f 1209/1/1209 1210/1/1210 1203/1/1203 
f 1203/1/1203 1202/1/1202 1209/1/1209 
f 1211/1/1211 1212/1/1212 1208/1/1208 
f 1208/1/1208 1207/1/1207 1211/1/1211 
f 1207/1/1207 1206/1/1206 1213/1/1213 
f 1211/1/1211 1213/1/1213 1214/1/1214 
f 1214/1/1214 1215/1/1215 1211/1/1211 
f 1215/1/1215 1216/1/1216 1212/1/1212 
f 1212/1/1212 1211/1/1211 1215/1/1215 
f 1209/1/1209 1208/1/1208 1212/1/1212 
f 1212/1/1212 1217/1/1217 1209/1/1209 
f 1212/1/1212 1216/1/1216 1218/1/1218 
f 1218/1/1218 1217/1/1217 1212/1/1212 
f 1217/1/1217 1218/1/1218 1219/1/1219 
f 1219/1/1219 1220/1/1220 1217/1/1217 
f 1220/1/1220 1210/1/1210 1209/1/1209 
f 1209/1/1209 1217/1/1217 1220/1/1220 
f 1221/1/1221 1222/1/1222 1223/1/1223 
f 1223/1/1223 1224/1/1224 1221/1/1221 
f 1224/1/1224 1223/1/1223 1210/1/1210 
f 1210/1/1210 1220/1/1220 1224/1/1224 
f 1220/1/1220 1219/1/1219 1225/1/1225 
f 1225/1/1225 1224/1/1224 1220/1/1220 
f 1224/1/1224 1225/1/1225 1226/1/1226 
f 1226/1/1226 1221/1/1221 1224/1/1224 
f 1227/1/1227 1218/1/1218 1216/1/1216 
f 1216/1/1216 1228/1/1228 1227/1/1227 
f 1228/1/1228 1229/1/1229 1230/1/1230 
f 1230/1/1230 1227/1/1227 1228/1/1228 
f 1227/1/1227 1230/1/1230 1231/1/1231 
f 1231/1/1231 1232/1/1232 1227/1/1227 
f 1232/1/1232 1219/1/1219 1218/1/1218 
f 1218/1/1218 1227/1/1227 1232/1/1232 
f 1233/1/1233 1234/1/1234 1226/1/1226 
f 1226/1/1226 1225/1/1225 1233/1/1233 
f 1233/1/1233 1225/1/1225 1219/1/1219 
f 1219/1/1219 1232/1/1232 1233/1/1233 
f 1235/1/1235 1233/1/1233 1232/1/1232 
f 1232/1/1232 1231/1/1231 1235/1/1235 
f 1235/1/1235 1236/1/1236 1234/1/1234 
f 1234/1/1234 1233/1/1233 1235/1/1235 
f 1237/1/1237 1236/1/1236 1235/1/1235 
f 1235/1/1235 1238/1/1238 1237/1/1237 
f 1238/1/1238 1235/1/1235 1231/1/1231 
f 1231/1/1231 1239/1/1239 1238/1/1238 
f 1239/1/1239 1240/1/1240 1241/1/1241 
f 1241/1/1241 1238/1/1238 1239/1/1239 
f 1238/1/1238 1241/1/1241 1242/1/1242 
f 1242/1/1242 1237/1/1237 1238/1/1238 
f 1243/1/1243 1244/1/1244 1245/1/1245 
f 1245/1/1245 1246/1/1246 1243/1/1243 
f 1246/1/1246 1109/1/1109 1119/1/1119 
f 1119/1/1119 1243/1/1243 1246/1/1246 
f 1119/1/1119 1118/1/1118 1247/1/1247 
f 1247/1/1247 1243/1/1243 1119/1/1119 
f 1243/1/1243 1247/1/1247 1248/1/1248 
f 1248/1/1248 1244/1/1244 1243/1/1243 
f 1249/1/1249 1250/1/1250 1251/1/1251 
f 1251/1/1251 1252/1/1252 1249/1/1249 
f 1252/1/1252 1095/1/1095 1094/1/1094 
f 1094/1/1094 1249/1/1249 1252/1/1252 
f 1249/1/1249 1094/1/1094 1098/1/1098 
f 1098/1/1098 1253/1/1253 1249/1/1249 
f 1253/1/1253 1254/1/1254 1250/1/1250 
f 1250/1/1250 1249/1/1249 1253/1/1253 
f 1255/1/1255 1256/1/1256 1254/1/1254 
f 1253/1/1253 1098/1/1098 1104/1/1104 
f 1104/1/1104 1255/1/1255 1253/1/1253 
f 1104/1/1104 1102/1/1102 1256/1/1256 
f 1256/1/1256 1255/1/1255 1104/1/1104 
f 1257/1/1257 1258/1/1258 1111/1/1111 
f 1111/1/1111 1110/1/1110 1257/1/1257 
f 1257/1/1257 1110/1/1110 1109/1/1109 
f 1109/1/1109 1246/1/1246 1257/1/1257 
f 1245/1/1245 1259/1/1259 1257/1/1257 
f 1259/1/1259 1260/1/1260 1258/1/1258 
f 1261/1/1261 1262/1/1262 1263/1/1263 
f 1264/1/1264 1111/1/1111 1258/1/1258 
f 1261/1/1261 1258/1/1258 1260/1/1260 
f 1265/1/1265 1266/1/1266 1262/1/1262 
f 1262/1/1262 1261/1/1261 1265/1/1265 
f 1267/1/1267 1268/1/1268 1260/1/1260 
f 1260/1/1260 1259/1/1259 1267/1/1267 
f 1259/1/1259 1245/1/1245 1269/1/1269 
f 1269/1/1269 1267/1/1267 1259/1/1259 
f 1267/1/1267 1269/1/1269 1270/1/1270 
f 1270/1/1270 1271/1/1271 1267/1/1267 
f 1271/1/1271 1272/1/1272 1268/1/1268 
f 1268/1/1268 1267/1/1267 1271/1/1271 
f 1272/1/1272 1273/1/1273 1274/1/1274 
f 1273/1/1273 1254/1/1254 1256/1/1256 
f 1256/1/1256 1102/1/1102 1275/1/1275 
f 1275/1/1275 1266/1/1266 1276/1/1276 
f 1277/1/1277 1275/1/1275 1102/1/1102 
f 1102/1/1102 1101/1/1101 1277/1/1277 
f 1101/1/1101 863/1/863 862/1/862 
f 1277/1/1277 862/1/862 861/1/861 
f 861/1/861 1278/1/1278 1277/1/1277 
f 1278/1/1278 1266/1/1266 1275/1/1275 
f 1279/1/1279 1268/1/1268 1272/1/1272 
f 1272/1/1272 1276/1/1276 1279/1/1279 
f 1276/1/1276 1266/1/1266 1265/1/1265 
f 1265/1/1265 1279/1/1279 1276/1/1276 
f 1279/1/1279 1265/1/1265 1260/1/1260 
f 1260/1/1260 1268/1/1268 1279/1/1279 
f 1280/1/1280 860/1/860 855/1/855 
f 855/1/855 1281/1/1281 1280/1/1280 
f 1281/1/1281 1263/1/1263 1262/1/1262 
f 1262/1/1262 1280/1/1280 1281/1/1281 
f 1280/1/1280 1262/1/1262 1266/1/1266 
f 1266/1/1266 1278/1/1278 1280/1/1280 
f 1278/1/1278 861/1/861 860/1/860 
f 860/1/860 1280/1/1280 1278/1/1278 
f 1282/1/1282 1271/1/1271 1270/1/1270 
f 1283/1/1283 1251/1/1251 1250/1/1250 
f 1282/1/1282 1250/1/1250 1254/1/1254 
f 1254/1/1254 1273/1/1273 1282/1/1282 
f 1271/1/1271 1282/1/1282 1273/1/1273 
f 1273/1/1273 1272/1/1272 1271/1/1271 
f 1284/1/1284 1285/1/1285 853/1/853 
f 853/1/853 852/1/852 1284/1/1284 
f 852/1/852 851/1/851 1043/1/1043 
f 1043/1/1043 1284/1/1284 852/1/852 
f 1284/1/1284 1043/1/1043 1027/1/1027 
f 1027/1/1027 1026/1/1026 1284/1/1284 
f 1026/1/1026 1025/1/1025 1285/1/1285 
f 1285/1/1285 1284/1/1284 1026/1/1026 
f 1286/1/1286 1024/1/1024 1001/1/1001 
f 1001/1/1001 1000/1/1000 1286/1/1286 
f 1000/1/1000 999/1/999 1287/1/1287 
f 1287/1/1287 1286/1/1286 1000/1/1000 
f 1287/1/1287 1288/1/1288 1289/1/1289 
f 1289/1/1289 1286/1/1286 1287/1/1287 
f 1286/1/1286 1289/1/1289 1025/1/1025 
f 1025/1/1025 1024/1/1024 1286/1/1286 
f 1290/1/1290 1291/1/1291 1263/1/1263 
f 1281/1/1281 855/1/855 854/1/854 
f 854/1/854 1290/1/1290 1281/1/1281 
f 1290/1/1290 854/1/854 853/1/853 
f 853/1/853 1292/1/1292 1290/1/1290 
f 1292/1/1292 1293/1/1293 1291/1/1291 
f 1291/1/1291 1290/1/1290 1292/1/1292 
f 1294/1/1294 1112/1/1112 1111/1/1111 
f 1111/1/1111 1264/1/1264 1294/1/1294 
f 1264/1/1264 1263/1/1263 1291/1/1291 
f 1294/1/1294 1291/1/1291 1293/1/1293 
f 1293/1/1293 1295/1/1295 1294/1/1294 
f 1295/1/1295 1113/1/1113 1112/1/1112 
f 1112/1/1112 1294/1/1294 1295/1/1295 
f 1296/1/1296 1297/1/1297 1298/1/1298 
f 1298/1/1298 1299/1/1299 1296/1/1296 
f 1293/1/1293 1292/1/1292 1299/1/1299 
f 1292/1/1292 853/1/853 1285/1/1285 
f 1285/1/1285 1299/1/1299 1292/1/1292 
f 1299/1/1299 1285/1/1285 1025/1/1025 
f 1025/1/1025 1296/1/1296 1299/1/1299 
f 1300/1/1300 1289/1/1289 1288/1/1288 
f 1288/1/1288 1301/1/1301 1300/1/1300 
f 1300/1/1300 1301/1/1301 1297/1/1297 
f 1297/1/1297 1296/1/1296 1300/1/1300 
f 1296/1/1296 1025/1/1025 1289/1/1289 
f 1289/1/1289 1300/1/1300 1296/1/1296 
f 1295/1/1295 1293/1/1293 1302/1/1302 
f 1302/1/1302 1303/1/1303 1295/1/1295 
f 1303/1/1303 1302/1/1302 1304/1/1304 
f 1304/1/1304 1305/1/1305 1303/1/1303 
f 1303/1/1303 1305/1/1305 1113/1/1113 
f 1113/1/1113 1295/1/1295 1303/1/1303 
f 1306/1/1306 1307/1/1307 1288/1/1288 
f 1288/1/1288 1287/1/1287 1306/1/1306 
f 1306/1/1306 1287/1/1287 999/1/999 
f 999/1/999 1308/1/1308 1306/1/1306 
f 1308/1/1308 1309/1/1309 1310/1/1310 
f 1310/1/1310 1306/1/1306 1308/1/1308 
f 1306/1/1306 1310/1/1310 1311/1/1311 
f 1311/1/1311 1307/1/1307 1306/1/1306 
f 1312/1/1312 1297/1/1297 1301/1/1301 
f 1301/1/1301 1313/1/1313 1312/1/1312 
f 1301/1/1301 1288/1/1288 1307/1/1307 
f 1307/1/1307 1313/1/1313 1301/1/1301 
f 1307/1/1307 1311/1/1311 1314/1/1314 
f 1314/1/1314 1313/1/1313 1307/1/1307 
f 1313/1/1313 1314/1/1314 1315/1/1315 
f 1316/1/1316 1317/1/1317 1304/1/1304 
f 1304/1/1304 1302/1/1302 1316/1/1316 
f 1302/1/1302 1293/1/1293 1298/1/1298 
f 1298/1/1298 1316/1/1316 1302/1/1302 
f 1316/1/1316 1298/1/1298 1297/1/1297 
f 1297/1/1297 1312/1/1312 1316/1/1316 
f 1312/1/1312 1315/1/1315 1317/1/1317 
f 1317/1/1317 1316/1/1316 1312/1/1312 
f 1318/1/1318 1311/1/1311 1310/1/1310 
f 1319/1/1319 1310/1/1310 1309/1/1309 
f 1309/1/1309 1320/1/1320 1319/1/1319 
f 1320/1/1320 1321/1/1321 1322/1/1322 
f 1322/1/1322 1319/1/1319 1320/1/1320 
f 1319/1/1319 1322/1/1322 1323/1/1323 
f 1323/1/1323 1318/1/1318 1319/1/1319 
f 1324/1/1324 1107/1/1107 1106/1/1106 
f 1106/1/1106 1325/1/1325 1324/1/1324 
f 1106/1/1106 1113/1/1113 1305/1/1305 
f 1305/1/1305 1325/1/1325 1106/1/1106 
f 1325/1/1325 1305/1/1305 1304/1/1304 
f 1304/1/1304 1326/1/1326 1325/1/1325 
f 1324/1/1324 1325/1/1325 1326/1/1326 
f 1326/1/1326 1327/1/1327 1324/1/1324 
f 1328/1/1328 1329/1/1329 1327/1/1327 
f 1327/1/1327 1326/1/1326 1328/1/1328 
f 1326/1/1326 1304/1/1304 1317/1/1317 
f 1317/1/1317 1328/1/1328 1326/1/1326 
f 1328/1/1328 1317/1/1317 1315/1/1315 
f 1330/1/1330 1331/1/1331 1329/1/1329 
f 1329/1/1329 1328/1/1328 1330/1/1330 
f 1332/1/1332 1333/1/1333 1331/1/1331 
f 1331/1/1331 1330/1/1330 1332/1/1332 
f 1330/1/1330 1315/1/1315 1314/1/1314 
f 1332/1/1332 1314/1/1314 1311/1/1311 
f 1311/1/1311 1318/1/1318 1332/1/1332 
f 1318/1/1318 1323/1/1323 1333/1/1333 
f 1333/1/1333 1332/1/1332 1318/1/1318 
f 1334/1/1334 1335/1/1335 1336/1/1336 
f 1336/1/1336 1337/1/1337 1334/1/1334 
f 1337/1/1337 1323/1/1323 1322/1/1322 
f 1322/1/1322 1334/1/1334 1337/1/1337 
f 1334/1/1334 1322/1/1322 1321/1/1321 
f 1321/1/1321 1338/1/1338 1334/1/1334 
f 1338/1/1338 1339/1/1339 1335/1/1335 
f 1335/1/1335 1334/1/1334 1338/1/1338 
f 1340/1/1340 1115/1/1115 1107/1/1107 
f 1107/1/1107 1324/1/1324 1340/1/1340 
f 1324/1/1324 1327/1/1327 1341/1/1341 
f 1341/1/1341 1340/1/1340 1324/1/1324 
f 1341/1/1341 1342/1/1342 1343/1/1343 
f 1343/1/1343 1340/1/1340 1341/1/1341 
f 1343/1/1343 1116/1/1116 1115/1/1115 
f 1115/1/1115 1340/1/1340 1343/1/1343 
f 1344/1/1344 1345/1/1345 1342/1/1342 
f 1342/1/1342 1341/1/1341 1344/1/1344 
f 1341/1/1341 1327/1/1327 1329/1/1329 
f 1329/1/1329 1344/1/1344 1341/1/1341 
f 1344/1/1344 1329/1/1329 1331/1/1331 
f 1331/1/1331 1346/1/1346 1344/1/1344 
f 1346/1/1346 1347/1/1347 1345/1/1345 
f 1345/1/1345 1344/1/1344 1346/1/1346 
f 1348/1/1348 1349/1/1349 1347/1/1347 
f 1347/1/1347 1346/1/1346 1348/1/1348 
f 1346/1/1346 1331/1/1331 1333/1/1333 
f 1333/1/1333 1348/1/1348 1346/1/1346 
f 1348/1/1348 1333/1/1333 1323/1/1323 
f 1323/1/1323 1337/1/1337 1348/1/1348 
f 1337/1/1337 1336/1/1336 1349/1/1349 
f 1349/1/1349 1348/1/1348 1337/1/1337 
f 1350/1/1350 1351/1/1351 1352/1/1352 
f 1352/1/1352 1353/1/1353 1350/1/1350 
f 1353/1/1353 1354/1/1354 1355/1/1355 
f 1355/1/1355 1350/1/1350 1353/1/1353 
f 1350/1/1350 1355/1/1355 1356/1/1356 
f 1356/1/1356 1357/1/1357 1350/1/1350 
f 1357/1/1357 1358/1/1358 1351/1/1351 
f 1351/1/1351 1350/1/1350 1357/1/1357 
f 1359/1/1359 1360/1/1360 1352/1/1352 
f 1351/1/1351 1358/1/1358 1361/1/1361 
f 1361/1/1361 1359/1/1359 1351/1/1351 
f 1359/1/1359 1361/1/1361 1362/1/1362 
f 1362/1/1362 1363/1/1363 1359/1/1359 
f 1363/1/1363 1364/1/1364 1360/1/1360 
f 1360/1/1360 1359/1/1359 1363/1/1363 
f 1365/1/1365 1366/1/1366 1367/1/1367 
f 1367/1/1367 1368/1/1368 1365/1/1365 
f 1369/1/1369 1366/1/1366 1365/1/1365 
f 1365/1/1365 1370/1/1370 1369/1/1369 
f 1366/1/1366 1369/1/1369 1371/1/1371 
f 1371/1/1371 1372/1/1372 1366/1/1366 
f 1372/1/1372 1373/1/1373 1367/1/1367 
f 1374/1/1374 1375/1/1375 1373/1/1373 
f 1373/1/1373 1372/1/1372 1374/1/1374 
f 1372/1/1372 1371/1/1371 1376/1/1376 
f 1376/1/1376 1374/1/1374 1372/1/1372 
f 1374/1/1374 1376/1/1376 1377/1/1377 
f 1377/1/1377 1378/1/1378 1374/1/1374 
f 1378/1/1378 1379/1/1379 1375/1/1375 
f 1375/1/1375 1374/1/1374 1378/1/1378 
f 1380/1/1380 1148/1/1148 1147/1/1147 
f 1147/1/1147 1381/1/1381 1380/1/1380 
f 1381/1/1381 1382/1/1382 1383/1/1383 
f 1383/1/1383 1380/1/1380 1381/1/1381 
f 1380/1/1380 1383/1/1383 1384/1/1384 
f 1384/1/1384 1385/1/1385 1380/1/1380 
f 1385/1/1385 1150/1/1150 1148/1/1148 
f 1148/1/1148 1380/1/1380 1385/1/1385 
f 1386/1/1386 1387/1/1387 1388/1/1388 
f 1388/1/1388 1389/1/1389 1386/1/1386 
f 1389/1/1389 1373/1/1373 1375/1/1375 
f 1386/1/1386 1375/1/1375 1379/1/1379 
f 1379/1/1379 1390/1/1390 1386/1/1386 
f 1390/1/1390 1391/1/1391 1387/1/1387 
f 1392/1/1392 1387/1/1387 1391/1/1391 
f 1391/1/1391 1393/1/1393 1392/1/1392 
f 1393/1/1393 1384/1/1384 1383/1/1383 
f 1383/1/1383 1392/1/1392 1393/1/1393 
f 1392/1/1392 1383/1/1383 1382/1/1382 
f 1382/1/1382 1394/1/1394 1392/1/1392 
f 1394/1/1394 1388/1/1388 1387/1/1387 
f 1387/1/1387 1392/1/1392 1394/1/1394 
f 1395/1/1395 1396/1/1396 1397/1/1397 
f 1397/1/1397 1398/1/1398 1395/1/1395 
f 1398/1/1398 1399/1/1399 1400/1/1400 
f 1400/1/1400 1395/1/1395 1398/1/1398 
f 1395/1/1395 1400/1/1400 1401/1/1401 
f 1401/1/1401 1402/1/1402 1395/1/1395 
f 1402/1/1402 1403/1/1403 1396/1/1396 
f 1396/1/1396 1395/1/1395 1402/1/1402 
f 1404/1/1404 1405/1/1405 1406/1/1406 
f 1406/1/1406 1407/1/1407 1404/1/1404 
f 1407/1/1407 1174/1/1174 1173/1/1173 
f 1173/1/1173 1404/1/1404 1407/1/1407 
f 1404/1/1404 1173/1/1173 1152/1/1152 
f 1151/1/1151 1150/1/1150 1405/1/1405 
f 1405/1/1405 1404/1/1404 1151/1/1151 
f 1408/1/1408 1406/1/1406 1405/1/1405 
f 1405/1/1405 1409/1/1409 1408/1/1408 
f 1409/1/1409 1405/1/1405 1150/1/1150 
f 1385/1/1385 1384/1/1384 1408/1/1408 
f 1408/1/1408 1409/1/1409 1385/1/1385 
f 1410/1/1410 1411/1/1411 1379/1/1379 
f 1379/1/1379 1378/1/1378 1410/1/1410 
f 1378/1/1378 1377/1/1377 1412/1/1412 
f 1412/1/1412 1410/1/1410 1378/1/1378 
f 1410/1/1410 1412/1/1412 1399/1/1399 
f 1399/1/1399 1398/1/1398 1410/1/1410 
f 1398/1/1398 1397/1/1397 1411/1/1411 
f 1411/1/1411 1410/1/1410 1398/1/1398 
f 1413/1/1413 1201/1/1201 1174/1/1174 
f 1407/1/1407 1406/1/1406 1414/1/1414 
f 1414/1/1414 1413/1/1413 1407/1/1407 
f 1413/1/1413 1414/1/1414 1415/1/1415 
f 1416/1/1416 1194/1/1194 1201/1/1201 
f 1201/1/1201 1413/1/1413 1416/1/1416 
f 1417/1/1417 1418/1/1418 1419/1/1419 
f 1420/1/1420 1415/1/1415 1414/1/1414 
f 1414/1/1414 1417/1/1417 1420/1/1420 
f 1417/1/1417 1414/1/1414 1406/1/1406 
f 1406/1/1406 1418/1/1418 1417/1/1417 
f 1421/1/1421 1403/1/1403 1422/1/1422 
f 1422/1/1422 1423/1/1423 1421/1/1421 
f 1422/1/1422 533/1/533 594/1/594 
f 594/1/594 593/1/593 1424/1/1424 
f 1423/1/1423 1424/1/1424 1415/1/1415 
f 1420/1/1420 1419/1/1419 1425/1/1425 
f 1425/1/1425 1397/1/1397 1396/1/1396 
f 1396/1/1396 1426/1/1426 1425/1/1425 
f 1426/1/1426 1396/1/1396 1403/1/1403 
f 1421/1/1421 1415/1/1415 1420/1/1420 
f 1420/1/1420 1426/1/1426 1421/1/1421 
f 1427/1/1427 1424/1/1424 593/1/593 
f 1183/1/1183 1185/1/1185 1190/1/1190 
f 1190/1/1190 1427/1/1427 1183/1/1183 
f 1427/1/1427 1190/1/1190 1194/1/1194 
f 1416/1/1416 1415/1/1415 1424/1/1424 
f 1424/1/1424 1427/1/1427 1416/1/1416 
f 1428/1/1428 1429/1/1429 1391/1/1391 
f 1391/1/1391 1390/1/1390 1428/1/1428 
f 1390/1/1390 1379/1/1379 1411/1/1411 
f 1411/1/1411 1428/1/1428 1390/1/1390 
f 1428/1/1428 1411/1/1411 1397/1/1397 
f 1425/1/1425 1419/1/1419 1429/1/1429 
f 1429/1/1429 1428/1/1428 1425/1/1425 
f 1418/1/1418 1406/1/1406 1408/1/1408 
f 1430/1/1430 1408/1/1408 1384/1/1384 
f 1393/1/1393 1391/1/1391 1429/1/1429 
f 1429/1/1429 1419/1/1419 1418/1/1418 
f 1418/1/1418 1430/1/1430 1429/1/1429 
f 1431/1/1431 1432/1/1432 1433/1/1433 
f 1433/1/1433 1434/1/1434 1431/1/1431 
f 1434/1/1434 1401/1/1401 1400/1/1400 
f 1431/1/1431 1400/1/1400 1399/1/1399 
f 1399/1/1399 1412/1/1412 1431/1/1431 
f 1412/1/1412 1377/1/1377 1432/1/1432 
f 1432/1/1432 1431/1/1431 1412/1/1412 
f 1435/1/1435 1433/1/1433 1432/1/1432 
f 1432/1/1432 1436/1/1436 1435/1/1435 
f 1432/1/1432 1377/1/1377 1376/1/1376 
f 1376/1/1376 1436/1/1436 1432/1/1432 
f 1436/1/1436 1376/1/1376 1371/1/1371 
f 1437/1/1437 1438/1/1438 1435/1/1435 
f 1435/1/1435 1436/1/1436 1437/1/1437 
f 1439/1/1439 1440/1/1440 1441/1/1441 
f 1441/1/1441 1442/1/1442 1439/1/1439 
f 1442/1/1442 1433/1/1433 1435/1/1435 
f 1435/1/1435 1439/1/1439 1442/1/1442 
f 1439/1/1439 1435/1/1435 1438/1/1438 
f 1443/1/1443 1444/1/1444 1440/1/1440 
f 1440/1/1440 1439/1/1439 1443/1/1443 
f 1437/1/1437 1371/1/1371 1369/1/1369 
f 1369/1/1369 1445/1/1445 1437/1/1437 
f 1370/1/1370 1446/1/1446 1445/1/1445 
f 1445/1/1445 1446/1/1446 1447/1/1447 
f 1447/1/1447 1448/1/1448 1445/1/1445 
f 1445/1/1445 1448/1/1448 1438/1/1438 
f 1438/1/1438 1437/1/1437 1445/1/1445 
f 1443/1/1443 1438/1/1438 1448/1/1448 
f 1448/1/1448 1449/1/1449 1443/1/1443 
f 1448/1/1448 1447/1/1447 1450/1/1450 
f 1450/1/1450 1449/1/1449 1448/1/1448 
f 1449/1/1449 1450/1/1450 1451/1/1451 
f 1451/1/1451 1452/1/1452 1449/1/1449 
f 1443/1/1443 1449/1/1449 1452/1/1452 
f 1452/1/1452 1444/1/1444 1443/1/1443 
f 1453/1/1453 1454/1/1454 1455/1/1455 
f 1455/1/1455 1456/1/1456 1453/1/1453 
f 1456/1/1456 1457/1/1457 1458/1/1458 
f 1458/1/1458 1453/1/1453 1456/1/1456 
f 1453/1/1453 1458/1/1458 1459/1/1459 
f 1459/1/1459 1460/1/1460 1453/1/1453 
f 1460/1/1460 1461/1/1461 1454/1/1454 
f 1454/1/1454 1453/1/1453 1460/1/1460 
f 1462/1/1462 1463/1/1463 1464/1/1464 
f 1464/1/1464 1465/1/1465 1462/1/1462 
f 1465/1/1465 1356/1/1356 1355/1/1355 
f 1355/1/1355 1462/1/1462 1465/1/1465 
f 1462/1/1462 1355/1/1355 1354/1/1354 
f 1354/1/1354 1466/1/1466 1462/1/1462 
f 1466/1/1466 1467/1/1467 1463/1/1463 
f 1463/1/1463 1462/1/1462 1466/1/1466 
f 1468/1/1468 1469/1/1469 1470/1/1470 
f 1470/1/1470 1471/1/1471 1468/1/1468 
f 1471/1/1471 1472/1/1472 1473/1/1473 
f 1473/1/1473 1468/1/1468 1471/1/1471 
f 1468/1/1468 1473/1/1473 1339/1/1339 
f 1339/1/1339 1338/1/1338 1468/1/1468 
f 1338/1/1338 1321/1/1321 1469/1/1469 
f 1469/1/1469 1468/1/1468 1338/1/1338 
f 1474/1/1474 1475/1/1475 1309/1/1309 
f 1309/1/1309 1308/1/1308 1474/1/1474 
f 1308/1/1308 999/1/999 998/1/998 
f 998/1/998 1474/1/1474 1308/1/1308 
f 1474/1/1474 998/1/998 997/1/997 
f 997/1/997 1476/1/1476 1474/1/1474 
f 1476/1/1476 1477/1/1477 1475/1/1475 
f 1475/1/1475 1474/1/1474 1476/1/1476 
f 1478/1/1478 1475/1/1475 1477/1/1477 
f 1477/1/1477 1479/1/1479 1478/1/1478 
f 1479/1/1479 1470/1/1470 1469/1/1469 
f 1469/1/1469 1478/1/1478 1479/1/1479 
f 1478/1/1478 1469/1/1469 1321/1/1321 
f 1321/1/1321 1320/1/1320 1478/1/1478 
f 1320/1/1320 1309/1/1309 1475/1/1475 
f 1475/1/1475 1478/1/1478 1320/1/1320 
f 1480/1/1480 1481/1/1481 1477/1/1477 
f 1477/1/1477 1476/1/1476 1480/1/1480 
f 1476/1/1476 997/1/997 1482/1/1482 
f 1482/1/1482 1480/1/1480 1476/1/1476 
f 1480/1/1480 1482/1/1482 1483/1/1483 
f 1484/1/1484 1485/1/1485 1481/1/1481 
f 1486/1/1486 1482/1/1482 997/1/997 
f 997/1/997 996/1/996 1486/1/1486 
f 996/1/996 848/1/848 847/1/847 
f 847/1/847 1486/1/1486 996/1/996 
f 1486/1/1486 847/1/847 846/1/846 
f 846/1/846 1487/1/1487 1486/1/1486 
f 1487/1/1487 1483/1/1483 1482/1/1482 
f 1482/1/1482 1486/1/1486 1487/1/1487 
f 1488/1/1488 1481/1/1481 1485/1/1485 
f 1489/1/1489 1490/1/1490 1491/1/1491 
f 1488/1/1488 1491/1/1491 1470/1/1470 
f 1470/1/1470 1479/1/1479 1488/1/1488 
f 1479/1/1479 1477/1/1477 1481/1/1481 
f 1481/1/1481 1488/1/1488 1479/1/1479 
f 1484/1/1484 1483/1/1483 1492/1/1492 
f 1492/1/1492 1493/1/1493 1484/1/1484 
f 1493/1/1493 1492/1/1492 1494/1/1494 
f 1494/1/1494 1495/1/1495 1493/1/1493 
f 1493/1/1493 1495/1/1495 1485/1/1485 
f 1485/1/1485 1484/1/1484 1493/1/1493 
f 1496/1/1496 1497/1/1497 1433/1/1433 
f 1433/1/1433 1442/1/1442 1496/1/1496 
f 1442/1/1442 1441/1/1441 1498/1/1498 
f 1498/1/1498 1496/1/1496 1442/1/1442 
f 1496/1/1496 1498/1/1498 1499/1/1499 
f 1499/1/1499 1500/1/1500 1496/1/1496 
f 1500/1/1500 1501/1/1501 1497/1/1497 
f 1497/1/1497 1496/1/1496 1500/1/1500 
f 1502/1/1502 1503/1/1503 1504/1/1504 
f 1504/1/1504 1505/1/1505 1502/1/1502 
f 1505/1/1505 1506/1/1506 1507/1/1507 
f 1507/1/1507 1502/1/1502 1505/1/1505 
f 1507/1/1507 1501/1/1501 1503/1/1503 
f 1508/1/1508 1509/1/1509 1401/1/1401 
f 1434/1/1434 1433/1/1433 1497/1/1497 
f 1508/1/1508 1497/1/1497 1501/1/1501 
f 1501/1/1501 1507/1/1507 1508/1/1508 
f 1507/1/1507 1506/1/1506 1509/1/1509 
f 1509/1/1509 1508/1/1508 1507/1/1507 
f 1510/1/1510 1511/1/1511 1512/1/1512 
f 1512/1/1512 1513/1/1513 1510/1/1510 
f 1512/1/1512 1514/1/1514 1515/1/1515 
f 1515/1/1515 1513/1/1513 1512/1/1512 
f 1513/1/1513 1515/1/1515 1516/1/1516 
f 1516/1/1516 1517/1/1517 1513/1/1513 
f 1513/1/1513 1517/1/1517 1518/1/1518 
f 1518/1/1518 1510/1/1510 1513/1/1513 
f 1519/1/1519 1520/1/1520 1521/1/1521 
f 1522/1/1522 1523/1/1523 1524/1/1524 
f 1524/1/1524 1519/1/1519 1522/1/1522 
f 1524/1/1524 1525/1/1525 1526/1/1526 
f 1526/1/1526 1519/1/1519 1524/1/1524 
f 1519/1/1519 1526/1/1526 1527/1/1527 
f 1527/1/1527 1520/1/1520 1519/1/1519 
f 1528/1/1528 1529/1/1529 1530/1/1530 
f 1530/1/1530 1531/1/1531 1528/1/1528 
f 1528/1/1528 1531/1/1531 1523/1/1523 
f 1523/1/1523 1522/1/1522 1528/1/1528 
f 1528/1/1528 1522/1/1522 1521/1/1521 
f 1521/1/1521 1532/1/1532 1528/1/1528 
f 1528/1/1528 1532/1/1532 1533/1/1533 
f 1533/1/1533 1529/1/1529 1528/1/1528 
f 1534/1/1534 1533/1/1533 1532/1/1532 
f 1532/1/1532 1535/1/1535 1534/1/1534 
f 1520/1/1520 1535/1/1535 1532/1/1532 
f 1532/1/1532 1521/1/1521 1520/1/1520 
f 1535/1/1535 1520/1/1520 1527/1/1527 
f 1527/1/1527 1536/1/1536 1535/1/1535 
f 1536/1/1536 1537/1/1537 1534/1/1534 
f 1534/1/1534 1535/1/1535 1536/1/1536 
f 1538/1/1538 1516/1/1516 1515/1/1515 
f 1515/1/1515 1539/1/1539 1538/1/1538 
f 1539/1/1539 1515/1/1515 1514/1/1514 
f 1514/1/1514 1540/1/1540 1539/1/1539 
f 1540/1/1540 1530/1/1530 1529/1/1529 
f 1529/1/1529 1539/1/1539 1540/1/1540 
f 1538/1/1538 1539/1/1539 1529/1/1529 
f 1529/1/1529 1533/1/1533 1538/1/1538 
f 1541/1/1541 1542/1/1542 1518/1/1518 
f 1517/1/1517 1516/1/1516 1538/1/1538 
f 1538/1/1538 1541/1/1541 1517/1/1517 
f 1541/1/1541 1538/1/1538 1533/1/1533 
f 1533/1/1533 1534/1/1534 1541/1/1541 
f 1534/1/1534 1537/1/1537 1542/1/1542 
f 1543/1/1543 1544/1/1544 1511/1/1511 
f 1511/1/1511 1510/1/1510 1543/1/1543 
f 1510/1/1510 1518/1/1518 1542/1/1542 
f 1542/1/1542 1543/1/1543 1510/1/1510 
f 1543/1/1543 1542/1/1542 1537/1/1537 
f 1537/1/1537 1545/1/1545 1543/1/1543 
f 1545/1/1545 1546/1/1546 1544/1/1544 
f 1544/1/1544 1543/1/1543 1545/1/1545 
f 1547/1/1547 1526/1/1526 1525/1/1525 
f 1525/1/1525 1548/1/1548 1547/1/1547 
f 1548/1/1548 1546/1/1546 1545/1/1545 
f 1545/1/1545 1547/1/1547 1548/1/1548 
f 1547/1/1547 1545/1/1545 1537/1/1537 
f 1537/1/1537 1536/1/1536 1547/1/1547 
f 1536/1/1536 1527/1/1527 1526/1/1526 
f 1526/1/1526 1547/1/1547 1536/1/1536 
f 1549/1/1549 1550/1/1550 1551/1/1551 
f 1551/1/1551 1552/1/1552 1549/1/1549 
f 1552/1/1552 1553/1/1553 1554/1/1554 
f 1554/1/1554 1549/1/1549 1552/1/1552 
f 1549/1/1549 1554/1/1554 1555/1/1555 
f 1555/1/1555 1556/1/1556 1549/1/1549 
f 1556/1/1556 1557/1/1557 1550/1/1550 
f 1550/1/1550 1549/1/1549 1556/1/1556 
f 1558/1/1558 1559/1/1559 1551/1/1551 
f 1551/1/1551 1550/1/1550 1558/1/1558 
f 1550/1/1550 1557/1/1557 1560/1/1560 
f 1560/1/1560 1558/1/1558 1550/1/1550 
f 1558/1/1558 1560/1/1560 1561/1/1561 
f 1561/1/1561 1562/1/1562 1558/1/1558 
f 1562/1/1562 1563/1/1563 1559/1/1559 
f 1559/1/1559 1558/1/1558 1562/1/1562 
f 1564/1/1564 1565/1/1565 1566/1/1566 
f 1566/1/1566 1567/1/1567 1564/1/1564 
f 1567/1/1567 1568/1/1568 1569/1/1569 
f 1569/1/1569 1564/1/1564 1567/1/1567 
f 1564/1/1564 1569/1/1569 1553/1/1553 
f 1553/1/1553 1552/1/1552 1564/1/1564 
f 1552/1/1552 1551/1/1551 1565/1/1565 
f 1565/1/1565 1564/1/1564 1552/1/1552 
f 1570/1/1570 1571/1/1571 1566/1/1566 
f 1566/1/1566 1565/1/1565 1570/1/1570 
f 1565/1/1565 1551/1/1551 1559/1/1559 
f 1559/1/1559 1570/1/1570 1565/1/1565 
f 1570/1/1570 1559/1/1559 1563/1/1563 
f 1563/1/1563 1572/1/1572 1570/1/1570 
f 1572/1/1572 1573/1/1573 1571/1/1571 
f 1571/1/1571 1570/1/1570 1572/1/1572 
f 1574/1/1574 1575/1/1575 1506/1/1506 
f 1506/1/1506 1505/1/1505 1574/1/1574 
f 1505/1/1505 1504/1/1504 1576/1/1576 
f 1576/1/1576 1574/1/1574 1505/1/1505 
f 1574/1/1574 1576/1/1576 1568/1/1568 
f 1568/1/1568 1577/1/1577 1574/1/1574 
f 1577/1/1577 1578/1/1578 1575/1/1575 
f 1575/1/1575 1574/1/1574 1577/1/1577 
f 1579/1/1579 1573/1/1573 1580/1/1580 
f 1580/1/1580 837/1/837 836/1/836 
f 836/1/836 1581/1/1581 1580/1/1580 
f 1581/1/1581 836/1/836 831/1/831 
f 1582/1/1582 1583/1/1583 1579/1/1579 
f 1579/1/1579 1581/1/1581 1582/1/1582 
f 1584/1/1584 1582/1/1582 831/1/831 
f 830/1/830 817/1/817 824/1/824 
f 824/1/824 1584/1/1584 830/1/830 
f 1584/1/1584 824/1/824 524/1/524 
f 524/1/524 1585/1/1585 1584/1/1584 
f 1585/1/1585 1583/1/1583 1582/1/1582 
f 1586/1/1586 1587/1/1587 1578/1/1578 
f 1588/1/1588 535/1/535 534/1/534 
f 1586/1/1586 534/1/534 533/1/533 
f 1422/1/1422 1403/1/1403 1587/1/1587 
f 1575/1/1575 1578/1/1578 1587/1/1587 
f 1587/1/1587 1589/1/1589 1575/1/1575 
f 1587/1/1587 1403/1/1403 1402/1/1402 
f 1402/1/1402 1401/1/1401 1509/1/1509 
f 1509/1/1509 1589/1/1589 1402/1/1402 
f 1509/1/1509 1506/1/1506 1575/1/1575 
f 1575/1/1575 1589/1/1589 1509/1/1509 
f 1590/1/1590 1585/1/1585 524/1/524 
f 524/1/524 523/1/523 1590/1/1590 
f 523/1/523 520/1/520 1591/1/1591 
f 1591/1/1591 1592/1/1592 1593/1/1593 
f 1593/1/1593 1583/1/1583 1585/1/1585 
f 1585/1/1585 1590/1/1590 1593/1/1593 
f 1594/1/1594 1577/1/1577 1568/1/1568 
f 1567/1/1567 1566/1/1566 1595/1/1595 
f 1594/1/1594 1595/1/1595 1596/1/1596 
f 1596/1/1596 1597/1/1597 1594/1/1594 
f 1597/1/1597 1578/1/1578 1577/1/1577 
f 1598/1/1598 1599/1/1599 512/1/512 
f 512/1/512 530/1/530 1598/1/1598 
f 530/1/530 529/1/529 536/1/536 
f 536/1/536 1598/1/1598 530/1/530 
f 536/1/536 535/1/535 1600/1/1600 
f 1600/1/1600 1598/1/1598 536/1/536 
f 1600/1/1600 1592/1/1592 1599/1/1599 
f 1599/1/1599 1598/1/1598 1600/1/1600 
f 1601/1/1601 519/1/519 508/1/508 
f 507/1/507 512/1/512 1599/1/1599 
f 1599/1/1599 1601/1/1601 507/1/507 
f 1591/1/1591 1601/1/1601 1599/1/1599 
f 1599/1/1599 1592/1/1592 1591/1/1591 
f 1591/1/1591 520/1/520 519/1/519 
f 519/1/519 1601/1/1601 1591/1/1591 
f 1593/1/1593 1592/1/1592 1602/1/1602 
f 1602/1/1602 1603/1/1603 1593/1/1593 
f 1603/1/1603 1602/1/1602 1596/1/1596 
f 1596/1/1596 1604/1/1604 1603/1/1603 
f 1603/1/1603 1604/1/1604 1583/1/1583 
f 1605/1/1605 1600/1/1600 535/1/535 
f 535/1/535 1588/1/1588 1605/1/1605 
f 1588/1/1588 1578/1/1578 1597/1/1597 
f 1597/1/1597 1605/1/1605 1588/1/1588 
f 1597/1/1597 1596/1/1596 1602/1/1602 
f 1602/1/1602 1592/1/1592 1600/1/1600 
f 1600/1/1600 1605/1/1605 1602/1/1602 
f 1606/1/1606 1595/1/1595 1566/1/1566 
f 1566/1/1566 1571/1/1571 1606/1/1606 
f 1571/1/1571 1573/1/1573 1579/1/1579 
f 1579/1/1579 1606/1/1606 1571/1/1571 
f 1606/1/1606 1579/1/1579 1583/1/1583 
f 1583/1/1583 1604/1/1604 1606/1/1606 
f 1604/1/1604 1596/1/1596 1595/1/1595 
f 1595/1/1595 1606/1/1606 1604/1/1604 
f 1607/1/1607 838/1/838 837/1/837 
f 837/1/837 1580/1/1580 1607/1/1607 
f 1580/1/1580 1573/1/1573 1608/1/1608 
f 1608/1/1608 1609/1/1609 1610/1/1610 
f 1610/1/1610 1607/1/1607 1608/1/1608 
f 1607/1/1607 1610/1/1610 839/1/839 
f 1611/1/1611 1612/1/1612 1613/1/1613 
f 1613/1/1613 1614/1/1614 1611/1/1611 
f 1613/1/1613 1483/1/1483 1487/1/1487 
f 1487/1/1487 1614/1/1614 1613/1/1613 
f 1614/1/1614 1487/1/1487 846/1/846 
f 1615/1/1615 1616/1/1616 1611/1/1611 
f 1611/1/1611 1616/1/1616 1617/1/1617 
f 1617/1/1617 1618/1/1618 1611/1/1611 
f 1618/1/1618 1617/1/1617 1619/1/1619 
f 1618/1/1618 1620/1/1620 1612/1/1612 
f 1612/1/1612 1611/1/1611 1618/1/1618 
f 1621/1/1621 1617/1/1617 1616/1/1616 
f 1622/1/1622 839/1/839 1610/1/1610 
f 1610/1/1610 1621/1/1621 1622/1/1622 
f 1621/1/1621 1610/1/1610 1609/1/1609 
f 1623/1/1623 1619/1/1619 1617/1/1617 
f 1617/1/1617 1621/1/1621 1623/1/1623 
f 1624/1/1624 1625/1/1625 1626/1/1626 
f 1626/1/1626 1494/1/1494 1492/1/1492 
f 1492/1/1492 1627/1/1627 1626/1/1626 
f 1627/1/1627 1492/1/1492 1483/1/1483 
f 1613/1/1613 1612/1/1612 1624/1/1624 
f 1628/1/1628 1629/1/1629 1609/1/1609 
f 1609/1/1609 1608/1/1608 1628/1/1628 
f 1608/1/1608 1573/1/1573 1572/1/1572 
f 1572/1/1572 1628/1/1628 1608/1/1608 
f 1628/1/1628 1572/1/1572 1563/1/1563 
f 1563/1/1563 1630/1/1630 1628/1/1628 
f 1630/1/1630 1631/1/1631 1629/1/1629 
f 1629/1/1629 1628/1/1628 1630/1/1630 
f 1632/1/1632 1633/1/1633 1619/1/1619 
f 1619/1/1619 1623/1/1623 1632/1/1632 
f 1623/1/1623 1609/1/1609 1629/1/1629 
f 1629/1/1629 1632/1/1632 1623/1/1623 
f 1632/1/1632 1629/1/1629 1631/1/1631 
f 1631/1/1631 1634/1/1634 1632/1/1632 
f 1634/1/1634 1635/1/1635 1633/1/1633 
f 1633/1/1633 1632/1/1632 1634/1/1634 
f 1636/1/1636 1637/1/1637 1625/1/1625 
f 1625/1/1625 1624/1/1624 1636/1/1636 
f 1620/1/1620 1636/1/1636 1624/1/1624 
f 1624/1/1624 1612/1/1612 1620/1/1620 
f 1620/1/1620 1619/1/1619 1633/1/1633 
f 1633/1/1633 1636/1/1636 1620/1/1620 
f 1633/1/1633 1635/1/1635 1637/1/1637 
f 1637/1/1637 1636/1/1636 1633/1/1633 
f 1638/1/1638 1639/1/1639 1631/1/1631 
f 1631/1/1631 1630/1/1630 1638/1/1638 
f 1630/1/1630 1563/1/1563 1562/1/1562 
f 1562/1/1562 1638/1/1638 1630/1/1630 
f 1638/1/1638 1562/1/1562 1561/1/1561 
f 1561/1/1561 1640/1/1640 1638/1/1638 
f 1640/1/1640 1641/1/1641 1639/1/1639 
f 1639/1/1639 1638/1/1638 1640/1/1640 
f 1642/1/1642 1643/1/1643 1644/1/1644 
f 1644/1/1644 1645/1/1645 1642/1/1642 
f 1645/1/1645 1625/1/1625 1637/1/1637 
f 1637/1/1637 1642/1/1642 1645/1/1645 
f 1642/1/1642 1637/1/1637 1635/1/1635 
f 1635/1/1635 1646/1/1646 1642/1/1642 
f 1646/1/1646 1647/1/1647 1643/1/1643 
f 1643/1/1643 1642/1/1642 1646/1/1646 
f 1646/1/1646 1635/1/1635 1634/1/1634 
f 1634/1/1634 1648/1/1648 1646/1/1646 
f 1634/1/1634 1631/1/1631 1639/1/1639 
f 1639/1/1639 1648/1/1648 1634/1/1634 
f 1648/1/1648 1639/1/1639 1641/1/1641 
f 1641/1/1641 1649/1/1649 1648/1/1648 
f 1648/1/1648 1649/1/1649 1647/1/1647 
f 1647/1/1647 1646/1/1646 1648/1/1648 
f 1650/1/1650 1651/1/1651 1641/1/1641 
f 1641/1/1641 1640/1/1640 1650/1/1650 
f 1640/1/1640 1561/1/1561 1652/1/1652 
f 1652/1/1652 1650/1/1650 1640/1/1640 
f 1650/1/1650 1652/1/1652 1653/1/1653 
f 1653/1/1653 1654/1/1654 1650/1/1650 
f 1650/1/1650 1654/1/1654 1655/1/1655 
f 1655/1/1655 1651/1/1651 1650/1/1650 
f 1656/1/1656 1657/1/1657 1658/1/1658 
f 1658/1/1658 1659/1/1659 1656/1/1656 
f 1659/1/1659 1644/1/1644 1643/1/1643 
f 1643/1/1643 1656/1/1656 1659/1/1659 
f 1656/1/1656 1643/1/1643 1647/1/1647 
f 1647/1/1647 1660/1/1660 1656/1/1656 
f 1660/1/1660 1661/1/1661 1657/1/1657 
f 1657/1/1657 1656/1/1656 1660/1/1660 
f 1662/1/1662 1663/1/1663 1661/1/1661 
f 1661/1/1661 1660/1/1660 1662/1/1662 
f 1660/1/1660 1647/1/1647 1649/1/1649 
f 1649/1/1649 1662/1/1662 1660/1/1660 
f 1662/1/1662 1649/1/1649 1641/1/1641 
f 1641/1/1641 1651/1/1651 1662/1/1662 
f 1651/1/1651 1655/1/1655 1663/1/1663 
f 1663/1/1663 1662/1/1662 1651/1/1651 
f 1664/1/1664 1665/1/1665 1666/1/1666 
f 1666/1/1666 1667/1/1667 1664/1/1664 
f 1667/1/1667 1668/1/1668 1669/1/1669 
f 1669/1/1669 1664/1/1664 1667/1/1667 
f 1664/1/1664 1669/1/1669 1670/1/1670 
f 1670/1/1670 1671/1/1671 1664/1/1664 
f 1671/1/1671 1672/1/1672 1665/1/1665 
f 1665/1/1665 1664/1/1664 1671/1/1671 
f 1673/1/1673 1674/1/1674 1675/1/1675 
f 1675/1/1675 1676/1/1676 1673/1/1673 
f 1676/1/1676 1675/1/1675 1668/1/1668 
f 1668/1/1668 1667/1/1667 1676/1/1676 
f 1667/1/1667 1666/1/1666 1677/1/1677 
f 1677/1/1677 1676/1/1676 1667/1/1667 
f 1676/1/1676 1677/1/1677 1678/1/1678 
f 1678/1/1678 1673/1/1673 1676/1/1676 
f 1679/1/1679 1680/1/1680 1681/1/1681 
f 1681/1/1681 1682/1/1682 1679/1/1679 
f 1682/1/1682 1683/1/1683 1684/1/1684 
f 1684/1/1684 1679/1/1679 1682/1/1682 
f 1679/1/1679 1684/1/1684 1674/1/1674 
f 1674/1/1674 1673/1/1673 1679/1/1679 
f 1673/1/1673 1678/1/1678 1680/1/1680 
f 1680/1/1680 1679/1/1679 1673/1/1673 
f 1685/1/1685 1686/1/1686 1687/1/1687 
f 1687/1/1687 1688/1/1688 1685/1/1685 
f 1688/1/1688 1689/1/1689 1690/1/1690 
f 1690/1/1690 1685/1/1685 1688/1/1688 
f 1685/1/1685 1690/1/1690 171/1/171 
f 171/1/171 170/1/170 1685/1/1685 
f 170/1/170 177/1/177 1686/1/1686 
f 1686/1/1686 1685/1/1685 170/1/170 
f 1691/1/1691 180/1/180 179/1/179 
f 179/1/179 1692/1/1692 1691/1/1691 
f 179/1/179 171/1/171 1690/1/1690 
f 1690/1/1690 1692/1/1692 179/1/179 
f 1692/1/1692 1690/1/1690 1689/1/1689 
f 1692/1/1692 1693/1/1693 1694/1/1694 
f 1694/1/1694 1691/1/1691 1692/1/1692 
f 1695/1/1695 188/1/188 180/1/180 
f 180/1/180 1691/1/1691 1695/1/1695 
f 1691/1/1691 1694/1/1694 1696/1/1696 
f 1696/1/1696 1695/1/1695 1691/1/1691 
f 1695/1/1695 1696/1/1696 1697/1/1697 
f 1698/1/1698 189/1/189 188/1/188 
f 188/1/188 1695/1/1695 1698/1/1698 
f 1699/1/1699 1700/1/1700 1701/1/1701 
f 1701/1/1701 1702/1/1702 1699/1/1699 
f 1702/1/1702 1701/1/1701 1131/1/1131 
f 1131/1/1131 1703/1/1703 1702/1/1702 
f 1703/1/1703 1704/1/1704 1705/1/1705 
f 1705/1/1705 1702/1/1702 1703/1/1703 
f 1702/1/1702 1705/1/1705 1706/1/1706 
f 1706/1/1706 1699/1/1699 1702/1/1702 
f 1707/1/1707 1708/1/1708 273/1/273 
f 273/1/273 272/1/272 1707/1/1707 
f 272/1/272 138/1/138 136/1/136 
f 136/1/136 1707/1/1707 272/1/272 
f 1707/1/1707 136/1/136 135/1/135 
f 135/1/135 1709/1/1709 1707/1/1707 
f 1709/1/1709 1710/1/1710 1708/1/1708 
f 1708/1/1708 1707/1/1707 1709/1/1709 
f 1711/1/1711 1712/1/1712 130/1/130 
f 130/1/130 128/1/128 1711/1/1711 
f 128/1/128 127/1/127 143/1/143 
f 143/1/143 1711/1/1711 128/1/128 
f 143/1/143 142/1/142 1713/1/1713 
f 1713/1/1713 1711/1/1711 143/1/143 
f 1711/1/1711 1713/1/1713 1714/1/1714 
f 1714/1/1714 1712/1/1712 1711/1/1711 
f 1715/1/1715 1716/1/1716 1717/1/1717 
f 1717/1/1717 1718/1/1718 1715/1/1715 
f 1718/1/1718 328/1/328 327/1/327 
f 327/1/327 1715/1/1715 1718/1/1718 
f 1715/1/1715 327/1/327 273/1/273 
f 273/1/273 1708/1/1708 1715/1/1715 
f 1708/1/1708 1710/1/1710 1716/1/1716 
f 1716/1/1716 1715/1/1715 1708/1/1708 
f 1719/1/1719 1720/1/1720 1229/1/1229 
f 1229/1/1229 1228/1/1228 1719/1/1719 
f 1719/1/1719 1228/1/1228 1216/1/1216 
f 1216/1/1216 1215/1/1215 1719/1/1719 
f 1719/1/1719 1215/1/1215 1214/1/1214 
f 1214/1/1214 1721/1/1721 1719/1/1719 
f 1721/1/1721 1722/1/1722 1720/1/1720 
f 1723/1/1723 1724/1/1724 1725/1/1725 
f 1725/1/1725 1726/1/1726 1723/1/1723 
f 1726/1/1726 1727/1/1727 1728/1/1728 
f 1728/1/1728 1723/1/1723 1726/1/1726 
f 1723/1/1723 1728/1/1728 1722/1/1722 
f 1721/1/1721 1214/1/1214 1724/1/1724 
f 1724/1/1724 1723/1/1723 1721/1/1721 
f 1729/1/1729 1730/1/1730 1240/1/1240 
f 1240/1/1240 1239/1/1239 1729/1/1729 
f 1239/1/1239 1231/1/1231 1230/1/1230 
f 1230/1/1230 1729/1/1729 1239/1/1239 
f 1729/1/1729 1230/1/1230 1229/1/1229 
f 1229/1/1229 1720/1/1720 1729/1/1729 
f 1720/1/1720 1722/1/1722 1730/1/1730 
f 1730/1/1730 1729/1/1729 1720/1/1720 
f 1731/1/1731 1234/1/1234 1236/1/1236 
f 1236/1/1236 1237/1/1237 1731/1/1731 
f 1237/1/1237 1242/1/1242 1732/1/1732 
f 1732/1/1732 1733/1/1733 1734/1/1734 
f 1734/1/1734 1226/1/1226 1234/1/1234 
f 1234/1/1234 1731/1/1731 1734/1/1734 
f 1735/1/1735 1736/1/1736 1737/1/1737 
f 1737/1/1737 1738/1/1738 1735/1/1735 
f 1737/1/1737 1739/1/1739 1740/1/1740 
f 1740/1/1740 1738/1/1738 1737/1/1737 
f 1738/1/1738 1740/1/1740 1525/1/1525 
f 1525/1/1525 1524/1/1524 1738/1/1738 
f 1738/1/1738 1524/1/1524 1523/1/1523 
f 1523/1/1523 1735/1/1735 1738/1/1738 
f 1741/1/1741 1531/1/1531 1530/1/1530 
f 1742/1/1742 1743/1/1743 1744/1/1744 
f 1744/1/1744 1741/1/1741 1742/1/1742 
f 1741/1/1741 1744/1/1744 1736/1/1736 
f 1735/1/1735 1523/1/1523 1531/1/1531 
f 1531/1/1531 1741/1/1741 1735/1/1735 
f 1745/1/1745 1746/1/1746 1747/1/1747 
f 1748/1/1748 1511/1/1511 1544/1/1544 
f 1544/1/1544 1745/1/1745 1748/1/1748 
f 1745/1/1745 1544/1/1544 1546/1/1546 
f 1546/1/1546 1749/1/1749 1745/1/1745 
f 1749/1/1749 1750/1/1750 1746/1/1746 
f 1746/1/1746 1745/1/1745 1749/1/1749 
f 1751/1/1751 1749/1/1749 1546/1/1546 
f 1546/1/1546 1548/1/1548 1751/1/1751 
f 1548/1/1548 1525/1/1525 1740/1/1740 
f 1740/1/1740 1751/1/1751 1548/1/1548 
f 1740/1/1740 1739/1/1739 1752/1/1752 
f 1752/1/1752 1751/1/1751 1740/1/1740 
f 1752/1/1752 1750/1/1750 1749/1/1749 
f 1749/1/1749 1751/1/1751 1752/1/1752 
f 1753/1/1753 1204/1/1204 1203/1/1203 
f 1203/1/1203 1754/1/1754 1753/1/1753 
f 1203/1/1203 1210/1/1210 1223/1/1223 
f 1223/1/1223 1754/1/1754 1203/1/1203 
f 1754/1/1754 1223/1/1223 1222/1/1222 
f 1222/1/1222 1755/1/1755 1754/1/1754 
f 1755/1/1755 1756/1/1756 1753/1/1753 
f 1753/1/1753 1754/1/1754 1755/1/1755 
f 1757/1/1757 1755/1/1755 1222/1/1222 
f 1222/1/1222 1221/1/1221 1757/1/1757 
f 1221/1/1221 1226/1/1226 1734/1/1734 
f 1734/1/1734 1757/1/1757 1221/1/1221 
f 1757/1/1757 1734/1/1734 1733/1/1733 
f 1758/1/1758 1756/1/1756 1755/1/1755 
f 1755/1/1755 1757/1/1757 1758/1/1758 
f 1759/1/1759 1127/1/1127 1126/1/1126 
f 1126/1/1126 1760/1/1760 1759/1/1759 
f 1760/1/1760 1761/1/1761 1762/1/1762 
f 1762/1/1762 1759/1/1759 1760/1/1760 
f 1759/1/1759 1762/1/1762 1763/1/1763 
f 1763/1/1763 1764/1/1764 1759/1/1759 
f 1764/1/1764 1128/1/1128 1127/1/1127 
f 1127/1/1127 1759/1/1759 1764/1/1764 
f 1765/1/1765 1762/1/1762 1761/1/1761 
f 1761/1/1761 1766/1/1766 1765/1/1765 
f 1363/1/1363 1765/1/1765 1766/1/1766 
f 1766/1/1766 1364/1/1364 1363/1/1363 
f 1767/1/1767 1765/1/1765 1363/1/1363 
f 1363/1/1363 1362/1/1362 1767/1/1767 
f 1767/1/1767 1763/1/1763 1762/1/1762 
f 1762/1/1762 1765/1/1765 1767/1/1767 
f 1768/1/1768 1769/1/1769 1770/1/1770 
f 1770/1/1770 1771/1/1771 1768/1/1768 
f 1771/1/1771 1772/1/1772 1773/1/1773 
f 1773/1/1773 1768/1/1768 1771/1/1771 
f 1768/1/1768 1773/1/1773 1774/1/1774 
f 1774/1/1774 1775/1/1775 1768/1/1768 
f 1775/1/1775 1776/1/1776 1769/1/1769 
f 1769/1/1769 1768/1/1768 1775/1/1775 
f 1777/1/1777 1778/1/1778 1779/1/1779 
f 1779/1/1779 1780/1/1780 1777/1/1777 
f 1777/1/1777 158/1/158 157/1/157 
f 157/1/157 1778/1/1778 1777/1/1777 
f 1778/1/1778 157/1/157 156/1/156 
f 156/1/156 1781/1/1781 1778/1/1778 
f 1779/1/1779 1778/1/1778 1781/1/1781 
f 1781/1/1781 1782/1/1782 1779/1/1779 
f 1783/1/1783 1784/1/1784 1785/1/1785 
f 1785/1/1785 1786/1/1786 1783/1/1783 
f 1786/1/1786 1787/1/1787 1788/1/1788 
f 1788/1/1788 1783/1/1783 1786/1/1786 
f 1783/1/1783 1788/1/1788 48/1/48 
f 48/1/48 47/1/47 1783/1/1783 
f 47/1/47 46/1/46 1784/1/1784 
f 1784/1/1784 1783/1/1783 47/1/47 
f 1789/1/1789 48/1/48 1788/1/1788 
f 1788/1/1788 1790/1/1790 1789/1/1789 
f 1790/1/1790 1788/1/1788 1787/1/1787 
f 1787/1/1787 1791/1/1791 1790/1/1790 
f 1790/1/1790 1791/1/1791 1792/1/1792 
f 1792/1/1792 1793/1/1793 1790/1/1790 
f 1790/1/1790 1793/1/1793 1794/1/1794 
f 1794/1/1794 1789/1/1789 1790/1/1790 
f 1795/1/1795 1793/1/1793 1792/1/1792 
f 1792/1/1792 1796/1/1796 1795/1/1795 
f 1796/1/1796 1714/1/1714 1713/1/1713 
f 1713/1/1713 1795/1/1795 1796/1/1796 
f 1795/1/1795 1713/1/1713 142/1/142 
f 142/1/142 1797/1/1797 1795/1/1795 
f 1797/1/1797 1794/1/1794 1793/1/1793 
f 1793/1/1793 1795/1/1795 1797/1/1797 
f 1798/1/1798 1799/1/1799 1794/1/1794 
f 1797/1/1797 142/1/142 141/1/141 
f 141/1/141 1798/1/1798 1797/1/1797 
f 1798/1/1798 141/1/141 147/1/147 
f 1800/1/1800 1801/1/1801 1799/1/1799 
f 1799/1/1799 1798/1/1798 1800/1/1800 
f 1802/1/1802 49/1/49 48/1/48 
f 1789/1/1789 1794/1/1794 1799/1/1799 
f 1799/1/1799 1802/1/1802 1789/1/1789 
f 1802/1/1802 1799/1/1799 1801/1/1801 
f 1801/1/1801 1803/1/1803 1802/1/1802 
f 1803/1/1803 50/1/50 49/1/49 
f 1804/1/1804 1805/1/1805 1806/1/1806 
f 1806/1/1806 1807/1/1807 1804/1/1804 
f 1807/1/1807 1687/1/1687 1686/1/1686 
f 1686/1/1686 1804/1/1804 1807/1/1807 
f 1804/1/1804 1686/1/1686 177/1/177 
f 177/1/177 1808/1/1808 1804/1/1804 
f 1808/1/1808 1809/1/1809 1805/1/1805 
f 1805/1/1805 1804/1/1804 1808/1/1808 
f 1810/1/1810 1805/1/1805 1809/1/1809 
f 1809/1/1809 1811/1/1811 1810/1/1810 
f 1811/1/1811 1770/1/1770 1769/1/1769 
f 1769/1/1769 1810/1/1810 1811/1/1811 
f 1810/1/1810 1769/1/1769 1776/1/1776 
f 1776/1/1776 1812/1/1812 1810/1/1810 
f 1812/1/1812 1806/1/1806 1805/1/1805 
f 1805/1/1805 1810/1/1810 1812/1/1812 
f 1813/1/1813 1814/1/1814 1727/1/1727 
f 1727/1/1727 1726/1/1726 1813/1/1813 
f 1726/1/1726 1725/1/1725 1815/1/1815 
f 1815/1/1815 1813/1/1813 1726/1/1726 
f 1813/1/1813 1815/1/1815 1072/1/1072 
f 1072/1/1072 1816/1/1816 1813/1/1813 
f 1816/1/1816 1817/1/1817 1814/1/1814 
f 1818/1/1818 1819/1/1819 1066/1/1066 
f 1066/1/1066 1065/1/1065 1818/1/1818 
f 1065/1/1065 239/1/239 1820/1/1820 
f 1820/1/1820 1818/1/1818 1065/1/1065 
f 1818/1/1818 1820/1/1820 1821/1/1821 
f 1821/1/1821 1822/1/1822 1818/1/1818 
f 1822/1/1822 1823/1/1823 1819/1/1819 
f 1819/1/1819 1818/1/1818 1822/1/1822 
f 1824/1/1824 1705/1/1705 1704/1/1704 
f 1704/1/1704 1825/1/1825 1824/1/1824 
f 1825/1/1825 1066/1/1066 1819/1/1819 
f 1819/1/1819 1824/1/1824 1825/1/1825 
f 1824/1/1824 1819/1/1819 1823/1/1823 
f 1823/1/1823 1826/1/1826 1824/1/1824 
f 1826/1/1826 1706/1/1706 1705/1/1705 
f 1705/1/1705 1824/1/1824 1826/1/1826 
f 1827/1/1827 1828/1/1828 1817/1/1817 
f 1816/1/1816 1072/1/1072 1071/1/1071 
f 1827/1/1827 1071/1/1071 228/1/228 
f 228/1/228 1829/1/1829 1827/1/1827 
f 1829/1/1829 1830/1/1830 1828/1/1828 
f 1828/1/1828 1827/1/1827 1829/1/1829 
f 1831/1/1831 1832/1/1832 1833/1/1833 
f 1834/1/1834 234/1/234 331/1/331 
f 331/1/331 1831/1/1831 1834/1/1834 
f 1831/1/1831 331/1/331 328/1/328 
f 328/1/328 1718/1/1718 1831/1/1831 
f 1718/1/1718 1717/1/1717 1832/1/1832 
f 1832/1/1832 1831/1/1831 1718/1/1718 
f 1835/1/1835 1836/1/1836 1830/1/1830 
f 1829/1/1829 228/1/228 227/1/227 
f 227/1/227 1835/1/1835 1829/1/1829 
f 1835/1/1835 227/1/227 234/1/234 
f 234/1/234 1834/1/1834 1835/1/1835 
f 1834/1/1834 1833/1/1833 1836/1/1836 
f 1836/1/1836 1835/1/1835 1834/1/1834 
f 1837/1/1837 1838/1/1838 1839/1/1839 
f 1839/1/1839 1840/1/1840 1837/1/1837 
f 1840/1/1840 1821/1/1821 1820/1/1820 
f 1820/1/1820 1837/1/1837 1840/1/1840 
f 1837/1/1837 1820/1/1820 239/1/239 
f 239/1/239 238/1/238 1837/1/1837 
f 238/1/238 237/1/237 1838/1/1838 
f 1838/1/1838 1837/1/1837 238/1/238 
f 1841/1/1841 1842/1/1842 1843/1/1843 
f 1843/1/1843 1844/1/1844 1841/1/1841 
f 1844/1/1844 1124/1/1124 1122/1/1122 
f 1841/1/1841 1122/1/1122 1121/1/1121 
f 1121/1/1121 1845/1/1845 1841/1/1841 
f 1845/1/1845 1846/1/1846 1842/1/1842 
f 1842/1/1842 1841/1/1841 1845/1/1845 
f 1847/1/1847 1848/1/1848 133/1/133 
f 133/1/133 139/1/139 1847/1/1847 
f 1847/1/1847 139/1/139 138/1/138 
f 138/1/138 271/1/271 1847/1/1847 
f 271/1/271 270/1/270 1849/1/1849 
f 1849/1/1849 1847/1/1847 271/1/271 
f 1849/1/1849 1850/1/1850 1848/1/1848 
f 1848/1/1848 1847/1/1847 1849/1/1849 
f 1851/1/1851 144/1/144 127/1/127 
f 127/1/127 126/1/126 1851/1/1851 
f 126/1/126 133/1/133 1848/1/1848 
f 1848/1/1848 1851/1/1851 126/1/126 
f 1852/1/1852 1851/1/1851 1848/1/1848 
f 1848/1/1848 1850/1/1850 1852/1/1852 
f 1852/1/1852 145/1/145 144/1/144 
f 144/1/144 1851/1/1851 1852/1/1852 
f 1853/1/1853 1854/1/1854 1710/1/1710 
f 1710/1/1710 1709/1/1709 1853/1/1853 
f 1709/1/1709 135/1/135 134/1/134 
f 134/1/134 1853/1/1853 1709/1/1709 
f 1853/1/1853 134/1/134 131/1/131 
f 131/1/131 1855/1/1855 1853/1/1853 
f 1855/1/1855 1856/1/1856 1854/1/1854 
f 1854/1/1854 1853/1/1853 1855/1/1855 
f 1857/1/1857 1858/1/1858 1856/1/1856 
f 1856/1/1856 1855/1/1855 1857/1/1857 
f 1855/1/1855 131/1/131 129/1/129 
f 129/1/129 1857/1/1857 1855/1/1855 
f 129/1/129 130/1/130 1712/1/1712 
f 1712/1/1712 1857/1/1857 129/1/129 
f 1712/1/1712 1714/1/1714 1858/1/1858 
f 1858/1/1858 1857/1/1857 1712/1/1712 
f 1859/1/1859 1860/1/1860 1861/1/1861 
f 1861/1/1861 1862/1/1862 1859/1/1859 
f 1862/1/1862 1839/1/1839 1838/1/1838 
f 1838/1/1838 1859/1/1859 1862/1/1862 
f 1859/1/1859 1838/1/1838 237/1/237 
f 237/1/237 338/1/338 1859/1/1859 
f 338/1/338 335/1/335 1860/1/1860 
f 1860/1/1860 1859/1/1859 338/1/338 
f 1863/1/1863 1860/1/1860 335/1/335 
f 335/1/335 334/1/334 1863/1/1863 
f 1863/1/1863 334/1/334 189/1/189 
f 189/1/189 1698/1/1698 1863/1/1863 
f 1864/1/1864 1863/1/1863 1698/1/1698 
f 1698/1/1698 1697/1/1697 1864/1/1864 
f 1864/1/1864 1861/1/1861 1860/1/1860 
f 1860/1/1860 1863/1/1863 1864/1/1864 
f 1865/1/1865 1866/1/1866 261/1/261 
f 261/1/261 260/1/260 1865/1/1865 
f 260/1/260 259/1/259 1867/1/1867 
f 1867/1/1867 1865/1/1865 260/1/260 
f 1865/1/1865 1867/1/1867 1868/1/1868 
f 1868/1/1868 1869/1/1869 1865/1/1865 
f 1865/1/1865 1869/1/1869 1870/1/1870 
f 1870/1/1870 1866/1/1866 1865/1/1865 
f 1871/1/1871 280/1/280 279/1/279 
f 279/1/279 1872/1/1872 1871/1/1871 
f 1872/1/1872 1870/1/1870 1869/1/1869 
f 1869/1/1869 1871/1/1871 1872/1/1872 
f 1871/1/1871 1869/1/1869 1868/1/1868 
f 1868/1/1868 1873/1/1873 1871/1/1871 
f 280/1/280 1871/1/1871 1873/1/1873 
f 1873/1/1873 281/1/281 280/1/280 
f 1874/1/1874 1875/1/1875 1514/1/1514 
f 1514/1/1514 1512/1/1512 1874/1/1874 
f 1874/1/1874 1512/1/1512 1511/1/1511 
f 1511/1/1511 1748/1/1748 1874/1/1874 
f 1748/1/1748 1747/1/1747 1876/1/1876 
f 1876/1/1876 1874/1/1874 1748/1/1748 
f 1876/1/1876 1877/1/1877 1875/1/1875 
f 1875/1/1875 1874/1/1874 1876/1/1876 
f 1878/1/1878 1875/1/1875 1877/1/1877 
f 1879/1/1879 1743/1/1743 1742/1/1742 
f 1878/1/1878 1742/1/1742 1530/1/1530 
f 1530/1/1530 1540/1/1540 1878/1/1878 
f 1540/1/1540 1514/1/1514 1875/1/1875 
f 1875/1/1875 1878/1/1878 1540/1/1540 
f 1880/1/1880 1881/1/1881 1882/1/1882 
f 1882/1/1882 1883/1/1883 1880/1/1880 
f 1883/1/1883 1884/1/1884 1885/1/1885 
f 1885/1/1885 1880/1/1880 1883/1/1883 
f 1880/1/1880 1885/1/1885 1886/1/1886 
f 1886/1/1886 1887/1/1887 1880/1/1880 
f 1887/1/1887 1888/1/1888 1881/1/1881 
f 1881/1/1881 1880/1/1880 1887/1/1887 
f 1889/1/1889 1456/1/1456 1455/1/1455 
f 1455/1/1455 1890/1/1890 1889/1/1889 
f 1890/1/1890 1882/1/1882 1881/1/1881 
f 1881/1/1881 1889/1/1889 1890/1/1890 
f 1889/1/1889 1881/1/1881 1888/1/1888 
f 1888/1/1888 1891/1/1891 1889/1/1889 
f 1891/1/1891 1457/1/1457 1456/1/1456 
f 1456/1/1456 1889/1/1889 1891/1/1891 
f 1892/1/1892 1893/1/1893 1894/1/1894 
f 1894/1/1894 1895/1/1895 1892/1/1892 
f 1895/1/1895 1896/1/1896 1897/1/1897 
f 1897/1/1897 1892/1/1892 1895/1/1895 
f 1892/1/1892 1897/1/1897 1898/1/1898 
f 1898/1/1898 1899/1/1899 1892/1/1892 
f 1899/1/1899 1900/1/1900 1893/1/1893 
f 1893/1/1893 1892/1/1892 1899/1/1899 
f 1901/1/1901 1902/1/1902 1903/1/1903 
f 1903/1/1903 1904/1/1904 1901/1/1901 
f 1904/1/1904 1905/1/1905 1906/1/1906 
f 1906/1/1906 1901/1/1901 1904/1/1904 
f 1901/1/1901 1906/1/1906 1900/1/1900 
f 1900/1/1900 1899/1/1899 1901/1/1901 
f 1899/1/1899 1898/1/1898 1902/1/1902 
f 1902/1/1902 1901/1/1901 1899/1/1899 
f 1907/1/1907 1908/1/1908 1725/1/1725 
f 1725/1/1725 1724/1/1724 1907/1/1907 
f 1724/1/1724 1214/1/1214 1213/1/1213 
f 1213/1/1213 1907/1/1907 1724/1/1724 
f 1907/1/1907 1213/1/1213 1206/1/1206 
f 1206/1/1206 1909/1/1909 1907/1/1907 
f 1909/1/1909 1910/1/1910 1908/1/1908 
f 1908/1/1908 1907/1/1907 1909/1/1909 
f 1911/1/1911 1912/1/1912 1074/1/1074 
f 1074/1/1074 1073/1/1073 1911/1/1911 
f 1073/1/1073 1072/1/1072 1815/1/1815 
f 1815/1/1815 1911/1/1911 1073/1/1073 
f 1908/1/1908 1911/1/1911 1815/1/1815 
f 1815/1/1815 1725/1/1725 1908/1/1908 
f 1911/1/1911 1908/1/1908 1910/1/1910 
f 1910/1/1910 1912/1/1912 1911/1/1911 
f 1913/1/1913 1914/1/1914 1079/1/1079 
f 1079/1/1079 1078/1/1078 1913/1/1913 
f 1078/1/1078 1077/1/1077 1915/1/1915 
f 1915/1/1915 1913/1/1913 1078/1/1078 
f 1913/1/1913 1915/1/1915 1916/1/1916 
f 1916/1/1916 1917/1/1917 1913/1/1913 
f 1917/1/1917 1918/1/1918 1914/1/1914 
f 1914/1/1914 1913/1/1913 1917/1/1917 
f 1919/1/1919 1920/1/1920 1921/1/1921 
f 1921/1/1921 1922/1/1922 1919/1/1919 
f 1919/1/1919 1922/1/1922 1923/1/1923 
f 1923/1/1923 1924/1/1924 1919/1/1919 
f 1919/1/1919 1924/1/1924 1918/1/1918 
f 1918/1/1918 1917/1/1917 1919/1/1919 
f 1917/1/1917 1916/1/1916 1920/1/1920 
f 1920/1/1920 1919/1/1919 1917/1/1917 
f 1925/1/1925 1926/1/1926 1927/1/1927 
f 1928/1/1928 1929/1/1929 1930/1/1930 
f 1925/1/1925 1930/1/1930 1931/1/1931 
f 1931/1/1931 1932/1/1932 1925/1/1925 
f 1932/1/1932 1933/1/1933 1926/1/1926 
f 1926/1/1926 1925/1/1925 1932/1/1932 
f 1934/1/1934 1926/1/1926 1933/1/1933 
f 1933/1/1933 1935/1/1935 1934/1/1934 
f 1935/1/1935 1756/1/1756 1758/1/1758 
f 1758/1/1758 1733/1/1733 1936/1/1936 
f 1936/1/1936 1934/1/1934 1758/1/1758 
f 1936/1/1936 1927/1/1927 1926/1/1926 
f 1937/1/1937 1938/1/1938 1896/1/1896 
f 1896/1/1896 1895/1/1895 1937/1/1937 
f 1895/1/1895 1894/1/1894 1939/1/1939 
f 1939/1/1939 1937/1/1937 1895/1/1895 
f 1937/1/1937 1939/1/1939 1133/1/1133 
f 1133/1/1133 1940/1/1940 1937/1/1937 
f 1940/1/1940 1941/1/1941 1938/1/1938 
f 1938/1/1938 1937/1/1937 1940/1/1940 
f 1133/1/1133 1132/1/1132 1942/1/1942 
f 1132/1/1132 1131/1/1131 1701/1/1701 
f 1701/1/1701 1942/1/1942 1132/1/1132 
f 1942/1/1942 1701/1/1701 1700/1/1700 
f 1943/1/1943 1941/1/1941 1940/1/1940 
f 1940/1/1940 1942/1/1942 1943/1/1943 
f 1944/1/1944 1945/1/1945 1946/1/1946 
f 1946/1/1946 1947/1/1947 1944/1/1944 
f 1947/1/1947 1843/1/1843 1842/1/1842 
f 1842/1/1842 1944/1/1944 1947/1/1947 
f 1944/1/1944 1842/1/1842 1846/1/1846 
f 1846/1/1846 1948/1/1948 1944/1/1944 
f 1948/1/1948 1949/1/1949 1945/1/1945 
f 1945/1/1945 1944/1/1944 1948/1/1948 
f 1950/1/1950 1945/1/1945 1949/1/1949 
f 1949/1/1949 1951/1/1951 1950/1/1950 
f 1951/1/1951 1923/1/1923 1922/1/1922 
f 1922/1/1922 1950/1/1950 1951/1/1951 
f 1950/1/1950 1922/1/1922 1921/1/1921 
f 1921/1/1921 1952/1/1952 1950/1/1950 
f 1952/1/1952 1946/1/1946 1945/1/1945 
f 1953/1/1953 1931/1/1931 1930/1/1930 
f 1929/1/1929 1954/1/1954 1955/1/1955 
f 1956/1/1956 1955/1/1955 1954/1/1954 
f 1954/1/1954 1957/1/1957 1956/1/1956 
f 1956/1/1956 1958/1/1958 1953/1/1953 
f 1953/1/1953 1955/1/1955 1956/1/1956 
f 1956/1/1956 1957/1/1957 1959/1/1959 
f 1959/1/1959 1747/1/1747 1746/1/1746 
f 1746/1/1746 1960/1/1960 1959/1/1959 
f 1746/1/1746 1750/1/1750 1961/1/1961 
f 1961/1/1961 1960/1/1960 1746/1/1746 
f 1956/1/1956 1960/1/1960 1961/1/1961 
f 1961/1/1961 1958/1/1958 1956/1/1956 
f 1962/1/1962 1963/1/1963 1905/1/1905 
f 1905/1/1905 1904/1/1904 1962/1/1962 
f 1904/1/1904 1903/1/1903 1964/1/1964 
f 1964/1/1964 1962/1/1962 1904/1/1904 
f 1964/1/1964 1965/1/1965 1966/1/1966 
f 1966/1/1966 1962/1/1962 1964/1/1964 
f 1962/1/1962 1966/1/1966 1967/1/1967 
f 1967/1/1967 1963/1/1963 1962/1/1962 
f 1968/1/1968 1966/1/1966 1965/1/1965 
f 1965/1/1965 1969/1/1969 1968/1/1968 
f 1969/1/1969 1886/1/1886 1885/1/1885 
f 1968/1/1968 1885/1/1885 1884/1/1884 
f 1884/1/1884 1970/1/1970 1968/1/1968 
f 1970/1/1970 1967/1/1967 1966/1/1966 
f 1966/1/1966 1968/1/1968 1970/1/1970 
f 1971/1/1971 1972/1/1972 1973/1/1973 
f 1974/1/1974 1736/1/1736 1744/1/1744 
f 1744/1/1744 1971/1/1971 1974/1/1974 
f 1971/1/1971 1744/1/1744 1743/1/1743 
f 1743/1/1743 1975/1/1975 1971/1/1971 
f 1975/1/1975 1976/1/1976 1972/1/1972 
f 1977/1/1977 1978/1/1978 1979/1/1979 
f 1979/1/1979 1980/1/1980 1977/1/1977 
f 1980/1/1980 1464/1/1464 1463/1/1463 
f 1463/1/1463 1977/1/1977 1980/1/1980 
f 1977/1/1977 1463/1/1463 1467/1/1467 
f 1467/1/1467 1981/1/1981 1977/1/1977 
f 1981/1/1981 1982/1/1982 1978/1/1978 
f 1978/1/1978 1977/1/1977 1981/1/1981 
f 1983/1/1983 1984/1/1984 1985/1/1985 
f 1985/1/1985 1986/1/1986 1983/1/1983 
f 1986/1/1986 1987/1/1987 1988/1/1988 
f 1988/1/1988 1983/1/1983 1986/1/1986 
f 1983/1/1983 1988/1/1988 1989/1/1989 
f 1989/1/1989 1990/1/1990 1983/1/1983 
f 1990/1/1990 1991/1/1991 1984/1/1984 
f 1984/1/1984 1983/1/1983 1990/1/1990 
f 1992/1/1992 1984/1/1984 1991/1/1991 
f 1991/1/1991 1993/1/1993 1992/1/1992 
f 1993/1/1993 1672/1/1672 1671/1/1671 
f 1671/1/1671 1992/1/1992 1993/1/1993 
f 1992/1/1992 1671/1/1671 1670/1/1670 
f 1670/1/1670 1994/1/1994 1992/1/1992 
f 1994/1/1994 1985/1/1985 1984/1/1984 
f 1984/1/1984 1992/1/1992 1994/1/1994 
f 1995/1/1995 1996/1/1996 1997/1/1997 
f 1997/1/1997 1998/1/1998 1995/1/1995 
f 1998/1/1998 1999/1/1999 2000/1/2000 
f 2000/1/2000 1995/1/1995 1998/1/1998 
f 1995/1/1995 2000/1/2000 1689/1/1689 
f 1689/1/1689 1688/1/1688 1995/1/1995 
f 1688/1/1688 1687/1/1687 1996/1/1996 
f 1996/1/1996 1995/1/1995 1688/1/1688 
f 2001/1/2001 2002/1/2002 2003/1/2003 
f 2004/1/2004 1697/1/1697 1696/1/1696 
f 1696/1/1696 2001/1/2001 2004/1/2004 
f 2001/1/2001 1696/1/1696 1694/1/1694 
f 2005/1/2005 2006/1/2006 2002/1/2002 
f 2007/1/2007 2008/1/2008 2009/1/2009 
f 2009/1/2009 2010/1/2010 2007/1/2007 
f 2010/1/2010 2011/1/2011 2012/1/2012 
f 2012/1/2012 2007/1/2007 2010/1/2010 
f 2007/1/2007 2012/1/2012 1823/1/1823 
f 1823/1/1823 1822/1/1822 2007/1/2007 
f 1822/1/1822 1821/1/1821 2008/1/2008 
f 2008/1/2008 2007/1/2007 1822/1/1822 
f 2013/1/2013 2014/1/2014 2015/1/2015 
f 2015/1/2015 2016/1/2016 2013/1/2013 
f 2016/1/2016 2017/1/2017 2018/1/2018 
f 2018/1/2018 2013/1/2013 2016/1/2016 
f 2013/1/2013 2018/1/2018 1941/1/1941 
f 1941/1/1941 1943/1/1943 2013/1/2013 
f 1943/1/1943 1700/1/1700 2014/1/2014 
f 2014/1/2014 2013/1/2013 1943/1/1943 
f 2019/1/2019 2020/1/2020 2021/1/2021 
f 2021/1/2021 2022/1/2022 2019/1/2019 
f 2022/1/2022 1717/1/1717 1716/1/1716 
f 1716/1/1716 2019/1/2019 2022/1/2022 
f 2019/1/2019 1716/1/1716 1710/1/1710 
f 1710/1/1710 2023/1/2023 2019/1/2019 
f 2023/1/2023 2024/1/2024 2020/1/2020 
f 2020/1/2020 2019/1/2019 2023/1/2023 
f 2025/1/2025 2026/1/2026 2027/1/2027 
f 2027/1/2027 2028/1/2028 2025/1/2025 
f 2028/1/2028 1240/1/1240 1730/1/1730 
f 1730/1/1730 2025/1/2025 2028/1/2028 
f 2025/1/2025 1730/1/1730 1722/1/1722 
f 1722/1/1722 2029/1/2029 2025/1/2025 
f 2029/1/2029 2030/1/2030 2026/1/2026 
f 2026/1/2026 2025/1/2025 2029/1/2029 
f 2031/1/2031 2032/1/2032 2033/1/2033 
f 2033/1/2033 2034/1/2034 2031/1/2031 
f 2034/1/2034 1817/1/1817 1828/1/1828 
f 1828/1/1828 2031/1/2031 2034/1/2034 
f 2031/1/2031 1828/1/1828 1830/1/1830 
f 1830/1/1830 2035/1/2035 2031/1/2031 
f 2035/1/2035 2036/1/2036 2032/1/2032 
f 2032/1/2032 2031/1/2031 2035/1/2035 
f 2037/1/2037 2038/1/2038 2039/1/2039 
f 2039/1/2039 2040/1/2040 2037/1/2037 
f 2039/1/2039 2041/1/2041 2042/1/2042 
f 2042/1/2042 2040/1/2040 2039/1/2039 
f 2040/1/2040 2042/1/2042 1739/1/1739 
f 1739/1/1739 1737/1/1737 2040/1/2040 
f 1737/1/1737 1736/1/1736 2037/1/2037 
f 2037/1/2037 2040/1/2040 1737/1/1737 
f 2043/1/2043 2044/1/2044 2045/1/2045 
f 2046/1/2046 2017/1/2017 2047/1/2047 
f 2047/1/2047 2043/1/2043 2046/1/2046 
f 2043/1/2043 2047/1/2047 1204/1/1204 
f 1204/1/1204 1753/1/1753 2043/1/2043 
f 1753/1/1753 1756/1/1756 2044/1/2044 
f 2044/1/2044 2043/1/2043 1753/1/1753 
f 2048/1/2048 2049/1/2049 2050/1/2050 
f 2050/1/2050 2051/1/2051 2048/1/2048 
f 2051/1/2051 2052/1/2052 2053/1/2053 
f 2053/1/2053 2048/1/2048 2051/1/2051 
f 2048/1/2048 2053/1/2053 1965/1/1965 
f 1965/1/1965 1964/1/1964 2048/1/2048 
f 1964/1/1964 1903/1/1903 2049/1/2049 
f 2054/1/2054 2055/1/2055 2056/1/2056 
f 2056/1/2056 2057/1/2057 2054/1/2054 
f 2057/1/2057 2058/1/2058 2059/1/2059 
f 2059/1/2059 2054/1/2054 2057/1/2057 
f 2054/1/2054 2059/1/2059 1776/1/1776 
f 1776/1/1776 1775/1/1775 2054/1/2054 
f 1775/1/1775 1774/1/1774 2055/1/2055 
f 2055/1/2055 2054/1/2054 1775/1/1775 
f 2060/1/2060 2061/1/2061 147/1/147 
f 147/1/147 146/1/146 2060/1/2060 
f 146/1/146 145/1/145 2062/1/2062 
f 2062/1/2062 2060/1/2060 146/1/146 
f 2060/1/2060 2062/1/2062 1997/1/1997 
f 1997/1/1997 2063/1/2063 2060/1/2060 
f 2063/1/2063 2064/1/2064 2061/1/2061 
f 2061/1/2061 2060/1/2060 2063/1/2063 
f 1998/1/1998 1997/1/1997 2062/1/2062 
f 2062/1/2062 2065/1/2065 1998/1/1998 
f 2065/1/2065 2062/1/2062 145/1/145 
f 145/1/145 1852/1/1852 2065/1/2065 
f 2065/1/2065 1852/1/1852 1850/1/1850 
f 1850/1/1850 2066/1/2066 2065/1/2065 
f 2065/1/2065 2066/1/2066 1999/1/1999 
f 1999/1/1999 1998/1/1998 2065/1/2065 
f 2067/1/2067 1996/1/1996 1687/1/1687 
f 1687/1/1687 1807/1/1807 2067/1/2067 
f 1807/1/1807 1806/1/1806 2068/1/2068 
f 2068/1/2068 2067/1/2067 1807/1/1807 
f 2067/1/2067 2068/1/2068 2064/1/2064 
f 2064/1/2064 2063/1/2063 2067/1/2067 
f 2063/1/2063 1997/1/1997 1996/1/1996 
f 1996/1/1996 2067/1/2067 2063/1/2063 
f 2069/1/2069 2066/1/2066 1850/1/1850 
f 1850/1/1850 1849/1/1849 2069/1/2069 
f 2069/1/2069 1849/1/1849 270/1/270 
f 270/1/270 2070/1/2070 2069/1/2069 
f 2070/1/2070 2006/1/2006 2071/1/2071 
f 2071/1/2071 2069/1/2069 2070/1/2070 
f 2071/1/2071 1999/1/1999 2066/1/2066 
f 2066/1/2066 2069/1/2069 2071/1/2071 
f 2072/1/2072 2002/1/2002 2006/1/2006 
f 2006/1/2006 2070/1/2070 2072/1/2072 
f 2070/1/2070 270/1/270 269/1/269 
f 269/1/269 2072/1/2072 2070/1/2070 
f 2072/1/2072 269/1/269 275/1/275 
f 275/1/275 2073/1/2073 2072/1/2072 
f 2073/1/2073 2003/1/2003 2002/1/2002 
f 2002/1/2002 2072/1/2072 2073/1/2073 
f 2005/1/2005 1694/1/1694 1693/1/1693 
f 1693/1/1693 1689/1/1689 2000/1/2000 
f 2000/1/2000 2074/1/2074 1693/1/1693 
f 2074/1/2074 2000/1/2000 1999/1/1999 
f 2074/1/2074 2071/1/2071 2006/1/2006 
f 2006/1/2006 2005/1/2005 2074/1/2074 
f 2075/1/2075 2073/1/2073 275/1/275 
f 275/1/275 326/1/326 2075/1/2075 
f 326/1/326 325/1/325 2076/1/2076 
f 2076/1/2076 2075/1/2075 326/1/326 
f 2075/1/2075 2076/1/2076 2077/1/2077 
f 2077/1/2077 2078/1/2078 2075/1/2075 
f 2075/1/2075 2078/1/2078 2003/1/2003 
f 2003/1/2003 2073/1/2073 2075/1/2075 
f 2004/1/2004 2003/1/2003 2078/1/2078 
f 2078/1/2078 2079/1/2079 2004/1/2004 
f 2078/1/2078 2077/1/2077 2080/1/2080 
f 2080/1/2080 2079/1/2079 2078/1/2078 
f 2079/1/2079 2080/1/2080 1861/1/1861 
f 2079/1/2079 1864/1/1864 1697/1/1697 
f 1697/1/1697 2004/1/2004 2079/1/2079 
f 2081/1/2081 2082/1/2082 232/1/232 
f 232/1/232 231/1/231 2081/1/2081 
f 231/1/231 230/1/230 2083/1/2083 
f 2083/1/2083 2081/1/2081 231/1/231 
f 2081/1/2081 2083/1/2083 2009/1/2009 
f 2009/1/2009 2084/1/2084 2081/1/2081 
f 2084/1/2084 2085/1/2085 2082/1/2082 
f 2082/1/2082 2081/1/2081 2084/1/2084 
f 2086/1/2086 2083/1/2083 230/1/230 
f 230/1/230 1070/1/1070 2086/1/2086 
f 1070/1/1070 1074/1/1074 2087/1/2087 
f 2087/1/2087 2086/1/2086 1070/1/1070 
f 2086/1/2086 2087/1/2087 2011/1/2011 
f 2011/1/2011 2010/1/2010 2086/1/2086 
f 2010/1/2010 2009/1/2009 2083/1/2083 
f 2083/1/2083 2086/1/2086 2010/1/2010 
f 2088/1/2088 2008/1/2008 1821/1/1821 
f 1821/1/1821 1840/1/1840 2088/1/2088 
f 1840/1/1840 1839/1/1839 2089/1/2089 
f 2089/1/2089 2088/1/2088 1840/1/1840 
f 2088/1/2088 2089/1/2089 2085/1/2085 
f 2085/1/2085 2084/1/2084 2088/1/2088 
f 2084/1/2084 2009/1/2009 2008/1/2008 
f 2008/1/2008 2088/1/2088 2084/1/2084 
f 2090/1/2090 2091/1/2091 1910/1/1910 
f 1910/1/1910 1909/1/1909 2090/1/2090 
f 1909/1/1909 1206/1/1206 2092/1/2092 
f 2092/1/2092 2090/1/2090 1909/1/1909 
f 2090/1/2090 2092/1/2092 2015/1/2015 
f 2015/1/2015 2093/1/2093 2090/1/2090 
f 2093/1/2093 2094/1/2094 2091/1/2091 
f 2091/1/2091 2090/1/2090 2093/1/2093 
f 2095/1/2095 2092/1/2092 1206/1/1206 
f 1206/1/1206 1205/1/1205 2095/1/2095 
f 1205/1/1205 1204/1/1204 2047/1/2047 
f 2047/1/2047 2095/1/2095 1205/1/1205 
f 2095/1/2095 2047/1/2047 2017/1/2017 
f 2017/1/2017 2016/1/2016 2095/1/2095 
f 2016/1/2016 2015/1/2015 2092/1/2092 
f 2092/1/2092 2095/1/2095 2016/1/2016 
f 2096/1/2096 2014/1/2014 1700/1/1700 
f 1700/1/1700 1699/1/1699 2096/1/2096 
f 1699/1/1699 1706/1/1706 2097/1/2097 
f 2097/1/2097 2096/1/2096 1699/1/1699 
f 2096/1/2096 2097/1/2097 2094/1/2094 
f 2094/1/2094 2093/1/2093 2096/1/2096 
f 2093/1/2093 2015/1/2015 2014/1/2014 
f 2014/1/2014 2096/1/2096 2093/1/2093 
f 2098/1/2098 2099/1/2099 2100/1/2100 
f 2100/1/2100 2101/1/2101 2098/1/2098 
f 2101/1/2101 156/1/156 155/1/155 
f 155/1/155 2098/1/2098 2101/1/2101 
f 2098/1/2098 155/1/155 162/1/162 
f 162/1/162 2102/1/2102 2098/1/2098 
f 2102/1/2102 2103/1/2103 2099/1/2099 
f 2099/1/2099 2098/1/2098 2102/1/2102 
f 2104/1/2104 2105/1/2105 2103/1/2103 
f 2103/1/2103 2102/1/2102 2104/1/2104 
f 2102/1/2102 162/1/162 164/1/164 
f 164/1/164 2104/1/2104 2102/1/2102 
f 2104/1/2104 164/1/164 168/1/168 
f 168/1/168 2106/1/2106 2104/1/2104 
f 2106/1/2106 2107/1/2107 2105/1/2105 
f 2105/1/2105 2104/1/2104 2106/1/2106 
f 2108/1/2108 2109/1/2109 2103/1/2103 
f 2103/1/2103 2105/1/2105 2108/1/2108 
f 2108/1/2108 2105/1/2105 2107/1/2107 
f 2107/1/2107 2110/1/2110 2108/1/2108 
f 1858/1/1858 2108/1/2108 2110/1/2110 
f 2110/1/2110 1856/1/1856 1858/1/1858 
f 1858/1/1858 1714/1/1714 2109/1/2109 
f 2109/1/2109 2108/1/2108 1858/1/1858 
f 2111/1/2111 1796/1/1796 1792/1/1792 
f 1792/1/1792 2112/1/2112 2111/1/2111 
f 2112/1/2112 2100/1/2100 2099/1/2099 
f 2099/1/2099 2111/1/2111 2112/1/2112 
f 2111/1/2111 2099/1/2099 2103/1/2103 
f 2103/1/2103 2109/1/2109 2111/1/2111 
f 2109/1/2109 1714/1/1714 1796/1/1796 
f 1796/1/1796 2111/1/2111 2109/1/2109 
f 2113/1/2113 2114/1/2114 2107/1/2107 
f 2107/1/2107 2106/1/2106 2113/1/2113 
f 2106/1/2106 168/1/168 277/1/277 
f 277/1/277 2113/1/2113 2106/1/2106 
f 2113/1/2113 277/1/277 281/1/281 
f 281/1/281 2115/1/2115 2113/1/2113 
f 2115/1/2115 2024/1/2024 2114/1/2114 
f 2114/1/2114 2113/1/2113 2115/1/2115 
f 2116/1/2116 2020/1/2020 2024/1/2024 
f 2024/1/2024 2115/1/2115 2116/1/2116 
f 2115/1/2115 281/1/281 1873/1/1873 
f 1873/1/1873 2116/1/2116 2115/1/2115 
f 2116/1/2116 1873/1/1873 1868/1/1868 
f 1868/1/1868 2117/1/2117 2116/1/2116 
f 2117/1/2117 2021/1/2021 2020/1/2020 
f 2020/1/2020 2116/1/2116 2117/1/2117 
f 2118/1/2118 1854/1/1854 1856/1/1856 
f 1856/1/1856 2110/1/2110 2118/1/2118 
f 2110/1/2110 2107/1/2107 2114/1/2114 
f 2114/1/2114 2118/1/2118 2110/1/2110 
f 2118/1/2118 2114/1/2114 2024/1/2024 
f 2024/1/2024 2023/1/2023 2118/1/2118 
f 2023/1/2023 1710/1/1710 1854/1/1854 
f 1854/1/1854 2118/1/2118 2023/1/2023 
f 2119/1/2119 2120/1/2120 2121/1/2121 
f 2121/1/2121 2122/1/2122 2119/1/2119 
f 2122/1/2122 1918/1/1918 1924/1/1924 
f 1924/1/1924 2119/1/2119 2122/1/2122 
f 2119/1/2119 1924/1/1924 1923/1/1923 
f 1923/1/1923 2123/1/2123 2119/1/2119 
f 2123/1/2123 2030/1/2030 2120/1/2120 
f 2120/1/2120 2119/1/2119 2123/1/2123 
f 2124/1/2124 2123/1/2123 1923/1/1923 
f 1951/1/1951 1949/1/1949 2125/1/2125 
f 2125/1/2125 2124/1/2124 1951/1/1951 
f 2125/1/2125 2027/1/2027 2026/1/2026 
f 2124/1/2124 2026/1/2026 2030/1/2030 
f 2030/1/2030 2123/1/2123 2124/1/2124 
f 2126/1/2126 1728/1/1728 1727/1/1727 
f 1727/1/1727 2127/1/2127 2126/1/2126 
f 2127/1/2127 2121/1/2121 2120/1/2120 
f 2126/1/2126 2120/1/2120 2030/1/2030 
f 2030/1/2030 2029/1/2029 2126/1/2126 
f 2029/1/2029 1722/1/1722 1728/1/1728 
f 1728/1/1728 2126/1/2126 2029/1/2029 
f 2128/1/2128 2129/1/2129 2130/1/2130 
f 2130/1/2130 2131/1/2131 2128/1/2128 
f 2131/1/2131 259/1/259 258/1/258 
f 258/1/258 2128/1/2128 2131/1/2131 
f 2128/1/2128 258/1/258 257/1/257 
f 257/1/257 2132/1/2132 2128/1/2128 
f 2132/1/2132 2036/1/2036 2129/1/2129 
f 2129/1/2129 2128/1/2128 2132/1/2132 
f 2133/1/2133 2032/1/2032 2036/1/2036 
f 2036/1/2036 2132/1/2132 2133/1/2133 
f 2132/1/2132 257/1/257 1080/1/1080 
f 1080/1/1080 2133/1/2133 2132/1/2132 
f 2133/1/2133 1080/1/1080 1079/1/1079 
f 1079/1/1079 2134/1/2134 2133/1/2133 
f 2134/1/2134 2033/1/2033 2032/1/2032 
f 2032/1/2032 2133/1/2133 2134/1/2134 
f 2135/1/2135 1836/1/1836 1833/1/1833 
f 1833/1/1833 2136/1/2136 2135/1/2135 
f 2136/1/2136 2130/1/2130 2129/1/2129 
f 2129/1/2129 2135/1/2135 2136/1/2136 
f 2135/1/2135 2129/1/2129 2036/1/2036 
f 2036/1/2036 2035/1/2035 2135/1/2135 
f 2035/1/2035 1830/1/1830 1836/1/1836 
f 1836/1/1836 2135/1/2135 2035/1/2035 
f 2137/1/2137 2138/1/2138 2139/1/2139 
f 2139/1/2139 2140/1/2140 2137/1/2137 
f 2140/1/2140 1846/1/1846 1845/1/1845 
f 1845/1/1845 2137/1/2137 2140/1/2140 
f 2137/1/2137 1845/1/1845 1121/1/1121 
f 2141/1/2141 2142/1/2142 2138/1/2138 
f 2141/1/2141 1121/1/1121 1120/1/1120 
f 1120/1/1120 2143/1/2143 2141/1/2141 
f 1120/1/1120 1128/1/1128 2144/1/2144 
f 2144/1/2144 2143/1/2143 1120/1/1120 
f 2143/1/2143 2144/1/2144 2145/1/2145 
f 2145/1/2145 2146/1/2146 2143/1/2143 
f 2143/1/2143 2146/1/2146 2142/1/2142 
f 2147/1/2147 2142/1/2142 2146/1/2146 
f 2146/1/2146 2148/1/2148 2147/1/2147 
f 2146/1/2146 2145/1/2145 2149/1/2149 
f 2149/1/2149 2148/1/2148 2146/1/2146 
f 2148/1/2148 2149/1/2149 1927/1/1927 
f 1927/1/1927 1936/1/1936 2148/1/2148 
f 2148/1/2148 1936/1/1936 1733/1/1733 
f 1733/1/1733 2147/1/2147 2148/1/2148 
f 2150/1/2150 1732/1/1732 1242/1/1242 
f 1242/1/1242 2151/1/2151 2150/1/2150 
f 2151/1/2151 2139/1/2139 2138/1/2138 
f 2150/1/2150 2138/1/2138 2142/1/2142 
f 2142/1/2142 2147/1/2147 2150/1/2150 
f 2147/1/2147 1733/1/1733 1732/1/1732 
f 1732/1/1732 2150/1/2150 2147/1/2147 
f 2152/1/2152 2153/1/2153 2154/1/2154 
f 2154/1/2154 2155/1/2155 2152/1/2152 
f 2155/1/2155 1362/1/1362 1361/1/1361 
f 1361/1/1361 2152/1/2152 2155/1/2155 
f 2152/1/2152 1361/1/1361 1358/1/1358 
f 2156/1/2156 2157/1/2157 2153/1/2153 
f 2158/1/2158 2156/1/2156 1358/1/1358 
f 1358/1/1358 1357/1/1357 2158/1/2158 
f 1357/1/1357 1356/1/1356 2159/1/2159 
f 2159/1/2159 2158/1/2158 1357/1/1357 
f 2158/1/2158 2159/1/2159 2160/1/2160 
f 2160/1/2160 2161/1/2161 2158/1/2158 
f 2161/1/2161 2157/1/2157 2156/1/2156 
f 2162/1/2162 2163/1/2163 2157/1/2157 
f 2157/1/2157 2161/1/2161 2162/1/2162 
f 2161/1/2161 2160/1/2160 2164/1/2164 
f 2164/1/2164 2162/1/2162 2161/1/2161 
f 2162/1/2162 2164/1/2164 1877/1/1877 
f 1877/1/1877 1876/1/1876 2162/1/2162 
f 1876/1/1876 1747/1/1747 2163/1/2163 
f 2163/1/2163 2162/1/2162 1876/1/1876 
f 2165/1/2165 1959/1/1959 1957/1/1957 
f 1957/1/1957 2166/1/2166 2165/1/2165 
f 2166/1/2166 2154/1/2154 2153/1/2153 
f 2153/1/2153 2165/1/2165 2166/1/2166 
f 2165/1/2165 2153/1/2153 2157/1/2157 
f 2157/1/2157 2163/1/2163 2165/1/2165 
f 2163/1/2163 1747/1/1747 1959/1/1959 
f 1959/1/1959 2165/1/2165 2163/1/2163 
f 2167/1/2167 2159/1/2159 1356/1/1356 
f 1356/1/1356 1465/1/1465 2167/1/2167 
f 1465/1/1465 1464/1/1464 2168/1/2168 
f 2167/1/2167 2168/1/2168 2169/1/2169 
f 2169/1/2169 2170/1/2170 2167/1/2167 
f 2170/1/2170 2160/1/2160 2159/1/2159 
f 2159/1/2159 2167/1/2167 2170/1/2170 
f 2171/1/2171 2168/1/2168 1464/1/1464 
f 1464/1/1464 1980/1/1980 2171/1/2171 
f 1980/1/1980 1979/1/1979 2172/1/2172 
f 2172/1/2172 2171/1/2171 1980/1/1980 
f 2171/1/2171 2172/1/2172 2173/1/2173 
f 2173/1/2173 2174/1/2174 2171/1/2171 
f 2174/1/2174 2169/1/2169 2168/1/2168 
f 2168/1/2168 2171/1/2171 2174/1/2174 
f 2175/1/2175 2176/1/2176 2169/1/2169 
f 2169/1/2169 2174/1/2174 2175/1/2175 
f 2174/1/2174 2173/1/2173 2177/1/2177 
f 2177/1/2177 2175/1/2175 2174/1/2174 
f 2175/1/2175 2177/1/2177 1976/1/1976 
f 1975/1/1975 1743/1/1743 2176/1/2176 
f 2176/1/2176 2175/1/2175 1975/1/1975 
f 2178/1/2178 2176/1/2176 1743/1/1743 
f 1743/1/1743 1879/1/1879 2178/1/2178 
f 1879/1/1879 1877/1/1877 2164/1/2164 
f 2164/1/2164 2178/1/2178 1879/1/1879 
f 2178/1/2178 2164/1/2164 2160/1/2160 
f 2160/1/2160 2170/1/2170 2178/1/2178 
f 2170/1/2170 2169/1/2169 2176/1/2176 
f 2176/1/2176 2178/1/2178 2170/1/2170 
f 2179/1/2179 2180/1/2180 1681/1/1681 
f 1681/1/1681 1680/1/1680 2179/1/2179 
f 1680/1/1680 1678/1/1678 2181/1/2181 
f 2181/1/2181 2179/1/2179 1680/1/1680 
f 2179/1/2179 2181/1/2181 2182/1/2182 
f 2182/1/2182 2183/1/2183 2179/1/2179 
f 2183/1/2183 2184/1/2184 2180/1/2180 
f 2180/1/2180 2179/1/2179 2183/1/2183 
f 2181/1/2181 2185/1/2185 2186/1/2186 
f 2186/1/2186 2182/1/2182 2181/1/2181 
f 2181/1/2181 1678/1/1678 1677/1/1677 
f 1677/1/1677 2185/1/2185 2181/1/2181 
f 2185/1/2185 1677/1/1677 1666/1/1666 
f 1666/1/1666 2187/1/2187 2185/1/2185 
f 2187/1/2187 2188/1/2188 2186/1/2186 
f 2186/1/2186 2185/1/2185 2187/1/2187 
f 2189/1/2189 2190/1/2190 2188/1/2188 
f 2188/1/2188 2187/1/2187 2189/1/2189 
f 2187/1/2187 1666/1/1666 1665/1/1665 
f 1665/1/1665 2189/1/2189 2187/1/2187 
f 2189/1/2189 1665/1/1665 1672/1/1672 
f 1672/1/1672 2191/1/2191 2189/1/2189 
f 2191/1/2191 2192/1/2192 2190/1/2190 
f 2190/1/2190 2189/1/2189 2191/1/2191 
f 2193/1/2193 2191/1/2191 1672/1/1672 
f 1672/1/1672 1993/1/1993 2193/1/2193 
f 1993/1/1993 1991/1/1991 2194/1/2194 
f 2194/1/2194 2193/1/2193 1993/1/1993 
f 2193/1/2193 2194/1/2194 2195/1/2195 
f 2195/1/2195 2196/1/2196 2193/1/2193 
f 2196/1/2196 2192/1/2192 2191/1/2191 
f 2191/1/2191 2193/1/2193 2196/1/2196 
f 2197/1/2197 2194/1/2194 1991/1/1991 
f 1991/1/1991 1990/1/1990 2197/1/2197 
f 1990/1/1990 1989/1/1989 2198/1/2198 
f 2197/1/2197 2198/1/2198 2199/1/2199 
f 2199/1/2199 2200/1/2200 2197/1/2197 
f 2200/1/2200 2195/1/2195 2194/1/2194 
f 2194/1/2194 2197/1/2197 2200/1/2200 
f 2201/1/2201 2202/1/2202 2203/1/2203 
f 2203/1/2203 2204/1/2204 2201/1/2201 
f 2204/1/2204 1459/1/1459 1458/1/1458 
f 1458/1/1458 2201/1/2201 2204/1/2204 
f 2201/1/2201 1458/1/1458 1457/1/1457 
f 1457/1/1457 2205/1/2205 2201/1/2201 
f 2205/1/2205 2038/1/2038 2202/1/2202 
f 2202/1/2202 2201/1/2201 2205/1/2205 
f 2206/1/2206 2205/1/2205 1457/1/1457 
f 1457/1/1457 1891/1/1891 2206/1/2206 
f 1891/1/1891 1888/1/1888 2207/1/2207 
f 2206/1/2206 2207/1/2207 2041/1/2041 
f 2041/1/2041 2039/1/2039 2206/1/2206 
f 2039/1/2039 2038/1/2038 2205/1/2205 
f 2205/1/2205 2206/1/2206 2039/1/2039 
f 2208/1/2208 1974/1/1974 1973/1/1973 
f 1973/1/1973 2209/1/2209 2208/1/2208 
f 2209/1/2209 2203/1/2203 2202/1/2202 
f 2202/1/2202 2208/1/2208 2209/1/2209 
f 2208/1/2208 2202/1/2202 2038/1/2038 
f 2038/1/2038 2037/1/2037 2208/1/2208 
f 2037/1/2037 1736/1/1736 1974/1/1974 
f 1974/1/1974 2208/1/2208 2037/1/2037 
f 2210/1/2210 2207/1/2207 1888/1/1888 
f 1888/1/1888 1887/1/1887 2210/1/2210 
f 1887/1/1887 1886/1/1886 2211/1/2211 
f 2211/1/2211 2210/1/2210 1887/1/1887 
f 2210/1/2210 2211/1/2211 2212/1/2212 
f 2212/1/2212 2213/1/2213 2210/1/2210 
f 2213/1/2213 2041/1/2041 2207/1/2207 
f 2207/1/2207 2210/1/2210 2213/1/2213 
f 2214/1/2214 2211/1/2211 1886/1/1886 
f 1886/1/1886 1969/1/1969 2214/1/2214 
f 1969/1/1969 1965/1/1965 2053/1/2053 
f 2214/1/2214 2053/1/2053 2052/1/2052 
f 2052/1/2052 2215/1/2215 2214/1/2214 
f 2215/1/2215 2212/1/2212 2211/1/2211 
f 2215/1/2215 2052/1/2052 2216/1/2216 
f 2216/1/2216 2217/1/2217 2215/1/2215 
f 2217/1/2217 2216/1/2216 1958/1/1958 
f 1958/1/1958 1961/1/1961 2217/1/2217 
f 2217/1/2217 1961/1/1961 1750/1/1750 
f 1750/1/1750 2218/1/2218 2217/1/2217 
f 2217/1/2217 2218/1/2218 2212/1/2212 
f 2212/1/2212 2215/1/2215 2217/1/2217 
f 2219/1/2219 1752/1/1752 1739/1/1739 
f 1739/1/1739 2042/1/2042 2219/1/2219 
f 2219/1/2219 2042/1/2042 2041/1/2041 
f 2041/1/2041 2213/1/2213 2219/1/2219 
f 2219/1/2219 2213/1/2213 2212/1/2212 
f 2212/1/2212 2218/1/2218 2219/1/2219 
f 2218/1/2218 1750/1/1750 1752/1/1752 
f 1752/1/1752 2219/1/2219 2218/1/2218 
f 2220/1/2220 2221/1/2221 2222/1/2222 
f 2222/1/2222 2223/1/2223 2220/1/2220 
f 2223/1/2223 1898/1/1898 1897/1/1897 
f 2220/1/2220 1897/1/1897 1896/1/1896 
f 1896/1/1896 2224/1/2224 2220/1/2220 
f 2224/1/2224 2045/1/2045 2221/1/2221 
f 2221/1/2221 2220/1/2220 2224/1/2224 
f 2224/1/2224 1896/1/1896 1938/1/1938 
f 1938/1/1938 1941/1/1941 2018/1/2018 
f 2225/1/2225 2018/1/2018 2017/1/2017 
f 2017/1/2017 2046/1/2046 2225/1/2225 
f 2046/1/2046 2045/1/2045 2224/1/2224 
f 2224/1/2224 2225/1/2225 2046/1/2046 
f 2226/1/2226 1935/1/1935 1933/1/1933 
f 1933/1/1933 2227/1/2227 2226/1/2226 
f 2227/1/2227 2222/1/2222 2221/1/2221 
f 2226/1/2226 2221/1/2221 2045/1/2045 
f 2045/1/2045 2044/1/2044 2226/1/2226 
f 2044/1/2044 1756/1/1756 1935/1/1935 
f 1935/1/1935 2226/1/2226 2044/1/2044 
f 2228/1/2228 2227/1/2227 1933/1/1933 
f 1933/1/1933 1932/1/1932 2228/1/2228 
f 1932/1/1932 1931/1/1931 2229/1/2229 
f 2229/1/2229 2228/1/2228 1932/1/1932 
f 2228/1/2228 2229/1/2229 2050/1/2050 
f 2050/1/2050 2230/1/2230 2228/1/2228 
f 2230/1/2230 2222/1/2222 2227/1/2227 
f 2227/1/2227 2228/1/2228 2230/1/2230 
f 2231/1/2231 2229/1/2229 1931/1/1931 
f 1931/1/1931 1953/1/1953 2231/1/2231 
f 2216/1/2216 2231/1/2231 1953/1/1953 
f 1953/1/1953 1958/1/1958 2216/1/2216 
f 2231/1/2231 2216/1/2216 2052/1/2052 
f 2051/1/2051 2050/1/2050 2229/1/2229 
f 2229/1/2229 2231/1/2231 2051/1/2051 
f 2232/1/2232 2049/1/2049 1903/1/1903 
f 1903/1/1903 1902/1/1902 2232/1/2232 
f 2232/1/2232 1902/1/1902 1898/1/1898 
f 2232/1/2232 2223/1/2223 2222/1/2222 
f 2222/1/2222 2230/1/2230 2232/1/2232 
f 2230/1/2230 2050/1/2050 2049/1/2049 
f 2049/1/2049 2232/1/2232 2230/1/2230 
f 2233/1/2233 2166/1/2166 1957/1/1957 
f 1957/1/1957 1954/1/1954 2233/1/2233 
f 1954/1/1954 1929/1/1929 2234/1/2234 
f 2234/1/2234 2233/1/2233 1954/1/1954 
f 2233/1/2233 2234/1/2234 2235/1/2235 
f 2235/1/2235 2236/1/2236 2233/1/2233 
f 2166/1/2166 2233/1/2233 2236/1/2236 
f 2236/1/2236 2154/1/2154 2166/1/2166 
f 2237/1/2237 2234/1/2234 1929/1/1929 
f 1928/1/1928 1927/1/1927 2149/1/2149 
f 2149/1/2149 2237/1/2237 1928/1/1928 
f 2237/1/2237 2149/1/2149 2145/1/2145 
f 2145/1/2145 2238/1/2238 2237/1/2237 
f 2238/1/2238 2235/1/2235 2234/1/2234 
f 2239/1/2239 2240/1/2240 2235/1/2235 
f 2235/1/2235 2238/1/2238 2239/1/2239 
f 2238/1/2238 2145/1/2145 2144/1/2144 
f 2239/1/2239 2144/1/2144 1128/1/1128 
f 1128/1/1128 1764/1/1764 2239/1/2239 
f 1764/1/1764 1763/1/1763 2240/1/2240 
f 2240/1/2240 2239/1/2239 1764/1/1764 
f 2241/1/2241 2240/1/2240 1763/1/1763 
f 1763/1/1763 1767/1/1767 2241/1/2241 
f 1767/1/1767 1362/1/1362 2155/1/2155 
f 2155/1/2155 2241/1/2241 1767/1/1767 
f 2241/1/2241 2155/1/2155 2154/1/2154 
f 2154/1/2154 2236/1/2236 2241/1/2241 
f 2236/1/2236 2235/1/2235 2240/1/2240 
f 2240/1/2240 2241/1/2241 2236/1/2236 
f 2242/1/2242 2243/1/2243 52/1/52 
f 52/1/52 51/1/51 2242/1/2242 
f 51/1/51 50/1/50 2244/1/2244 
f 2244/1/2244 2242/1/2242 51/1/51 
f 2242/1/2242 2244/1/2244 2056/1/2056 
f 2056/1/2056 2245/1/2245 2242/1/2242 
f 2245/1/2245 2246/1/2246 2243/1/2243 
f 2243/1/2243 2242/1/2242 2245/1/2245 
f 2247/1/2247 2244/1/2244 50/1/50 
f 1803/1/1803 1801/1/1801 2248/1/2248 
f 2248/1/2248 2247/1/2247 1803/1/1803 
f 2247/1/2247 2248/1/2248 2058/1/2058 
f 2057/1/2057 2056/1/2056 2244/1/2244 
f 2244/1/2244 2247/1/2247 2057/1/2057 
f 2249/1/2249 2055/1/2055 1774/1/1774 
f 1774/1/1774 2250/1/2250 2249/1/2249 
f 2250/1/2250 2251/1/2251 2252/1/2252 
f 2252/1/2252 2249/1/2249 2250/1/2250 
f 2249/1/2249 2252/1/2252 2246/1/2246 
f 2246/1/2246 2245/1/2245 2249/1/2249 
f 2245/1/2245 2056/1/2056 2055/1/2055 
f 2055/1/2055 2249/1/2249 2245/1/2245 
f 2253/1/2253 2254/1/2254 2100/1/2100 
f 2100/1/2100 2112/1/2112 2253/1/2253 
f 2112/1/2112 1792/1/1792 1791/1/1791 
f 1791/1/1791 2253/1/2253 2112/1/2112 
f 2253/1/2253 1791/1/1791 1787/1/1787 
f 1787/1/1787 2255/1/2255 2253/1/2253 
f 2255/1/2255 2256/1/2256 2254/1/2254 
f 2254/1/2254 2253/1/2253 2255/1/2255 
f 2257/1/2257 1782/1/1782 1781/1/1781 
f 1781/1/1781 2258/1/2258 2257/1/2257 
f 2101/1/2101 2258/1/2258 1781/1/1781 
f 1781/1/1781 156/1/156 2101/1/2101 
f 2101/1/2101 2100/1/2100 2254/1/2254 
f 2254/1/2254 2258/1/2258 2101/1/2101 
f 2258/1/2258 2254/1/2254 2256/1/2256 
f 2256/1/2256 2257/1/2257 2258/1/2258 
f 2259/1/2259 2068/1/2068 1806/1/1806 
f 1806/1/1806 1812/1/1812 2259/1/2259 
f 1812/1/1812 1776/1/1776 2059/1/2059 
f 2059/1/2059 2259/1/2259 1812/1/1812 
f 2259/1/2259 2059/1/2059 2058/1/2058 
f 2058/1/2058 2260/1/2260 2259/1/2259 
f 2260/1/2260 2064/1/2064 2068/1/2068 
f 2068/1/2068 2259/1/2259 2260/1/2260 
f 2261/1/2261 2248/1/2248 1801/1/1801 
f 1801/1/1801 1800/1/1800 2261/1/2261 
f 1800/1/1800 147/1/147 2061/1/2061 
f 2061/1/2061 2261/1/2261 1800/1/1800 
f 2261/1/2261 2061/1/2061 2064/1/2064 
f 2064/1/2064 2260/1/2260 2261/1/2261 
f 2260/1/2260 2058/1/2058 2248/1/2248 
f 2248/1/2248 2261/1/2261 2260/1/2260 
f 2262/1/2262 2087/1/2087 1074/1/1074 
f 1074/1/1074 1912/1/1912 2262/1/2262 
f 1912/1/1912 1910/1/1910 2091/1/2091 
f 2091/1/2091 2262/1/2262 1912/1/1912 
f 2262/1/2262 2091/1/2091 2094/1/2094 
f 2094/1/2094 2263/1/2263 2262/1/2262 
f 2263/1/2263 2011/1/2011 2087/1/2087 
f 2087/1/2087 2262/1/2262 2263/1/2263 
f 2264/1/2264 2012/1/2012 2011/1/2011 
f 2011/1/2011 2263/1/2263 2264/1/2264 
f 2263/1/2263 2094/1/2094 2097/1/2097 
f 2097/1/2097 2264/1/2264 2263/1/2263 
f 2264/1/2264 2097/1/2097 1706/1/1706 
f 1706/1/1706 1826/1/1826 2264/1/2264 
f 1826/1/1826 1823/1/1823 2012/1/2012 
f 2012/1/2012 2264/1/2264 1826/1/1826 
f 2265/1/2265 2266/1/2266 2033/1/2033 
f 2033/1/2033 2134/1/2134 2265/1/2265 
f 2134/1/2134 1079/1/1079 1914/1/1914 
f 1914/1/1914 2265/1/2265 2134/1/2134 
f 2265/1/2265 1914/1/1914 1918/1/1918 
f 1918/1/1918 2122/1/2122 2265/1/2265 
f 2122/1/2122 2121/1/2121 2266/1/2266 
f 2266/1/2266 2265/1/2265 2122/1/2122 
f 2267/1/2267 2266/1/2266 2121/1/2121 
f 2121/1/2121 2127/1/2127 2267/1/2267 
f 2127/1/2127 1727/1/1727 1814/1/1814 
f 2267/1/2267 1814/1/1814 1817/1/1817 
f 1817/1/1817 2034/1/2034 2267/1/2267 
f 2034/1/2034 2033/1/2033 2266/1/2266 
f 2266/1/2266 2267/1/2267 2034/1/2034 
f 2268/1/2268 2269/1/2269 2021/1/2021 
f 2021/1/2021 2117/1/2117 2268/1/2268 
f 2117/1/2117 1868/1/1868 1867/1/1867 
f 1867/1/1867 2268/1/2268 2117/1/2117 
f 2268/1/2268 1867/1/1867 259/1/259 
f 259/1/259 2131/1/2131 2268/1/2268 
f 2131/1/2131 2130/1/2130 2269/1/2269 
f 2269/1/2269 2268/1/2268 2131/1/2131 
f 2270/1/2270 1832/1/1832 1717/1/1717 
f 2022/1/2022 2021/1/2021 2269/1/2269 
f 2269/1/2269 2270/1/2270 2022/1/2022 
f 2270/1/2270 2269/1/2269 2130/1/2130 
f 2130/1/2130 2136/1/2136 2270/1/2270 
f 2136/1/2136 1833/1/1833 1832/1/1832 
f 1832/1/1832 2270/1/2270 2136/1/2136 
f 2271/1/2271 2076/1/2076 325/1/325 
f 330/1/330 232/1/232 2082/1/2082 
f 2271/1/2271 2082/1/2082 2085/1/2085 
f 2272/1/2272 2077/1/2077 2076/1/2076 
f 2076/1/2076 2271/1/2271 2272/1/2272 
f 2273/1/2273 2089/1/2089 1839/1/1839 
f 1839/1/1839 1862/1/1862 2273/1/2273 
f 1862/1/1862 1861/1/1861 2080/1/2080 
f 2273/1/2273 2080/1/2080 2077/1/2077 
f 2077/1/2077 2272/1/2272 2273/1/2273 
f 2272/1/2272 2085/1/2085 2089/1/2089 
f 2089/1/2089 2273/1/2273 2272/1/2272 
f 2151/1/2151 1242/1/1242 1241/1/1241 
f 1241/1/1241 2274/1/2274 2151/1/2151 
f 2274/1/2274 1241/1/1241 1240/1/1240 
f 1240/1/1240 2028/1/2028 2274/1/2274 
f 2028/1/2028 2027/1/2027 2275/1/2275 
f 2275/1/2275 2274/1/2274 2028/1/2028 
f 2274/1/2274 2275/1/2275 2139/1/2139 
f 2140/1/2140 2139/1/2139 2275/1/2275 
f 2275/1/2275 2276/1/2276 2140/1/2140 
f 2275/1/2275 2027/1/2027 2125/1/2125 
f 2125/1/2125 2276/1/2276 2275/1/2275 
f 2276/1/2276 2125/1/2125 1949/1/1949 
f 1949/1/1949 1948/1/1948 2276/1/2276 
f 2140/1/2140 2276/1/2276 1948/1/1948 
f 1948/1/1948 1846/1/1846 2140/1/2140 
f 2277/1/2277 2278/1/2278 1616/1/1616 
f 1616/1/1616 1615/1/1615 2277/1/2277 
f 1615/1/1615 846/1/846 845/1/845 
f 845/1/845 2277/1/2277 1615/1/1615 
f 2277/1/2277 845/1/845 844/1/844 
f 2279/1/2279 2280/1/2280 2278/1/2278 
f 2281/1/2281 2282/1/2282 1015/1/1015 
f 1015/1/1015 1014/1/1014 2281/1/2281 
f 2281/1/2281 1014/1/1014 1005/1/1005 
f 1005/1/1005 1004/1/1004 2281/1/2281 
f 2281/1/2281 1004/1/1004 828/1/828 
f 828/1/828 2283/1/2283 2281/1/2281 
f 2283/1/2283 2284/1/2284 2282/1/2282 
f 2282/1/2282 2281/1/2281 2283/1/2283 
f 2285/1/2285 2286/1/2286 2287/1/2287 
f 2287/1/2287 2288/1/2288 2285/1/2285 
f 2288/1/2288 1038/1/1038 1037/1/1037 
f 1037/1/1037 2285/1/2285 2288/1/2288 
f 2285/1/2285 1037/1/1037 1015/1/1015 
f 1015/1/1015 2282/1/2282 2285/1/2285 
f 2282/1/2282 2284/1/2284 2286/1/2286 
f 2286/1/2286 2285/1/2285 2282/1/2282 
f 2289/1/2289 2284/1/2284 2283/1/2283 
f 2283/1/2283 2290/1/2290 2289/1/2289 
f 2283/1/2283 828/1/828 827/1/827 
f 827/1/827 2290/1/2290 2283/1/2283 
f 2290/1/2290 827/1/827 833/1/833 
f 833/1/833 2291/1/2291 2290/1/2290 
f 2290/1/2290 2291/1/2291 2292/1/2292 
f 2292/1/2292 2289/1/2289 2290/1/2290 
f 2293/1/2293 2286/1/2286 2284/1/2284 
f 2284/1/2284 2289/1/2289 2293/1/2293 
f 2289/1/2289 2292/1/2292 2294/1/2294 
f 2294/1/2294 2293/1/2293 2289/1/2289 
f 2293/1/2293 2294/1/2294 2295/1/2295 
f 2295/1/2295 2296/1/2296 2293/1/2293 
f 2296/1/2296 2287/1/2287 2286/1/2286 
f 2286/1/2286 2293/1/2293 2296/1/2296 
f 2297/1/2297 2295/1/2295 2294/1/2294 
f 2298/1/2298 2294/1/2294 2292/1/2292 
f 2292/1/2292 2291/1/2291 2298/1/2298 
f 2291/1/2291 833/1/833 835/1/835 
f 835/1/835 2298/1/2298 2291/1/2291 
f 835/1/835 839/1/839 2297/1/2297 
f 2297/1/2297 839/1/839 1622/1/1622 
f 1622/1/1622 1616/1/1616 2278/1/2278 
f 2299/1/2299 2278/1/2278 2280/1/2280 
f 2280/1/2280 2300/1/2300 2299/1/2299 
f 2299/1/2299 2300/1/2300 2295/1/2295 
f 2295/1/2295 2297/1/2297 2299/1/2299 
f 2300/1/2300 2280/1/2280 2279/1/2279 
f 2279/1/2279 2301/1/2301 2300/1/2300 
f 2279/1/2279 844/1/844 2302/1/2302 
f 2302/1/2302 2301/1/2301 2279/1/2279 
f 2301/1/2301 2302/1/2302 2287/1/2287 
f 2287/1/2287 2296/1/2296 2301/1/2301 
f 2296/1/2296 2295/1/2295 2300/1/2300 
f 2300/1/2300 2301/1/2301 2296/1/2296 
f 2303/1/2303 2302/1/2302 844/1/844 
f 844/1/844 843/1/843 2303/1/2303 
f 843/1/843 842/1/842 1048/1/1048 
f 1048/1/1048 2303/1/2303 843/1/843 
f 2303/1/2303 1048/1/1048 1038/1/1038 
f 1038/1/1038 2288/1/2288 2303/1/2303 
f 2288/1/2288 2287/1/2287 2302/1/2302 
f 2302/1/2302 2303/1/2303 2288/1/2288 
f 2304/1/2304 1503/1/1503 1501/1/1501 
f 1501/1/1501 1500/1/1500 2304/1/2304 
f 1500/1/1500 1499/1/1499 2305/1/2305 
f 2305/1/2305 2304/1/2304 1500/1/1500 
f 2306/1/2306 2304/1/2304 2305/1/2305 
f 2305/1/2305 2307/1/2307 2306/1/2306 
f 2306/1/2306 1504/1/1504 1503/1/1503 
f 1503/1/1503 2304/1/2304 2306/1/2306 
f 2308/1/2308 1553/1/1553 1569/1/1569 
f 1569/1/1569 2309/1/2309 2308/1/2308 
f 1569/1/1569 1568/1/1568 1576/1/1576 
f 2309/1/2309 1576/1/1576 1504/1/1504 
f 1504/1/1504 2306/1/2306 2309/1/2309 
f 2306/1/2306 2307/1/2307 2308/1/2308 
f 2308/1/2308 2309/1/2309 2306/1/2306 
f 2310/1/2310 1555/1/1555 1554/1/1554 
f 2311/1/2311 1554/1/1554 1553/1/1553 
f 1553/1/1553 2308/1/2308 2311/1/2311 
f 2311/1/2311 2308/1/2308 2307/1/2307 
f 2307/1/2307 2312/1/2312 2311/1/2311 
f 2312/1/2312 2313/1/2313 2310/1/2310 
f 2314/1/2314 2315/1/2315 1499/1/1499 
f 1499/1/1499 1498/1/1498 2314/1/2314 
f 2314/1/2314 1498/1/1498 1441/1/1441 
f 1441/1/1441 1440/1/1440 2314/1/2314 
f 2314/1/2314 1440/1/1440 1444/1/1444 
f 1444/1/1444 2316/1/2316 2314/1/2314 
f 2316/1/2316 2317/1/2317 2315/1/2315 
f 2315/1/2315 2314/1/2314 2316/1/2316 
f 2318/1/2318 2305/1/2305 1499/1/1499 
f 1499/1/1499 2315/1/2315 2318/1/2318 
f 2315/1/2315 2317/1/2317 2319/1/2319 
f 2319/1/2319 2318/1/2318 2315/1/2315 
f 2318/1/2318 2319/1/2319 2320/1/2320 
f 2320/1/2320 2321/1/2321 2318/1/2318 
f 2318/1/2318 2321/1/2321 2307/1/2307 
f 2307/1/2307 2305/1/2305 2318/1/2318 
f 2322/1/2322 2321/1/2321 2320/1/2320 
f 2320/1/2320 2323/1/2323 2322/1/2322 
f 2322/1/2322 2323/1/2323 2313/1/2313 
f 2313/1/2313 2312/1/2312 2322/1/2322 
f 2312/1/2312 2307/1/2307 2321/1/2321 
f 2321/1/2321 2322/1/2322 2312/1/2312 
f 2324/1/2324 2325/1/2325 2326/1/2326 
f 2326/1/2326 2327/1/2327 2324/1/2324 
f 2327/1/2327 2328/1/2328 2329/1/2329 
f 2329/1/2329 2324/1/2324 2327/1/2327 
f 2324/1/2324 2329/1/2329 1461/1/1461 
f 1461/1/1461 1460/1/1460 2324/1/2324 
f 1460/1/1460 1459/1/1459 2325/1/2325 
f 2325/1/2325 2324/1/2324 1460/1/1460 
f 2330/1/2330 2331/1/2331 2332/1/2332 
f 2332/1/2332 2333/1/2333 2330/1/2330 
f 2333/1/2333 1989/1/1989 1988/1/1988 
f 1988/1/1988 2330/1/2330 2333/1/2333 
f 2330/1/2330 1988/1/1988 1987/1/1987 
f 1987/1/1987 2334/1/2334 2330/1/2330 
f 2334/1/2334 2335/1/2335 2331/1/2331 
f 2331/1/2331 2330/1/2330 2334/1/2334 
f 2336/1/2336 2337/1/2337 2328/1/2328 
f 2328/1/2328 2327/1/2327 2336/1/2336 
f 2327/1/2327 2326/1/2326 2338/1/2338 
f 2338/1/2338 2336/1/2336 2327/1/2327 
f 2336/1/2336 2338/1/2338 2339/1/2339 
f 2339/1/2339 2340/1/2340 2336/1/2336 
f 2340/1/2340 2341/1/2341 2337/1/2337 
f 2337/1/2337 2336/1/2336 2340/1/2340 
f 2342/1/2342 2332/1/2332 2331/1/2331 
f 2331/1/2331 2343/1/2343 2342/1/2342 
f 2344/1/2344 2343/1/2343 2331/1/2331 
f 2331/1/2331 2335/1/2335 2344/1/2344 
f 2343/1/2343 2344/1/2344 2341/1/2341 
f 2341/1/2341 2340/1/2340 2343/1/2343 
f 2343/1/2343 2340/1/2340 2339/1/2339 
f 2339/1/2339 2342/1/2342 2343/1/2343 
f 2345/1/2345 2325/1/2325 1459/1/1459 
f 1459/1/1459 2204/1/2204 2345/1/2345 
f 2204/1/2204 2203/1/2203 2346/1/2346 
f 2346/1/2346 2345/1/2345 2204/1/2204 
f 2345/1/2345 2346/1/2346 2347/1/2347 
f 2347/1/2347 2348/1/2348 2345/1/2345 
f 2348/1/2348 2326/1/2326 2325/1/2325 
f 2325/1/2325 2345/1/2345 2348/1/2348 
f 2349/1/2349 2350/1/2350 2351/1/2351 
f 2351/1/2351 2352/1/2352 2349/1/2349 
f 2352/1/2352 2199/1/2199 2198/1/2198 
f 2198/1/2198 2349/1/2349 2352/1/2352 
f 2349/1/2349 2198/1/2198 1989/1/1989 
f 1989/1/1989 2333/1/2333 2349/1/2349 
f 2333/1/2333 2332/1/2332 2350/1/2350 
f 2350/1/2350 2349/1/2349 2333/1/2333 
f 2353/1/2353 2354/1/2354 2355/1/2355 
f 2355/1/2355 2356/1/2356 2353/1/2353 
f 2356/1/2356 2351/1/2351 2350/1/2350 
f 2350/1/2350 2353/1/2353 2356/1/2356 
f 2353/1/2353 2350/1/2350 2332/1/2332 
f 2332/1/2332 2342/1/2342 2353/1/2353 
f 2342/1/2342 2339/1/2339 2354/1/2354 
f 2354/1/2354 2353/1/2353 2342/1/2342 
f 2357/1/2357 2354/1/2354 2339/1/2339 
f 2339/1/2339 2338/1/2338 2357/1/2357 
f 2357/1/2357 2338/1/2338 2326/1/2326 
f 2326/1/2326 2348/1/2348 2357/1/2357 
f 2348/1/2348 2347/1/2347 2358/1/2358 
f 2358/1/2358 2357/1/2357 2348/1/2348 
f 2358/1/2358 2355/1/2355 2354/1/2354 
f 2354/1/2354 2357/1/2357 2358/1/2358 
f 2359/1/2359 2360/1/2360 2361/1/2361 
f 2361/1/2361 2362/1/2362 2359/1/2359 
f 2361/1/2361 2347/1/2347 2346/1/2346 
f 2346/1/2346 2362/1/2362 2361/1/2361 
f 2362/1/2362 2346/1/2346 2203/1/2203 
f 2203/1/2203 2209/1/2209 2362/1/2362 
f 2209/1/2209 1973/1/1973 2359/1/2359 
f 2359/1/2359 2362/1/2362 2209/1/2209 
f 2363/1/2363 2364/1/2364 2355/1/2355 
f 2355/1/2355 2358/1/2358 2363/1/2363 
f 2358/1/2358 2347/1/2347 2361/1/2361 
f 2361/1/2361 2363/1/2363 2358/1/2358 
f 2363/1/2363 2361/1/2361 2360/1/2360 
f 2360/1/2360 2365/1/2365 2363/1/2363 
f 2365/1/2365 2366/1/2366 2364/1/2364 
f 2364/1/2364 2363/1/2363 2365/1/2365 
f 2367/1/2367 2368/1/2368 2360/1/2360 
f 2360/1/2360 2359/1/2359 2367/1/2367 
f 2359/1/2359 1973/1/1973 1972/1/1972 
f 1972/1/1972 2367/1/2367 2359/1/2359 
f 2367/1/2367 1972/1/1972 1976/1/1976 
f 1976/1/1976 2369/1/2369 2367/1/2367 
f 2369/1/2369 2370/1/2370 2368/1/2368 
f 2368/1/2368 2367/1/2367 2369/1/2369 
f 2371/1/2371 2372/1/2372 2366/1/2366 
f 2366/1/2366 2365/1/2365 2371/1/2371 
f 2365/1/2365 2360/1/2360 2368/1/2368 
f 2371/1/2371 2368/1/2368 2370/1/2370 
f 2370/1/2370 2373/1/2373 2371/1/2371 
f 2373/1/2373 2374/1/2374 2372/1/2372 
f 2372/1/2372 2371/1/2371 2373/1/2373 
f 2375/1/2375 2376/1/2376 2370/1/2370 
f 2369/1/2369 1976/1/1976 2177/1/2177 
f 2177/1/2177 2375/1/2375 2369/1/2369 
f 2375/1/2375 2177/1/2177 2173/1/2173 
f 2173/1/2173 2377/1/2377 2375/1/2375 
f 2377/1/2377 2378/1/2378 2376/1/2376 
f 2376/1/2376 2375/1/2375 2377/1/2377 
f 2379/1/2379 2380/1/2380 2381/1/2381 
f 2381/1/2381 2382/1/2382 2379/1/2379 
f 2382/1/2382 2374/1/2374 2373/1/2373 
f 2373/1/2373 2370/1/2370 2376/1/2376 
f 2376/1/2376 2379/1/2379 2373/1/2373 
f 2379/1/2379 2376/1/2376 2378/1/2378 
f 2378/1/2378 2380/1/2380 2379/1/2379 
f 2383/1/2383 2384/1/2384 2385/1/2385 
f 2385/1/2385 2386/1/2386 2383/1/2383 
f 2385/1/2385 1681/1/1681 2180/1/2180 
f 2180/1/2180 2386/1/2386 2385/1/2385 
f 2386/1/2386 2180/1/2180 2184/1/2184 
f 2184/1/2184 2387/1/2387 2386/1/2386 
f 2386/1/2386 2387/1/2387 2388/1/2388 
f 2388/1/2388 2383/1/2383 2386/1/2386 
f 2389/1/2389 2390/1/2390 2378/1/2378 
f 2378/1/2378 2377/1/2377 2389/1/2389 
f 2377/1/2377 2173/1/2173 2172/1/2172 
f 2172/1/2172 2389/1/2389 2377/1/2377 
f 2389/1/2389 2172/1/2172 1979/1/1979 
f 1979/1/1979 2391/1/2391 2389/1/2389 
f 2391/1/2391 2392/1/2392 2390/1/2390 
f 2390/1/2390 2389/1/2389 2391/1/2391 
f 2380/1/2380 2378/1/2378 2390/1/2390 
f 2390/1/2390 2393/1/2393 2380/1/2380 
f 2393/1/2393 2390/1/2390 2392/1/2392 
f 2392/1/2392 2394/1/2394 2393/1/2393 
f 2393/1/2393 2394/1/2394 2395/1/2395 
f 2395/1/2395 2396/1/2396 2393/1/2393 
f 2396/1/2396 2381/1/2381 2380/1/2380 
f 2380/1/2380 2393/1/2393 2396/1/2396 
f 2397/1/2397 2398/1/2398 2384/1/2384 
f 2384/1/2384 2383/1/2383 2397/1/2397 
f 2383/1/2383 2388/1/2388 2399/1/2399 
f 2399/1/2399 2397/1/2397 2383/1/2383 
f 2397/1/2397 2399/1/2399 2381/1/2381 
f 2381/1/2381 2396/1/2396 2397/1/2397 
f 2396/1/2396 2395/1/2395 2398/1/2398 
f 2398/1/2398 2397/1/2397 2396/1/2396 
f 2400/1/2400 2401/1/2401 1683/1/1683 
f 1683/1/1683 1682/1/1682 2400/1/2400 
f 1682/1/1682 1681/1/1681 2385/1/2385 
f 2385/1/2385 2400/1/2400 1682/1/1682 
f 2400/1/2400 2385/1/2385 2384/1/2384 
f 2384/1/2384 2402/1/2402 2400/1/2400 
f 2402/1/2402 2403/1/2403 2401/1/2401 
f 2401/1/2401 2400/1/2400 2402/1/2402 
f 2404/1/2404 2405/1/2405 2392/1/2392 
f 2392/1/2392 2391/1/2391 2404/1/2404 
f 2391/1/2391 1979/1/1979 1978/1/1978 
f 1978/1/1978 2404/1/2404 2391/1/2391 
f 2404/1/2404 1978/1/1978 1982/1/1982 
f 1982/1/1982 2406/1/2406 2404/1/2404 
f 2406/1/2406 2407/1/2407 2405/1/2405 
f 2405/1/2405 2404/1/2404 2406/1/2406 
f 2394/1/2394 2392/1/2392 2405/1/2405 
f 2405/1/2405 2408/1/2408 2394/1/2394 
f 2408/1/2408 2405/1/2405 2407/1/2407 
f 2407/1/2407 2409/1/2409 2408/1/2408 
f 2408/1/2408 2409/1/2409 2410/1/2410 
f 2410/1/2410 2411/1/2411 2408/1/2408 
f 2411/1/2411 2395/1/2395 2394/1/2394 
f 2394/1/2394 2408/1/2408 2411/1/2411 
f 2412/1/2412 2413/1/2413 2403/1/2403 
f 2403/1/2403 2402/1/2402 2412/1/2412 
f 2402/1/2402 2384/1/2384 2398/1/2398 
f 2398/1/2398 2412/1/2412 2402/1/2402 
f 2412/1/2412 2398/1/2398 2395/1/2395 
f 2395/1/2395 2411/1/2411 2412/1/2412 
f 2411/1/2411 2410/1/2410 2413/1/2413 
f 2413/1/2413 2412/1/2412 2411/1/2411 
f 2414/1/2414 2415/1/2415 2416/1/2416 
f 2416/1/2416 2417/1/2417 2414/1/2414 
f 2406/1/2406 2414/1/2414 2417/1/2417 
f 2417/1/2417 2407/1/2407 2406/1/2406 
f 2406/1/2406 1982/1/1982 2418/1/2418 
f 2418/1/2418 2414/1/2414 2406/1/2406 
f 2414/1/2414 2418/1/2418 2419/1/2419 
f 2419/1/2419 2415/1/2415 2414/1/2414 
f 2420/1/2420 2409/1/2409 2407/1/2407 
f 2407/1/2407 2417/1/2417 2420/1/2420 
f 2417/1/2417 2416/1/2416 2421/1/2421 
f 2421/1/2421 2420/1/2420 2417/1/2417 
f 2420/1/2420 2421/1/2421 2422/1/2422 
f 2422/1/2422 2423/1/2423 2420/1/2420 
f 2423/1/2423 2410/1/2410 2409/1/2409 
f 2409/1/2409 2420/1/2420 2423/1/2423 
f 2424/1/2424 2425/1/2425 1644/1/1644 
f 1644/1/1644 1659/1/1659 2424/1/2424 
f 1659/1/1659 1658/1/1658 2426/1/2426 
f 2426/1/2426 2424/1/2424 1659/1/1659 
f 2424/1/2424 2426/1/2426 2427/1/2427 
f 2427/1/2427 2428/1/2428 2424/1/2424 
f 2425/1/2425 2424/1/2424 2428/1/2428 
f 2428/1/2428 2429/1/2429 2425/1/2425 
f 2430/1/2430 2431/1/2431 2429/1/2429 
f 2429/1/2429 2432/1/2432 2430/1/2430 
f 2432/1/2432 2433/1/2433 2434/1/2434 
f 2434/1/2434 2430/1/2430 2432/1/2432 
f 2430/1/2430 2434/1/2434 2435/1/2435 
f 2435/1/2435 2436/1/2436 2430/1/2430 
f 2436/1/2436 1494/1/1494 2431/1/2431 
f 2431/1/2431 2430/1/2430 2436/1/2436 
f 1489/1/1489 1485/1/1485 1495/1/1495 
f 2437/1/2437 1495/1/1495 1494/1/1494 
f 1494/1/1494 2436/1/2436 2437/1/2437 
f 2436/1/2436 2435/1/2435 2438/1/2438 
f 2438/1/2438 2437/1/2437 2436/1/2436 
f 1489/1/1489 2437/1/2437 2438/1/2438 
f 2438/1/2438 1490/1/1490 1489/1/1489 
f 2425/1/2425 2429/1/2429 2431/1/2431 
f 2431/1/2431 2439/1/2439 2425/1/2425 
f 2439/1/2439 2431/1/2431 1494/1/1494 
f 2439/1/2439 1626/1/1626 1625/1/1625 
f 1645/1/1645 1644/1/1644 2425/1/2425 
f 2425/1/2425 2439/1/2439 1645/1/1645 
f 2440/1/2440 2441/1/2441 2442/1/2442 
f 2442/1/2442 2443/1/2443 2440/1/2440 
f 2443/1/2443 2444/1/2444 2445/1/2445 
f 2445/1/2445 2440/1/2440 2443/1/2443 
f 2446/1/2446 2447/1/2447 2448/1/2448 
f 2448/1/2448 2449/1/2449 2446/1/2446 
f 2449/1/2449 2450/1/2450 2451/1/2451 
f 2451/1/2451 2446/1/2446 2449/1/2449 
f 2452/1/2452 2451/1/2451 2450/1/2450 
f 2453/1/2453 2450/1/2450 2454/1/2454 
f 2454/1/2454 2455/1/2455 2453/1/2453 
f 2455/1/2455 2454/1/2454 2456/1/2456 
f 2456/1/2456 2457/1/2457 2455/1/2455 
f 2458/1/2458 2457/1/2457 2456/1/2456 
f 2456/1/2456 2459/1/2459 2458/1/2458 
f 2459/1/2459 2460/1/2460 2461/1/2461 
f 2461/1/2461 2458/1/2458 2459/1/2459 
f 2462/1/2462 697/1/697 696/1/696 
f 696/1/696 716/1/716 2462/1/2462 
f 716/1/716 715/1/715 2463/1/2463 
f 2463/1/2463 2462/1/2462 716/1/716 
f 2462/1/2462 2463/1/2463 2464/1/2464 
f 2465/1/2465 699/1/699 697/1/697 
f 697/1/697 2462/1/2462 2465/1/2465 
f 2466/1/2466 2463/1/2463 715/1/715 
f 715/1/715 721/1/721 2466/1/2466 
f 721/1/721 7/1/7 6/1/6 
f 6/1/6 2466/1/2466 721/1/721 
f 2466/1/2466 6/1/6 5/1/5 
f 5/1/5 2467/1/2467 2466/1/2466 
f 2467/1/2467 2464/1/2464 2463/1/2463 
f 2463/1/2463 2466/1/2466 2467/1/2467 
f 2468/1/2468 2469/1/2469 699/1/699 
f 699/1/699 2465/1/2465 2468/1/2468 
f 2468/1/2468 2465/1/2465 2464/1/2464 
f 2464/1/2464 2470/1/2470 2468/1/2468 
f 2471/1/2471 2468/1/2468 2470/1/2470 
f 2470/1/2470 2472/1/2472 2471/1/2471 
f 2471/1/2471 2473/1/2473 2469/1/2469 
f 2469/1/2469 2468/1/2468 2471/1/2471 
f 2474/1/2474 2475/1/2475 2476/1/2476 
f 2477/1/2477 166/1/166 165/1/165 
f 165/1/165 2474/1/2474 2477/1/2477 
f 2474/1/2474 165/1/165 160/1/160 
f 160/1/160 2478/1/2478 2474/1/2474 
f 2478/1/2478 2479/1/2479 2475/1/2475 
f 2475/1/2475 2474/1/2474 2478/1/2478 
f 2480/1/2480 278/1/278 166/1/166 
f 166/1/166 2477/1/2477 2480/1/2480 
f 2477/1/2477 2476/1/2476 2481/1/2481 
f 2481/1/2481 2480/1/2480 2477/1/2477 
f 2480/1/2480 2481/1/2481 2482/1/2482 
f 2482/1/2482 2483/1/2483 2480/1/2480 
f 2483/1/2483 279/1/279 278/1/278 
f 278/1/278 2480/1/2480 2483/1/2483 
f 2484/1/2484 2485/1/2485 2486/1/2486 
f 2486/1/2486 2487/1/2487 2484/1/2484 
f 2487/1/2487 151/1/151 150/1/150 
f 2484/1/2484 150/1/150 67/1/67 
f 67/1/67 65/1/65 2484/1/2484 
f 65/1/65 64/1/64 2485/1/2485 
f 2485/1/2485 2484/1/2484 65/1/65 
f 2488/1/2488 2489/1/2489 2490/1/2490 
f 2490/1/2490 2491/1/2491 2488/1/2488 
f 2491/1/2491 2490/1/2490 1946/1/1946 
f 1946/1/1946 1952/1/1952 2491/1/2491 
f 2491/1/2491 1952/1/1952 1921/1/1921 
f 1921/1/1921 2492/1/2492 2491/1/2491 
f 2492/1/2492 2493/1/2493 2488/1/2488 
f 2488/1/2488 2491/1/2491 2492/1/2492 
f 2494/1/2494 2495/1/2495 2493/1/2493 
f 2492/1/2492 1921/1/1921 1920/1/1920 
f 1920/1/1920 2494/1/2494 2492/1/2492 
f 2494/1/2494 1920/1/1920 1916/1/1916 
f 1916/1/1916 2496/1/2496 2494/1/2494 
f 2496/1/2496 2497/1/2497 2495/1/2495 
f 2495/1/2495 2494/1/2494 2496/1/2496 
f 2498/1/2498 2499/1/2499 2500/1/2500 
f 2500/1/2500 2501/1/2501 2498/1/2498 
f 2498/1/2498 1141/1/1141 1140/1/1140 
f 1140/1/1140 2499/1/2499 2498/1/2498 
f 2499/1/2499 1140/1/1140 1060/1/1060 
f 1060/1/1060 2502/1/2502 2499/1/2499 
f 2502/1/2502 2503/1/2503 2500/1/2500 
f 2500/1/2500 2499/1/2499 2502/1/2502 
f 2504/1/2504 2505/1/2505 287/1/287 
f 287/1/287 286/1/286 2504/1/2504 
f 286/1/286 198/1/198 2506/1/2506 
f 2506/1/2506 2504/1/2504 286/1/286 
f 2504/1/2504 2506/1/2506 2507/1/2507 
f 2507/1/2507 2508/1/2508 2504/1/2504 
f 2508/1/2508 2509/1/2509 2505/1/2505 
f 2505/1/2505 2504/1/2504 2508/1/2508 
f 2510/1/2510 2511/1/2511 2512/1/2512 
f 2512/1/2512 2513/1/2513 2510/1/2510 
f 2513/1/2513 2419/1/2419 2418/1/2418 
f 2418/1/2418 2510/1/2510 2513/1/2513 
f 2510/1/2510 2418/1/2418 1982/1/1982 
f 1982/1/1982 1981/1/1981 2510/1/2510 
f 1981/1/1981 1467/1/1467 2511/1/2511 
f 2511/1/2511 2510/1/2510 1981/1/1981 
f 2514/1/2514 1669/1/1669 1668/1/1668 
f 1668/1/1668 2515/1/2515 2514/1/2514 
f 2515/1/2515 2516/1/2516 2517/1/2517 
f 2517/1/2517 2514/1/2514 2515/1/2515 
f 2514/1/2514 2517/1/2517 2518/1/2518 
f 2518/1/2518 2519/1/2519 2514/1/2514 
f 2519/1/2519 1670/1/1670 1669/1/1669 
f 1669/1/1669 2514/1/2514 2519/1/2519 
f 2520/1/2520 2519/1/2519 2518/1/2518 
f 2518/1/2518 2521/1/2521 2520/1/2520 
f 2521/1/2521 2522/1/2522 2523/1/2523 
f 2523/1/2523 2520/1/2520 2521/1/2521 
f 2520/1/2520 2523/1/2523 1985/1/1985 
f 1985/1/1985 1994/1/1994 2520/1/2520 
f 1994/1/1994 1670/1/1670 2519/1/2519 
f 2519/1/2519 2520/1/2520 1994/1/1994 
f 2524/1/2524 2525/1/2525 1987/1/1987 
f 1987/1/1987 1986/1/1986 2524/1/2524 
f 1986/1/1986 1985/1/1985 2523/1/2523 
f 2523/1/2523 2524/1/2524 1986/1/1986 
f 2524/1/2524 2523/1/2523 2522/1/2522 
f 2522/1/2522 2526/1/2526 2524/1/2524 
f 2526/1/2526 2527/1/2527 2525/1/2525 
f 2525/1/2525 2524/1/2524 2526/1/2526 
f 2528/1/2528 2525/1/2525 2527/1/2527 
f 2527/1/2527 2529/1/2529 2528/1/2528 
f 2529/1/2529 2530/1/2530 2531/1/2531 
f 2531/1/2531 2528/1/2528 2529/1/2529 
f 2528/1/2528 2531/1/2531 2335/1/2335 
f 2335/1/2335 2334/1/2334 2528/1/2528 
f 2334/1/2334 1987/1/1987 2525/1/2525 
f 2525/1/2525 2528/1/2528 2334/1/2334 
f 2532/1/2532 2533/1/2533 2534/1/2534 
f 2534/1/2534 2535/1/2535 2532/1/2532 
f 2535/1/2535 2536/1/2536 2537/1/2537 
f 2537/1/2537 2532/1/2532 2535/1/2535 
f 2532/1/2532 2537/1/2537 1967/1/1967 
f 1967/1/1967 1970/1/1970 2532/1/2532 
f 1970/1/1970 1884/1/1884 2533/1/2533 
f 2533/1/2533 2532/1/2532 1970/1/1970 
f 2538/1/2538 2539/1/2539 2540/1/2540 
f 2540/1/2540 2541/1/2541 2538/1/2538 
f 2541/1/2541 1894/1/1894 1893/1/1893 
f 1893/1/1893 2538/1/2538 2541/1/2541 
f 2538/1/2538 1893/1/1893 1900/1/1900 
f 1900/1/1900 2542/1/2542 2538/1/2538 
f 2542/1/2542 2543/1/2543 2539/1/2539 
f 2539/1/2539 2538/1/2538 2542/1/2542 
f 2544/1/2544 2545/1/2545 1135/1/1135 
f 1135/1/1135 1134/1/1134 2544/1/2544 
f 1134/1/1134 1133/1/1133 1939/1/1939 
f 1939/1/1939 2544/1/2544 1134/1/1134 
f 2544/1/2544 1939/1/1939 1894/1/1894 
f 1894/1/1894 2541/1/2541 2544/1/2544 
f 2541/1/2541 2540/1/2540 2545/1/2545 
f 2545/1/2545 2544/1/2544 2541/1/2541 
f 2546/1/2546 2547/1/2547 2548/1/2548 
f 2548/1/2548 2549/1/2549 2546/1/2546 
f 2549/1/2549 2320/1/2320 2319/1/2319 
f 2319/1/2319 2546/1/2546 2549/1/2549 
f 2546/1/2546 2319/1/2319 2317/1/2317 
f 2317/1/2317 2550/1/2550 2546/1/2546 
f 2550/1/2550 2551/1/2551 2547/1/2547 
f 2547/1/2547 2546/1/2546 2550/1/2550 
f 2552/1/2552 2553/1/2553 2551/1/2551 
f 2551/1/2551 2550/1/2550 2552/1/2552 
f 2550/1/2550 2317/1/2317 2316/1/2316 
f 2316/1/2316 2552/1/2552 2550/1/2550 
f 2552/1/2552 2316/1/2316 1444/1/1444 
f 1444/1/1444 1452/1/1452 2552/1/2552 
f 1452/1/1452 1451/1/1451 2553/1/2553 
f 2553/1/2553 2552/1/2552 1452/1/1452 
f 2554/1/2554 2555/1/2555 2556/1/2556 
f 2556/1/2556 2557/1/2557 2554/1/2554 
f 2557/1/2557 1905/1/1905 1963/1/1963 
f 1963/1/1963 2554/1/2554 2557/1/2557 
f 1963/1/1963 1967/1/1967 2537/1/2537 
f 2537/1/2537 2554/1/2554 1963/1/1963 
f 2554/1/2554 2537/1/2537 2536/1/2536 
f 2536/1/2536 2555/1/2555 2554/1/2554 
f 2558/1/2558 2559/1/2559 2543/1/2543 
f 2543/1/2543 2542/1/2542 2558/1/2558 
f 2542/1/2542 1900/1/1900 1906/1/1906 
f 1906/1/1906 2558/1/2558 2542/1/2542 
f 2558/1/2558 1906/1/1906 1905/1/1905 
f 1905/1/1905 2557/1/2557 2558/1/2558 
f 2557/1/2557 2556/1/2556 2559/1/2559 
f 2559/1/2559 2558/1/2558 2557/1/2557 
f 2560/1/2560 2561/1/2561 69/1/69 
f 69/1/69 68/1/68 2560/1/2560 
f 68/1/68 57/1/57 56/1/56 
f 56/1/56 2560/1/2560 68/1/68 
f 2560/1/2560 56/1/56 55/1/55 
f 55/1/55 2562/1/2562 2560/1/2560 
f 2562/1/2562 2563/1/2563 2561/1/2561 
f 2561/1/2561 2560/1/2560 2562/1/2562 
f 2564/1/2564 2565/1/2565 2479/1/2479 
f 2479/1/2479 2478/1/2478 2564/1/2564 
f 159/1/159 2564/1/2564 2478/1/2478 
f 2478/1/2478 160/1/160 159/1/159 
f 159/1/159 158/1/158 2566/1/2566 
f 2566/1/2566 2564/1/2564 159/1/159 
f 2566/1/2566 2567/1/2567 2565/1/2565 
f 2565/1/2565 2564/1/2564 2566/1/2566 
f 2568/1/2568 2569/1/2569 2570/1/2570 
f 2570/1/2570 2571/1/2571 2568/1/2568 
f 2571/1/2571 2570/1/2570 2572/1/2572 
f 2572/1/2572 2573/1/2573 2571/1/2571 
f 2573/1/2573 2567/1/2567 2574/1/2574 
f 2574/1/2574 2571/1/2571 2573/1/2573 
f 2568/1/2568 2571/1/2571 2574/1/2574 
f 2574/1/2574 2575/1/2575 2568/1/2568 
f 2576/1/2576 2577/1/2577 2578/1/2578 
f 2578/1/2578 2579/1/2579 2576/1/2576 
f 2579/1/2579 2479/1/2479 2565/1/2565 
f 2565/1/2565 2576/1/2576 2579/1/2579 
f 2576/1/2576 2565/1/2565 2567/1/2567 
f 2567/1/2567 2573/1/2573 2576/1/2576 
f 2573/1/2573 2572/1/2572 2577/1/2577 
f 2577/1/2577 2576/1/2576 2573/1/2573 
f 2580/1/2580 2577/1/2577 2572/1/2572 
f 2572/1/2572 2581/1/2581 2580/1/2580 
f 2581/1/2581 37/1/37 124/1/124 
f 124/1/124 2580/1/2580 2581/1/2581 
f 2580/1/2580 124/1/124 123/1/123 
f 123/1/123 2582/1/2582 2580/1/2580 
f 2582/1/2582 2578/1/2578 2577/1/2577 
f 2577/1/2577 2580/1/2580 2582/1/2582 
f 2583/1/2583 2584/1/2584 2575/1/2575 
f 2575/1/2575 2574/1/2574 2583/1/2583 
f 2583/1/2583 2574/1/2574 2567/1/2567 
f 2567/1/2567 2566/1/2566 2583/1/2583 
f 2583/1/2583 2566/1/2566 158/1/158 
f 158/1/158 1777/1/1777 2583/1/2583 
f 2584/1/2584 2583/1/2583 1777/1/1777 
f 1777/1/1777 1780/1/1780 2584/1/2584 
f 2585/1/2585 2586/1/2586 28/1/28 
f 28/1/28 38/1/38 2585/1/2585 
f 38/1/38 37/1/37 2581/1/2581 
f 2581/1/2581 2585/1/2585 38/1/38 
f 2581/1/2581 2572/1/2572 2570/1/2570 
f 2570/1/2570 2585/1/2585 2581/1/2581 
f 2585/1/2585 2570/1/2570 2569/1/2569 
f 2569/1/2569 2586/1/2586 2585/1/2585 
f 2587/1/2587 2588/1/2588 2589/1/2589 
f 2589/1/2589 2590/1/2590 2587/1/2587 
f 2588/1/2588 2587/1/2587 30/1/30 
f 30/1/30 29/1/29 2588/1/2588 
f 29/1/29 28/1/28 2586/1/2586 
f 2586/1/2586 2588/1/2588 29/1/29 
f 2586/1/2586 2569/1/2569 2589/1/2589 
f 2589/1/2589 2588/1/2588 2586/1/2586 
f 2591/1/2591 2592/1/2592 2593/1/2593 
f 2593/1/2593 2594/1/2594 2591/1/2591 
f 2594/1/2594 1772/1/1772 1771/1/1771 
f 1771/1/1771 2591/1/2591 2594/1/2594 
f 2595/1/2595 2591/1/2591 1771/1/1771 
f 1771/1/1771 1770/1/1770 2595/1/2595 
f 2595/1/2595 2596/1/2596 2592/1/2592 
f 2592/1/2592 2591/1/2591 2595/1/2595 
f 2597/1/2597 2598/1/2598 2599/1/2599 
f 2599/1/2599 2600/1/2600 2597/1/2597 
f 2600/1/2600 2593/1/2593 2592/1/2592 
f 2592/1/2592 2597/1/2597 2600/1/2600 
f 2597/1/2597 2592/1/2592 2596/1/2596 
f 2596/1/2596 2601/1/2601 2597/1/2597 
f 2601/1/2601 2602/1/2602 2598/1/2598 
f 2598/1/2598 2597/1/2597 2601/1/2601 
f 2603/1/2603 2598/1/2598 2602/1/2602 
f 2602/1/2602 2604/1/2604 2603/1/2603 
f 2604/1/2604 69/1/69 2561/1/2561 
f 2561/1/2561 2603/1/2603 2604/1/2604 
f 2603/1/2603 2561/1/2561 2563/1/2563 
f 2563/1/2563 2605/1/2605 2603/1/2603 
f 2605/1/2605 2599/1/2599 2598/1/2598 
f 2598/1/2598 2603/1/2603 2605/1/2605 
f 2606/1/2606 2607/1/2607 2602/1/2602 
f 2602/1/2602 2601/1/2601 2606/1/2606 
f 2601/1/2601 2596/1/2596 2608/1/2608 
f 2608/1/2608 2606/1/2606 2601/1/2601 
f 2606/1/2606 2608/1/2608 2609/1/2609 
f 2609/1/2609 2610/1/2610 2606/1/2606 
f 2610/1/2610 2611/1/2611 2607/1/2607 
f 2607/1/2607 2606/1/2606 2610/1/2610 
f 2612/1/2612 2607/1/2607 2611/1/2611 
f 2611/1/2611 2613/1/2613 2612/1/2612 
f 2613/1/2613 64/1/64 63/1/63 
f 63/1/63 2612/1/2612 2613/1/2613 
f 2612/1/2612 63/1/63 69/1/69 
f 69/1/69 2604/1/2604 2612/1/2612 
f 2604/1/2604 2602/1/2602 2607/1/2607 
f 2607/1/2607 2612/1/2612 2604/1/2604 
f 1808/1/1808 177/1/177 176/1/176 
f 176/1/176 2614/1/2614 1808/1/1808 
f 176/1/176 175/1/175 2615/1/2615 
f 2614/1/2614 2615/1/2615 2609/1/2609 
f 2609/1/2609 2616/1/2616 2614/1/2614 
f 2614/1/2614 2616/1/2616 1809/1/1809 
f 1809/1/1809 1808/1/1808 2614/1/2614 
f 2617/1/2617 2610/1/2610 2609/1/2609 
f 2609/1/2609 2615/1/2615 2617/1/2617 
f 2618/1/2618 2617/1/2617 2615/1/2615 
f 2615/1/2615 175/1/175 2618/1/2618 
f 2617/1/2617 2618/1/2618 2619/1/2619 
f 2620/1/2620 2611/1/2611 2610/1/2610 
f 2610/1/2610 2617/1/2617 2620/1/2620 
f 2621/1/2621 2608/1/2608 2596/1/2596 
f 2596/1/2596 2595/1/2595 2621/1/2621 
f 2621/1/2621 2595/1/2595 1770/1/1770 
f 1770/1/1770 1811/1/1811 2621/1/2621 
f 1811/1/1811 1809/1/1809 2616/1/2616 
f 2616/1/2616 2621/1/2621 1811/1/1811 
f 2616/1/2616 2609/1/2609 2608/1/2608 
f 2608/1/2608 2621/1/2621 2616/1/2616 
f 2622/1/2622 2623/1/2623 2497/1/2497 
f 2497/1/2497 2496/1/2496 2622/1/2622 
f 2496/1/2496 1916/1/1916 1915/1/1915 
f 1915/1/1915 2622/1/2622 2496/1/2496 
f 2622/1/2622 1915/1/1915 1077/1/1077 
f 1077/1/1077 2624/1/2624 2622/1/2622 
f 2624/1/2624 2625/1/2625 2623/1/2623 
f 2623/1/2623 2622/1/2622 2624/1/2624 
f 2626/1/2626 2486/1/2486 2485/1/2485 
f 2485/1/2485 2627/1/2627 2626/1/2626 
f 2627/1/2627 2485/1/2485 64/1/64 
f 64/1/64 2613/1/2613 2627/1/2627 
f 2620/1/2620 2627/1/2627 2613/1/2613 
f 2613/1/2613 2611/1/2611 2620/1/2620 
f 2620/1/2620 2619/1/2619 2626/1/2626 
f 2626/1/2626 2627/1/2627 2620/1/2620 
f 2624/1/2624 1077/1/1077 1076/1/1076 
f 1076/1/1076 2628/1/2628 2624/1/2624 
f 2628/1/2628 1076/1/1076 255/1/255 
f 255/1/255 2629/1/2629 2628/1/2628 
f 2628/1/2628 2629/1/2629 2630/1/2630 
f 2630/1/2630 2631/1/2631 2628/1/2628 
f 2631/1/2631 2625/1/2625 2624/1/2624 
f 2624/1/2624 2628/1/2628 2631/1/2631 
f 2632/1/2632 2633/1/2633 2625/1/2625 
f 2625/1/2625 2631/1/2631 2632/1/2632 
f 2631/1/2631 2630/1/2630 2634/1/2634 
f 2634/1/2634 2632/1/2632 2631/1/2631 
f 2632/1/2632 2634/1/2634 2635/1/2635 
f 2635/1/2635 2636/1/2636 2632/1/2632 
f 2636/1/2636 2637/1/2637 2633/1/2633 
f 2633/1/2633 2632/1/2632 2636/1/2636 
f 2638/1/2638 2503/1/2503 2502/1/2502 
f 2502/1/2502 2639/1/2639 2638/1/2638 
f 2502/1/2502 1060/1/1060 1059/1/1059 
f 1059/1/1059 2639/1/2639 2502/1/2502 
f 2639/1/2639 1059/1/1059 1055/1/1055 
f 1055/1/1055 2640/1/2640 2639/1/2639 
f 2638/1/2638 2639/1/2639 2640/1/2640 
f 2640/1/2640 2641/1/2641 2638/1/2638 
f 2642/1/2642 2643/1/2643 223/1/223 
f 223/1/223 1084/1/1084 2642/1/2642 
f 1084/1/1084 1083/1/1083 2644/1/2644 
f 2644/1/2644 2642/1/2642 1084/1/1084 
f 2642/1/2642 2644/1/2644 2637/1/2637 
f 2637/1/2637 2636/1/2636 2642/1/2642 
f 2636/1/2636 2635/1/2635 2643/1/2643 
f 2643/1/2643 2642/1/2642 2636/1/2636 
f 2645/1/2645 2646/1/2646 2641/1/2641 
f 2641/1/2641 2640/1/2640 2645/1/2645 
f 2640/1/2640 1055/1/1055 1054/1/1054 
f 1054/1/1054 2645/1/2645 2640/1/2640 
f 2645/1/2645 1054/1/1054 250/1/250 
f 250/1/250 2647/1/2647 2645/1/2645 
f 2647/1/2647 2648/1/2648 2646/1/2646 
f 2646/1/2646 2645/1/2645 2647/1/2647 
f 2649/1/2649 2650/1/2650 2641/1/2641 
f 2641/1/2641 2646/1/2646 2649/1/2649 
f 2646/1/2646 2648/1/2648 2651/1/2651 
f 2651/1/2651 2649/1/2649 2646/1/2646 
f 2649/1/2649 2651/1/2651 2652/1/2652 
f 2652/1/2652 2653/1/2653 2649/1/2649 
f 2653/1/2653 2654/1/2654 2650/1/2650 
f 2650/1/2650 2649/1/2649 2653/1/2653 
f 2655/1/2655 2656/1/2656 241/1/241 
f 241/1/241 1063/1/1063 2655/1/2655 
f 1063/1/1063 1068/1/1068 2657/1/2657 
f 2657/1/2657 2655/1/2655 1063/1/1063 
f 2655/1/2655 2657/1/2657 2654/1/2654 
f 2654/1/2654 2653/1/2653 2655/1/2655 
f 2653/1/2653 2652/1/2652 2656/1/2656 
f 2656/1/2656 2655/1/2655 2653/1/2653 
f 2658/1/2658 2659/1/2659 2630/1/2630 
f 2630/1/2630 2629/1/2629 2658/1/2658 
f 2629/1/2629 255/1/255 254/1/254 
f 254/1/254 2658/1/2658 2629/1/2629 
f 2658/1/2658 254/1/254 261/1/261 
f 261/1/261 2660/1/2660 2658/1/2658 
f 2659/1/2659 2658/1/2658 2660/1/2660 
f 2660/1/2660 2661/1/2661 2659/1/2659 
f 2634/1/2634 2662/1/2662 2663/1/2663 
f 2663/1/2663 2635/1/2635 2634/1/2634 
f 2659/1/2659 2662/1/2662 2634/1/2634 
f 2634/1/2634 2630/1/2630 2659/1/2659 
f 2659/1/2659 2661/1/2661 2664/1/2664 
f 2664/1/2664 2662/1/2662 2659/1/2659 
f 2662/1/2662 2664/1/2664 2665/1/2665 
f 2665/1/2665 2663/1/2663 2662/1/2662 
f 2663/1/2663 2665/1/2665 2666/1/2666 
f 2666/1/2666 2667/1/2667 2663/1/2663 
f 224/1/224 2667/1/2667 2666/1/2666 
f 2666/1/2666 225/1/225 224/1/224 
f 224/1/224 223/1/223 2643/1/2643 
f 2643/1/2643 2667/1/2667 224/1/224 
f 2667/1/2667 2643/1/2643 2635/1/2635 
f 2635/1/2635 2663/1/2663 2667/1/2667 
f 2647/1/2647 250/1/250 249/1/249 
f 249/1/249 2668/1/2668 2647/1/2647 
f 249/1/249 248/1/248 2669/1/2669 
f 2669/1/2669 2668/1/2668 249/1/249 
f 2668/1/2668 2669/1/2669 2670/1/2670 
f 2670/1/2670 2671/1/2671 2668/1/2668 
f 2671/1/2671 2648/1/2648 2647/1/2647 
f 2647/1/2647 2668/1/2668 2671/1/2671 
f 2672/1/2672 2673/1/2673 2674/1/2674 
f 2674/1/2674 2675/1/2675 2672/1/2672 
f 2675/1/2675 2652/1/2652 2651/1/2651 
f 2651/1/2651 2672/1/2672 2675/1/2675 
f 2672/1/2672 2651/1/2651 2648/1/2648 
f 2648/1/2648 2671/1/2671 2672/1/2672 
f 2671/1/2671 2670/1/2670 2673/1/2673 
f 2673/1/2673 2672/1/2672 2671/1/2671 
f 2676/1/2676 2677/1/2677 1843/1/1843 
f 1843/1/1843 1947/1/1947 2676/1/2676 
f 1947/1/1947 1946/1/1946 2490/1/2490 
f 2490/1/2490 2676/1/2676 1947/1/1947 
f 2676/1/2676 2490/1/2490 2489/1/2489 
f 2489/1/2489 2678/1/2678 2676/1/2676 
f 2678/1/2678 2679/1/2679 2677/1/2677 
f 2677/1/2677 2676/1/2676 2678/1/2678 
f 2680/1/2680 2681/1/2681 243/1/243 
f 243/1/243 242/1/242 2680/1/2680 
f 242/1/242 241/1/241 2656/1/2656 
f 2656/1/2656 2680/1/2680 242/1/242 
f 2680/1/2680 2656/1/2656 2652/1/2652 
f 2652/1/2652 2675/1/2675 2680/1/2680 
f 2675/1/2675 2674/1/2674 2681/1/2681 
f 2681/1/2681 2680/1/2680 2675/1/2675 
f 2682/1/2682 2683/1/2683 1124/1/1124 
f 1124/1/1124 1844/1/1844 2682/1/2682 
f 1844/1/1844 1843/1/1843 2677/1/2677 
f 2677/1/2677 2682/1/2682 1844/1/1844 
f 2682/1/2682 2677/1/2677 2679/1/2679 
f 2679/1/2679 2684/1/2684 2682/1/2682 
f 2684/1/2684 2685/1/2685 2683/1/2683 
f 2686/1/2686 2687/1/2687 2688/1/2688 
f 2688/1/2688 2689/1/2689 2686/1/2686 
f 2689/1/2689 2690/1/2690 2691/1/2691 
f 2691/1/2691 2686/1/2686 2689/1/2689 
f 2686/1/2686 2691/1/2691 2685/1/2685 
f 2684/1/2684 2679/1/2679 2687/1/2687 
f 2687/1/2687 2686/1/2686 2684/1/2684 
f 2692/1/2692 2506/1/2506 198/1/198 
f 198/1/198 197/1/197 2692/1/2692 
f 2692/1/2692 197/1/197 193/1/193 
f 193/1/193 2693/1/2693 2692/1/2692 
f 2692/1/2692 2693/1/2693 2694/1/2694 
f 2694/1/2694 2695/1/2695 2692/1/2692 
f 2695/1/2695 2507/1/2507 2506/1/2506 
f 2506/1/2506 2692/1/2692 2695/1/2695 
f 2689/1/2689 2688/1/2688 2696/1/2696 
f 2696/1/2696 2697/1/2697 2689/1/2689 
f 2696/1/2696 1248/1/1248 1247/1/1247 
f 1247/1/1247 2697/1/2697 2696/1/2696 
f 2697/1/2697 1247/1/1247 1118/1/1118 
f 1118/1/1118 2698/1/2698 2697/1/2697 
f 2697/1/2697 2698/1/2698 2690/1/2690 
f 2699/1/2699 2700/1/2700 2578/1/2578 
f 2578/1/2578 2582/1/2582 2699/1/2699 
f 2701/1/2701 2699/1/2699 2582/1/2582 
f 2582/1/2582 123/1/123 2701/1/2701 
f 2701/1/2701 2702/1/2702 2703/1/2703 
f 2703/1/2703 2699/1/2699 2701/1/2701 
f 2703/1/2703 2704/1/2704 2700/1/2700 
f 2700/1/2700 2699/1/2699 2703/1/2703 
f 2705/1/2705 2706/1/2706 2694/1/2694 
f 2694/1/2694 2693/1/2693 2705/1/2705 
f 2693/1/2693 193/1/193 192/1/192 
f 192/1/192 2705/1/2705 2693/1/2693 
f 2705/1/2705 192/1/192 151/1/151 
f 2487/1/2487 2486/1/2486 2706/1/2706 
f 2706/1/2706 2705/1/2705 2487/1/2487 
f 2707/1/2707 2700/1/2700 2704/1/2704 
f 2704/1/2704 2708/1/2708 2707/1/2707 
f 2708/1/2708 2476/1/2476 2475/1/2475 
f 2707/1/2707 2475/1/2475 2479/1/2479 
f 2479/1/2479 2579/1/2579 2707/1/2707 
f 2579/1/2579 2578/1/2578 2700/1/2700 
f 2700/1/2700 2707/1/2707 2579/1/2579 
f 2709/1/2709 2710/1/2710 115/1/115 
f 115/1/115 120/1/120 2709/1/2709 
f 120/1/120 119/1/119 320/1/320 
f 320/1/320 2709/1/2709 120/1/120 
f 2709/1/2709 320/1/320 319/1/319 
f 319/1/319 2711/1/2711 2709/1/2709 
f 2711/1/2711 2702/1/2702 2710/1/2710 
f 2710/1/2710 2709/1/2709 2711/1/2711 
f 2712/1/2712 2703/1/2703 2702/1/2702 
f 2702/1/2702 2711/1/2711 2712/1/2712 
f 2711/1/2711 319/1/319 2713/1/2713 
f 2713/1/2713 2712/1/2712 2711/1/2711 
f 2713/1/2713 2714/1/2714 2715/1/2715 
f 2715/1/2715 2712/1/2712 2713/1/2713 
f 2712/1/2712 2715/1/2715 2704/1/2704 
f 2704/1/2704 2703/1/2703 2712/1/2712 
f 2716/1/2716 122/1/122 111/1/111 
f 111/1/111 116/1/116 2716/1/2716 
f 116/1/116 115/1/115 2710/1/2710 
f 2710/1/2710 2716/1/2716 116/1/116 
f 2716/1/2716 2710/1/2710 2702/1/2702 
f 2701/1/2701 123/1/123 122/1/122 
f 122/1/122 2716/1/2716 2701/1/2701 
f 2717/1/2717 2718/1/2718 2719/1/2719 
f 2719/1/2719 2720/1/2720 2717/1/2717 
f 2720/1/2720 2665/1/2665 2664/1/2664 
f 2664/1/2664 2717/1/2717 2720/1/2720 
f 2717/1/2717 2664/1/2664 2661/1/2661 
f 2661/1/2661 2721/1/2721 2717/1/2717 
f 2721/1/2721 2722/1/2722 2718/1/2718 
f 2718/1/2718 2717/1/2717 2721/1/2721 
f 2723/1/2723 2715/1/2715 2714/1/2714 
f 2714/1/2714 2724/1/2724 2723/1/2723 
f 2724/1/2724 2482/1/2482 2481/1/2481 
f 2481/1/2481 2723/1/2723 2724/1/2724 
f 2723/1/2723 2481/1/2481 2476/1/2476 
f 2708/1/2708 2704/1/2704 2715/1/2715 
f 2725/1/2725 2726/1/2726 317/1/317 
f 317/1/317 322/1/322 2725/1/2725 
f 322/1/322 225/1/225 2666/1/2666 
f 2666/1/2666 2725/1/2725 322/1/322 
f 2725/1/2725 2666/1/2666 2665/1/2665 
f 2665/1/2665 2720/1/2720 2725/1/2725 
f 2720/1/2720 2719/1/2719 2726/1/2726 
f 2726/1/2726 2725/1/2725 2720/1/2720 
f 2727/1/2727 2728/1/2728 1870/1/1870 
f 1870/1/1870 1872/1/1872 2727/1/2727 
f 1872/1/1872 279/1/279 2483/1/2483 
f 2483/1/2483 2727/1/2727 1872/1/1872 
f 2727/1/2727 2483/1/2483 2482/1/2482 
f 2482/1/2482 2729/1/2729 2727/1/2727 
f 2729/1/2729 2722/1/2722 2728/1/2728 
f 2728/1/2728 2727/1/2727 2729/1/2729 
f 2730/1/2730 2718/1/2718 2722/1/2722 
f 2722/1/2722 2729/1/2729 2730/1/2730 
f 2729/1/2729 2482/1/2482 2724/1/2724 
f 2730/1/2730 2724/1/2724 2714/1/2714 
f 2731/1/2731 2719/1/2719 2718/1/2718 
f 2718/1/2718 2730/1/2730 2731/1/2731 
f 2732/1/2732 2660/1/2660 261/1/261 
f 261/1/261 1866/1/1866 2732/1/2732 
f 1866/1/1866 1870/1/1870 2728/1/2728 
f 2732/1/2732 2728/1/2728 2722/1/2722 
f 2722/1/2722 2721/1/2721 2732/1/2732 
f 2721/1/2721 2661/1/2661 2660/1/2660 
f 2660/1/2660 2732/1/2732 2721/1/2721 
f 2733/1/2733 2713/1/2713 319/1/319 
f 319/1/319 318/1/318 2733/1/2733 
f 318/1/318 317/1/317 2726/1/2726 
f 2726/1/2726 2733/1/2733 318/1/318 
f 2733/1/2733 2726/1/2726 2719/1/2719 
f 2719/1/2719 2731/1/2731 2733/1/2733 
f 2731/1/2731 2714/1/2714 2713/1/2713 
f 2713/1/2713 2733/1/2733 2731/1/2731 
f 2734/1/2734 343/1/343 287/1/287 
f 287/1/287 2505/1/2505 2734/1/2734 
f 2734/1/2734 2505/1/2505 2509/1/2509 
f 2509/1/2509 2735/1/2735 2734/1/2734 
f 2736/1/2736 2734/1/2734 2735/1/2735 
f 2735/1/2735 2737/1/2737 2736/1/2736 
f 2736/1/2736 292/1/292 343/1/343 
f 343/1/343 2734/1/2734 2736/1/2736 
f 2738/1/2738 2670/1/2670 2669/1/2669 
f 2669/1/2669 2739/1/2739 2738/1/2738 
f 2669/1/2669 248/1/248 293/1/293 
f 293/1/293 2739/1/2739 2669/1/2669 
f 2739/1/2739 293/1/293 292/1/292 
f 292/1/292 2736/1/2736 2739/1/2739 
f 2739/1/2739 2736/1/2736 2737/1/2737 
f 2737/1/2737 2738/1/2738 2739/1/2739 
f 2740/1/2740 2741/1/2741 2742/1/2742 
f 2742/1/2742 2743/1/2743 2740/1/2740 
f 2743/1/2743 2744/1/2744 2745/1/2745 
f 2745/1/2745 2740/1/2740 2743/1/2743 
f 2740/1/2740 2745/1/2745 2512/1/2512 
f 2512/1/2512 2746/1/2746 2740/1/2740 
f 2746/1/2746 2747/1/2747 2741/1/2741 
f 2741/1/2741 2740/1/2740 2746/1/2746 
f 2748/1/2748 2749/1/2749 2750/1/2750 
f 2750/1/2750 2751/1/2751 2748/1/2748 
f 2751/1/2751 1336/1/1336 1335/1/1335 
f 2748/1/2748 1335/1/1335 1339/1/1339 
f 1339/1/1339 2752/1/2752 2748/1/2748 
f 2752/1/2752 2742/1/2742 2749/1/2749 
f 2749/1/2749 2748/1/2748 2752/1/2752 
f 2753/1/2753 2754/1/2754 1354/1/1354 
f 1354/1/1354 1353/1/1353 2753/1/2753 
f 1353/1/1353 1352/1/1352 2755/1/2755 
f 2755/1/2755 2753/1/2753 1353/1/1353 
f 2753/1/2753 2755/1/2755 2756/1/2756 
f 2756/1/2756 2757/1/2757 2753/1/2753 
f 2757/1/2757 2747/1/2747 2754/1/2754 
f 2754/1/2754 2753/1/2753 2757/1/2757 
f 2757/1/2757 2756/1/2756 2758/1/2758 
f 2758/1/2758 2759/1/2759 2757/1/2757 
f 2758/1/2758 2750/1/2750 2749/1/2749 
f 2749/1/2749 2759/1/2759 2758/1/2758 
f 2759/1/2759 2749/1/2749 2742/1/2742 
f 2742/1/2742 2741/1/2741 2759/1/2759 
f 2759/1/2759 2741/1/2741 2747/1/2747 
f 2747/1/2747 2757/1/2757 2759/1/2759 
f 2760/1/2760 2511/1/2511 1467/1/1467 
f 1467/1/1467 1466/1/1466 2760/1/2760 
f 1466/1/1466 1354/1/1354 2754/1/2754 
f 2754/1/2754 2760/1/2760 1466/1/1466 
f 2760/1/2760 2754/1/2754 2747/1/2747 
f 2747/1/2747 2746/1/2746 2760/1/2760 
f 2746/1/2746 2512/1/2512 2511/1/2511 
f 2511/1/2511 2760/1/2760 2746/1/2746 
f 2752/1/2752 1339/1/1339 1473/1/1473 
f 1473/1/1473 2761/1/2761 2752/1/2752 
f 1473/1/1473 1472/1/1472 2762/1/2762 
f 2761/1/2761 2762/1/2762 2744/1/2744 
f 2744/1/2744 2743/1/2743 2761/1/2761 
f 2743/1/2743 2742/1/2742 2752/1/2752 
f 2752/1/2752 2761/1/2761 2743/1/2743 
f 2763/1/2763 2764/1/2764 1882/1/1882 
f 2763/1/2763 1890/1/1890 1455/1/1455 
f 1455/1/1455 2765/1/2765 2763/1/2763 
f 2763/1/2763 2765/1/2765 2766/1/2766 
f 2766/1/2766 2767/1/2767 2763/1/2763 
f 2767/1/2767 2768/1/2768 2764/1/2764 
f 2764/1/2764 2763/1/2763 2767/1/2767 
f 2769/1/2769 2533/1/2533 1884/1/1884 
f 1884/1/1884 1883/1/1883 2769/1/2769 
f 1883/1/1883 1882/1/1882 2764/1/2764 
f 2764/1/2764 2769/1/2769 1883/1/1883 
f 2769/1/2769 2764/1/2764 2768/1/2768 
f 2768/1/2768 2770/1/2770 2769/1/2769 
f 2770/1/2770 2534/1/2534 2533/1/2533 
f 2533/1/2533 2769/1/2769 2770/1/2770 
f 2771/1/2771 2772/1/2772 2773/1/2773 
f 2773/1/2773 2774/1/2774 2771/1/2771 
f 2774/1/2774 2775/1/2775 2776/1/2776 
f 2776/1/2776 2771/1/2771 2774/1/2774 
f 2771/1/2771 2776/1/2776 1382/1/1382 
f 1382/1/1382 1381/1/1381 2771/1/2771 
f 1381/1/1381 1147/1/1147 2772/1/2772 
f 2772/1/2772 2771/1/2771 1381/1/1381 
f 2777/1/2777 1146/1/1146 1145/1/1145 
f 1145/1/1145 2778/1/2778 2777/1/2777 
f 2778/1/2778 2779/1/2779 2780/1/2780 
f 2780/1/2780 2777/1/2777 2778/1/2778 
f 2777/1/2777 2780/1/2780 2773/1/2773 
f 2773/1/2773 2772/1/2772 2777/1/2777 
f 2772/1/2772 1147/1/1147 1146/1/1146 
f 1146/1/1146 2777/1/2777 2772/1/2772 
f 2781/1/2781 2782/1/2782 2783/1/2783 
f 2783/1/2783 2784/1/2784 2781/1/2781 
f 2784/1/2784 2540/1/2540 2539/1/2539 
f 2781/1/2781 2539/1/2539 2543/1/2543 
f 2543/1/2543 2785/1/2785 2781/1/2781 
f 2785/1/2785 2786/1/2786 2782/1/2782 
f 2782/1/2782 2781/1/2781 2785/1/2785 
f 2787/1/2787 2788/1/2788 2786/1/2786 
f 2786/1/2786 2789/1/2789 2787/1/2787 
f 2789/1/2789 2790/1/2790 2791/1/2791 
f 2791/1/2791 2787/1/2787 2789/1/2789 
f 2787/1/2787 2791/1/2791 2775/1/2775 
f 2775/1/2775 2774/1/2774 2787/1/2787 
f 2774/1/2774 2773/1/2773 2788/1/2788 
f 2788/1/2788 2787/1/2787 2774/1/2774 
f 2792/1/2792 2780/1/2780 2779/1/2779 
f 2793/1/2793 2783/1/2783 2782/1/2782 
f 2792/1/2792 2782/1/2782 2786/1/2786 
f 2786/1/2786 2788/1/2788 2792/1/2792 
f 2788/1/2788 2773/1/2773 2780/1/2780 
f 2780/1/2780 2792/1/2792 2788/1/2788 
f 2794/1/2794 2795/1/2795 2796/1/2796 
f 2796/1/2796 2797/1/2797 2794/1/2794 
f 2797/1/2797 1068/1/1068 1067/1/1067 
f 1067/1/1067 2794/1/2794 2797/1/2797 
f 2794/1/2794 1067/1/1067 1066/1/1066 
f 1066/1/1066 1825/1/1825 2794/1/2794 
f 1825/1/1825 1704/1/1704 2795/1/2795 
f 2795/1/2795 2794/1/2794 1825/1/1825 
f 2785/1/2785 2543/1/2543 2559/1/2559 
f 2559/1/2559 2798/1/2798 2785/1/2785 
f 2799/1/2799 2798/1/2798 2559/1/2559 
f 2559/1/2559 2556/1/2556 2799/1/2799 
f 2798/1/2798 2799/1/2799 2790/1/2790 
f 2790/1/2790 2789/1/2789 2798/1/2798 
f 2789/1/2789 2786/1/2786 2785/1/2785 
f 2785/1/2785 2798/1/2798 2789/1/2789 
f 2800/1/2800 2801/1/2801 2503/1/2503 
f 2503/1/2503 2638/1/2638 2800/1/2800 
f 2638/1/2638 2641/1/2641 2650/1/2650 
f 2650/1/2650 2800/1/2800 2638/1/2638 
f 2800/1/2800 2650/1/2650 2654/1/2654 
f 2654/1/2654 2802/1/2802 2800/1/2800 
f 2802/1/2802 2803/1/2803 2801/1/2801 
f 2801/1/2801 2800/1/2800 2802/1/2802 
f 2804/1/2804 2795/1/2795 1704/1/1704 
f 1704/1/1704 1703/1/1703 2804/1/2804 
f 1703/1/1703 1131/1/1131 1130/1/1130 
f 1130/1/1130 2804/1/2804 1703/1/1703 
f 2804/1/2804 1130/1/1130 1137/1/1137 
f 2805/1/2805 2796/1/2796 2795/1/2795 
f 2795/1/2795 2804/1/2804 2805/1/2805 
f 2806/1/2806 2807/1/2807 2796/1/2796 
f 2796/1/2796 2805/1/2805 2806/1/2806 
f 2805/1/2805 1137/1/1137 2808/1/2808 
f 2808/1/2808 2806/1/2806 2805/1/2805 
f 2806/1/2806 2808/1/2808 2809/1/2809 
f 2809/1/2809 2810/1/2810 2806/1/2806 
f 2810/1/2810 2803/1/2803 2807/1/2807 
f 2807/1/2807 2806/1/2806 2810/1/2810 
f 2811/1/2811 2807/1/2807 2803/1/2803 
f 2803/1/2803 2802/1/2802 2811/1/2811 
f 2802/1/2802 2654/1/2654 2657/1/2657 
f 2657/1/2657 2811/1/2811 2802/1/2802 
f 2811/1/2811 2657/1/2657 1068/1/1068 
f 1068/1/1068 2797/1/2797 2811/1/2811 
f 2797/1/2797 2796/1/2796 2807/1/2807 
f 2807/1/2807 2811/1/2811 2797/1/2797 
f 2812/1/2812 2813/1/2813 2814/1/2814 
f 2814/1/2814 2815/1/2815 2812/1/2812 
f 2815/1/2815 1083/1/1083 1082/1/1082 
f 1082/1/1082 2812/1/2812 2815/1/2815 
f 2812/1/2812 1082/1/1082 1086/1/1086 
f 1086/1/1086 1096/1/1096 2812/1/2812 
f 1096/1/1096 1095/1/1095 2813/1/2813 
f 2813/1/2813 2812/1/2812 1096/1/1096 
f 2816/1/2816 2817/1/2817 2501/1/2501 
f 2501/1/2501 2500/1/2500 2816/1/2816 
f 2500/1/2500 2503/1/2503 2801/1/2801 
f 2801/1/2801 2816/1/2816 2500/1/2500 
f 2816/1/2816 2801/1/2801 2803/1/2803 
f 2803/1/2803 2810/1/2810 2816/1/2816 
f 2810/1/2810 2809/1/2809 2817/1/2817 
f 2818/1/2818 2819/1/2819 2497/1/2497 
f 2497/1/2497 2623/1/2623 2818/1/2818 
f 2623/1/2623 2625/1/2625 2633/1/2633 
f 2633/1/2633 2818/1/2818 2623/1/2623 
f 2818/1/2818 2633/1/2633 2637/1/2637 
f 2637/1/2637 2820/1/2820 2818/1/2818 
f 2820/1/2820 2821/1/2821 2819/1/2819 
f 2819/1/2819 2818/1/2818 2820/1/2820 
f 2822/1/2822 2813/1/2813 1095/1/1095 
f 1095/1/1095 1252/1/1252 2822/1/2822 
f 1252/1/1252 1251/1/1251 2823/1/2823 
f 2823/1/2823 2822/1/2822 1252/1/1252 
f 2822/1/2822 2823/1/2823 2824/1/2824 
f 2824/1/2824 2825/1/2825 2822/1/2822 
f 2825/1/2825 2814/1/2814 2813/1/2813 
f 2813/1/2813 2822/1/2822 2825/1/2825 
f 2825/1/2825 2824/1/2824 2826/1/2826 
f 2826/1/2826 2827/1/2827 2825/1/2825 
f 2826/1/2826 2828/1/2828 2829/1/2829 
f 2829/1/2829 2827/1/2827 2826/1/2826 
f 2829/1/2829 2821/1/2821 2830/1/2830 
f 2830/1/2830 2827/1/2827 2829/1/2829 
f 2827/1/2827 2830/1/2830 2814/1/2814 
f 2814/1/2814 2825/1/2825 2827/1/2827 
f 2831/1/2831 2830/1/2830 2821/1/2821 
f 2821/1/2821 2820/1/2820 2831/1/2831 
f 2820/1/2820 2637/1/2637 2644/1/2644 
f 2644/1/2644 2831/1/2831 2820/1/2820 
f 2831/1/2831 2644/1/2644 1083/1/1083 
f 1083/1/1083 2815/1/2815 2831/1/2831 
f 2815/1/2815 2814/1/2814 2830/1/2830 
f 2830/1/2830 2831/1/2831 2815/1/2815 
f 2832/1/2832 2833/1/2833 2834/1/2834 
f 2834/1/2834 2835/1/2835 2832/1/2832 
f 2832/1/2832 2835/1/2835 2836/1/2836 
f 2836/1/2836 2837/1/2837 2832/1/2832 
f 2832/1/2832 2837/1/2837 2838/1/2838 
f 2838/1/2838 2839/1/2839 2832/1/2832 
f 2839/1/2839 2840/1/2840 2833/1/2833 
f 2833/1/2833 2832/1/2832 2839/1/2839 
f 2841/1/2841 2829/1/2829 2828/1/2828 
f 2828/1/2828 2842/1/2842 2841/1/2841 
f 2842/1/2842 2493/1/2493 2495/1/2495 
f 2841/1/2841 2495/1/2495 2497/1/2497 
f 2497/1/2497 2819/1/2819 2841/1/2841 
f 2819/1/2819 2821/1/2821 2829/1/2829 
f 2829/1/2829 2841/1/2841 2819/1/2819 
f 2843/1/2843 2844/1/2844 1116/1/1116 
f 1116/1/1116 1343/1/1343 2843/1/2843 
f 2843/1/2843 1343/1/1343 1342/1/1342 
f 1342/1/1342 2845/1/2845 2843/1/2843 
f 2845/1/2845 2836/1/2836 2835/1/2835 
f 2835/1/2835 2843/1/2843 2845/1/2845 
f 2835/1/2835 2834/1/2834 2844/1/2844 
f 2844/1/2844 2843/1/2843 2835/1/2835 
f 2846/1/2846 2847/1/2847 1126/1/1126 
f 1126/1/1126 1125/1/1125 2846/1/2846 
f 1125/1/1125 1124/1/1124 2683/1/2683 
f 2683/1/2683 2846/1/2846 1125/1/1125 
f 2846/1/2846 2683/1/2683 2685/1/2685 
f 2685/1/2685 2848/1/2848 2846/1/2846 
f 2848/1/2848 2840/1/2840 2847/1/2847 
f 2847/1/2847 2846/1/2846 2848/1/2848 
f 2849/1/2849 2833/1/2833 2840/1/2840 
f 2840/1/2840 2848/1/2848 2849/1/2849 
f 2848/1/2848 2685/1/2685 2691/1/2691 
f 2691/1/2691 2849/1/2849 2848/1/2848 
f 2849/1/2849 2691/1/2691 2690/1/2690 
f 2690/1/2690 2850/1/2850 2849/1/2849 
f 2850/1/2850 2834/1/2834 2833/1/2833 
f 2833/1/2833 2849/1/2849 2850/1/2850 
f 2851/1/2851 2847/1/2847 2840/1/2840 
f 2840/1/2840 2839/1/2839 2851/1/2851 
f 2839/1/2839 2838/1/2838 2852/1/2852 
f 2852/1/2852 2851/1/2851 2839/1/2839 
f 2851/1/2851 2852/1/2852 1761/1/1761 
f 1761/1/1761 1760/1/1760 2851/1/2851 
f 1760/1/1760 1126/1/1126 2847/1/2847 
f 2847/1/2847 2851/1/2851 1760/1/1760 
f 2853/1/2853 2854/1/2854 2779/1/2779 
f 2779/1/2779 2778/1/2778 2853/1/2853 
f 2778/1/2778 1145/1/1145 1161/1/1161 
f 1161/1/1161 2853/1/2853 2778/1/2778 
f 2853/1/2853 1161/1/1161 1156/1/1156 
f 1156/1/1156 2855/1/2855 2853/1/2853 
f 2855/1/2855 2856/1/2856 2854/1/2854 
f 2854/1/2854 2853/1/2853 2855/1/2855 
f 2698/1/2698 1118/1/1118 1117/1/1117 
f 1117/1/1117 2857/1/2857 2698/1/2698 
f 1117/1/1117 1116/1/1116 2844/1/2844 
f 2844/1/2844 2857/1/2857 1117/1/1117 
f 2857/1/2857 2844/1/2844 2834/1/2834 
f 2834/1/2834 2850/1/2850 2857/1/2857 
f 2850/1/2850 2690/1/2690 2698/1/2698 
f 2698/1/2698 2857/1/2857 2850/1/2850 
f 2858/1/2858 2808/1/2808 1137/1/1137 
f 1137/1/1137 1136/1/1136 2858/1/2858 
f 1136/1/1136 1135/1/1135 2859/1/2859 
f 2859/1/2859 2858/1/2858 1136/1/1136 
f 2858/1/2858 2859/1/2859 2860/1/2860 
f 2860/1/2860 2861/1/2861 2858/1/2858 
f 2861/1/2861 2809/1/2809 2808/1/2808 
f 2808/1/2808 2858/1/2858 2861/1/2861 
f 2855/1/2855 1156/1/1156 1155/1/1155 
f 1155/1/1155 2862/1/2862 2855/1/2855 
f 2862/1/2862 1155/1/1155 1141/1/1141 
f 1141/1/1141 2498/1/2498 2862/1/2862 
f 2862/1/2862 2498/1/2498 2501/1/2501 
f 2501/1/2501 2863/1/2863 2862/1/2862 
f 2855/1/2855 2862/1/2862 2863/1/2863 
f 2863/1/2863 2856/1/2856 2855/1/2855 
f 2864/1/2864 2865/1/2865 2856/1/2856 
f 2856/1/2856 2863/1/2863 2864/1/2864 
f 2863/1/2863 2501/1/2501 2817/1/2817 
f 2817/1/2817 2864/1/2864 2863/1/2863 
f 2864/1/2864 2817/1/2817 2809/1/2809 
f 2809/1/2809 2861/1/2861 2864/1/2864 
f 2861/1/2861 2860/1/2860 2865/1/2865 
f 2865/1/2865 2864/1/2864 2861/1/2861 
f 2866/1/2866 2867/1/2867 2783/1/2783 
f 2783/1/2783 2793/1/2793 2866/1/2866 
f 2793/1/2793 2779/1/2779 2854/1/2854 
f 2854/1/2854 2866/1/2866 2793/1/2793 
f 2866/1/2866 2854/1/2854 2856/1/2856 
f 2856/1/2856 2865/1/2865 2866/1/2866 
f 2866/1/2866 2865/1/2865 2860/1/2860 
f 2868/1/2868 1269/1/1269 1245/1/1245 
f 1244/1/1244 1248/1/1248 2869/1/2869 
f 2869/1/2869 2868/1/2868 1244/1/1244 
f 2869/1/2869 2870/1/2870 2871/1/2871 
f 2871/1/2871 2868/1/2868 2869/1/2869 
f 2871/1/2871 1270/1/1270 1269/1/1269 
f 2867/1/2867 2860/1/2860 2859/1/2859 
f 2859/1/2859 2872/1/2872 2867/1/2867 
f 2872/1/2872 2859/1/2859 1135/1/1135 
f 1135/1/1135 2545/1/2545 2872/1/2872 
f 2872/1/2872 2545/1/2545 2540/1/2540 
f 2784/1/2784 2783/1/2783 2867/1/2867 
f 2867/1/2867 2872/1/2872 2784/1/2784 
f 2873/1/2873 2687/1/2687 2679/1/2679 
f 2679/1/2679 2678/1/2678 2873/1/2873 
f 2678/1/2678 2489/1/2489 2874/1/2874 
f 2874/1/2874 2873/1/2873 2678/1/2678 
f 2873/1/2873 2874/1/2874 2875/1/2875 
f 2875/1/2875 2876/1/2876 2873/1/2873 
f 2876/1/2876 2688/1/2688 2687/1/2687 
f 2687/1/2687 2873/1/2873 2876/1/2876 
f 2877/1/2877 2871/1/2871 2870/1/2870 
f 2870/1/2870 2878/1/2878 2877/1/2877 
f 2878/1/2878 2824/1/2824 2823/1/2823 
f 2877/1/2877 2823/1/2823 1251/1/1251 
f 1283/1/1283 1270/1/1270 2871/1/2871 
f 2871/1/2871 2877/1/2877 1283/1/1283 
f 2879/1/2879 2880/1/2880 2875/1/2875 
f 2875/1/2875 2881/1/2881 2879/1/2879 
f 2881/1/2881 2828/1/2828 2826/1/2826 
f 2826/1/2826 2879/1/2879 2881/1/2881 
f 2879/1/2879 2826/1/2826 2824/1/2824 
f 2878/1/2878 2870/1/2870 2880/1/2880 
f 2880/1/2880 2879/1/2879 2878/1/2878 
f 2882/1/2882 2880/1/2880 2870/1/2870 
f 2870/1/2870 2869/1/2869 2882/1/2882 
f 2869/1/2869 1248/1/1248 2696/1/2696 
f 2696/1/2696 2882/1/2882 2869/1/2869 
f 2882/1/2882 2696/1/2696 2688/1/2688 
f 2688/1/2688 2876/1/2876 2882/1/2882 
f 2876/1/2876 2875/1/2875 2880/1/2880 
f 2880/1/2880 2882/1/2882 2876/1/2876 
f 2758/1/2758 2883/1/2883 2884/1/2884 
f 2884/1/2884 2750/1/2750 2758/1/2758 
f 2883/1/2883 2758/1/2758 2756/1/2756 
f 2756/1/2756 2885/1/2885 2883/1/2883 
f 2883/1/2883 2885/1/2885 2886/1/2886 
f 2886/1/2886 2887/1/2887 2883/1/2883 
f 2887/1/2887 2888/1/2888 2884/1/2884 
f 2884/1/2884 2883/1/2883 2887/1/2887 
f 2889/1/2889 2874/1/2874 2489/1/2489 
f 2489/1/2489 2488/1/2488 2889/1/2889 
f 2488/1/2488 2493/1/2493 2842/1/2842 
f 2842/1/2842 2889/1/2889 2488/1/2488 
f 2889/1/2889 2842/1/2842 2828/1/2828 
f 2828/1/2828 2881/1/2881 2889/1/2889 
f 2881/1/2881 2875/1/2875 2874/1/2874 
f 2874/1/2874 2889/1/2889 2881/1/2881 
f 2890/1/2890 1347/1/1347 1349/1/1349 
f 1349/1/1349 2891/1/2891 2890/1/2890 
f 2751/1/2751 2891/1/2891 1349/1/1349 
f 1349/1/1349 1336/1/1336 2751/1/2751 
f 2751/1/2751 2750/1/2750 2884/1/2884 
f 2884/1/2884 2891/1/2891 2751/1/2751 
f 2891/1/2891 2884/1/2884 2888/1/2888 
f 2888/1/2888 2890/1/2890 2891/1/2891 
f 1766/1/1766 2892/1/2892 2893/1/2893 
f 2893/1/2893 1364/1/1364 1766/1/1766 
f 1766/1/1766 1761/1/1761 2852/1/2852 
f 2852/1/2852 2892/1/2892 1766/1/1766 
f 2892/1/2892 2852/1/2852 2838/1/2838 
f 2838/1/2838 2894/1/2894 2892/1/2892 
f 2892/1/2892 2894/1/2894 2886/1/2886 
f 2886/1/2886 2893/1/2893 2892/1/2892 
f 2895/1/2895 2894/1/2894 2838/1/2838 
f 2838/1/2838 2837/1/2837 2895/1/2895 
f 2837/1/2837 2836/1/2836 2896/1/2896 
f 2896/1/2896 2895/1/2895 2837/1/2837 
f 2895/1/2895 2896/1/2896 2888/1/2888 
f 2888/1/2888 2887/1/2887 2895/1/2895 
f 2887/1/2887 2886/1/2886 2894/1/2894 
f 2894/1/2894 2895/1/2895 2887/1/2887 
f 2885/1/2885 2756/1/2756 2755/1/2755 
f 2755/1/2755 2897/1/2897 2885/1/2885 
f 2755/1/2755 1352/1/1352 1360/1/1360 
f 1360/1/1360 2897/1/2897 2755/1/2755 
f 2897/1/2897 1360/1/1360 1364/1/1364 
f 1364/1/1364 2893/1/2893 2897/1/2897 
f 2893/1/2893 2886/1/2886 2885/1/2885 
f 2885/1/2885 2897/1/2897 2893/1/2893 
f 2898/1/2898 2899/1/2899 2900/1/2900 
f 2900/1/2900 2901/1/2901 2898/1/2898 
f 2901/1/2901 1368/1/1368 1367/1/1367 
f 1367/1/1367 2898/1/2898 2901/1/2901 
f 2898/1/2898 1367/1/1367 1373/1/1373 
f 1373/1/1373 1389/1/1389 2898/1/2898 
f 1389/1/1389 1388/1/1388 2899/1/2899 
f 2899/1/2899 2898/1/2898 1389/1/1389 
f 2902/1/2902 2899/1/2899 1388/1/1388 
f 1388/1/1388 1394/1/1394 2902/1/2902 
f 1394/1/1394 1382/1/1382 2776/1/2776 
f 2776/1/2776 2902/1/2902 1394/1/1394 
f 2902/1/2902 2776/1/2776 2775/1/2775 
f 2775/1/2775 2903/1/2903 2902/1/2902 
f 2903/1/2903 2900/1/2900 2899/1/2899 
f 2899/1/2899 2902/1/2902 2903/1/2903 
f 2904/1/2904 2896/1/2896 2836/1/2836 
f 2836/1/2836 2845/1/2845 2904/1/2904 
f 2845/1/2845 1342/1/1342 1345/1/1345 
f 1345/1/1345 2904/1/2904 2845/1/2845 
f 2904/1/2904 1345/1/1345 1347/1/1347 
f 1347/1/1347 2890/1/2890 2904/1/2904 
f 2890/1/2890 2888/1/2888 2896/1/2896 
f 2896/1/2896 2904/1/2904 2890/1/2890 
f 2905/1/2905 2799/1/2799 2556/1/2556 
f 2556/1/2556 2555/1/2555 2905/1/2905 
f 2555/1/2555 2536/1/2536 2906/1/2906 
f 2906/1/2906 2905/1/2905 2555/1/2555 
f 2905/1/2905 2906/1/2906 2907/1/2907 
f 2907/1/2907 2908/1/2908 2905/1/2905 
f 2908/1/2908 2790/1/2790 2799/1/2799 
f 2799/1/2799 2905/1/2905 2908/1/2908 
f 2909/1/2909 2910/1/2910 2907/1/2907 
f 2907/1/2907 2911/1/2911 2909/1/2909 
f 2911/1/2911 2912/1/2912 2913/1/2913 
f 2913/1/2913 2909/1/2909 2911/1/2911 
f 2909/1/2909 2913/1/2913 1368/1/1368 
f 1368/1/1368 2901/1/2901 2909/1/2909 
f 2901/1/2901 2900/1/2900 2910/1/2910 
f 2910/1/2910 2909/1/2909 2901/1/2901 
f 2914/1/2914 2910/1/2910 2900/1/2900 
f 2900/1/2900 2903/1/2903 2914/1/2914 
f 2903/1/2903 2775/1/2775 2791/1/2791 
f 2791/1/2791 2914/1/2914 2903/1/2903 
f 2914/1/2914 2791/1/2791 2790/1/2790 
f 2790/1/2790 2908/1/2908 2914/1/2914 
f 2908/1/2908 2907/1/2907 2910/1/2910 
f 2910/1/2910 2914/1/2914 2908/1/2908 
f 2915/1/2915 2916/1/2916 2917/1/2917 
f 2917/1/2917 2918/1/2918 2915/1/2915 
f 2918/1/2918 2919/1/2919 2920/1/2920 
f 2920/1/2920 2915/1/2915 2918/1/2918 
f 2915/1/2915 2920/1/2920 2921/1/2921 
f 2921/1/2921 2922/1/2922 2915/1/2915 
f 2922/1/2922 2923/1/2923 2916/1/2916 
f 2916/1/2916 2915/1/2915 2922/1/2922 
f 2924/1/2924 2906/1/2906 2536/1/2536 
f 2536/1/2536 2535/1/2535 2924/1/2924 
f 2535/1/2535 2534/1/2534 2925/1/2925 
f 2925/1/2925 2924/1/2924 2535/1/2535 
f 2924/1/2924 2925/1/2925 2912/1/2912 
f 2912/1/2912 2911/1/2911 2924/1/2924 
f 2911/1/2911 2907/1/2907 2906/1/2906 
f 2906/1/2906 2924/1/2924 2911/1/2911 
f 2926/1/2926 2920/1/2920 2919/1/2919 
f 2919/1/2919 2927/1/2927 2926/1/2926 
f 2927/1/2927 2551/1/2551 2553/1/2553 
f 2553/1/2553 2926/1/2926 2927/1/2927 
f 2926/1/2926 2553/1/2553 1451/1/1451 
f 1451/1/1451 2928/1/2928 2926/1/2926 
f 2928/1/2928 2921/1/2921 2920/1/2920 
f 2920/1/2920 2926/1/2926 2928/1/2928 
f 2929/1/2929 2930/1/2930 2766/1/2766 
f 2766/1/2766 2765/1/2765 2929/1/2929 
f 2765/1/2765 1455/1/1455 1454/1/1454 
f 1454/1/1454 2929/1/2929 2765/1/2765 
f 2929/1/2929 1454/1/1454 1461/1/1461 
f 1461/1/1461 2931/1/2931 2929/1/2929 
f 2931/1/2931 2923/1/2923 2930/1/2930 
f 2930/1/2930 2929/1/2929 2931/1/2931 
f 2932/1/2932 2329/1/2329 2328/1/2328 
f 2328/1/2328 2933/1/2933 2932/1/2932 
f 2933/1/2933 2917/1/2917 2916/1/2916 
f 2916/1/2916 2932/1/2932 2933/1/2933 
f 2932/1/2932 2916/1/2916 2923/1/2923 
f 2923/1/2923 2931/1/2931 2932/1/2932 
f 2931/1/2931 1461/1/1461 2329/1/2329 
f 2329/1/2329 2932/1/2932 2931/1/2931 
f 2934/1/2934 2935/1/2935 1472/1/1472 
f 1472/1/1472 1471/1/1471 2934/1/2934 
f 1471/1/1471 1470/1/1470 1491/1/1491 
f 2934/1/2934 1491/1/1491 1490/1/1490 
f 1490/1/1490 2936/1/2936 2934/1/2934 
f 2936/1/2936 2937/1/2937 2935/1/2935 
f 2935/1/2935 2934/1/2934 2936/1/2936 
f 2938/1/2938 2939/1/2939 2940/1/2940 
f 2940/1/2940 2941/1/2941 2938/1/2938 
f 2941/1/2941 2416/1/2416 2415/1/2415 
f 2415/1/2415 2938/1/2938 2941/1/2941 
f 2938/1/2938 2415/1/2415 2419/1/2419 
f 2419/1/2419 2942/1/2942 2938/1/2938 
f 2942/1/2942 2943/1/2943 2939/1/2939 
f 2939/1/2939 2938/1/2938 2942/1/2942 
f 2762/1/2762 2944/1/2944 2945/1/2945 
f 2945/1/2945 2744/1/2744 2762/1/2762 
f 2762/1/2762 1472/1/1472 2935/1/2935 
f 2944/1/2944 2935/1/2935 2937/1/2937 
f 2937/1/2937 2946/1/2946 2944/1/2944 
f 2946/1/2946 2943/1/2943 2945/1/2945 
f 2945/1/2945 2944/1/2944 2946/1/2946 
f 2947/1/2947 2438/1/2438 2435/1/2435 
f 2435/1/2435 2948/1/2948 2947/1/2947 
f 2948/1/2948 2949/1/2949 2950/1/2950 
f 2950/1/2950 2947/1/2947 2948/1/2948 
f 2947/1/2947 2950/1/2950 2937/1/2937 
f 2937/1/2937 2936/1/2936 2947/1/2947 
f 2936/1/2936 1490/1/1490 2438/1/2438 
f 2438/1/2438 2947/1/2947 2936/1/2936 
f 2951/1/2951 2950/1/2950 2949/1/2949 
f 2949/1/2949 2952/1/2952 2951/1/2951 
f 2952/1/2952 2940/1/2940 2939/1/2939 
f 2939/1/2939 2951/1/2951 2952/1/2952 
f 2951/1/2951 2939/1/2939 2943/1/2943 
f 2943/1/2943 2946/1/2946 2951/1/2951 
f 2946/1/2946 2937/1/2937 2950/1/2950 
f 2950/1/2950 2951/1/2951 2946/1/2946 
f 2953/1/2953 2942/1/2942 2419/1/2419 
f 2419/1/2419 2513/1/2513 2953/1/2953 
f 2513/1/2513 2512/1/2512 2745/1/2745 
f 2953/1/2953 2745/1/2745 2744/1/2744 
f 2953/1/2953 2945/1/2945 2943/1/2943 
f 2943/1/2943 2942/1/2942 2953/1/2953 
f 2954/1/2954 2955/1/2955 2956/1/2956 
f 2956/1/2956 2957/1/2957 2954/1/2954 
f 2957/1/2957 1683/1/1683 2401/1/2401 
f 2401/1/2401 2954/1/2954 2957/1/2957 
f 2954/1/2954 2401/1/2401 2403/1/2403 
f 2403/1/2403 2958/1/2958 2954/1/2954 
f 2958/1/2958 2959/1/2959 2955/1/2955 
f 2955/1/2955 2954/1/2954 2958/1/2958 
f 2960/1/2960 2961/1/2961 2962/1/2962 
f 2962/1/2962 2963/1/2963 2960/1/2960 
f 2963/1/2963 2956/1/2956 2955/1/2955 
f 2955/1/2955 2960/1/2960 2963/1/2963 
f 2960/1/2960 2955/1/2955 2959/1/2959 
f 2964/1/2964 2965/1/2965 2961/1/2961 
f 2961/1/2961 2960/1/2960 2964/1/2964 
f 2966/1/2966 2967/1/2967 2959/1/2959 
f 2959/1/2959 2958/1/2958 2966/1/2966 
f 2958/1/2958 2403/1/2403 2413/1/2413 
f 2413/1/2413 2966/1/2966 2958/1/2958 
f 2966/1/2966 2413/1/2413 2410/1/2410 
f 2410/1/2410 2423/1/2423 2966/1/2966 
f 2423/1/2423 2422/1/2422 2967/1/2967 
f 2967/1/2967 2966/1/2966 2423/1/2423 
f 2968/1/2968 2969/1/2969 2970/1/2970 
f 2970/1/2970 2971/1/2971 2968/1/2968 
f 2971/1/2971 2972/1/2972 2973/1/2973 
f 2973/1/2973 2968/1/2968 2971/1/2971 
f 2968/1/2968 2973/1/2973 1555/1/1555 
f 2968/1/2968 2310/1/2310 2313/1/2313 
f 2313/1/2313 2969/1/2969 2968/1/2968 
f 2974/1/2974 2961/1/2961 2965/1/2965 
f 2965/1/2965 2975/1/2975 2974/1/2974 
f 2975/1/2975 2427/1/2427 2426/1/2426 
f 2974/1/2974 2426/1/2426 1658/1/1658 
f 1658/1/1658 2976/1/2976 2974/1/2974 
f 2976/1/2976 2962/1/2962 2961/1/2961 
f 2961/1/2961 2974/1/2974 2976/1/2976 
f 2977/1/2977 2978/1/2978 2979/1/2979 
f 2979/1/2979 2980/1/2980 2977/1/2977 
f 2980/1/2980 2981/1/2981 2982/1/2982 
f 2982/1/2982 2977/1/2977 2980/1/2980 
f 2977/1/2977 2982/1/2982 2972/1/2972 
f 2972/1/2972 2971/1/2971 2977/1/2977 
f 2971/1/2971 2970/1/2970 2978/1/2978 
f 2978/1/2978 2977/1/2977 2971/1/2971 
f 2983/1/2983 2970/1/2970 2969/1/2969 
f 2969/1/2969 2984/1/2984 2983/1/2983 
f 2969/1/2969 2313/1/2313 2323/1/2323 
f 2323/1/2323 2984/1/2984 2969/1/2969 
f 2323/1/2323 2320/1/2320 2549/1/2549 
f 2549/1/2549 2984/1/2984 2323/1/2323 
f 2549/1/2549 2548/1/2548 2983/1/2983 
f 2983/1/2983 2984/1/2984 2549/1/2549 
f 2985/1/2985 2986/1/2986 2987/1/2987 
f 2987/1/2987 2988/1/2988 2985/1/2985 
f 2988/1/2988 1653/1/1653 1652/1/1652 
f 1652/1/1652 2985/1/2985 2988/1/2988 
f 1652/1/1652 1561/1/1561 1560/1/1560 
f 1560/1/1560 2985/1/2985 1652/1/1652 
f 1560/1/1560 1557/1/1557 2986/1/2986 
f 2986/1/2986 2985/1/2985 1560/1/1560 
f 2989/1/2989 2986/1/2986 1557/1/1557 
f 1557/1/1557 1556/1/1556 2989/1/2989 
f 1556/1/1556 1555/1/1555 2973/1/2973 
f 2989/1/2989 2973/1/2973 2972/1/2972 
f 2990/1/2990 2987/1/2987 2986/1/2986 
f 2980/1/2980 2979/1/2979 2991/1/2991 
f 2991/1/2991 2992/1/2992 2980/1/2980 
f 2992/1/2992 2991/1/2991 2530/1/2530 
f 2530/1/2530 2529/1/2529 2992/1/2992 
f 2529/1/2529 2527/1/2527 2993/1/2993 
f 2992/1/2992 2993/1/2993 2981/1/2981 
f 2981/1/2981 2980/1/2980 2992/1/2992 
f 2994/1/2994 2995/1/2995 2996/1/2996 
f 2996/1/2996 2997/1/2997 2994/1/2994 
f 2997/1/2997 2516/1/2516 2998/1/2998 
f 2998/1/2998 2994/1/2994 2997/1/2997 
f 2994/1/2994 2998/1/2998 2999/1/2999 
f 2999/1/2999 3000/1/3000 2994/1/2994 
f 3000/1/3000 3001/1/3001 2995/1/2995 
f 2995/1/2995 2994/1/2994 3000/1/3000 
f 3002/1/3002 2995/1/2995 3001/1/3001 
f 3001/1/3001 3003/1/3003 3002/1/3002 
f 3003/1/3003 1661/1/1661 1663/1/1663 
f 1663/1/1663 3002/1/3002 3003/1/3003 
f 3002/1/3002 1663/1/1663 1655/1/1655 
f 1655/1/1655 3004/1/3004 3002/1/3002 
f 3004/1/3004 2996/1/2996 2995/1/2995 
f 2995/1/2995 3002/1/3002 3004/1/3004 
f 3005/1/3005 1684/1/1684 1683/1/1683 
f 1683/1/1683 2957/1/2957 3005/1/3005 
f 2957/1/2957 2956/1/2956 3006/1/3006 
f 3005/1/3005 3006/1/3006 2999/1/2999 
f 2999/1/2999 3007/1/3007 3005/1/3005 
f 3007/1/3007 1674/1/1674 1684/1/1684 
f 1684/1/1684 3005/1/3005 3007/1/3007 
f 3008/1/3008 3006/1/3006 2956/1/2956 
f 2956/1/2956 2963/1/2963 3008/1/3008 
f 2963/1/2963 2962/1/2962 3009/1/3009 
f 3009/1/3009 3008/1/3008 2963/1/2963 
f 3008/1/3008 3009/1/3009 3001/1/3001 
f 3001/1/3001 3000/1/3000 3008/1/3008 
f 3000/1/3000 2999/1/2999 3006/1/3006 
f 3006/1/3006 3008/1/3008 3000/1/3000 
f 2998/1/2998 3010/1/3010 3007/1/3007 
f 3007/1/3007 2999/1/2999 2998/1/2998 
f 3010/1/3010 2998/1/2998 2516/1/2516 
f 2516/1/2516 2515/1/2515 3010/1/3010 
f 3010/1/3010 2515/1/2515 1668/1/1668 
f 1668/1/1668 1675/1/1675 3010/1/3010 
f 1675/1/1675 1674/1/1674 3007/1/3007 
f 3007/1/3007 3010/1/3010 1675/1/1675 
f 3011/1/3011 3012/1/3012 3013/1/3013 
f 3013/1/3013 3014/1/3014 3011/1/3011 
f 3013/1/3013 2530/1/2530 2991/1/2991 
f 2991/1/2991 3014/1/3014 3013/1/3013 
f 3014/1/3014 2991/1/2991 2979/1/2979 
f 2979/1/2979 3015/1/3015 3014/1/3014 
f 3014/1/3014 3015/1/3015 3016/1/3016 
f 3016/1/3016 3011/1/3011 3014/1/3014 
f 3017/1/3017 3009/1/3009 2962/1/2962 
f 2962/1/2962 2976/1/2976 3017/1/3017 
f 2976/1/2976 1658/1/1658 1657/1/1657 
f 1657/1/1657 3017/1/3017 2976/1/2976 
f 3017/1/3017 1657/1/1657 1661/1/1661 
f 1661/1/1661 3003/1/3003 3017/1/3017 
f 3003/1/3003 3001/1/3001 3009/1/3009 
f 3009/1/3009 3017/1/3017 3003/1/3003 
f 3015/1/3015 2979/1/2979 2978/1/2978 
f 2978/1/2978 3018/1/3018 3015/1/3015 
f 3018/1/3018 2978/1/2978 2970/1/2970 
f 2970/1/2970 2983/1/2983 3018/1/3018 
f 3018/1/3018 2983/1/2983 2548/1/2548 
f 2548/1/2548 3019/1/3019 3018/1/3018 
f 3019/1/3019 3016/1/3016 3015/1/3015 
f 3015/1/3015 3018/1/3018 3019/1/3019 
f 3020/1/3020 3021/1/3021 2917/1/2917 
f 2917/1/2917 2933/1/2933 3020/1/3020 
f 2933/1/2933 2328/1/2328 2337/1/2337 
f 2337/1/2337 3020/1/3020 2933/1/2933 
f 3020/1/3020 2337/1/2337 2341/1/2341 
f 2341/1/2341 3022/1/3022 3020/1/3020 
f 3022/1/3022 3012/1/3012 3021/1/3021 
f 3021/1/3021 3020/1/3020 3022/1/3022 
f 3023/1/3023 3024/1/3024 2919/1/2919 
f 2919/1/2919 2918/1/2918 3023/1/3023 
f 2918/1/2918 2917/1/2917 3021/1/3021 
f 3021/1/3021 3023/1/3023 2918/1/2918 
f 3023/1/3023 3021/1/3021 3012/1/3012 
f 3012/1/3012 3011/1/3011 3023/1/3023 
f 3011/1/3011 3016/1/3016 3024/1/3024 
f 3024/1/3024 3023/1/3023 3011/1/3011 
f 3025/1/3025 2344/1/2344 2335/1/2335 
f 2335/1/2335 2531/1/2531 3025/1/3025 
f 3013/1/3013 3025/1/3025 2531/1/2531 
f 2531/1/2531 2530/1/2530 3013/1/3013 
f 3025/1/3025 3013/1/3013 3012/1/3012 
f 3012/1/3012 3022/1/3022 3025/1/3025 
f 3022/1/3022 2341/1/2341 2344/1/2344 
f 2344/1/2344 3025/1/3025 3022/1/3022 
f 3026/1/3026 3027/1/3027 2427/1/2427 
f 2427/1/2427 2975/1/2975 3026/1/3026 
f 2975/1/2975 2965/1/2965 3028/1/3028 
f 3028/1/3028 3026/1/3026 2975/1/2975 
f 3026/1/3026 3028/1/3028 3029/1/3029 
f 3029/1/3029 3030/1/3030 3026/1/3026 
f 3030/1/3030 3031/1/3031 3027/1/3027 
f 3027/1/3027 3026/1/3026 3030/1/3030 
f 3032/1/3032 3024/1/3024 3016/1/3016 
f 3016/1/3016 3019/1/3019 3032/1/3032 
f 3019/1/3019 2548/1/2548 2547/1/2547 
f 2547/1/2547 3032/1/3032 3019/1/3019 
f 3032/1/3032 2547/1/2547 2551/1/2551 
f 2551/1/2551 2927/1/2927 3032/1/3032 
f 2927/1/2927 2919/1/2919 3024/1/3024 
f 3024/1/3024 3032/1/3032 2927/1/2927 
f 3033/1/3033 3028/1/3028 2965/1/2965 
f 2965/1/2965 2964/1/2964 3033/1/3033 
f 2964/1/2964 2959/1/2959 2967/1/2967 
f 2967/1/2967 3033/1/3033 2964/1/2964 
f 3033/1/3033 2967/1/2967 2422/1/2422 
f 2422/1/2422 3034/1/3034 3033/1/3033 
f 3034/1/3034 3029/1/3029 3028/1/3028 
f 3028/1/3028 3033/1/3033 3034/1/3034 
f 3035/1/3035 3036/1/3036 2949/1/2949 
f 2949/1/2949 2948/1/2948 3035/1/3035 
f 2948/1/2948 2435/1/2435 2434/1/2434 
f 2434/1/2434 3035/1/3035 2948/1/2948 
f 3035/1/3035 2434/1/2434 2433/1/2433 
f 2433/1/2433 3037/1/3037 3035/1/3035 
f 3037/1/3037 3031/1/3031 3036/1/3036 
f 3036/1/3036 3035/1/3035 3037/1/3037 
f 3038/1/3038 3039/1/3039 2940/1/2940 
f 2940/1/2940 2952/1/2952 3038/1/3038 
f 2952/1/2952 2949/1/2949 3036/1/3036 
f 3036/1/3036 3038/1/3038 2952/1/2952 
f 3038/1/3038 3036/1/3036 3031/1/3031 
f 3031/1/3031 3030/1/3030 3038/1/3038 
f 3030/1/3030 3029/1/3029 3039/1/3039 
f 3039/1/3039 3038/1/3038 3030/1/3030 
f 3040/1/3040 3037/1/3037 2433/1/2433 
f 2433/1/2433 2432/1/2432 3040/1/3040 
f 2432/1/2432 2429/1/2429 2428/1/2428 
f 2428/1/2428 3040/1/3040 2432/1/2432 
f 2428/1/2428 2427/1/2427 3027/1/3027 
f 3027/1/3027 3040/1/3040 2428/1/2428 
f 3040/1/3040 3027/1/3027 3031/1/3031 
f 3031/1/3031 3037/1/3037 3040/1/3040 
f 3041/1/3041 3039/1/3039 3029/1/3029 
f 3029/1/3029 3034/1/3034 3041/1/3041 
f 3034/1/3034 2422/1/2422 2421/1/2421 
f 2421/1/2421 3041/1/3041 3034/1/3034 
f 3041/1/3041 2421/1/2421 2416/1/2416 
f 2416/1/2416 2941/1/2941 3041/1/3041 
f 2941/1/2941 2940/1/2940 3039/1/3039 
f 3039/1/3039 3041/1/3041 2941/1/2941 
f 3042/1/3042 3043/1/3043 3044/1/3044 
f 3045/1/3045 2448/1/2448 2447/1/2447 
f 3046/1/3046 3047/1/3047 3048/1/3048 
f 3049/1/3049 3044/1/3044 3043/1/3043 
f 3043/1/3043 3046/1/3046 3049/1/3049 
f 3050/1/3050 2445/1/2445 2444/1/2444 
f 3051/1/3051 3052/1/3052 3053/1/3053 
f 3053/1/3053 3054/1/3054 3051/1/3051 
f 3054/1/3054 173/1/173 183/1/183 
f 183/1/183 3051/1/3051 3054/1/3054 
f 3051/1/3051 183/1/183 182/1/182 
f 182/1/182 3055/1/3055 3051/1/3051 
f 3055/1/3055 3056/1/3056 3052/1/3052 
f 3052/1/3052 3051/1/3051 3055/1/3055 
f 3057/1/3057 3052/1/3052 3056/1/3056 
f 3056/1/3056 3058/1/3058 3057/1/3057 
f 2695/1/2695 3057/1/3057 3058/1/3058 
f 3058/1/3058 2507/1/2507 2695/1/2695 
f 2695/1/2695 2694/1/2694 3059/1/3059 
f 3059/1/3059 3057/1/3057 2695/1/2695 
f 3059/1/3059 3053/1/3053 3052/1/3052 
f 3052/1/3052 3057/1/3057 3059/1/3059 
f 3060/1/3060 3061/1/3061 2619/1/2619 
f 2619/1/2619 2618/1/2618 3060/1/3060 
f 2618/1/2618 175/1/175 174/1/174 
f 174/1/174 3060/1/3060 2618/1/2618 
f 3060/1/3060 174/1/174 173/1/173 
f 173/1/173 3054/1/3054 3060/1/3060 
f 3054/1/3054 3053/1/3053 3061/1/3061 
f 3061/1/3061 3060/1/3060 3054/1/3054 
f 2706/1/2706 3062/1/3062 3059/1/3059 
f 3059/1/3059 2694/1/2694 2706/1/2706 
f 3062/1/3062 2706/1/2706 2486/1/2486 
f 2486/1/2486 2626/1/2626 3062/1/3062 
f 2626/1/2626 2619/1/2619 3061/1/3061 
f 3062/1/3062 3061/1/3061 3053/1/3053 
f 3053/1/3053 3059/1/3059 3062/1/3062 
f 3063/1/3063 2508/1/2508 2507/1/2507 
f 2507/1/2507 3058/1/3058 3063/1/3063 
f 3058/1/3058 3056/1/3056 3064/1/3064 
f 3064/1/3064 3063/1/3063 3058/1/3058 
f 3063/1/3063 3064/1/3064 3065/1/3065 
f 3065/1/3065 3066/1/3066 3063/1/3063 
f 3066/1/3066 2509/1/2509 2508/1/2508 
f 3067/1/3067 3068/1/3068 3069/1/3069 
f 3069/1/3069 3070/1/3070 3067/1/3067 
f 3070/1/3070 2674/1/2674 2673/1/2673 
f 2673/1/2673 3067/1/3067 3070/1/3070 
f 3067/1/3067 2673/1/2673 2670/1/2670 
f 2670/1/2670 2738/1/2738 3067/1/3067 
f 2738/1/2738 2737/1/2737 3068/1/3068 
f 3068/1/3068 3067/1/3067 2738/1/2738 
f 3071/1/3071 187/1/187 333/1/333 
f 333/1/333 3072/1/3072 3071/1/3071 
f 3072/1/3072 333/1/333 337/1/337 
f 337/1/337 3073/1/3073 3072/1/3072 
f 3072/1/3072 3073/1/3073 3069/1/3069 
f 3069/1/3069 3074/1/3074 3072/1/3072 
f 3074/1/3074 3065/1/3065 3071/1/3071 
f 3071/1/3071 3072/1/3072 3074/1/3074 
f 3075/1/3075 3064/1/3064 3056/1/3056 
f 3056/1/3056 3055/1/3055 3075/1/3075 
f 3055/1/3055 182/1/182 184/1/184 
f 184/1/184 3075/1/3075 3055/1/3055 
f 3075/1/3075 184/1/184 187/1/187 
f 187/1/187 3071/1/3071 3075/1/3075 
f 3071/1/3071 3065/1/3065 3064/1/3064 
f 3064/1/3064 3075/1/3075 3071/1/3071 
f 3076/1/3076 3068/1/3068 2737/1/2737 
f 2737/1/2737 2735/1/2735 3076/1/3076 
f 2735/1/2735 2509/1/2509 3066/1/3066 
f 3066/1/3066 3076/1/3076 2735/1/2735 
f 3076/1/3076 3066/1/3066 3065/1/3065 
f 3074/1/3074 3069/1/3069 3068/1/3068 
f 3068/1/3068 3076/1/3076 3074/1/3074 
f 3073/1/3073 337/1/337 340/1/340 
f 340/1/340 3077/1/3077 3073/1/3073 
f 2681/1/2681 3077/1/3077 340/1/340 
f 340/1/340 243/1/243 2681/1/2681 
f 3077/1/3077 2681/1/2681 2674/1/2674 
f 2674/1/2674 3070/1/3070 3077/1/3077 
f 3070/1/3070 3069/1/3069 3073/1/3073 
f 3073/1/3073 3077/1/3077 3070/1/3070 
f 3078/1/3078 2930/1/2930 2923/1/2923 
f 2923/1/2923 2922/1/2922 3078/1/3078 
f 2922/1/2922 2921/1/2921 3079/1/3079 
f 3079/1/3079 3078/1/3078 2922/1/2922 
f 3079/1/3079 3080/1/3080 3081/1/3081 
f 3081/1/3081 3078/1/3078 3079/1/3079 
f 3078/1/3078 3081/1/3081 2766/1/2766 
f 2766/1/2766 2930/1/2930 3078/1/3078 
f 3082/1/3082 3083/1/3083 2912/1/2912 
f 2912/1/2912 2925/1/2925 3082/1/3082 
f 3082/1/3082 2925/1/2925 2534/1/2534 
f 2534/1/2534 2770/1/2770 3082/1/3082 
f 2770/1/2770 2768/1/2768 3084/1/3084 
f 3084/1/3084 3082/1/3082 2770/1/2770 
f 3082/1/3082 3084/1/3084 3085/1/3085 
f 3085/1/3085 3083/1/3083 3082/1/3082 
f 3086/1/3086 1447/1/1447 1446/1/1446 
f 1446/1/1446 3087/1/3087 3086/1/3086 
f 1446/1/1446 1370/1/1370 3088/1/3088 
f 3088/1/3088 3087/1/3087 1446/1/1446 
f 3087/1/3087 3088/1/3088 3085/1/3085 
f 3085/1/3085 3089/1/3089 3087/1/3087 
f 3089/1/3089 3080/1/3080 3086/1/3086 
f 3086/1/3086 3087/1/3087 3089/1/3089 
f 3090/1/3090 3079/1/3079 2921/1/2921 
f 2921/1/2921 2928/1/2928 3090/1/3090 
f 2928/1/2928 1451/1/1451 1450/1/1450 
f 3090/1/3090 1450/1/1450 1447/1/1447 
f 3090/1/3090 3086/1/3086 3080/1/3080 
f 3080/1/3080 3079/1/3079 3090/1/3090 
f 3091/1/3091 3084/1/3084 2768/1/2768 
f 2768/1/2768 2767/1/2767 3091/1/3091 
f 2767/1/2767 2766/1/2766 3081/1/3081 
f 3081/1/3081 3091/1/3091 2767/1/2767 
f 3091/1/3091 3081/1/3081 3080/1/3080 
f 3080/1/3080 3089/1/3089 3091/1/3091 
f 3089/1/3089 3085/1/3085 3084/1/3084 
f 3084/1/3084 3091/1/3091 3089/1/3089 
f 3092/1/3092 3083/1/3083 3085/1/3085 
f 3085/1/3085 3088/1/3088 3092/1/3092 
f 1365/1/1365 3092/1/3092 3088/1/3088 
f 3088/1/3088 1370/1/1370 1365/1/1365 
f 3092/1/3092 1365/1/1365 1368/1/1368 
f 2913/1/2913 2912/1/2912 3083/1/3083 
f 3083/1/3083 3092/1/3092 2913/1/2913 
f 3093/1/3093 2517/1/2517 2516/1/2516 
f 2516/1/2516 2997/1/2997 3093/1/3093 
f 2997/1/2997 2996/1/2996 3094/1/3094 
f 3094/1/3094 3093/1/3093 2997/1/2997 
f 3093/1/3093 3094/1/3094 3095/1/3095 
f 3095/1/3095 3096/1/3096 3093/1/3093 
f 3096/1/3096 2518/1/2518 2517/1/2517 
f 2517/1/2517 3093/1/3093 3096/1/3096 
f 3097/1/3097 3094/1/3094 2996/1/2996 
f 2996/1/2996 3004/1/3004 3097/1/3097 
f 3004/1/3004 1655/1/1655 1654/1/1654 
f 1654/1/1654 3097/1/3097 3004/1/3004 
f 1654/1/1654 1653/1/1653 3098/1/3098 
f 3098/1/3098 3097/1/3097 1654/1/1654 
f 3098/1/3098 3095/1/3095 3094/1/3094 
f 3094/1/3094 3097/1/3097 3098/1/3098 
f 3099/1/3099 3098/1/3098 1653/1/1653 
f 1653/1/1653 2988/1/2988 3099/1/3099 
f 2988/1/2988 2987/1/2987 3100/1/3100 
f 3100/1/3100 3099/1/3099 2988/1/2988 
f 3099/1/3099 3100/1/3100 3101/1/3101 
f 3101/1/3101 3102/1/3102 3099/1/3099 
f 3102/1/3102 3095/1/3095 3098/1/3098 
f 3098/1/3098 3099/1/3099 3102/1/3102 
f 3103/1/3103 3104/1/3104 2522/1/2522 
f 2522/1/2522 2521/1/2521 3103/1/3103 
f 2521/1/2521 2518/1/2518 3096/1/3096 
f 3096/1/3096 3103/1/3103 2521/1/2521 
f 3103/1/3103 3096/1/3096 3095/1/3095 
f 3095/1/3095 3102/1/3102 3103/1/3103 
f 3102/1/3102 3101/1/3101 3104/1/3104 
f 3104/1/3104 3103/1/3103 3102/1/3102 
f 3105/1/3105 2993/1/2993 2527/1/2527 
f 2527/1/2527 2526/1/2526 3105/1/3105 
f 2526/1/2526 2522/1/2522 3104/1/3104 
f 3104/1/3104 3105/1/3105 2526/1/2526 
f 3105/1/3105 3104/1/3104 3101/1/3101 
f 3101/1/3101 3106/1/3106 3105/1/3105 
f 3106/1/3106 2981/1/2981 2993/1/2993 
f 2993/1/2993 3105/1/3105 3106/1/3106 
f 3107/1/3107 3100/1/3100 2987/1/2987 
f 2987/1/2987 2990/1/2990 3107/1/3107 
f 2990/1/2990 2972/1/2972 2982/1/2982 
f 2982/1/2982 3107/1/3107 2990/1/2990 
f 3107/1/3107 2982/1/2982 2981/1/2981 
f 2981/1/2981 3106/1/3106 3107/1/3107 
f 3106/1/3106 3101/1/3101 3100/1/3100 
f 3100/1/3100 3107/1/3107 3106/1/3106 
f 3108/1/3108 3109/1/3109 2374/1/2374 
f 2374/1/2374 2382/1/2382 3108/1/3108 
f 2382/1/2382 2381/1/2381 2399/1/2399 
f 2399/1/2399 3108/1/3108 2382/1/2382 
f 3108/1/3108 2399/1/2399 2388/1/2388 
f 2388/1/2388 3110/1/3110 3108/1/3108 
f 3110/1/3110 3111/1/3111 3109/1/3109 
f 3112/1/3112 3113/1/3113 3114/1/3114 
f 3114/1/3114 3115/1/3115 3112/1/3112 
f 3112/1/3112 3115/1/3115 3111/1/3111 
f 3111/1/3111 3110/1/3110 3112/1/3112 
f 3110/1/3110 2388/1/2388 2387/1/2387 
f 2387/1/2387 3112/1/3112 3110/1/3110 
f 2387/1/2387 2184/1/2184 3113/1/3113 
f 3113/1/3113 3112/1/3112 2387/1/2387 
f 3116/1/3116 3117/1/3117 3118/1/3118 
f 3118/1/3118 3119/1/3119 3116/1/3116 
f 3119/1/3119 3114/1/3114 3113/1/3113 
f 3113/1/3113 3116/1/3116 3119/1/3119 
f 3116/1/3116 3113/1/3113 2184/1/2184 
f 2184/1/2184 2183/1/2183 3116/1/3116 
f 2183/1/2183 2182/1/2182 3117/1/3117 
f 3117/1/3117 3116/1/3116 2183/1/2183 
f 3117/1/3117 3120/1/3120 3121/1/3121 
f 3121/1/3121 3118/1/3118 3117/1/3117 
f 2186/1/2186 3120/1/3120 3117/1/3117 
f 3117/1/3117 2182/1/2182 2186/1/2186 
f 3120/1/3120 2186/1/2186 2188/1/2188 
f 2188/1/2188 3122/1/3122 3120/1/3120 
f 3122/1/3122 3123/1/3123 3121/1/3121 
f 3121/1/3121 3120/1/3120 3122/1/3122 
f 3124/1/3124 3125/1/3125 3123/1/3123 
f 3123/1/3123 3122/1/3122 3124/1/3124 
f 3122/1/3122 2188/1/2188 2190/1/2190 
f 2190/1/2190 3124/1/3124 3122/1/3122 
f 3124/1/3124 2190/1/2190 2192/1/2192 
f 2192/1/2192 3126/1/3126 3124/1/3124 
f 3126/1/3126 3127/1/3127 3125/1/3125 
f 3125/1/3125 3124/1/3124 3126/1/3126 
f 3128/1/3128 3129/1/3129 3130/1/3130 
f 3130/1/3130 3131/1/3131 3128/1/3128 
f 3131/1/3131 3127/1/3127 3126/1/3126 
f 3126/1/3126 3128/1/3128 3131/1/3131 
f 3128/1/3128 3126/1/3126 2192/1/2192 
f 2192/1/2192 2196/1/2196 3128/1/3128 
f 2196/1/2196 2195/1/2195 3129/1/3129 
f 3129/1/3129 3128/1/3128 2196/1/2196 
f 3132/1/3132 3130/1/3130 3129/1/3129 
f 3129/1/3129 3133/1/3133 3132/1/3132 
f 3133/1/3133 3129/1/3129 2195/1/2195 
f 2195/1/2195 2200/1/2200 3133/1/3133 
f 3134/1/3134 3133/1/3133 2200/1/2200 
f 2200/1/2200 2199/1/2199 3134/1/3134 
f 3134/1/3134 3135/1/3135 3132/1/3132 
f 3132/1/3132 3133/1/3133 3134/1/3134 
f 3136/1/3136 3137/1/3137 2351/1/2351 
f 2351/1/2351 2356/1/2356 3136/1/3136 
f 2356/1/2356 2355/1/2355 2364/1/2364 
f 2364/1/2364 3136/1/3136 2356/1/2356 
f 3136/1/3136 2364/1/2364 2366/1/2366 
f 2366/1/2366 3138/1/3138 3136/1/3136 
f 3138/1/3138 3139/1/3139 3137/1/3137 
f 3137/1/3137 3136/1/3136 3138/1/3138 
f 3140/1/3140 3141/1/3141 3135/1/3135 
f 3135/1/3135 3134/1/3134 3140/1/3140 
f 3134/1/3134 2199/1/2199 2352/1/2352 
f 2352/1/2352 3140/1/3140 3134/1/3134 
f 2352/1/2352 2351/1/2351 3137/1/3137 
f 3137/1/3137 3140/1/3140 2352/1/2352 
f 3137/1/3137 3139/1/3139 3141/1/3141 
f 3141/1/3141 3140/1/3140 3137/1/3137 
f 3142/1/3142 2372/1/2372 2374/1/2374 
f 2374/1/2374 3109/1/3109 3142/1/3142 
f 3109/1/3109 3111/1/3111 3143/1/3143 
f 3142/1/3142 3143/1/3143 3139/1/3139 
f 3138/1/3138 2366/1/2366 2372/1/2372 
f 3144/1/3144 3145/1/3145 3146/1/3146 
f 3146/1/3146 3147/1/3147 3144/1/3144 
f 3144/1/3144 3147/1/3147 3148/1/3148 
f 3148/1/3148 3149/1/3149 3144/1/3144 
f 3149/1/3149 3111/1/3111 3115/1/3115 
f 3115/1/3115 3114/1/3114 3145/1/3145 
f 3145/1/3145 3144/1/3144 3115/1/3115 
f 3150/1/3150 3151/1/3151 3146/1/3146 
f 3146/1/3146 3145/1/3145 3150/1/3150 
f 3150/1/3150 3145/1/3145 3114/1/3114 
f 3114/1/3114 3119/1/3119 3150/1/3150 
f 3150/1/3150 3119/1/3119 3118/1/3118 
f 3118/1/3118 3152/1/3152 3150/1/3150 
f 3152/1/3152 3153/1/3153 3151/1/3151 
f 3151/1/3151 3150/1/3150 3152/1/3152 
f 3154/1/3154 3155/1/3155 3153/1/3153 
f 3153/1/3153 3152/1/3152 3154/1/3154 
f 3152/1/3152 3118/1/3118 3121/1/3121 
f 3121/1/3121 3154/1/3154 3152/1/3152 
f 3154/1/3154 3121/1/3121 3123/1/3123 
f 3123/1/3123 3156/1/3156 3154/1/3154 
f 3156/1/3156 3157/1/3157 3155/1/3155 
f 3155/1/3155 3154/1/3154 3156/1/3156 
f 3158/1/3158 3159/1/3159 3157/1/3157 
f 3157/1/3157 3156/1/3156 3158/1/3158 
f 3156/1/3156 3123/1/3123 3125/1/3125 
f 3125/1/3125 3158/1/3158 3156/1/3156 
f 3125/1/3125 3127/1/3127 3160/1/3160 
f 3160/1/3160 3158/1/3158 3125/1/3125 
f 3159/1/3159 3158/1/3158 3160/1/3160 
f 3160/1/3160 3161/1/3161 3159/1/3159 
f 3162/1/3162 3163/1/3163 3164/1/3164 
f 3164/1/3164 3165/1/3165 3162/1/3162 
f 3165/1/3165 3161/1/3161 3160/1/3160 
f 3160/1/3160 3162/1/3162 3165/1/3165 
f 3162/1/3162 3160/1/3160 3127/1/3127 
f 3127/1/3127 3131/1/3131 3162/1/3162 
f 3131/1/3131 3130/1/3130 3163/1/3163 
f 3163/1/3163 3162/1/3162 3131/1/3131 
f 3166/1/3166 3167/1/3167 3146/1/3146 
f 3146/1/3146 3151/1/3151 3166/1/3166 
f 3168/1/3168 3166/1/3166 3151/1/3151 
f 3151/1/3151 3153/1/3153 3168/1/3168 
f 3166/1/3166 3168/1/3168 3169/1/3169 
f 3169/1/3169 3170/1/3170 3166/1/3166 
f 3170/1/3170 3171/1/3171 3167/1/3167 
f 3167/1/3167 3166/1/3166 3170/1/3170 
f 3172/1/3172 3173/1/3173 3169/1/3169 
f 3169/1/3169 3168/1/3168 3172/1/3172 
f 3168/1/3168 3153/1/3153 3155/1/3155 
f 3155/1/3155 3172/1/3172 3168/1/3168 
f 3172/1/3172 3155/1/3155 3157/1/3157 
f 3157/1/3157 3174/1/3174 3172/1/3172 
f 3172/1/3172 3174/1/3174 3175/1/3175 
f 3175/1/3175 3173/1/3173 3172/1/3172 
f 3176/1/3176 3177/1/3177 3178/1/3178 
f 3178/1/3178 3179/1/3179 3176/1/3176 
f 3179/1/3179 3164/1/3164 3163/1/3163 
f 3163/1/3163 3176/1/3176 3179/1/3179 
f 3176/1/3176 3163/1/3163 3130/1/3130 
f 3130/1/3130 3132/1/3132 3176/1/3176 
f 3132/1/3132 3135/1/3135 3177/1/3177 
f 3177/1/3177 3176/1/3176 3132/1/3132 
f 3180/1/3180 3181/1/3181 3175/1/3175 
f 3175/1/3175 3174/1/3174 3180/1/3180 
f 3174/1/3174 3157/1/3157 3159/1/3159 
f 3159/1/3159 3180/1/3180 3174/1/3174 
f 3180/1/3180 3159/1/3159 3161/1/3161 
f 3161/1/3161 3182/1/3182 3180/1/3180 
f 3180/1/3180 3182/1/3182 3183/1/3183 
f 3183/1/3183 3181/1/3181 3180/1/3180 
f 3184/1/3184 3185/1/3185 3171/1/3171 
f 3171/1/3171 3170/1/3170 3184/1/3184 
f 3170/1/3170 3169/1/3169 3173/1/3173 
f 3173/1/3173 3184/1/3184 3170/1/3170 
f 3184/1/3184 3173/1/3173 3175/1/3175 
f 3175/1/3175 3181/1/3181 3184/1/3184 
f 3181/1/3181 3183/1/3183 3185/1/3185 
f 3185/1/3185 3184/1/3184 3181/1/3181 
f 3186/1/3186 3187/1/3187 3188/1/3188 
f 3188/1/3188 3189/1/3189 3186/1/3186 
f 3189/1/3189 3171/1/3171 3185/1/3185 
f 3185/1/3185 3186/1/3186 3189/1/3189 
f 3186/1/3186 3185/1/3185 3183/1/3183 
f 3183/1/3183 3190/1/3190 3186/1/3186 
f 3190/1/3190 3191/1/3191 3187/1/3187 
f 3187/1/3187 3186/1/3186 3190/1/3190 
f 3192/1/3192 3182/1/3182 3161/1/3161 
f 3161/1/3161 3165/1/3165 3192/1/3192 
f 3165/1/3165 3164/1/3164 3193/1/3193 
f 3193/1/3193 3192/1/3192 3165/1/3165 
f 3192/1/3192 3193/1/3193 3191/1/3191 
f 3191/1/3191 3190/1/3190 3192/1/3192 
f 3190/1/3190 3183/1/3183 3182/1/3182 
f 3182/1/3182 3192/1/3192 3190/1/3190 
f 3194/1/3194 3195/1/3195 3196/1/3196 
f 3196/1/3196 3197/1/3197 3194/1/3194 
f 3197/1/3197 3139/1/3139 3143/1/3143 
f 3143/1/3143 3194/1/3194 3197/1/3197 
f 3194/1/3194 3143/1/3143 3111/1/3111 
f 3149/1/3149 3148/1/3148 3195/1/3195 
f 3198/1/3198 3148/1/3148 3147/1/3147 
f 3147/1/3147 3199/1/3199 3198/1/3198 
f 3147/1/3147 3146/1/3146 3167/1/3167 
f 3167/1/3167 3199/1/3199 3147/1/3147 
f 3199/1/3199 3167/1/3167 3171/1/3171 
f 3171/1/3171 3189/1/3189 3199/1/3199 
f 3189/1/3189 3188/1/3188 3198/1/3198 
f 3198/1/3198 3199/1/3199 3189/1/3189 
f 3197/1/3197 3196/1/3196 3200/1/3200 
f 3200/1/3200 3178/1/3178 3177/1/3177 
f 3177/1/3177 3135/1/3135 3141/1/3141 
f 3141/1/3141 3139/1/3139 3197/1/3197 
f 3201/1/3201 3202/1/3202 3203/1/3203 
f 3203/1/3203 3204/1/3204 3201/1/3201 
f 3204/1/3204 3178/1/3178 3200/1/3200 
f 3200/1/3200 3201/1/3201 3204/1/3204 
f 3201/1/3201 3200/1/3200 3196/1/3196 
f 3196/1/3196 3205/1/3205 3201/1/3201 
f 3205/1/3205 3188/1/3188 3202/1/3202 
f 3202/1/3202 3201/1/3201 3205/1/3205 
f 3198/1/3198 3188/1/3188 3205/1/3205 
f 3205/1/3205 3196/1/3196 3195/1/3195 
f 3195/1/3195 3206/1/3206 3205/1/3205 
f 3206/1/3206 3195/1/3195 3148/1/3148 
f 3148/1/3148 3198/1/3198 3206/1/3206 
f 3207/1/3207 3187/1/3187 3191/1/3191 
f 3191/1/3191 3208/1/3208 3207/1/3207 
f 3208/1/3208 3203/1/3203 3202/1/3202 
f 3202/1/3202 3207/1/3207 3208/1/3208 
f 3202/1/3202 3188/1/3188 3187/1/3187 
f 3187/1/3187 3207/1/3207 3202/1/3202 
f 3209/1/3209 3193/1/3193 3164/1/3164 
f 3164/1/3164 3179/1/3179 3209/1/3209 
f 3179/1/3179 3178/1/3178 3204/1/3204 
f 3204/1/3204 3209/1/3209 3179/1/3179 
f 3209/1/3209 3204/1/3204 3203/1/3203 
f 3203/1/3203 3208/1/3208 3209/1/3209 
f 3208/1/3208 3191/1/3191 3193/1/3193 
f 3193/1/3193 3209/1/3209 3208/1/3208 
f 3210/1/3210 3211/1/3211 3212/1/3212 
f 3212/1/3212 3213/1/3213 3210/1/3210 
f 3212/1/3212 3214/1/3214 3215/1/3215 
f 3215/1/3215 3213/1/3213 3212/1/3212 
f 3213/1/3213 3215/1/3215 3/1/3 
f 3/1/3 24/1/24 3213/1/3213 
f 3213/1/3213 24/1/24 23/1/23 
f 3216/1/3216 3217/1/3217 3211/1/3211 
f 3211/1/3211 3210/1/3210 3216/1/3216 
f 3210/1/3210 23/1/23 42/1/42 
f 42/1/42 3216/1/3216 3210/1/3210 
f 3216/1/3216 42/1/42 34/1/34 
f 34/1/34 33/1/33 3216/1/3216 
f 33/1/33 32/1/32 3217/1/3217 
f 3217/1/3217 3216/1/3216 33/1/33 
f 3218/1/3218 3219/1/3219 3220/1/3220 
f 3220/1/3220 3221/1/3221 3218/1/3218 
f 3221/1/3221 3220/1/3220 3222/1/3222 
f 3222/1/3222 3223/1/3223 3221/1/3221 
f 3223/1/3223 3224/1/3224 3225/1/3225 
f 3225/1/3225 3221/1/3221 3223/1/3223 
f 3221/1/3221 3225/1/3225 3226/1/3226 
f 3226/1/3226 3218/1/3218 3221/1/3221 
f 3227/1/3227 3225/1/3225 3224/1/3224 
f 3224/1/3224 3228/1/3228 3227/1/3227 
f 3228/1/3228 32/1/32 31/1/31 
f 31/1/31 3227/1/3227 3228/1/3228 
f 3227/1/3227 31/1/31 30/1/30 
f 30/1/30 3229/1/3229 3227/1/3227 
f 3229/1/3229 3226/1/3226 3225/1/3225 
f 3225/1/3225 3227/1/3227 3229/1/3229 
f 3230/1/3230 3231/1/3231 1780/1/1780 
f 1780/1/1780 1779/1/1779 3230/1/3230 
f 1779/1/1779 1782/1/1782 3232/1/3232 
f 3232/1/3232 3230/1/3230 1779/1/1779 
f 3230/1/3230 3232/1/3232 3233/1/3233 
f 3233/1/3233 3234/1/3234 3230/1/3230 
f 3230/1/3230 3234/1/3234 3235/1/3235 
f 3235/1/3235 3231/1/3231 3230/1/3230 
f 3236/1/3236 3237/1/3237 3238/1/3238 
f 3238/1/3238 3239/1/3239 3236/1/3236 
f 3239/1/3239 3240/1/3240 3241/1/3241 
f 3241/1/3241 3236/1/3236 3239/1/3239 
f 3241/1/3241 3242/1/3242 3243/1/3243 
f 3243/1/3243 3236/1/3236 3241/1/3241 
f 3236/1/3236 3243/1/3243 3244/1/3244 
f 3244/1/3244 3237/1/3237 3236/1/3236 
f 3245/1/3245 3233/1/3233 3232/1/3232 
f 3232/1/3232 3246/1/3246 3245/1/3245 
f 3246/1/3246 3232/1/3232 1782/1/1782 
f 1782/1/1782 2257/1/2257 3246/1/3246 
f 2257/1/2257 2256/1/2256 3247/1/3247 
f 3247/1/3247 3246/1/3246 2257/1/2257 
f 3246/1/3246 3247/1/3247 3248/1/3248 
f 3248/1/3248 3245/1/3245 3246/1/3246 
f 3249/1/3249 3243/1/3243 3242/1/3242 
f 3242/1/3242 3250/1/3250 3249/1/3249 
f 3250/1/3250 3235/1/3235 3234/1/3234 
f 3234/1/3234 3249/1/3249 3250/1/3250 
f 3249/1/3249 3234/1/3234 3233/1/3233 
f 3233/1/3233 3251/1/3251 3249/1/3249 
f 3251/1/3251 3244/1/3244 3243/1/3243 
f 3243/1/3243 3249/1/3249 3251/1/3251 
f 3252/1/3252 3247/1/3247 2256/1/2256 
f 2256/1/2256 2255/1/2255 3252/1/3252 
f 3252/1/3252 2255/1/2255 1787/1/1787 
f 1787/1/1787 1786/1/1786 3252/1/3252 
f 3252/1/3252 1786/1/1786 1785/1/1785 
f 1785/1/1785 3253/1/3253 3252/1/3252 
f 3253/1/3253 3248/1/3248 3247/1/3247 
f 3247/1/3247 3252/1/3252 3253/1/3253 
f 3254/1/3254 3255/1/3255 3256/1/3256 
f 3256/1/3256 3257/1/3257 3254/1/3254 
f 3256/1/3256 1785/1/1785 1784/1/1784 
f 1784/1/1784 3257/1/3257 3256/1/3256 
f 3257/1/3257 1784/1/1784 46/1/46 
f 46/1/46 3258/1/3258 3257/1/3257 
f 3258/1/3258 3259/1/3259 3254/1/3254 
f 3254/1/3254 3257/1/3257 3258/1/3258 
f 3260/1/3260 3261/1/3261 3262/1/3262 
f 3262/1/3262 3263/1/3263 3260/1/3260 
f 3264/1/3264 3261/1/3261 3260/1/3260 
f 3260/1/3260 3265/1/3265 3264/1/3264 
f 3260/1/3260 3266/1/3266 3267/1/3267 
f 3267/1/3267 3265/1/3265 3260/1/3260 
f 3265/1/3265 3267/1/3267 3255/1/3255 
f 3255/1/3255 3254/1/3254 3265/1/3265 
f 3265/1/3265 3254/1/3254 3259/1/3259 
f 3259/1/3259 3264/1/3264 3265/1/3265 
f 3268/1/3268 3269/1/3269 3259/1/3259 
f 3259/1/3259 3258/1/3258 3268/1/3268 
f 3258/1/3258 46/1/46 45/1/45 
f 45/1/45 3268/1/3268 3258/1/3258 
f 3268/1/3268 45/1/45 52/1/52 
f 52/1/52 3270/1/3270 3268/1/3268 
f 3270/1/3270 3271/1/3271 3269/1/3269 
f 3272/1/3272 3262/1/3262 3261/1/3261 
f 3261/1/3261 3273/1/3273 3272/1/3272 
f 3272/1/3272 3273/1/3273 3274/1/3274 
f 3275/1/3275 3274/1/3274 3273/1/3273 
f 3273/1/3273 3276/1/3276 3275/1/3275 
f 3276/1/3276 3273/1/3273 3261/1/3261 
f 3261/1/3261 3264/1/3264 3276/1/3276 
f 3264/1/3264 3259/1/3259 3269/1/3269 
f 3269/1/3269 3276/1/3276 3264/1/3264 
f 3276/1/3276 3269/1/3269 3271/1/3271 
f 3277/1/3277 3278/1/3278 3271/1/3271 
f 3271/1/3271 3270/1/3270 3277/1/3277 
f 3270/1/3270 52/1/52 2243/1/2243 
f 2243/1/2243 3277/1/3277 3270/1/3270 
f 3277/1/3277 2243/1/2243 2246/1/2246 
f 2246/1/2246 3279/1/3279 3277/1/3277 
f 3279/1/3279 3280/1/3280 3278/1/3278 
f 3278/1/3278 3277/1/3277 3279/1/3279 
f 3281/1/3281 3274/1/3274 3282/1/3282 
f 3283/1/3283 3282/1/3282 3284/1/3284 
f 3284/1/3284 3285/1/3285 3283/1/3283 
f 3286/1/3286 3284/1/3284 3282/1/3282 
f 3282/1/3282 3287/1/3287 3286/1/3286 
f 3287/1/3287 3282/1/3282 3274/1/3274 
f 3274/1/3274 3275/1/3275 3287/1/3287 
f 3275/1/3275 3271/1/3271 3278/1/3278 
f 3278/1/3278 3287/1/3287 3275/1/3275 
f 3287/1/3287 3278/1/3278 3280/1/3280 
f 3280/1/3280 3286/1/3286 3287/1/3287 
f 3288/1/3288 3289/1/3289 3280/1/3280 
f 3280/1/3280 3279/1/3279 3288/1/3288 
f 3279/1/3279 2246/1/2246 2252/1/2252 
f 2252/1/2252 3288/1/3288 3279/1/3279 
f 3288/1/3288 2252/1/2252 2251/1/2251 
f 2251/1/2251 3290/1/3290 3288/1/3288 
f 3290/1/3290 3291/1/3291 3289/1/3289 
f 3289/1/3289 3288/1/3288 3290/1/3290 
f 3292/1/3292 3293/1/3293 2251/1/2251 
f 2251/1/2251 2250/1/2250 3292/1/3292 
f 2250/1/2250 1774/1/1774 1773/1/1773 
f 1773/1/1773 3292/1/3292 2250/1/2250 
f 3292/1/3292 1773/1/1773 1772/1/1772 
f 1772/1/1772 3294/1/3294 3292/1/3292 
f 3292/1/3292 3294/1/3294 3295/1/3295 
f 3295/1/3295 3293/1/3293 3292/1/3292 
f 3285/1/3285 3284/1/3284 3296/1/3296 
f 3296/1/3296 3297/1/3297 3285/1/3285 
f 3297/1/3297 3296/1/3296 3298/1/3298 
f 3298/1/3298 3299/1/3299 3297/1/3297 
f 3300/1/3300 3298/1/3298 3296/1/3296 
f 3296/1/3296 3301/1/3301 3300/1/3300 
f 3301/1/3301 3296/1/3296 3284/1/3284 
f 3284/1/3284 3286/1/3286 3301/1/3301 
f 3286/1/3286 3280/1/3280 3289/1/3289 
f 3289/1/3289 3301/1/3301 3286/1/3286 
f 3301/1/3301 3289/1/3289 3291/1/3291 
f 3291/1/3291 3300/1/3300 3301/1/3301 
f 3302/1/3302 3299/1/3299 3298/1/3298 
f 3298/1/3298 3303/1/3303 3302/1/3302 
f 3303/1/3303 2442/1/2442 2441/1/2441 
f 2441/1/2441 3302/1/3302 3303/1/3303 
f 3304/1/3304 3305/1/3305 3306/1/3306 
f 3306/1/3306 3307/1/3307 3304/1/3304 
f 3304/1/3304 3307/1/3307 3291/1/3291 
f 3291/1/3291 3290/1/3290 3304/1/3304 
f 3290/1/3290 2251/1/2251 3293/1/3293 
f 3293/1/3293 3304/1/3304 3290/1/3290 
f 3293/1/3293 3295/1/3295 3305/1/3305 
f 3305/1/3305 3304/1/3304 3293/1/3293 
f 3307/1/3307 3306/1/3306 3308/1/3308 
f 3308/1/3308 3309/1/3309 3307/1/3307 
f 3309/1/3309 3308/1/3308 2442/1/2442 
f 2442/1/2442 3303/1/3303 3309/1/3309 
f 3309/1/3309 3303/1/3303 3298/1/3298 
f 3298/1/3298 3300/1/3300 3309/1/3309 
f 3300/1/3300 3291/1/3291 3307/1/3307 
f 3307/1/3307 3309/1/3309 3300/1/3300 
f 3310/1/3310 3295/1/3295 3294/1/3294 
f 3294/1/3294 3311/1/3311 3310/1/3310 
f 3311/1/3311 3294/1/3294 1772/1/1772 
f 1772/1/1772 2594/1/2594 3311/1/3311 
f 2594/1/2594 2593/1/2593 3312/1/3312 
f 3312/1/3312 3311/1/3311 2594/1/2594 
f 3311/1/3311 3312/1/3312 3313/1/3313 
f 3313/1/3313 3310/1/3310 3311/1/3311 
f 3314/1/3314 3315/1/3315 3316/1/3316 
f 3316/1/3316 3317/1/3317 3314/1/3314 
f 3317/1/3317 3306/1/3306 3305/1/3305 
f 3305/1/3305 3314/1/3314 3317/1/3317 
f 3314/1/3314 3305/1/3305 3295/1/3295 
f 3295/1/3295 3310/1/3310 3314/1/3314 
f 3310/1/3310 3313/1/3313 3315/1/3315 
f 3315/1/3315 3314/1/3314 3310/1/3310 
f 3317/1/3317 3316/1/3316 3318/1/3318 
f 3318/1/3318 3319/1/3319 3317/1/3317 
f 3319/1/3319 3318/1/3318 2444/1/2444 
f 2444/1/2444 2443/1/2443 3319/1/3319 
f 2443/1/2443 2442/1/2442 3308/1/3308 
f 3308/1/3308 3319/1/3319 2443/1/2443 
f 3319/1/3319 3308/1/3308 3306/1/3306 
f 3306/1/3306 3317/1/3317 3319/1/3319 
f 3320/1/3320 3321/1/3321 3322/1/3322 
f 3322/1/3322 3323/1/3323 3320/1/3320 
f 3323/1/3323 3322/1/3322 55/1/55 
f 55/1/55 54/1/54 3323/1/3323 
f 3323/1/3323 54/1/54 61/1/61 
f 61/1/61 3324/1/3324 3323/1/3323 
f 3324/1/3324 3325/1/3325 3320/1/3320 
f 3320/1/3320 3323/1/3323 3324/1/3324 
f 3326/1/3326 3327/1/3327 3328/1/3328 
f 3328/1/3328 3329/1/3329 3326/1/3326 
f 3329/1/3329 3330/1/3330 3331/1/3331 
f 3331/1/3331 3326/1/3326 3329/1/3329 
f 3326/1/3326 3331/1/3331 3321/1/3321 
f 3321/1/3321 3320/1/3320 3326/1/3326 
f 3320/1/3320 3325/1/3325 3327/1/3327 
f 3327/1/3327 3326/1/3326 3320/1/3320 
f 3329/1/3329 3328/1/3328 3332/1/3332 
f 3332/1/3332 3333/1/3333 3329/1/3329 
f 3333/1/3333 3332/1/3332 2450/1/2450 
f 2450/1/2450 2449/1/2449 3333/1/3333 
f 2449/1/2449 2448/1/2448 3334/1/3334 
f 3334/1/3334 3333/1/3333 2449/1/2449 
f 3333/1/3333 3334/1/3334 3330/1/3330 
f 3330/1/3330 3329/1/3329 3333/1/3333 
f 3335/1/3335 3336/1/3336 3325/1/3325 
f 3325/1/3325 3324/1/3324 3335/1/3335 
f 3324/1/3324 61/1/61 79/1/79 
f 79/1/79 3335/1/3335 3324/1/3324 
f 3335/1/3335 79/1/79 78/1/78 
f 78/1/78 3337/1/3337 3335/1/3335 
f 3337/1/3337 3338/1/3338 3336/1/3336 
f 3336/1/3336 3335/1/3335 3337/1/3337 
f 3339/1/3339 3340/1/3340 3341/1/3341 
f 3341/1/3341 3342/1/3342 3339/1/3339 
f 3342/1/3342 3328/1/3328 3327/1/3327 
f 3327/1/3327 3339/1/3339 3342/1/3342 
f 3339/1/3339 3327/1/3327 3325/1/3325 
f 3325/1/3325 3336/1/3336 3339/1/3339 
f 3336/1/3336 3338/1/3338 3340/1/3340 
f 3343/1/3343 3344/1/3344 3345/1/3345 
f 3345/1/3345 3346/1/3346 3343/1/3343 
f 3343/1/3343 700/1/700 699/1/699 
f 699/1/699 2469/1/2469 3343/1/3343 
f 3343/1/3343 2469/1/2469 2473/1/2473 
f 2473/1/2473 3344/1/3344 3343/1/3343 
f 3342/1/3342 3341/1/3341 3347/1/3347 
f 3347/1/3347 3348/1/3348 3342/1/3342 
f 3348/1/3348 3347/1/3347 2456/1/2456 
f 2456/1/2456 2454/1/2454 3348/1/3348 
f 2454/1/2454 2450/1/2450 3332/1/3332 
f 3332/1/3332 3348/1/3348 2454/1/2454 
f 3348/1/3348 3332/1/3332 3328/1/3328 
f 3328/1/3328 3342/1/3342 3348/1/3348 
f 3349/1/3349 3346/1/3346 3345/1/3345 
f 3345/1/3345 3350/1/3350 3349/1/3349 
f 3337/1/3337 3349/1/3349 3350/1/3350 
f 3350/1/3350 3338/1/3338 3337/1/3337 
f 3337/1/3337 78/1/78 694/1/694 
f 694/1/694 3349/1/3349 3337/1/3337 
f 3349/1/3349 694/1/694 693/1/693 
f 693/1/693 3346/1/3346 3349/1/3349 
f 3351/1/3351 3352/1/3352 3353/1/3353 
f 3353/1/3353 3354/1/3354 3351/1/3351 
f 3354/1/3354 3341/1/3341 3340/1/3340 
f 3340/1/3340 3351/1/3351 3354/1/3354 
f 3351/1/3351 3340/1/3340 3338/1/3338 
f 3350/1/3350 3345/1/3345 3352/1/3352 
f 3352/1/3352 3351/1/3351 3350/1/3350 
f 3354/1/3354 3353/1/3353 3355/1/3355 
f 3355/1/3355 3356/1/3356 3354/1/3354 
f 3356/1/3356 3355/1/3355 2460/1/2460 
f 2460/1/2460 2459/1/2459 3356/1/3356 
f 2459/1/2459 2456/1/2456 3347/1/3347 
f 3347/1/3347 3356/1/3356 2459/1/2459 
f 3356/1/3356 3347/1/3347 3341/1/3341 
f 3341/1/3341 3354/1/3354 3356/1/3356 
f 3357/1/3357 2460/1/2460 3355/1/3355 
f 3355/1/3355 3358/1/3358 3357/1/3357 
f 3358/1/3358 3355/1/3355 3353/1/3353 
f 3353/1/3353 3359/1/3359 3358/1/3358 
f 3358/1/3358 3359/1/3359 3360/1/3360 
f 3360/1/3360 3361/1/3361 3358/1/3358 
f 3359/1/3359 3353/1/3353 3352/1/3352 
f 3352/1/3352 3362/1/3362 3359/1/3359 
f 3362/1/3362 3352/1/3352 3345/1/3345 
f 3345/1/3345 3344/1/3344 3362/1/3362 
f 3344/1/3344 2473/1/2473 3363/1/3363 
f 3363/1/3363 3362/1/3362 3344/1/3344 
f 3359/1/3359 3362/1/3362 3363/1/3363 
f 3363/1/3363 3360/1/3360 3359/1/3359 
f 3364/1/3364 3365/1/3365 3366/1/3366 
f 3366/1/3366 3367/1/3367 3364/1/3364 
f 3367/1/3367 3366/1/3366 3219/1/3219 
f 3219/1/3219 3218/1/3218 3367/1/3367 
f 3218/1/3218 3226/1/3226 3368/1/3368 
f 3368/1/3368 3367/1/3367 3218/1/3218 
f 3367/1/3367 3368/1/3368 3369/1/3369 
f 3369/1/3369 3364/1/3364 3367/1/3367 
f 3370/1/3370 3371/1/3371 3372/1/3372 
f 3372/1/3372 3373/1/3373 3370/1/3370 
f 3370/1/3370 2590/1/2590 2589/1/2589 
f 2589/1/2589 3371/1/3371 3370/1/3370 
f 3371/1/3371 2589/1/2589 2569/1/2569 
f 2569/1/2569 2568/1/2568 3371/1/3371 
f 2568/1/2568 2575/1/2575 3372/1/3372 
f 3372/1/3372 3371/1/3371 2568/1/2568 
f 3374/1/3374 3368/1/3368 3226/1/3226 
f 3226/1/3226 3229/1/3229 3374/1/3374 
f 3229/1/3229 30/1/30 2587/1/2587 
f 2587/1/2587 3374/1/3374 3229/1/3229 
f 3374/1/3374 2587/1/2587 2590/1/2590 
f 2590/1/2590 3375/1/3375 3374/1/3374 
f 3375/1/3375 3369/1/3369 3368/1/3368 
f 3368/1/3368 3374/1/3374 3375/1/3375 
f 2584/1/2584 3376/1/3376 3372/1/3372 
f 3372/1/3372 2575/1/2575 2584/1/2584 
f 2584/1/2584 1780/1/1780 3231/1/3231 
f 3231/1/3231 3376/1/3376 2584/1/2584 
f 3377/1/3377 3376/1/3376 3231/1/3231 
f 3231/1/3231 3235/1/3235 3377/1/3377 
f 3376/1/3376 3377/1/3377 3373/1/3373 
f 3373/1/3373 3372/1/3372 3376/1/3376 
f 3378/1/3378 3373/1/3373 3377/1/3377 
f 3377/1/3377 3379/1/3379 3378/1/3378 
f 3379/1/3379 3377/1/3377 3235/1/3235 
f 3235/1/3235 3250/1/3250 3379/1/3379 
f 3250/1/3250 3242/1/3242 3380/1/3380 
f 3380/1/3380 3379/1/3379 3250/1/3250 
f 3379/1/3379 3380/1/3380 3381/1/3381 
f 3381/1/3381 3378/1/3378 3379/1/3379 
f 3378/1/3378 3381/1/3381 3382/1/3382 
f 3382/1/3382 3383/1/3383 3378/1/3378 
f 3383/1/3383 3382/1/3382 3369/1/3369 
f 3369/1/3369 3375/1/3375 3383/1/3383 
f 3375/1/3375 2590/1/2590 3370/1/3370 
f 3370/1/3370 3383/1/3383 3375/1/3375 
f 3383/1/3383 3370/1/3370 3373/1/3373 
f 3373/1/3373 3378/1/3378 3383/1/3383 
f 3384/1/3384 3385/1/3385 3386/1/3386 
f 3386/1/3386 3387/1/3387 3384/1/3384 
f 3387/1/3387 3313/1/3313 3312/1/3312 
f 3312/1/3312 3384/1/3384 3387/1/3387 
f 3384/1/3384 3312/1/3312 2593/1/2593 
f 2593/1/2593 2600/1/2600 3384/1/3384 
f 2600/1/2600 2599/1/2599 3385/1/3385 
f 3385/1/3385 3384/1/3384 2600/1/2600 
f 3388/1/3388 3380/1/3380 3242/1/3242 
f 3242/1/3242 3241/1/3241 3388/1/3388 
f 3388/1/3388 3241/1/3241 3240/1/3240 
f 3240/1/3240 3389/1/3389 3388/1/3388 
f 3389/1/3389 3390/1/3390 3391/1/3391 
f 3391/1/3391 3388/1/3388 3389/1/3389 
f 3380/1/3380 3388/1/3388 3391/1/3391 
f 3391/1/3391 3381/1/3381 3380/1/3380 
f 3391/1/3391 3392/1/3392 3382/1/3382 
f 3382/1/3382 3381/1/3381 3391/1/3391 
f 3392/1/3392 3391/1/3391 3390/1/3390 
f 3390/1/3390 3393/1/3393 3392/1/3392 
f 3364/1/3364 3392/1/3392 3393/1/3393 
f 3393/1/3393 3365/1/3365 3364/1/3364 
f 3364/1/3364 3369/1/3369 3382/1/3382 
f 3382/1/3382 3392/1/3392 3364/1/3364 
f 3394/1/3394 3395/1/3395 3396/1/3396 
f 3396/1/3396 3397/1/3397 3394/1/3394 
f 3397/1/3397 3316/1/3316 3315/1/3315 
f 3315/1/3315 3394/1/3394 3397/1/3397 
f 3394/1/3394 3315/1/3315 3313/1/3313 
f 3313/1/3313 3387/1/3387 3394/1/3394 
f 3387/1/3387 3386/1/3386 3395/1/3395 
f 3395/1/3395 3394/1/3394 3387/1/3387 
f 3398/1/3398 3399/1/3399 3400/1/3400 
f 3400/1/3400 3401/1/3401 3398/1/3398 
f 3401/1/3401 3400/1/3400 3044/1/3044 
f 3044/1/3044 3049/1/3049 3401/1/3401 
f 3049/1/3049 3048/1/3048 3402/1/3402 
f 3401/1/3401 3402/1/3402 3396/1/3396 
f 3396/1/3396 3398/1/3398 3401/1/3401 
f 3397/1/3397 3396/1/3396 3402/1/3402 
f 3402/1/3402 3403/1/3403 3397/1/3397 
f 3403/1/3403 3402/1/3402 3048/1/3048 
f 3404/1/3404 2444/1/2444 3318/1/3318 
f 3318/1/3318 3403/1/3403 3404/1/3404 
f 3403/1/3403 3318/1/3318 3316/1/3316 
f 3316/1/3316 3397/1/3397 3403/1/3403 
f 3405/1/3405 3406/1/3406 3407/1/3407 
f 3407/1/3407 3408/1/3408 3405/1/3405 
f 3408/1/3408 3386/1/3386 3385/1/3385 
f 3385/1/3385 3405/1/3405 3408/1/3408 
f 3405/1/3405 3385/1/3385 2599/1/2599 
f 2599/1/2599 2605/1/2605 3405/1/3405 
f 2605/1/2605 2563/1/2563 3406/1/3406 
f 3406/1/3406 3405/1/3405 2605/1/2605 
f 3409/1/3409 3410/1/3410 3399/1/3399 
f 3399/1/3399 3398/1/3398 3409/1/3409 
f 3398/1/3398 3396/1/3396 3395/1/3395 
f 3395/1/3395 3409/1/3409 3398/1/3398 
f 3409/1/3409 3395/1/3395 3386/1/3386 
f 3386/1/3386 3408/1/3408 3409/1/3409 
f 3408/1/3408 3407/1/3407 3410/1/3410 
f 3410/1/3410 3409/1/3409 3408/1/3408 
f 3411/1/3411 3406/1/3406 2563/1/2563 
f 2563/1/2563 2562/1/2562 3411/1/3411 
f 2562/1/2562 55/1/55 3322/1/3322 
f 3322/1/3322 3411/1/3411 2562/1/2562 
f 3411/1/3411 3322/1/3322 3321/1/3321 
f 3321/1/3321 3412/1/3412 3411/1/3411 
f 3412/1/3412 3407/1/3407 3406/1/3406 
f 3406/1/3406 3411/1/3411 3412/1/3412 
f 3413/1/3413 3410/1/3410 3407/1/3407 
f 3407/1/3407 3412/1/3412 3413/1/3413 
f 3412/1/3412 3321/1/3321 3331/1/3331 
f 3331/1/3331 3413/1/3413 3412/1/3412 
f 3413/1/3413 3331/1/3331 3330/1/3330 
f 3330/1/3330 3414/1/3414 3413/1/3413 
f 3414/1/3414 3399/1/3399 3410/1/3410 
f 3410/1/3410 3413/1/3413 3414/1/3414 
f 3414/1/3414 3330/1/3330 3334/1/3334 
f 3334/1/3334 3415/1/3415 3414/1/3414 
f 3415/1/3415 3334/1/3334 2448/1/2448 
f 2448/1/2448 3045/1/3045 3415/1/3415 
f 3045/1/3045 3044/1/3044 3400/1/3400 
f 3400/1/3400 3415/1/3415 3045/1/3045 
f 3415/1/3415 3400/1/3400 3399/1/3399 
f 3399/1/3399 3414/1/3414 3415/1/3415 
f 3416/1/3416 3211/1/3211 3217/1/3217 
f 3217/1/3217 3417/1/3417 3416/1/3416 
f 3417/1/3417 3217/1/3217 32/1/32 
f 32/1/32 3228/1/3228 3417/1/3417 
f 3228/1/3228 3224/1/3224 3418/1/3418 
f 3418/1/3418 3417/1/3417 3228/1/3228 
f 3417/1/3417 3418/1/3418 3419/1/3419 
f 3419/1/3419 3416/1/3416 3417/1/3417 
f 3420/1/3420 3419/1/3419 3418/1/3418 
f 3418/1/3418 3421/1/3421 3420/1/3420 
f 3421/1/3421 3418/1/3418 3224/1/3224 
f 3224/1/3224 3223/1/3223 3421/1/3421 
f 3223/1/3223 3222/1/3222 3422/1/3422 
f 3422/1/3422 3421/1/3421 3223/1/3223 
f 3421/1/3421 3422/1/3422 3423/1/3423 
f 3423/1/3423 3420/1/3420 3421/1/3421 
f 3424/1/3424 3425/1/3425 3426/1/3426 
f 3424/1/3424 3427/1/3427 3419/1/3419 
f 3419/1/3419 3420/1/3420 3424/1/3424 
f 3420/1/3420 3423/1/3423 3428/1/3428 
f 3428/1/3428 3424/1/3424 3420/1/3420 
f 3429/1/3429 3430/1/3430 3431/1/3431 
f 3431/1/3431 3432/1/3432 3429/1/3429 
f 3429/1/3429 3432/1/3432 2464/1/2464 
f 2467/1/2467 5/1/5 3433/1/3433 
f 3433/1/3433 3429/1/3429 2467/1/2467 
f 3433/1/3433 3434/1/3434 3430/1/3430 
f 3430/1/3430 3429/1/3429 3433/1/3433 
f 3427/1/3427 3426/1/3426 3435/1/3435 
f 3436/1/3436 3435/1/3435 3214/1/3214 
f 3436/1/3436 3212/1/3212 3211/1/3211 
f 3211/1/3211 3416/1/3416 3436/1/3436 
f 3416/1/3416 3419/1/3419 3427/1/3427 
f 3427/1/3427 3436/1/3436 3416/1/3416 
f 3437/1/3437 3433/1/3433 5/1/5 
f 5/1/5 4/1/4 3437/1/3437 
f 4/1/4 3/1/3 3215/1/3215 
f 3437/1/3437 3215/1/3215 3214/1/3214 
f 3437/1/3437 3438/1/3438 3434/1/3434 
f 3434/1/3434 3433/1/3433 3437/1/3437 
f 3439/1/3439 3440/1/3440 3441/1/3441 
f 3441/1/3441 3442/1/3442 3439/1/3439 
f 3442/1/3442 3441/1/3441 3426/1/3426 
f 3426/1/3426 3425/1/3425 3442/1/3442 
f 3443/1/3443 3444/1/3444 3440/1/3440 
f 3440/1/3440 3439/1/3439 3443/1/3443 
f 3445/1/3445 3446/1/3446 3444/1/3444 
f 3444/1/3444 3443/1/3443 3445/1/3445 
f 3447/1/3447 3444/1/3444 3446/1/3446 
f 3446/1/3446 3448/1/3448 3447/1/3447 
f 3448/1/3448 3431/1/3431 3430/1/3430 
f 3430/1/3430 3447/1/3447 3448/1/3448 
f 3447/1/3447 3430/1/3430 3434/1/3434 
f 3434/1/3434 3449/1/3449 3447/1/3447 
f 3449/1/3449 3440/1/3440 3444/1/3444 
f 3444/1/3444 3447/1/3447 3449/1/3449 
f 3449/1/3449 3434/1/3434 3438/1/3438 
f 3438/1/3438 3450/1/3450 3449/1/3449 
f 3450/1/3450 3438/1/3438 3214/1/3214 
f 3214/1/3214 3435/1/3435 3450/1/3450 
f 3435/1/3435 3426/1/3426 3441/1/3441 
f 3441/1/3441 3450/1/3450 3435/1/3435 
f 3450/1/3450 3441/1/3441 3440/1/3440 
f 3440/1/3440 3449/1/3449 3450/1/3450 
f 3451/1/3451 3452/1/3452 3248/1/3248 
f 3248/1/3248 3253/1/3253 3451/1/3451 
f 3253/1/3253 1785/1/1785 3256/1/3256 
f 3256/1/3256 3451/1/3451 3253/1/3253 
f 3451/1/3451 3256/1/3256 3255/1/3255 
f 3255/1/3255 3453/1/3453 3451/1/3451 
f 3453/1/3453 3454/1/3454 3452/1/3452 
f 3452/1/3452 3451/1/3451 3453/1/3453 
f 3455/1/3455 3456/1/3456 3457/1/3457 
f 3457/1/3457 3458/1/3458 3455/1/3455 
f 3458/1/3458 3238/1/3238 3237/1/3237 
f 3237/1/3237 3455/1/3455 3458/1/3458 
f 3455/1/3455 3237/1/3237 3244/1/3244 
f 3244/1/3244 3459/1/3459 3455/1/3455 
f 3459/1/3459 3454/1/3454 3456/1/3456 
f 3456/1/3456 3455/1/3455 3459/1/3459 
f 3460/1/3460 3456/1/3456 3454/1/3454 
f 3454/1/3454 3453/1/3453 3460/1/3460 
f 3453/1/3453 3255/1/3255 3267/1/3267 
f 3267/1/3267 3460/1/3460 3453/1/3453 
f 3460/1/3460 3267/1/3267 3266/1/3266 
f 3266/1/3266 3461/1/3461 3460/1/3460 
f 3461/1/3461 3457/1/3457 3456/1/3456 
f 3456/1/3456 3460/1/3460 3461/1/3461 
f 3462/1/3462 3452/1/3452 3454/1/3454 
f 3454/1/3454 3459/1/3459 3462/1/3462 
f 3462/1/3462 3459/1/3459 3244/1/3244 
f 3244/1/3244 3251/1/3251 3462/1/3462 
f 3462/1/3462 3251/1/3251 3233/1/3233 
f 3233/1/3233 3245/1/3245 3462/1/3462 
f 3245/1/3245 3248/1/3248 3452/1/3452 
f 3452/1/3452 3462/1/3462 3245/1/3245 
f 3463/1/3463 3360/1/3360 3363/1/3363 
f 3363/1/3363 3464/1/3464 3463/1/3463 
f 3464/1/3464 3363/1/3363 2473/1/2473 
f 2473/1/2473 2471/1/2471 3464/1/3464 
f 3464/1/3464 2471/1/2471 2472/1/2472 
f 2472/1/2472 3465/1/3465 3464/1/3464 
f 3465/1/3465 3466/1/3466 3463/1/3463 
f 3463/1/3463 3464/1/3464 3465/1/3465 
f 3467/1/3467 3468/1/3468 3446/1/3446 
f 3446/1/3446 3445/1/3445 3467/1/3467 
f 3469/1/3469 3470/1/3470 3468/1/3468 
f 3468/1/3468 3467/1/3467 3469/1/3469 
f 3471/1/3471 3472/1/3472 3473/1/3473 
f 3474/1/3474 3473/1/3473 3431/1/3431 
f 3431/1/3431 3448/1/3448 3474/1/3474 
f 3448/1/3448 3446/1/3446 3468/1/3468 
f 3468/1/3468 3474/1/3474 3448/1/3448 
f 3474/1/3474 3468/1/3468 3470/1/3470 
f 3470/1/3470 3471/1/3471 3474/1/3474 
f 3475/1/3475 3476/1/3476 2472/1/2472 
f 2472/1/2472 2470/1/2470 3475/1/3475 
f 2470/1/2470 2464/1/2464 3432/1/3432 
f 3475/1/3475 3432/1/3432 3431/1/3431 
f 3473/1/3473 3472/1/3472 3476/1/3476 
f 3476/1/3476 3475/1/3475 3473/1/3473 
f 3361/1/3361 3360/1/3360 3463/1/3463 
f 3463/1/3463 3477/1/3477 3361/1/3361 
f 3477/1/3477 3463/1/3463 3466/1/3466 
f 3466/1/3466 3478/1/3478 3477/1/3477 
f 3479/1/3479 3480/1/3480 3481/1/3481 
f 3481/1/3481 3482/1/3482 3479/1/3479 
f 3482/1/3482 3481/1/3481 3470/1/3470 
f 3470/1/3470 3469/1/3469 3482/1/3482 
f 3483/1/3483 3484/1/3484 3478/1/3478 
f 3478/1/3478 3466/1/3466 3483/1/3483 
f 3484/1/3484 3483/1/3483 3480/1/3480 
f 3480/1/3480 3479/1/3479 3484/1/3484 
f 3485/1/3485 3472/1/3472 3471/1/3471 
f 3471/1/3471 3486/1/3486 3485/1/3485 
f 3471/1/3471 3470/1/3470 3481/1/3481 
f 3481/1/3481 3486/1/3486 3471/1/3471 
f 3486/1/3486 3481/1/3481 3480/1/3480 
f 3480/1/3480 3485/1/3485 3486/1/3486 
f 3487/1/3487 3483/1/3483 3466/1/3466 
f 3466/1/3466 3465/1/3465 3487/1/3487 
f 3465/1/3465 2472/1/2472 3476/1/3476 
f 3476/1/3476 3487/1/3487 3465/1/3465 
f 3487/1/3487 3476/1/3476 3472/1/3472 
f 3472/1/3472 3485/1/3485 3487/1/3487 
f 3485/1/3485 3480/1/3480 3483/1/3483 
f 3483/1/3483 3487/1/3487 3485/1/3485 
f 21/1/21 17/1/17 16/1/16 
f 50/1/50 51/1/51 44/1/44 
f 96/1/96 95/1/95 99/1/99 
f 100/1/100 99/1/99 105/1/105 
f 110/1/110 109/1/109 17/1/17 
f 94/1/94 98/1/98 117/1/117 
f 118/1/118 117/1/117 98/1/98 
f 136/1/136 137/1/137 134/1/134 
f 142/1/142 143/1/143 140/1/140 
f 151/1/151 152/1/152 149/1/149 
f 148/1/148 149/1/149 152/1/152 
f 228/1/228 229/1/229 226/1/226 
f 231/1/231 226/1/226 229/1/229 
f 226/1/226 233/1/233 234/1/234 
f 199/1/199 282/1/282 285/1/285 
f 198/1/198 286/1/286 282/1/282 
f 311/1/311 312/1/312 309/1/309 
f 233/1/233 329/1/329 331/1/331 
f 284/1/284 283/1/283 341/1/341 
f 363/1/363 386/1/386 384/1/384 
f 388/1/388 391/1/391 389/1/389 
f 403/1/403 402/1/402 401/1/401 
f 400/1/400 422/1/422 426/1/426 
f 439/1/439 440/1/440 437/1/437 
f 445/1/445 449/1/449 450/1/450 
f 465/1/465 466/1/466 463/1/463 
f 468/1/468 442/1/442 441/1/441 
f 497/1/497 498/1/498 494/1/494 
f 510/1/510 506/1/506 509/1/509 
f 503/1/503 511/1/511 506/1/506 
f 507/1/507 506/1/506 511/1/511 
f 504/1/504 526/1/526 525/1/525 
f 499/1/499 498/1/498 526/1/526 
f 525/1/525 526/1/526 498/1/498 
f 533/1/533 534/1/534 531/1/531 
f 532/1/532 531/1/531 537/1/537 
f 538/1/538 537/1/537 539/1/539 
f 540/1/540 539/1/539 466/1/466 
f 469/1/469 542/1/542 540/1/540 
f 541/1/541 542/1/542 543/1/543 
f 501/1/501 545/1/545 440/1/440 
f 544/1/544 546/1/546 547/1/547 
f 561/1/561 562/1/562 559/1/559 
f 563/1/563 564/1/564 559/1/559 
f 574/1/574 569/1/569 572/1/572 
f 575/1/575 576/1/576 569/1/569 
f 582/1/582 581/1/581 580/1/580 
f 590/1/590 589/1/589 532/1/532 
f 597/1/597 598/1/598 595/1/595 
f 597/1/597 596/1/596 603/1/603 
f 565/1/565 564/1/564 605/1/605 
f 606/1/606 605/1/605 564/1/564 
f 608/1/608 605/1/605 606/1/606 
f 627/1/627 623/1/623 626/1/626 
f 616/1/616 615/1/615 631/1/631 
f 588/1/588 626/1/626 631/1/631 
f 632/1/632 638/1/638 621/1/621 
f 637/1/637 643/1/643 644/1/644 
f 618/1/618 644/1/644 643/1/643 
f 640/1/640 639/1/639 646/1/646 
f 624/1/624 646/1/646 639/1/639 
f 630/1/630 634/1/634 646/1/646 
f 645/1/645 646/1/646 634/1/634 
f 671/1/671 670/1/670 201/1/201 
f 672/1/672 669/1/669 670/1/670 
f 284/1/284 342/1/342 677/1/677 
f 679/1/679 682/1/682 681/1/681 
f 671/1/671 681/1/681 682/1/682 
f 200/1/200 285/1/285 681/1/681 
f 680/1/680 681/1/681 285/1/285 
f 690/1/690 704/1/704 705/1/705 
f 769/1/769 775/1/775 774/1/774 
f 493/1/493 815/1/815 496/1/496 
f 490/1/490 816/1/816 815/1/815 
f 490/1/490 489/1/489 823/1/823 
f 828/1/828 829/1/829 826/1/826 
f 830/1/830 826/1/826 829/1/829 
f 831/1/831 832/1/832 826/1/826 
f 827/1/827 826/1/826 832/1/832 
f 835/1/835 834/1/834 838/1/838 
f 872/1/872 873/1/873 870/1/870 
f 869/1/869 874/1/874 870/1/870 
f 798/1/798 898/1/898 897/1/897 
f 900/1/900 904/1/904 903/1/903 
f 896/1/896 895/1/895 903/1/903 
f 879/1/879 881/1/881 906/1/906 
f 907/1/907 906/1/906 908/1/908 
f 875/1/875 874/1/874 910/1/910 
f 877/1/877 910/1/910 874/1/874 
f 911/1/911 910/1/910 907/1/907 
f 913/1/913 912/1/912 911/1/911 
f 916/1/916 919/1/919 914/1/914 
f 918/1/918 919/1/919 916/1/916 
f 909/1/909 914/1/914 919/1/919 
f 923/1/923 924/1/924 920/1/920 
f 908/1/908 929/1/929 922/1/922 
f 943/1/943 949/1/949 948/1/948 
f 436/1/436 953/1/953 952/1/952 
f 950/1/950 949/1/949 952/1/952 
f 954/1/954 953/1/953 436/1/436 
f 375/1/375 955/1/955 959/1/959 
f 973/1/973 972/1/972 916/1/916 
f 984/1/984 985/1/985 983/1/983 
f 915/1/915 921/1/921 985/1/985 
f 980/1/980 990/1/990 572/1/572 
f 561/1/561 568/1/568 991/1/991 
f 981/1/981 991/1/991 987/1/987 
f 1007/1/1007 1006/1/1006 1008/1/1008 
f 1009/1/1009 1011/1/1011 1010/1/1010 
f 965/1/965 1010/1/1010 1011/1/1011 
f 964/1/964 978/1/978 1010/1/1010 
f 1007/1/1007 1010/1/1010 978/1/978 
f 1014/1/1014 1012/1/1012 1008/1/1008 
f 230/1/230 229/1/229 1069/1/1069 
f 1071/1/1071 1069/1/1069 229/1/229 
f 1070/1/1070 1069/1/1069 1073/1/1073 
f 1099/1/1099 1100/1/1100 1101/1/1101 
f 1110/1/1110 1105/1/1105 1108/1/1108 
f 1111/1/1111 1112/1/1112 1105/1/1105 
f 1106/1/1106 1105/1/1105 1112/1/1112 
f 1141/1/1141 1142/1/1142 1138/1/1138 
f 1146/1/1146 1149/1/1149 1144/1/1144 
f 1150/1/1150 1151/1/1151 1149/1/1149 
f 1143/1/1143 1142/1/1142 1153/1/1153 
f 1156/1/1156 1157/1/1157 1153/1/1153 
f 1158/1/1158 1157/1/1157 1159/1/1159 
f 1161/1/1161 1159/1/1159 1157/1/1157 
f 1152/1/1152 1160/1/1160 1159/1/1159 
f 1164/1/1164 1167/1/1167 1166/1/1166 
f 1165/1/1165 1166/1/1166 1168/1/1168 
f 1154/1/1154 1168/1/1168 1166/1/1166 
f 1169/1/1169 1168/1/1168 1154/1/1154 
f 1158/1/1158 1160/1/1160 1172/1/1172 
f 1173/1/1173 1172/1/1172 1160/1/1160 
f 1169/1/1169 1172/1/1172 1175/1/1175 
f 601/1/601 1182/1/1182 592/1/592 
f 1198/1/1198 1197/1/1197 1196/1/1196 
f 1198/1/1198 1199/1/1199 635/1/635 
f 1184/1/1184 1199/1/1199 1198/1/1198 
f 1170/1/1170 1175/1/1175 1200/1/1200 
f 1213/1/1213 1211/1/1211 1207/1/1207 
f 1254/1/1254 1253/1/1253 1255/1/1255 
f 1257/1/1257 1246/1/1246 1245/1/1245 
f 1258/1/1258 1257/1/1257 1259/1/1259 
f 1263/1/1263 1264/1/1264 1261/1/1261 
f 1258/1/1258 1261/1/1261 1264/1/1264 
f 1260/1/1260 1265/1/1265 1261/1/1261 
f 1274/1/1274 1276/1/1276 1272/1/1272 
f 1256/1/1256 1274/1/1274 1273/1/1273 
f 1275/1/1275 1274/1/1274 1256/1/1256 
f 1276/1/1276 1274/1/1274 1275/1/1275 
f 862/1/862 1277/1/1277 1101/1/1101 
f 1275/1/1275 1277/1/1277 1278/1/1278 
f 1270/1/1270 1283/1/1283 1282/1/1282 
f 1250/1/1250 1282/1/1282 1283/1/1283 
f 1263/1/1263 1281/1/1281 1290/1/1290 
f 1291/1/1291 1294/1/1294 1264/1/1264 
f 1299/1/1299 1298/1/1298 1293/1/1293 
f 1315/1/1315 1312/1/1312 1313/1/1313 
f 1310/1/1310 1319/1/1319 1318/1/1318 
f 1315/1/1315 1330/1/1330 1328/1/1328 
f 1314/1/1314 1332/1/1332 1330/1/1330 
f 1352/1/1352 1351/1/1351 1359/1/1359 
f 1367/1/1367 1366/1/1366 1372/1/1372 
f 1375/1/1375 1386/1/1386 1389/1/1389 
f 1387/1/1387 1386/1/1386 1390/1/1390 
f 1152/1/1152 1151/1/1151 1404/1/1404 
f 1150/1/1150 1385/1/1385 1409/1/1409 
f 1174/1/1174 1407/1/1407 1413/1/1413 
f 1415/1/1415 1416/1/1416 1413/1/1413 
f 1419/1/1419 1420/1/1420 1417/1/1417 
f 594/1/594 1423/1/1423 1422/1/1422 
f 1424/1/1424 1423/1/1423 594/1/594 
f 1415/1/1415 1421/1/1421 1423/1/1423 
f 1425/1/1425 1426/1/1426 1420/1/1420 
f 1403/1/1403 1421/1/1421 1426/1/1426 
f 593/1/593 1183/1/1183 1427/1/1427 
f 1194/1/1194 1416/1/1416 1427/1/1427 
f 1397/1/1397 1425/1/1425 1428/1/1428 
f 1408/1/1408 1430/1/1430 1418/1/1418 
f 1384/1/1384 1393/1/1393 1430/1/1430 
f 1429/1/1429 1430/1/1430 1393/1/1393 
f 1400/1/1400 1431/1/1431 1434/1/1434 
f 1371/1/1371 1437/1/1437 1436/1/1436 
f 1438/1/1438 1443/1/1443 1439/1/1439 
f 1445/1/1445 1369/1/1369 1370/1/1370 
f 1483/1/1483 1484/1/1484 1480/1/1480 
f 1481/1/1481 1480/1/1480 1484/1/1484 
f 1485/1/1485 1489/1/1489 1488/1/1488 
f 1491/1/1491 1488/1/1488 1489/1/1489 
f 1503/1/1503 1502/1/1502 1507/1/1507 
f 1401/1/1401 1434/1/1434 1508/1/1508 
f 1497/1/1497 1508/1/1508 1434/1/1434 
f 1521/1/1521 1522/1/1522 1519/1/1519 
f 1518/1/1518 1517/1/1517 1541/1/1541 
f 1542/1/1542 1541/1/1541 1534/1/1534 
f 1580/1/1580 1581/1/1581 1579/1/1579 
f 831/1/831 1582/1/1582 1581/1/1581 
f 831/1/831 830/1/830 1584/1/1584 
f 1582/1/1582 1584/1/1584 1585/1/1585 
f 1578/1/1578 1588/1/1588 1586/1/1586 
f 534/1/534 1586/1/1586 1588/1/1588 
f 533/1/533 1422/1/1422 1586/1/1586 
f 1587/1/1587 1586/1/1586 1422/1/1422 
f 1402/1/1402 1589/1/1589 1587/1/1587 
f 1591/1/1591 1590/1/1590 523/1/523 
f 1593/1/1593 1590/1/1590 1591/1/1591 
f 1568/1/1568 1567/1/1567 1594/1/1594 
f 1595/1/1595 1594/1/1594 1567/1/1567 
f 1577/1/1577 1594/1/1594 1597/1/1597 
f 508/1/508 507/1/507 1601/1/1601 
f 1583/1/1583 1593/1/1593 1603/1/1603 
f 1602/1/1602 1605/1/1605 1597/1/1597 
f 1608/1/1608 1607/1/1607 1580/1/1580 
f 839/1/839 838/1/838 1607/1/1607 
f 846/1/846 1615/1/1615 1614/1/1614 
f 1611/1/1611 1614/1/1614 1615/1/1615 
f 1619/1/1619 1620/1/1620 1618/1/1618 
f 1616/1/1616 1622/1/1622 1621/1/1621 
f 1609/1/1609 1623/1/1623 1621/1/1621 
f 1626/1/1626 1627/1/1627 1624/1/1624 
f 1483/1/1483 1613/1/1613 1627/1/1627 
f 1624/1/1624 1627/1/1627 1613/1/1613 
f 1689/1/1689 1693/1/1693 1692/1/1692 
f 1697/1/1697 1698/1/1698 1695/1/1695 
f 1720/1/1720 1719/1/1719 1721/1/1721 
f 1722/1/1722 1721/1/1721 1723/1/1723 
f 1732/1/1732 1731/1/1731 1237/1/1237 
f 1734/1/1734 1731/1/1731 1732/1/1732 
f 1530/1/1530 1742/1/1742 1741/1/1741 
f 1736/1/1736 1735/1/1735 1741/1/1741 
f 1747/1/1747 1748/1/1748 1745/1/1745 
f 1733/1/1733 1758/1/1758 1757/1/1757 
f 1794/1/1794 1797/1/1797 1798/1/1798 
f 147/1/147 1800/1/1800 1798/1/1798 
f 48/1/48 1789/1/1789 1802/1/1802 
f 49/1/49 1802/1/1802 1803/1/1803 
f 1814/1/1814 1813/1/1813 1816/1/1816 
f 1817/1/1817 1816/1/1816 1827/1/1827 
f 1071/1/1071 1827/1/1827 1816/1/1816 
f 1833/1/1833 1834/1/1834 1831/1/1831 
f 1830/1/1830 1829/1/1829 1835/1/1835 
f 1122/1/1122 1841/1/1841 1844/1/1844 
f 1877/1/1877 1879/1/1879 1878/1/1878 
f 1742/1/1742 1878/1/1878 1879/1/1879 
f 1927/1/1927 1928/1/1928 1925/1/1925 
f 1930/1/1930 1925/1/1925 1928/1/1928 
f 1758/1/1758 1934/1/1934 1935/1/1935 
f 1926/1/1926 1934/1/1934 1936/1/1936 
f 1942/1/1942 1940/1/1940 1133/1/1133 
f 1700/1/1700 1943/1/1943 1942/1/1942 
f 1945/1/1945 1950/1/1950 1952/1/1952 
f 1930/1/1930 1955/1/1955 1953/1/1953 
f 1955/1/1955 1930/1/1930 1929/1/1929 
f 1959/1/1959 1960/1/1960 1956/1/1956 
f 1885/1/1885 1968/1/1968 1969/1/1969 
f 1973/1/1973 1974/1/1974 1971/1/1971 
f 1972/1/1972 1971/1/1971 1975/1/1975 
f 2003/1/2003 2004/1/2004 2001/1/2001 
f 1694/1/1694 2005/1/2005 2001/1/2001 
f 2002/1/2002 2001/1/2001 2005/1/2005 
f 2045/1/2045 2046/1/2046 2043/1/2043 
f 2049/1/2049 2048/1/2048 1964/1/1964 
f 1693/1/1693 2074/1/2074 2005/1/2005 
f 1999/1/1999 2071/1/2071 2074/1/2074 
f 1861/1/1861 1864/1/1864 2079/1/2079 
f 1923/1/1923 1951/1/1951 2124/1/2124 
f 2026/1/2026 2124/1/2124 2125/1/2125 
f 2120/1/2120 2126/1/2126 2127/1/2127 
f 1121/1/1121 2141/1/2141 2137/1/2137 
f 2138/1/2138 2137/1/2137 2141/1/2141 
f 2142/1/2142 2141/1/2141 2143/1/2143 
f 2138/1/2138 2150/1/2150 2151/1/2151 
f 1358/1/1358 2156/1/2156 2152/1/2152 
f 2153/1/2153 2152/1/2152 2156/1/2156 
f 2156/1/2156 2158/1/2158 2161/1/2161 
f 2168/1/2168 2167/1/2167 1465/1/1465 
f 1976/1/1976 1975/1/1975 2175/1/2175 
f 2198/1/2198 2197/1/2197 1990/1/1990 
f 2207/1/2207 2206/1/2206 1891/1/1891 
f 2053/1/2053 2214/1/2214 1969/1/1969 
f 2211/1/2211 2214/1/2214 2215/1/2215 
f 1897/1/1897 2220/1/2220 2223/1/2223 
f 1938/1/1938 2225/1/2225 2224/1/2224 
f 2018/1/2018 2225/1/2225 1938/1/1938 
f 2221/1/2221 2226/1/2226 2227/1/2227 
f 2052/1/2052 2051/1/2051 2231/1/2231 
f 1898/1/1898 2223/1/2223 2232/1/2232 
f 1929/1/1929 1928/1/1928 2237/1/2237 
f 2234/1/2234 2237/1/2237 2238/1/2238 
f 2144/1/2144 2239/1/2239 2238/1/2238 
f 50/1/50 1803/1/1803 2247/1/2247 
f 2058/1/2058 2057/1/2057 2247/1/2247 
f 1814/1/1814 2267/1/2267 2127/1/2127 
f 1717/1/1717 2022/1/2022 2270/1/2270 
f 325/1/325 330/1/330 2271/1/2271 
f 2082/1/2082 2271/1/2271 330/1/330 
f 2085/1/2085 2272/1/2272 2271/1/2271 
f 2080/1/2080 2273/1/2273 1862/1/1862 
f 2139/1/2139 2151/1/2151 2274/1/2274 
f 844/1/844 2279/1/2279 2277/1/2277 
f 2278/1/2278 2277/1/2277 2279/1/2279 
f 2294/1/2294 2298/1/2298 2297/1/2297 
f 2297/1/2297 2298/1/2298 835/1/835 
f 1622/1/1622 2299/1/2299 2297/1/2297 
f 2278/1/2278 2299/1/2299 1622/1/1622 
f 1576/1/1576 2309/1/2309 1569/1/1569 
f 1554/1/1554 2311/1/2311 2310/1/2310 
f 2310/1/2310 2311/1/2311 2312/1/2312 
f 2368/1/2368 2371/1/2371 2365/1/2365 
f 2370/1/2370 2369/1/2369 2375/1/2375 
f 2373/1/2373 2379/1/2379 2382/1/2382 
f 1495/1/1495 2437/1/2437 1489/1/1489 
f 1494/1/1494 1626/1/1626 2439/1/2439 
f 1625/1/1625 1645/1/1645 2439/1/2439 
f 2450/1/2450 2453/1/2453 2452/1/2452 
f 2464/1/2464 2465/1/2465 2462/1/2462 
f 2476/1/2476 2477/1/2477 2474/1/2474 
f 150/1/150 2484/1/2484 2487/1/2487 
f 2493/1/2493 2492/1/2492 2494/1/2494 
f 2615/1/2615 2614/1/2614 176/1/176 
f 2619/1/2619 2620/1/2620 2617/1/2617 
f 2683/1/2683 2682/1/2682 2684/1/2684 
f 2685/1/2685 2684/1/2684 2686/1/2686 
f 2690/1/2690 2689/1/2689 2697/1/2697 
f 151/1/151 2487/1/2487 2705/1/2705 
f 2475/1/2475 2707/1/2707 2708/1/2708 
f 2702/1/2702 2701/1/2701 2716/1/2716 
f 2476/1/2476 2708/1/2708 2723/1/2723 
f 2715/1/2715 2723/1/2723 2708/1/2708 
f 2724/1/2724 2730/1/2730 2729/1/2729 
f 2714/1/2714 2731/1/2731 2730/1/2730 
f 2728/1/2728 2732/1/2732 1866/1/1866 
f 1335/1/1335 2748/1/2748 2751/1/2751 
f 2762/1/2762 2761/1/2761 1473/1/1473 
f 1882/1/1882 1890/1/1890 2763/1/2763 
f 2539/1/2539 2781/1/2781 2784/1/2784 
f 2779/1/2779 2793/1/2793 2792/1/2792 
f 2782/1/2782 2792/1/2792 2793/1/2793 
f 1137/1/1137 2805/1/2805 2804/1/2804 
f 2817/1/2817 2816/1/2816 2810/1/2810 
f 2495/1/2495 2841/1/2841 2842/1/2842 
f 2860/1/2860 2867/1/2867 2866/1/2866 
f 1245/1/1245 1244/1/1244 2868/1/2868 
f 1269/1/1269 2868/1/2868 2871/1/2871 
f 2540/1/2540 2784/1/2784 2872/1/2872 
f 2823/1/2823 2877/1/2877 2878/1/2878 
f 1251/1/1251 1283/1/1283 2877/1/2877 
f 2824/1/2824 2878/1/2878 2879/1/2879 
f 1491/1/1491 2934/1/2934 1471/1/1471 
f 2935/1/2935 2944/1/2944 2762/1/2762 
f 2745/1/2745 2953/1/2953 2513/1/2513 
f 2744/1/2744 2945/1/2945 2953/1/2953 
f 2959/1/2959 2964/1/2964 2960/1/2960 
f 1555/1/1555 2310/1/2310 2968/1/2968 
f 2426/1/2426 2974/1/2974 2975/1/2975 
f 2973/1/2973 2989/1/2989 1556/1/1556 
f 2972/1/2972 2990/1/2990 2989/1/2989 
f 2986/1/2986 2989/1/2989 2990/1/2990 
f 2993/1/2993 2992/1/2992 2529/1/2529 
f 3006/1/3006 3005/1/3005 2957/1/2957 
f 3044/1/3044 3045/1/3045 3042/1/3042 
f 2447/1/2447 3042/1/3042 3045/1/3045 
f 3048/1/3048 3049/1/3049 3046/1/3046 
f 2444/1/2444 3404/1/3404 3050/1/3050 
f 3047/1/3047 3050/1/3050 3404/1/3404 
f 3061/1/3061 3062/1/3062 2626/1/2626 
f 2508/1/2508 3063/1/3063 3066/1/3066 
f 3065/1/3065 3074/1/3074 3076/1/3076 
f 1450/1/1450 3090/1/3090 2928/1/2928 
f 1447/1/1447 3086/1/3086 3090/1/3090 
f 1368/1/1368 2913/1/2913 3092/1/3092 
f 3109/1/3109 3108/1/3108 3110/1/3110 
f 3143/1/3143 3142/1/3142 3109/1/3109 
f 3139/1/3139 3138/1/3138 3142/1/3142 
f 2372/1/2372 3142/1/3142 3138/1/3138 
f 3115/1/3115 3144/1/3144 3149/1/3149 
f 3111/1/3111 3149/1/3149 3194/1/3194 
f 3195/1/3195 3194/1/3194 3149/1/3149 
f 3200/1/3200 3488/1/3488 3197/1/3197 
f 3177/1/3177 3488/1/3488 3200/1/3200 
f 3141/1/3141 3488/1/3488 3177/1/3177 
f 3197/1/3197 3488/1/3488 3141/1/3141 
f 3205/1/3205 3206/1/3206 3198/1/3198 
f 23/1/23 3210/1/3210 3213/1/3213 
f 3269/1/3269 3268/1/3268 3270/1/3270 
f 3274/1/3274 3281/1/3281 3272/1/3272 
f 3271/1/3271 3275/1/3275 3276/1/3276 
f 3282/1/3282 3283/1/3283 3281/1/3281 
f 3340/1/3340 3339/1/3339 3336/1/3336 
f 700/1/700 3343/1/3343 3346/1/3346 
f 3338/1/3338 3350/1/3350 3351/1/3351 
f 3402/1/3402 3401/1/3401 3049/1/3049 
f 3048/1/3048 3404/1/3404 3403/1/3403 
f 3426/1/3426 3427/1/3427 3424/1/3424 
f 3425/1/3425 3424/1/3424 3428/1/3428 
f 2464/1/2464 2467/1/2467 3429/1/3429 
f 3435/1/3435 3436/1/3436 3427/1/3427 
f 3214/1/3214 3212/1/3212 3436/1/3436 
f 3215/1/3215 3437/1/3437 4/1/4 
f 3214/1/3214 3438/1/3438 3437/1/3437 
f 3473/1/3473 3474/1/3474 3471/1/3471 
f 3432/1/3432 3475/1/3475 2470/1/2470 
f 3431/1/3431 3473/1/3473 3475/1/3475 
# 6911 faces

