# 3ds Max Wavefront OBJ Exporter v0.99 - (c)2007 guruware
# File Created: 29.03.2025 22:51:50

mtllib capo_bus.mtl

#
# object capo
#

v  0.3299 -0.5322 0.0815
v  0.3279 -0.5322 0.0815
v  0.3542 -0.5641 0.0987
v  0.3564 -0.5641 0.0987
v  0.4309 -0.2944 0.0571
v  0.4222 -0.3006 0.0559
v  0.4077 -0.2970 0.0582
v  0.4336 -0.2944 0.0571
v  0.3990 -0.7323 0.1270
v  0.3965 -0.7323 0.1270
v  0.4176 -0.8069 0.1176
v  0.4202 -0.8069 0.1176
v  0.0957 -0.3470 0.0583
v  0.0957 -0.3470 0.0521
v  0.2321 -0.3482 0.0521
v  0.2321 -0.3482 0.0583
v  0.3562 -0.3537 0.0528
v  0.3585 -0.3537 0.0528
v  0.3424 -0.3458 0.0544
v  0.3573 -0.3494 0.0521
v  0.3762 -0.3329 0.0495
v  0.2449 -0.3315 0.0495
v  0.2449 -0.3315 0.0557
v  0.3762 -0.3329 0.0557
v  -0.0283 -0.3286 0.0557
v  0.1017 -0.3300 0.0557
v  0.1017 -0.3300 0.0495
v  -0.0283 -0.3286 0.0495
v  0.3595 -0.3494 0.0583
v  0.3573 -0.3494 0.0583
v  0.3493 -0.1606 0.0334
v  0.3471 -0.1606 0.0334
v  0.3848 -0.2600 0.0510
v  0.3872 -0.2600 0.0510
v  0.3720 -0.0598 0.0120
v  0.3696 -0.0598 0.0120
v  0.4536 -0.1264 0.0296
v  0.4737 -0.1300 0.0273
v  0.3331 -0.4580 0.0696
v  0.3331 -0.4580 0.0757
v  0.3585 -0.3537 0.0590
v  0.3023 -0.5102 0.0808
v  0.3019 -0.5121 0.0811
v  0.3190 -0.5157 0.0850
v  0.3195 -0.5138 0.0847
v  0.3170 -0.5157 0.0850
v  0.3279 -0.5322 0.0877
v  0.3299 -0.5322 0.0877
v  0.0827 -0.5180 0.0850
v  0.0827 -0.5180 0.0788
v  -0.0283 -0.5191 0.0788
v  -0.0283 -0.5191 0.0850
v  0.0953 -0.3514 0.0528
v  -0.0283 -0.3458 0.0521
v  -0.0283 -0.3503 0.0528
v  0.3305 -0.5299 0.0811
v  0.3468 -0.4631 0.0704
v  0.3468 -0.4631 0.0766
v  0.3305 -0.5299 0.0873
v  0.1878 -0.5132 0.0811
v  0.2049 -0.5168 0.0850
v  0.2314 -0.3526 0.0528
v  0.2999 -0.5121 0.0811
v  0.3785 -0.3330 0.0557
v  0.3773 -0.3381 0.0565
v  0.3773 -0.3381 0.0503
v  0.3614 -0.3294 0.0518
v  0.0862 -0.5349 0.0877
v  -0.0283 -0.5362 0.0877
v  -0.0283 -0.5362 0.0815
v  0.0862 -0.5349 0.0815
v  0.3310 -0.4580 0.0696
v  0.3175 -0.5138 0.0785
v  -0.0283 -0.3458 0.0583
v  0.2123 -0.5335 0.0815
v  0.2123 -0.5335 0.0877
v  0.3749 -0.5696 0.1020
v  0.3757 -0.5664 0.1014
v  0.3623 -0.5669 0.1014
v  0.3615 -0.5701 0.1020
v  0.3572 -0.5610 0.0982
v  -0.0283 -0.5171 0.0785
v  0.0829 -0.5160 0.0785
v  0.2052 -0.5149 0.0785
v  0.4231 -0.3074 0.0570
v  0.4318 -0.3015 0.0583
v  0.3592 -0.5702 0.1020
v  0.0901 -0.7253 0.0997
v  0.0730 -0.7217 0.1022
v  0.2034 -0.7213 0.1022
v  0.2205 -0.7248 0.0997
v  -0.0283 -0.7242 0.0997
v  -0.0454 -0.7206 0.1022
v  0.3214 -0.7180 0.1022
v  0.2725 -0.6347 0.0889
v  0.2896 -0.6383 0.0864
v  0.3385 -0.7215 0.0997
v  0.2578 -0.6178 0.0832
v  0.2578 -0.6178 0.0834
v  0.1748 -0.6191 0.0834
v  0.1748 -0.6191 0.0832
v  0.0512 -0.6151 0.0857
v  0.0684 -0.6187 0.0832
v  -0.0454 -0.6148 0.0857
v  -0.0283 -0.6184 0.0832
v  0.2578 -0.6178 0.1051
v  0.2725 -0.6347 0.1106
v  0.2896 -0.6383 0.1095
v  0.2578 -0.6178 0.1062
v  0.0512 -0.6151 0.1074
v  0.0684 -0.6187 0.1062
v  -0.0283 -0.6184 0.1062
v  -0.0454 -0.6148 0.1074
v  0.2205 -0.7248 0.1216
v  0.2205 -0.7248 0.1227
v  0.3385 -0.7215 0.1227
v  0.3385 -0.7215 0.1216
v  0.1748 -0.6191 0.1051
v  0.1748 -0.6191 0.1062
v  -0.0283 -0.7242 0.1216
v  -0.0283 -0.7242 0.1227
v  0.0901 -0.7253 0.1227
v  0.0901 -0.7253 0.1216
v  0.6671 -0.6845 0.0042
v  0.6671 -0.6845 0.0701
v  0.7260 -0.6789 0.0549
v  0.7260 -0.6789 -0.0110
v  0.7518 -0.5698 -0.0231
v  0.7812 -0.5672 -0.0343
v  0.7812 -0.5672 0.0315
v  0.7518 -0.5698 0.0428
v  0.8033 -0.5652 -0.0423
v  0.7861 -0.5617 0.0259
v  0.5545 -0.6922 0.0399
v  0.5194 -0.5932 0.0278
v  0.5194 -0.5932 0.0937
v  0.5545 -0.6922 0.1058
v  0.7481 -0.6768 0.0436
v  0.7481 -0.6768 -0.0222
v  0.7646 -0.6752 0.0357
v  0.7646 -0.6752 -0.0302
v  0.5996 -0.6904 0.0889
v  0.5996 -0.6904 0.0230
v  0.5468 -0.5877 0.0158
v  0.6733 -0.5767 -0.0079
v  0.6733 -0.5767 0.0580
v  0.5468 -0.5877 0.0817
v  0.5996 -0.6904 0.0918
v  0.6671 -0.6845 0.0729
v  0.5468 -0.5877 0.0846
v  0.5194 -0.5932 0.0966
v  0.7518 -0.5698 0.0456
v  0.6733 -0.5767 0.0608
v  0.7646 -0.6752 0.0385
v  0.8033 -0.5652 0.0264
v  0.5545 -0.6922 0.1086
v  0.7481 -0.6768 0.0465
v  0.7260 -0.6789 0.0577
v  0.7812 -0.5672 0.0344
v  0.4178 -0.4629 0.0196
v  0.4178 -0.4629 0.0774
v  0.4409 -0.4686 0.0684
v  0.4409 -0.4686 0.0107
v  0.4710 -0.5235 0.0133
v  0.4648 -0.4924 0.0082
v  0.4477 -0.4888 0.0683
v  0.4538 -0.5199 0.0733
v  0.5533 -0.2975 -0.0212
v  0.6792 -0.2773 -0.0500
v  0.6792 -0.2773 0.0078
v  0.5533 -0.2975 0.0365
v  0.7111 -0.4855 -0.0162
v  0.6940 -0.4819 0.0439
v  0.7665 -0.4419 0.0103
v  0.7665 -0.4419 -0.0475
v  0.8107 -0.4305 -0.0079
v  0.7936 -0.4269 -0.0633
v  0.8114 -0.3614 -0.0876
v  0.8286 -0.3650 -0.0321
v  0.8067 -0.2592 -0.0482
v  0.8067 -0.2592 -0.1060
v  0.7562 -0.2664 -0.0756
v  0.7562 -0.2664 -0.0178
v  0.7851 -0.2623 -0.0915
v  0.7851 -0.2623 -0.0337
v  0.4628 -0.3301 0.0541
v  0.4799 -0.3337 -0.0060
v  0.8311 -0.4193 -0.0223
v  0.8140 -0.4157 -0.0778
v  0.4476 -0.3641 0.0056
v  0.4476 -0.3641 0.0634
v  0.4827 -0.5143 0.0069
v  0.7068 -0.4788 -0.0206
v  0.5756 -0.3068 -0.0274
v  0.6930 -0.2879 -0.0542
v  0.8164 -0.3664 -0.0893
v  0.8188 -0.4170 -0.0802
v  0.4710 -0.5235 0.0732
v  0.7111 -0.4855 0.0438
v  0.4476 -0.3641 0.0656
v  0.4178 -0.4629 0.0796
v  0.8286 -0.3650 -0.0299
v  0.8311 -0.4193 -0.0202
v  0.4409 -0.4686 0.0706
v  0.4648 -0.4924 0.0682
v  0.8238 -0.2628 -0.0483
v  0.8022 -0.2659 -0.0338
v  0.4799 -0.3337 0.0540
v  0.8107 -0.4305 -0.0057
v  0.5704 -0.3011 0.0364
v  0.7734 -0.2700 -0.0179
v  0.6963 -0.2809 0.0077
v  0.7836 -0.4455 0.0102
v  -0.4108 -0.5641 0.0987
v  -0.3844 -0.5322 0.0815
v  -0.4036 -0.5286 0.0838
v  -0.4130 -0.5641 0.0987
v  -0.4875 -0.2944 0.0571
v  -0.4902 -0.2944 0.0571
v  -0.4985 -0.2970 0.0582
v  -0.4787 -0.3006 0.0559
v  -0.4555 -0.7323 0.1270
v  -0.4768 -0.8069 0.1176
v  -0.4742 -0.8069 0.1176
v  -0.4531 -0.7323 0.1270
v  -0.2887 -0.3482 0.0521
v  -0.1522 -0.3470 0.0521
v  -0.1522 -0.3470 0.0583
v  -0.2887 -0.3482 0.0583
v  -0.4322 -0.3501 0.0551
v  -0.4128 -0.3537 0.0528
v  -0.4310 -0.3458 0.0544
v  -0.4332 -0.3458 0.0544
v  -0.3014 -0.3315 0.0495
v  -0.4327 -0.3329 0.0495
v  -0.4327 -0.3329 0.0557
v  -0.3014 -0.3315 0.0557
v  -0.1583 -0.3300 0.0495
v  -0.1583 -0.3300 0.0557
v  -0.4138 -0.3494 0.0583
v  -0.4332 -0.3458 0.0606
v  -0.4414 -0.2600 0.0510
v  -0.4036 -0.1606 0.0334
v  -0.4058 -0.1606 0.0334
v  -0.4438 -0.2600 0.0510
v  -0.4628 -0.0598 0.0120
v  -0.5302 -0.1300 0.0273
v  -0.5444 -0.1264 0.0296
v  -0.4604 -0.0598 0.0120
v  -0.3896 -0.4580 0.0696
v  -0.4150 -0.3537 0.0590
v  -0.3896 -0.4580 0.0757
v  -0.3760 -0.5138 0.0847
v  -0.3927 -0.5121 0.0873
v  -0.3927 -0.5121 0.0811
v  -0.3760 -0.5138 0.0785
v  -0.3844 -0.5322 0.0877
v  -0.3735 -0.5157 0.0850
v  -0.4036 -0.5286 0.0900
v  -0.1393 -0.5180 0.0788
v  -0.1393 -0.5180 0.0850
v  -0.1519 -0.3514 0.0528
v  -0.4034 -0.4631 0.0766
v  -0.4034 -0.4631 0.0704
v  -0.3871 -0.5299 0.0811
v  -0.3871 -0.5299 0.0873
v  -0.2615 -0.5168 0.0788
v  -0.2615 -0.5168 0.0850
v  -0.2880 -0.3526 0.0528
v  -0.3907 -0.5121 0.0811
v  -0.4338 -0.3381 0.0565
v  -0.4522 -0.3294 0.0579
v  -0.4522 -0.3294 0.0518
v  -0.4338 -0.3381 0.0503
v  -0.1428 -0.5349 0.0877
v  -0.1428 -0.5349 0.0815
v  -0.3740 -0.5138 0.0785
v  -0.3875 -0.4580 0.0696
v  -0.2688 -0.5335 0.0815
v  -0.2688 -0.5335 0.0877
v  -0.4314 -0.5696 0.1020
v  -0.4180 -0.5701 0.1020
v  -0.4189 -0.5669 0.1014
v  -0.4323 -0.5664 0.1014
v  -0.4138 -0.5610 0.0982
v  -0.1394 -0.5160 0.0785
v  -0.2618 -0.5149 0.0785
v  -0.4158 -0.5702 0.1020
v  -0.2771 -0.7248 0.0997
v  -0.2942 -0.7213 0.1022
v  -0.1638 -0.7217 0.1022
v  -0.1467 -0.7253 0.0997
v  -0.3461 -0.6383 0.0866
v  -0.3950 -0.7215 0.0999
v  -0.3950 -0.7215 0.0997
v  -0.3461 -0.6383 0.0864
v  -0.2484 -0.6155 0.0857
v  -0.3315 -0.6142 0.0857
v  -0.3144 -0.6178 0.0832
v  -0.2313 -0.6191 0.0832
v  -0.1249 -0.6187 0.0832
v  -0.1420 -0.6151 0.0857
v  -0.3315 -0.6142 0.1074
v  -0.3144 -0.6178 0.1062
v  -0.3461 -0.6383 0.1095
v  -0.3461 -0.6383 0.1083
v  -0.1249 -0.6187 0.1062
v  -0.1420 -0.6151 0.1074
v  -0.2771 -0.7248 0.1227
v  -0.2942 -0.7213 0.1239
v  -0.3950 -0.7215 0.1216
v  -0.3950 -0.7215 0.1227
v  -0.2313 -0.6191 0.1062
v  -0.2484 -0.6155 0.1074
v  -0.1467 -0.7253 0.1227
v  -0.1467 -0.7253 0.1216
v  -0.7826 -0.6789 0.0549
v  -0.7237 -0.6845 0.0701
v  -0.7237 -0.6845 0.0042
v  -0.7826 -0.6789 -0.0110
v  -0.8549 -0.5636 0.0338
v  -0.8377 -0.5672 -0.0343
v  -0.8083 -0.5698 -0.0231
v  -0.8255 -0.5662 0.0451
v  -0.8598 -0.5652 0.0236
v  -0.8598 -0.5652 -0.0423
v  -0.8046 -0.6768 0.0436
v  -0.8046 -0.6768 -0.0222
v  -0.8212 -0.6752 -0.0302
v  -0.8212 -0.6752 0.0357
v  -0.6110 -0.6922 0.0399
v  -0.6562 -0.6904 0.0230
v  -0.6562 -0.6904 0.0889
v  -0.6110 -0.6922 0.1058
v  -0.6034 -0.5877 0.0158
v  -0.6034 -0.5877 0.0817
v  -0.7298 -0.5767 0.0580
v  -0.7298 -0.5767 -0.0079
v  -0.5759 -0.5932 0.0278
v  -0.5759 -0.5932 0.0937
v  -0.7237 -0.6845 0.0729
v  -0.6562 -0.6904 0.0918
v  -0.5759 -0.5932 0.0966
v  -0.6034 -0.5877 0.0846
v  -0.8083 -0.5698 0.0456
v  -0.7298 -0.5767 0.0608
v  -0.8598 -0.5652 0.0264
v  -0.8212 -0.6752 0.0385
v  -0.6110 -0.6922 0.1086
v  -0.8046 -0.6768 0.0465
v  -0.7826 -0.6789 0.0577
v  -0.8377 -0.5672 0.0344
v  -0.4744 -0.4629 0.0196
v  -0.4974 -0.4686 0.0107
v  -0.4974 -0.4686 0.0684
v  -0.4744 -0.4629 0.0774
v  -0.5385 -0.4888 0.0683
v  -0.5214 -0.4924 0.0082
v  -0.5275 -0.5235 0.0133
v  -0.5275 -0.5235 0.0711
v  -0.7700 -0.2773 0.0078
v  -0.7700 -0.2773 -0.0500
v  -0.6441 -0.2975 -0.0212
v  -0.6441 -0.2975 0.0365
v  -0.7677 -0.4855 -0.0162
v  -0.8401 -0.4455 -0.0498
v  -0.8401 -0.4455 0.0080
v  -0.7677 -0.4855 0.0416
v  -0.8673 -0.4305 -0.0656
v  -0.8673 -0.4305 -0.0079
v  -0.8851 -0.3650 -0.0899
v  -0.8804 -0.2628 -0.1082
v  -0.8804 -0.2628 -0.0505
v  -0.8851 -0.3650 -0.0321
v  -0.8470 -0.2664 -0.0178
v  -0.8470 -0.2664 -0.0756
v  -0.8587 -0.2659 -0.0360
v  -0.8587 -0.2659 -0.0938
v  -0.8876 -0.4193 -0.0801
v  -0.8876 -0.4193 -0.0223
v  -0.8753 -0.4170 -0.0802
v  -0.8730 -0.3664 -0.0893
v  -0.5112 -0.4631 0.0045
v  -0.5335 -0.4852 0.0022
v  -0.5393 -0.5143 0.0069
v  -0.7677 -0.4855 0.0438
v  -0.5275 -0.5235 0.0732
v  -0.4744 -0.4629 0.0796
v  -0.5041 -0.3641 0.0656
v  -0.5041 -0.3641 0.0634
v  -0.8876 -0.4193 -0.0202
v  -0.9022 -0.3614 -0.0276
v  -0.5214 -0.4924 0.0682
v  -0.4974 -0.4686 0.0706
v  -0.8587 -0.2659 -0.0338
v  -0.8804 -0.2628 -0.0483
v  -0.5365 -0.3337 0.0540
v  -0.5536 -0.3301 0.0541
v  -0.8673 -0.4305 -0.0057
v  -0.6270 -0.3011 0.0364
v  -0.8299 -0.2700 -0.0179
v  -0.7529 -0.2809 0.0077
v  -0.8401 -0.4455 0.0102
v  0.8189 0.0670 -0.1590
v  0.7850 0.0664 -0.1334
v  0.7919 -0.0235 -0.1004
v  0.8172 -0.0414 -0.1251
v  0.4125 -0.7326 0.1270
v  0.4813 -0.2898 0.0477
v  0.4456 -0.2941 0.0539
v  0.8045 -0.0961 -0.0767
v  0.8054 -0.2434 -0.0447
v  0.8378 -0.2381 -0.0685
v  0.8371 -0.0898 -0.1006
v  -0.0454 -0.1243 0.0296
v  -0.0283 -0.1616 0.0334
v  0.0924 -0.1613 0.0334
v  0.1150 -0.1250 0.0296
v  0.3966 0.0360 -0.0103
v  0.2629 0.0247 -0.0103
v  0.5146 -0.1258 0.0241
v  0.4437 -0.3012 0.0552
v  0.4846 -0.0657 0.0088
v  0.4794 0.0431 -0.0135
v  0.4863 -0.8050 0.1176
v  0.7995 -0.7229 0.0252
v  0.7925 -0.7938 0.0294
v  0.8194 -0.7924 0.0064
v  0.8324 -0.7221 0.0014
v  -0.0283 -0.2987 0.0559
v  0.1165 -0.2993 0.0559
v  0.2334 -0.5728 0.1020
v  0.2301 -0.5665 0.0987
v  -0.0283 -0.5783 0.1020
v  0.0963 -0.5757 0.1020
v  0.3666 -0.6022 0.1069
v  0.8423 -0.4945 -0.0236
v  0.4577 -0.5574 0.0911
v  0.8408 -0.4055 -0.0392
v  0.8231 -0.4985 0.0002
v  0.5170 -0.0896 0.0015
v  0.5444 -0.1257 0.0176
v  0.7290 -0.5184 0.0422
v  0.5321 -0.7297 0.1106
v  0.5668 -0.8028 0.1012
v  0.6465 -0.2691 0.0078
v  0.5498 0.0488 -0.0265
v  0.7621 -0.2504 -0.0263
v  0.7975 -0.5039 0.0185
v  0.6452 -0.1270 -0.0233
v  0.6679 -0.0464 -0.0322
v  0.6390 -0.7269 0.0776
v  0.6610 -0.8005 0.0784
v  0.6187 0.0626 -0.0639
v  0.0880 -0.0583 0.0120
v  -0.0454 -0.0576 0.0120
v  -0.0283 -0.2930 0.0571
v  0.1193 -0.2934 0.0571
v  0.1045 -0.2594 0.0510
v  -0.0283 -0.2591 0.0510
v  -0.0283 -0.7330 0.1270
v  0.1083 -0.7328 0.1270
v  0.3865 -0.4744 0.0864
v  0.3802 -0.4726 0.0838
v  0.2760 -0.3000 0.0559
v  -0.0283 -0.8069 0.1176
v  0.1151 -0.8069 0.1176
v  0.0518 0.0205 -0.0103
v  -0.0454 0.0212 -0.0103
v  -0.0283 -0.5716 0.0987
v  0.0947 -0.5692 0.0987
v  0.2252 -0.1609 0.0334
v  0.2916 -0.1257 0.0296
v  0.2349 -0.0591 0.0120
v  0.2819 -0.2939 0.0571
v  0.2507 -0.2597 0.0510
v  0.2586 -0.7325 0.1270
v  0.2729 -0.8069 0.1176
v  0.1628 0.0217 -0.0103
v  0.0872 -0.4586 0.0696
v  0.2144 -0.4583 0.0696
v  -0.0283 -0.4589 0.0696
v  0.3994 -0.4740 0.0860
v  0.7581 -0.0336 -0.0809
v  0.7611 -0.1045 -0.0581
v  0.7558 -0.7240 0.0435
v  0.7567 -0.7956 0.0468
v  0.7397 0.0656 -0.1116
v  0.4609 -0.3656 -0.0003
v  0.4911 -0.3372 -0.0111
v  0.7998 -0.4275 -0.0667
v  0.7745 -0.4415 -0.0519
v  0.8120 -0.2710 -0.1065
v  0.7918 -0.2739 -0.0930
v  0.7649 -0.2777 -0.0782
v  0.4331 -0.4578 0.0128
v  0.4547 -0.4631 0.0045
v  0.4770 -0.4852 0.0022
v  0.8236 -0.4019 -0.4505
v  0.8207 -0.2345 -0.4671
v  0.8022 -0.7889 -0.3385
v  0.8152 -0.7185 -0.3485
v  0.8252 -0.4909 -0.3999
v  0.8199 -0.0862 -0.5085
v  0.8172 -0.0298 -0.5077
v  -0.8826 -0.0235 -0.1004
v  -0.8758 0.0664 -0.1334
v  -0.9097 0.0670 -0.1590
v  -0.9080 -0.0414 -0.1251
v  -0.4690 -0.7326 0.1270
v  -0.5021 -0.2941 0.0539
v  -0.5379 -0.2898 0.0477
v  -0.8944 -0.2381 -0.0685
v  -0.8619 -0.2434 -0.0447
v  -0.8611 -0.0961 -0.0767
v  -0.9107 -0.0862 -0.0983
v  -0.1489 -0.1613 0.0334
v  -0.2058 -0.1250 0.0296
v  -0.4874 0.0360 -0.0103
v  -0.3537 0.0247 -0.0103
v  -0.5712 -0.1258 0.0241
v  -0.5003 -0.3012 0.0552
v  -0.4883 -0.3015 0.0583
v  -0.5702 0.0431 -0.0135
v  -0.5754 -0.0657 0.0088
v  -0.5428 -0.8050 0.1176
v  -0.8759 -0.7924 0.0064
v  -0.8490 -0.7938 0.0294
v  -0.8561 -0.7229 0.0252
v  -0.8889 -0.7221 0.0014
v  -0.1731 -0.2993 0.0559
v  -0.4796 -0.3074 0.0570
v  -0.2900 -0.5728 0.1020
v  -0.2866 -0.5665 0.0987
v  -0.1528 -0.5757 0.1020
v  -0.4231 -0.6022 0.1069
v  -0.8989 -0.4945 -0.0236
v  -0.5143 -0.5574 0.0911
v  -0.9144 -0.4019 -0.0369
v  -0.8797 -0.4985 0.0002
v  -0.6078 -0.0896 0.0015
v  -0.6009 -0.1257 0.0176
v  -0.7856 -0.5184 0.0422
v  -0.5887 -0.7297 0.1106
v  -0.6234 -0.8028 0.1012
v  -0.7030 -0.2691 0.0078
v  -0.6406 0.0488 -0.0265
v  -0.8186 -0.2504 -0.0263
v  -0.8540 -0.5039 0.0185
v  -0.7018 -0.1270 -0.0233
v  -0.7587 -0.0464 -0.0322
v  -0.6956 -0.7269 0.0776
v  -0.7175 -0.8005 0.0784
v  -0.7095 0.0626 -0.0639
v  -0.1788 -0.0583 0.0120
v  -0.1611 -0.2594 0.0510
v  -0.1759 -0.2934 0.0571
v  -0.1648 -0.7328 0.1270
v  -0.4431 -0.4744 0.0864
v  -0.4367 -0.4726 0.0838
v  -0.3325 -0.3000 0.0559
v  -0.1716 -0.8069 0.1176
v  -0.1426 0.0205 -0.0103
v  -0.1512 -0.5692 0.0987
v  -0.3824 -0.1257 0.0296
v  -0.2818 -0.1609 0.0334
v  -0.3257 -0.0591 0.0120
v  -0.3073 -0.2597 0.0510
v  -0.3384 -0.2939 0.0571
v  -0.3152 -0.7325 0.1270
v  -0.3294 -0.8069 0.1176
v  -0.2536 0.0217 -0.0103
v  -0.1438 -0.4586 0.0696
v  -0.2709 -0.4583 0.0696
v  -0.4560 -0.4740 0.0860
v  -0.8177 -0.1045 -0.0581
v  -0.8489 -0.0336 -0.0809
v  -0.8124 -0.7240 0.0435
v  -0.8132 -0.7956 0.0468
v  -0.8305 0.0656 -0.1116
v  -0.5536 -0.3301 -0.0037
v  -0.5041 -0.3641 0.0056
v  -0.5476 -0.3372 -0.0111
v  -0.5174 -0.3656 -0.0003
v  -0.8484 -0.2739 -0.0930
v  -0.8685 -0.2710 -0.1065
v  -0.8215 -0.2777 -0.0782
v  -0.7496 -0.2879 -0.0542
v  -0.8563 -0.4275 -0.0667
v  -0.7634 -0.4788 -0.0206
v  -0.8310 -0.4415 -0.0519
v  -0.4897 -0.4578 0.0128
v  -0.6321 -0.3068 -0.0274
v  -0.9144 -0.4019 -0.4505
v  -0.9115 -0.2345 -0.4671
v  -0.8930 -0.7889 -0.3385
v  -0.9060 -0.7185 -0.3485
v  -0.9160 -0.4909 -0.3999
v  -0.9107 -0.0862 -0.5085
v  -0.9080 -0.0298 -0.5077
# 600 vertices

vn 0.2354 -0.1069 0.9660
vn 0.0038 -0.5166 0.8562
vn -0.0083 0.4666 0.8844
vn -0.1667 0.3570 0.9191
vn -0.0001 -0.0096 1.0000
vn -0.0011 -0.1948 0.9808
vn -0.1490 0.0163 0.9887
vn 0.0637 0.1184 0.9909
vn 0.0003 -0.0227 0.9997
vn -0.0102 -0.0336 0.9994
vn 0.0001 -0.1242 0.9923
vn 0.0015 -0.1243 0.9922
vn -0.0060 -0.6505 0.7595
vn -0.0060 -0.6502 0.7597
vn -0.0060 -0.6494 0.7604
vn -0.0060 -0.6499 0.7600
vn 0.0009 0.1578 0.9875
vn -0.6741 0.2745 0.6858
vn -0.6381 -0.4700 0.6098
vn -0.0060 -0.6489 0.7609
vn 0.0072 0.6343 0.7730
vn 0.0072 0.6325 0.7745
vn 0.0080 0.7601 0.6497
vn 0.0080 0.7605 0.6493
vn 0.0000 0.7611 0.6486
vn 0.0080 0.7595 0.6504
vn 0.0072 0.6305 0.7761
vn 0.0000 0.6265 0.7794
vn -0.3260 -0.0739 0.9425
vn -0.0059 -0.6494 0.7604
vn 0.0010 0.1846 0.9828
vn 0.0001 0.1836 0.9830
vn 0.0002 0.1754 0.9845
vn 0.0018 0.1760 0.9844
vn 0.0060 0.2441 0.9697
vn -0.0072 0.2466 0.9691
vn 0.0007 0.2255 0.9742
vn 0.0497 0.2240 0.9733
vn -0.6745 0.2745 0.6854
vn -0.6744 0.2745 0.6854
vn -0.6749 0.2745 0.6850
vn -0.5056 0.6767 0.5351
vn -0.2624 0.4917 0.8303
vn -0.0074 0.7605 0.6493
vn 0.0074 -0.6491 0.7606
vn 0.4989 -0.5803 0.6436
vn -0.0074 0.7596 0.6503
vn -0.0073 0.7598 0.6501
vn 0.0000 0.7612 0.6485
vn 0.0000 0.7577 0.6526
vn 0.0009 0.1543 0.9880
vn 0.0000 -0.6532 0.7571
vn 0.0000 0.1533 0.9882
vn 0.5802 -0.0073 0.8144
vn 0.5848 -0.0090 0.8111
vn 0.7003 -0.0564 0.7116
vn -0.0073 0.7605 0.6493
vn -0.0074 0.7601 0.6498
vn 0.0009 0.1563 0.9877
vn -0.0073 0.7610 0.6487
vn 0.6634 0.5380 0.5200
vn 0.5893 -0.0108 0.8078
vn 0.1450 0.2610 0.9544
vn 0.0074 -0.6503 0.7597
vn 0.0000 -0.6538 0.7567
vn 0.0000 -0.5236 0.8519
vn 0.0041 -0.5258 0.8506
vn -0.0002 0.1581 0.9874
vn -0.0012 0.1583 0.9874
vn 0.0000 -0.6481 0.7615
vn 0.0040 -0.5209 0.8536
vn 0.0074 -0.6496 0.7602
vn 0.0537 0.1824 0.9818
vn 0.1291 0.1473 0.9806
vn -0.1599 0.1997 0.9667
vn -0.0703 0.2422 0.9677
vn -0.3158 0.2301 0.9205
vn 0.0000 0.1535 0.9881
vn -0.0012 0.1546 0.9880
vn -0.0012 0.1567 0.9876
vn -0.2916 0.2254 0.9296
vn -0.0571 0.1786 0.9823
vn -0.0135 0.3490 0.9370
vn 0.0014 0.7606 0.6492
vn 0.0028 1.0000 -0.0000
vn -0.0157 0.9999 -0.0000
vn -0.0109 0.7615 0.6480
vn 0.0000 0.7578 0.6524
vn 0.0000 1.0000 -0.0000
vn -0.8747 0.4846 -0.0000
vn -0.7216 -0.6923 -0.0000
vn -0.5617 -0.4491 0.6948
vn -0.7417 0.4256 0.5184
vn -0.2183 -0.6773 0.7026
vn -0.2750 -0.9614 -0.0000
vn 0.0059 -1.0000 -0.0000
vn 0.0040 -0.6532 0.7572
vn -0.0034 -1.0000 -0.0001
vn -0.0032 -0.6506 0.7594
vn 0.0000 -1.0000 -0.0002
vn 0.0000 -0.6516 0.7585
vn -0.5202 -0.3521 0.7781
vn -0.1963 -0.5583 0.8061
vn -0.0034 -1.0000 -0.0000
vn -0.0033 -0.6707 0.7418
vn 0.0000 -0.6690 0.7432
vn 0.0000 -1.0000 -0.0000
vn -0.0100 0.8593 0.5113
vn -0.2459 0.4118 0.8775
vn 0.0035 -0.6750 0.7379
vn 0.0000 0.8574 0.5147
vn 0.0024 0.8568 0.5156
vn 0.1157 0.7495 0.6518
vn -0.0909 0.9959 -0.0000
vn -0.0952 0.9955 -0.0000
vn 0.0963 0.7897 0.6059
vn 0.2505 -0.7006 0.6682
vn 0.2580 -0.6569 0.7084
vn 0.0874 -0.9962 -0.0000
vn -0.6167 -0.3861 0.6860
vn -0.7898 -0.6133 -0.0000
vn 0.5274 0.7136 0.4612
vn 0.7451 -0.4481 0.4940
vn 0.8696 -0.4937 -0.0000
vn 0.5600 0.8285 -0.0000
vn 0.1134 0.7495 0.6523
vn -0.6164 0.7874 -0.0000
vn -0.3957 0.6432 0.6555
vn -0.0638 0.9980 -0.0000
vn 0.1308 0.7494 0.6491
vn 0.2879 -0.6519 0.7015
vn 0.2578 -0.6584 0.7071
vn 0.1418 -0.9899 -0.0000
vn 0.1566 0.6940 0.7027
vn 0.1400 0.6830 0.7168
vn 0.2375 -0.6109 0.7552
vn 0.4558 0.1407 0.8789
vn 0.2900 -0.6218 0.7275
vn 0.2001 -0.6294 0.7509
vn 0.1903 0.6267 0.7557
vn 0.3729 -0.2471 0.8944
vn 0.3979 0.3492 0.8484
vn 0.2418 0.7386 0.6293
vn 0.1757 0.6676 0.7235
vn 0.4271 -0.6500 0.6285
vn 0.8045 0.4321 0.4074
vn 0.8685 0.4957 -0.0000
vn 0.4894 0.8720 -0.0000
vn 0.5316 0.5383 0.6539
vn 0.5211 0.7407 0.4241
vn 0.6671 0.3950 0.6316
vn 0.8814 0.4724 -0.0000
vn 0.5723 0.8200 -0.0000
vn 0.3109 -0.8012 0.5113
vn 0.2702 -0.8239 0.4982
vn 0.1497 -0.9887 -0.0000
vn 0.2498 -0.9683 -0.0000
vn -0.2014 0.8839 0.4220
vn -0.3247 0.9458 -0.0000
vn -0.4832 0.8755 -0.0000
vn -0.2371 0.8643 0.4436
vn -0.4833 0.8755 -0.0000
vn -0.2178 0.8877 0.4056
vn -0.7010 0.0945 0.7068
vn -0.9989 -0.0463 -0.0000
vn -0.6378 -0.7702 -0.0000
vn -0.4407 -0.5990 0.6686
vn 0.3204 -0.8580 0.4014
vn 0.1407 -0.9901 -0.0000
vn 0.3473 -0.8706 0.3484
vn 0.5225 -0.8526 -0.0000
vn 0.5423 -0.6392 0.5452
vn -0.8727 0.4882 -0.0000
vn -0.6378 0.4989 0.5867
vn 0.7753 -0.3773 0.5065
vn 0.8502 -0.5265 -0.0000
vn 0.1759 0.3472 0.9211
vn 0.1192 0.3936 0.9115
vn 0.2578 -0.1306 0.9573
vn 0.2661 -0.1324 0.9548
vn 0.1224 0.1605 0.9794
vn 0.1314 0.3757 0.9174
vn 0.3063 0.5391 0.7845
vn -0.0291 0.7223 0.6909
vn 0.6349 -0.1982 0.7467
vn 0.5041 0.2191 0.8354
vn -0.3308 0.1281 0.9350
vn 0.2595 0.6597 0.7053
vn 0.4884 0.6944 0.5284
vn 0.7292 0.4439 0.5207
vn 0.4249 -0.2738 0.8628
vn 0.4699 -0.5006 0.7270
vn 0.4932 -0.4533 0.7424
vn 0.0938 0.7851 0.6122
vn 0.3544 -0.4547 0.8171
vn 0.3828 -0.4555 0.8037
vn 0.3186 -0.4425 0.8382
vn -0.0425 0.7597 0.6489
vn 0.0083 0.4666 0.8844
vn -0.0038 -0.5166 0.8562
vn -0.2354 -0.1069 0.9660
vn 0.1667 0.3570 0.9191
vn 0.0001 -0.0096 1.0000
vn -0.0637 0.1184 0.9909
vn 0.1490 0.0163 0.9887
vn 0.0011 -0.1948 0.9808
vn -0.0003 -0.0227 0.9997
vn -0.0015 -0.1243 0.9922
vn -0.0001 -0.1242 0.9923
vn 0.0102 -0.0336 0.9994
vn 0.0060 -0.6494 0.7604
vn 0.0060 -0.6502 0.7597
vn 0.0060 -0.6505 0.7595
vn 0.0060 -0.6499 0.7600
vn 0.6741 0.2745 0.6858
vn -0.0009 0.1578 0.9875
vn 0.0060 -0.6489 0.7609
vn 0.6381 -0.4700 0.6098
vn -0.0072 0.6325 0.7745
vn -0.0072 0.6343 0.7730
vn -0.0080 0.7605 0.6493
vn -0.0080 0.7601 0.6497
vn -0.0072 0.6305 0.7761
vn -0.0080 0.7595 0.6504
vn 0.0059 -0.6494 0.7604
vn 0.3260 -0.0739 0.9425
vn -0.0002 0.1754 0.9845
vn -0.0001 0.1836 0.9830
vn -0.0010 0.1846 0.9828
vn -0.0018 0.1760 0.9844
vn -0.0060 0.2441 0.9697
vn -0.0497 0.2240 0.9733
vn -0.0007 0.2255 0.9742
vn 0.0072 0.2466 0.9691
vn 0.6745 0.2745 0.6854
vn 0.6744 0.2745 0.6854
vn 0.2624 0.4917 0.8303
vn 0.5056 0.6767 0.5351
vn 0.6749 0.2745 0.6850
vn -0.0074 -0.6491 0.7606
vn 0.0074 0.7605 0.6493
vn -0.4990 -0.5803 0.6436
vn 0.0073 0.7598 0.6501
vn 0.0074 0.7596 0.6503
vn -0.0009 0.1543 0.9880
vn -0.7003 -0.0564 0.7116
vn -0.5848 -0.0090 0.8111
vn -0.5802 -0.0073 0.8144
vn -0.7003 -0.0563 0.7116
vn 0.0073 0.7605 0.6493
vn 0.0074 0.7601 0.6498
vn -0.0009 0.1563 0.9877
vn 0.0074 0.7610 0.6487
vn -0.6634 0.5380 0.5200
vn -0.1450 0.2610 0.9544
vn -0.5893 -0.0108 0.8078
vn -0.0074 -0.6503 0.7597
vn -0.0041 -0.5258 0.8506
vn 0.0012 0.1583 0.9874
vn 0.0002 0.1581 0.9874
vn -0.0040 -0.5209 0.8536
vn -0.0074 -0.6496 0.7602
vn -0.0537 0.1824 0.9818
vn 0.0703 0.2422 0.9677
vn 0.1599 0.1997 0.9667
vn -0.1291 0.1473 0.9806
vn 0.3158 0.2301 0.9205
vn 0.0012 0.1546 0.9880
vn 0.0012 0.1567 0.9876
vn 0.0135 0.3490 0.9370
vn 0.0109 0.7615 0.6480
vn 0.0157 0.9999 -0.0000
vn -0.0028 1.0000 -0.0000
vn -0.0014 0.7606 0.6492
vn 0.7216 -0.6923 -0.0000
vn 0.8747 0.4846 -0.0000
vn 0.7417 0.4257 0.5184
vn 0.5617 -0.4491 0.6948
vn -0.0059 -1.0000 -0.0000
vn 0.2750 -0.9614 -0.0000
vn 0.2183 -0.6773 0.7026
vn -0.0040 -0.6532 0.7572
vn 0.0032 -0.6506 0.7594
vn 0.0034 -1.0000 -0.0001
vn 0.1963 -0.5583 0.8061
vn 0.5202 -0.3521 0.7781
vn 0.0033 -0.6707 0.7418
vn 0.0034 -1.0000 -0.0000
vn 0.0100 0.8593 0.5113
vn 0.2459 0.4118 0.8775
vn -0.0035 -0.6750 0.7379
vn -0.0023 0.8568 0.5156
vn 0.0952 0.9955 -0.0000
vn 0.0909 0.9959 -0.0000
vn -0.1157 0.7495 0.6518
vn -0.0963 0.7897 0.6059
vn -0.0874 -0.9962 -0.0000
vn -0.2580 -0.6569 0.7084
vn -0.2505 -0.7006 0.6682
vn 0.7898 -0.6133 -0.0000
vn 0.6167 -0.3861 0.6860
vn -0.1134 0.7495 0.6523
vn 0.3957 0.6432 0.6555
vn 0.6164 0.7874 -0.0000
vn -0.5274 0.7136 0.4612
vn -0.1308 0.7494 0.6491
vn 0.0638 0.9980 -0.0000
vn -0.5600 0.8285 -0.0000
vn -0.2879 -0.6519 0.7015
vn -0.1419 -0.9899 -0.0000
vn -0.2578 -0.6584 0.7071
vn -0.7451 -0.4481 0.4940
vn -0.8696 -0.4937 -0.0000
vn -0.1400 0.6830 0.7168
vn -0.1566 0.6940 0.7027
vn -0.4558 0.1407 0.8789
vn -0.2375 -0.6109 0.7552
vn -0.2900 -0.6218 0.7275
vn -0.2001 -0.6294 0.7509
vn -0.3729 -0.2471 0.8944
vn -0.1903 0.6267 0.7557
vn -0.3979 0.3492 0.8484
vn -0.2418 0.7386 0.6293
vn -0.1757 0.6676 0.7235
vn -0.4271 -0.6500 0.6285
vn -0.8045 0.4321 0.4074
vn -0.5316 0.5383 0.6539
vn -0.4894 0.8720 -0.0000
vn -0.8685 0.4957 -0.0000
vn -0.8814 0.4724 -0.0000
vn -0.6671 0.3950 0.6316
vn -0.5211 0.7407 0.4241
vn -0.5723 0.8200 -0.0000
vn -0.1497 -0.9887 -0.0000
vn -0.2702 -0.8239 0.4982
vn -0.3109 -0.8012 0.5113
vn -0.2498 -0.9683 -0.0000
vn 0.2014 0.8839 0.4220
vn 0.2371 0.8643 0.4436
vn 0.4832 0.8755 -0.0000
vn 0.3247 0.9458 -0.0000
vn 0.2178 0.8877 0.4056
vn 0.4833 0.8755 -0.0000
vn 0.7010 0.0945 0.7068
vn 0.4407 -0.5990 0.6686
vn 0.6378 -0.7702 -0.0000
vn 0.9989 -0.0463 -0.0000
vn -0.1407 -0.9901 -0.0000
vn -0.3204 -0.8580 0.4014
vn -0.3473 -0.8706 0.3484
vn 0.6378 0.4989 0.5867
vn 0.8727 0.4882 -0.0000
vn -0.1314 0.3757 0.9174
vn -0.1224 0.1605 0.9794
vn -0.2782 0.1692 0.9455
vn -0.2732 0.1820 0.9446
vn -0.1759 0.3472 0.9211
vn 0.0291 0.7223 0.6909
vn -0.3063 0.5391 0.7845
vn -0.5041 0.2191 0.8354
vn -0.6349 -0.1982 0.7467
vn -0.8502 -0.5265 -0.0000
vn -0.2595 0.6597 0.7053
vn 0.3308 0.1281 0.9350
vn -0.7292 0.4439 0.5207
vn -0.4884 0.6944 0.5284
vn -0.4699 -0.5006 0.7270
vn -0.4249 -0.2738 0.8628
vn -0.4932 -0.4533 0.7424
vn -0.5225 -0.8526 -0.0000
vn -0.0937 0.7851 0.6122
vn -0.3544 -0.4547 0.8171
vn -0.3828 -0.4555 0.8037
vn -0.3186 -0.4425 0.8382
vn 0.0425 0.7597 0.6489
vn 0.8950 0.1897 0.4037
vn 0.5262 0.3136 0.7904
vn 0.5353 0.3026 0.7886
vn 0.9182 0.1645 0.3603
vn 0.0472 0.0197 0.9987
vn 0.1809 0.1386 0.9737
vn 0.1664 0.1299 0.9775
vn 0.4798 0.2428 0.8431
vn 0.4477 0.2873 0.8468
vn 0.8914 0.1230 0.4363
vn 0.8813 0.1670 0.4421
vn 0.0000 0.2180 0.9760
vn 0.0000 0.1791 0.9838
vn 0.0001 0.1794 0.9838
vn 0.0007 0.2201 0.9755
vn -0.0119 0.3887 0.9213
vn -0.0182 0.4041 0.9145
vn 0.1857 0.2510 0.9500
vn 0.1901 0.1377 0.9721
vn 0.1439 0.2561 0.9559
vn 0.0956 0.3847 0.9181
vn 0.1213 -0.0365 0.9919
vn 0.5162 0.0577 0.8545
vn 0.5067 0.0004 0.8621
vn 0.8724 -0.1140 0.4752
vn 0.8962 -0.0598 0.4395
vn 0.0000 -0.2070 0.9783
vn -0.0011 -0.2042 0.9789
vn -0.0055 0.2817 0.9595
vn -0.0082 0.4583 0.8887
vn 0.0000 0.2744 0.9616
vn -0.0051 0.2776 0.9607
vn -0.0313 0.1375 0.9900
vn 0.9100 0.0468 0.4120
vn 0.1290 0.3168 0.9397
vn 0.9582 0.0706 0.2771
vn 0.5665 0.1454 0.8111
vn 0.2812 0.2839 0.9167
vn 0.2719 0.2120 0.9387
vn 0.2239 0.1870 0.9565
vn 0.2067 -0.0270 0.9780
vn 0.2286 0.0273 0.9731
vn 0.2088 0.3194 0.9243
vn 0.2128 0.3875 0.8970
vn 0.2691 0.3611 0.8928
vn 0.4022 0.1526 0.9027
vn 0.2715 0.1688 0.9475
vn 0.3195 0.2227 0.9210
vn 0.2806 -0.0073 0.9598
vn 0.2813 0.0613 0.9577
vn 0.2953 0.3881 0.8730
vn 0.0008 0.2625 0.9649
vn 0.0000 0.2636 0.9646
vn 0.0000 -0.0147 0.9999
vn -0.0001 -0.0136 0.9999
vn 0.0002 0.1770 0.9842
vn 0.0000 0.1775 0.9841
vn 0.0000 0.1792 0.9838
vn -0.0004 0.1893 0.9819
vn -0.1253 0.1930 0.9732
vn -0.3048 0.2280 0.9247
vn -0.0011 -0.1987 0.9801
vn 0.0000 -0.1250 0.9922
vn 0.0001 -0.1248 0.9922
vn -0.0012 0.4130 0.9107
vn 0.0000 0.4177 0.9086
vn 0.0000 0.4422 0.8969
vn -0.0080 0.4475 0.8942
vn 0.0001 0.1813 0.9834
vn 0.0007 0.2236 0.9747
vn -0.0004 0.2581 0.9661
vn -0.0001 -0.0110 0.9999
vn 0.0002 0.1761 0.9844
vn -0.0026 0.1443 0.9895
vn 0.0001 -0.1244 0.9922
vn -0.0056 0.4084 0.9128
vn -0.0002 0.1544 0.9880
vn -0.0002 0.1565 0.9877
vn 0.0000 0.1534 0.9882
vn 0.1868 0.1111 0.9761
vn 0.3735 0.2877 0.8819
vn 0.3358 0.1842 0.9237
vn 0.3605 0.0136 0.9327
vn 0.3489 0.0522 0.9357
vn 0.3726 0.3540 0.8578
vn 0.3262 0.0352 0.9446
vn 0.2868 -0.0892 0.9538
vn 0.1684 0.4202 0.8917
vn 0.1504 0.3865 0.9099
vn 0.3028 -0.1685 0.9380
vn 0.3805 -0.2276 0.8963
vn 0.3144 -0.1661 0.9346
vn 0.3512 0.0723 0.9335
vn 0.2782 0.1692 0.9455
vn 0.2732 0.1820 0.9446
vn 0.9998 0.0181 0.0006
vn 0.9999 0.0114 0.0001
vn 0.9853 -0.1704 -0.0118
vn 0.9936 -0.1123 -0.0099
vn 0.9999 -0.0152 -0.0027
vn 0.9996 0.0282 0.0003
vn 0.9999 0.0168 0.0002
vn -0.5353 0.3026 0.7886
vn -0.5262 0.3136 0.7904
vn -0.8950 0.1897 0.4037
vn -0.9182 0.1645 0.3603
vn -0.0472 0.0197 0.9987
vn -0.1664 0.1299 0.9775
vn -0.1809 0.1386 0.9737
vn -0.8914 0.1230 0.4363
vn -0.4477 0.2873 0.8468
vn -0.4798 0.2428 0.8431
vn -0.8813 0.1670 0.4421
vn -0.0001 0.1794 0.9838
vn -0.0007 0.2201 0.9755
vn 0.0119 0.3887 0.9213
vn 0.0182 0.4041 0.9145
vn -0.1857 0.2510 0.9500
vn -0.1901 0.1377 0.9721
vn 0.0571 0.1786 0.9823
vn -0.0956 0.3847 0.9181
vn -0.1439 0.2561 0.9559
vn -0.1213 -0.0365 0.9919
vn -0.8724 -0.1140 0.4752
vn -0.5067 0.0004 0.8621
vn -0.5162 0.0577 0.8545
vn -0.8962 -0.0598 0.4395
vn 0.0011 -0.2042 0.9789
vn 0.2916 0.2254 0.9296
vn 0.0055 0.2817 0.9595
vn 0.0082 0.4583 0.8887
vn 0.0051 0.2776 0.9607
vn 0.0313 0.1375 0.9900
vn -0.9100 0.0468 0.4120
vn -0.1290 0.3168 0.9397
vn -0.9582 0.0706 0.2771
vn -0.5665 0.1454 0.8111
vn -0.2813 0.2839 0.9167
vn -0.2719 0.2120 0.9387
vn -0.2239 0.1870 0.9565
vn -0.2067 -0.0270 0.9780
vn -0.2286 0.0273 0.9731
vn -0.2088 0.3194 0.9243
vn -0.2128 0.3875 0.8970
vn -0.2691 0.3611 0.8928
vn -0.4022 0.1526 0.9027
vn -0.2715 0.1688 0.9475
vn -0.3195 0.2227 0.9210
vn -0.2806 -0.0073 0.9598
vn -0.2813 0.0613 0.9577
vn -0.2953 0.3881 0.8730
vn -0.0008 0.2625 0.9649
vn -0.0002 0.1770 0.9842
vn 0.0001 -0.0136 0.9999
vn 0.0004 0.1893 0.9819
vn 0.1253 0.1930 0.9732
vn 0.3048 0.2280 0.9247
vn 0.0011 -0.1987 0.9801
vn -0.0001 -0.1248 0.9922
vn 0.0012 0.4130 0.9107
vn 0.0080 0.4475 0.8942
vn -0.0007 0.2236 0.9747
vn -0.0001 0.1813 0.9834
vn 0.0004 0.2581 0.9661
vn -0.0002 0.1761 0.9844
vn 0.0001 -0.0110 0.9999
vn 0.0026 0.1443 0.9895
vn -0.0001 -0.1244 0.9922
vn 0.0056 0.4084 0.9128
vn 0.0002 0.1544 0.9880
vn 0.0002 0.1565 0.9877
vn -0.1868 0.1111 0.9761
vn -0.3358 0.1842 0.9237
vn -0.3735 0.2877 0.8819
vn -0.3605 0.0136 0.9327
vn -0.3489 0.0522 0.9357
vn -0.3726 0.3540 0.8578
vn -0.5423 -0.6392 0.5452
vn -0.7753 -0.3773 0.5065
vn -0.2868 -0.0892 0.9538
vn -0.3262 0.0352 0.9446
vn -0.3805 -0.2276 0.8963
vn -0.3028 -0.1685 0.9380
vn -0.3144 -0.1661 0.9346
vn -0.2661 -0.1324 0.9548
vn -0.1684 0.4202 0.8917
vn -0.1192 0.3936 0.9115
vn -0.1504 0.3865 0.9099
vn -0.3512 0.0723 0.9335
vn -0.2578 -0.1306 0.9573
vn -0.9998 0.0181 0.0006
vn -0.9999 0.0114 0.0001
vn -0.9853 -0.1704 -0.0118
vn -0.9936 -0.1123 -0.0099
vn -0.9999 -0.0152 -0.0027
vn -0.9996 0.0282 0.0003
vn -0.9999 0.0168 0.0002
# 572 vertex normals

vt 0.0000 0.0000 0.0000
vt 0.4696 0.4756 0.0000
vt 0.4585 0.4723 0.0000
vt 0.4602 0.4294 0.0000
vt 0.4696 0.4468 0.0000
vt 0.3956 0.2156 0.0000
vt 0.3622 0.2258 0.0000
vt 0.3669 0.1636 0.0000
vt 0.4032 0.1769 0.0000
vt 0.3981 0.3410 0.0000
vt 0.3760 0.3292 0.0000
vt 0.3635 0.3213 0.0000
vt 0.3914 0.3539 0.0000
vt 0.4609 0.4001 0.0000
vt 0.4614 0.3495 0.0000
vt 0.4707 0.3449 0.0000
vt 0.4686 0.4338 0.0000
vt 0.2685 0.3828 0.0000
vt 0.2685 0.3753 0.0000
vt 0.2966 0.3762 0.0000
vt 0.2928 0.3828 0.0000
vt 0.3621 0.4285 0.0000
vt 0.3674 0.4256 0.0000
vt 0.3680 0.4535 0.0000
vt 0.3422 0.4486 0.0000
vt 0.3872 0.3876 0.0000
vt 0.3700 0.3294 0.0000
vt 0.3850 0.3905 0.0000
vt 0.3741 0.2936 0.0000
vt 0.3737 0.3134 0.0000
vt 0.3607 0.2234 0.0000
vt 0.3645 0.1633 0.0000
vt 0.3876 0.4190 0.0000
vt 0.3871 0.4564 0.0000
vt 0.3642 0.1435 0.0000
vt 0.3813 0.1427 0.0000
vt 0.4577 0.1657 0.0000
vt 0.4583 0.1480 0.0000
vt 0.4663 0.1497 0.0000
vt 0.4669 0.1676 0.0000
vt 0.2682 0.3315 0.0000
vt 0.2692 0.3106 0.0000
vt 0.3020 0.3103 0.0000
vt 0.3018 0.3309 0.0000
vt 0.3685 0.2948 0.0000
vt 0.3724 0.3134 0.0000
vt 0.3700 0.3291 0.0000
vt 0.3580 0.3074 0.0000
vt 0.2270 0.2427 0.0000
vt 0.2338 0.2430 0.0000
vt 0.2336 0.2436 0.0000
vt 0.2268 0.2434 0.0000
vt 0.2127 0.2423 0.0000
vt 0.2127 0.2384 0.0000
vt 0.2180 0.2384 0.0000
vt 0.2195 0.2425 0.0000
vt 0.2342 0.2399 0.0000
vt 0.2300 0.2364 0.0000
vt 0.2327 0.2284 0.0000
vt 0.2358 0.2272 0.0000
vt 0.3338 0.2215 0.0000
vt 0.3343 0.2281 0.0000
vt 0.3277 0.2286 0.0000
vt 0.3274 0.2220 0.0000
vt 0.4560 0.1869 0.0000
vt 0.4440 0.1820 0.0000
vt 0.4725 0.2542 0.0000
vt 0.4625 0.2251 0.0000
vt 0.3851 0.2305 0.0000
vt 0.4072 0.2197 0.0000
vt 0.4690 0.3045 0.0000
vt 0.4730 0.2993 0.0000
vt 0.4677 0.3350 0.0000
vt 0.4665 0.2822 0.0000
vt 0.4670 0.2524 0.0000
vt 0.4697 0.2929 0.0000
vt 0.3619 0.3483 0.0000
vt 0.3532 0.3806 0.0000
vt 0.3927 0.4127 0.0000
vt 0.3996 0.3957 0.0000
vt 0.3857 0.2343 0.0000
vt 0.3832 0.2540 0.0000
vt 0.4356 0.2240 0.0000
vt 0.4342 0.2405 0.0000
vt 0.3935 0.1651 0.0000
vt 0.4113 0.1769 0.0000
vt 0.3193 0.2296 0.0000
vt 0.3247 0.2301 0.0000
vt 0.3245 0.2370 0.0000
vt 0.3193 0.2365 0.0000
vt 0.4017 0.1432 0.0000
vt 0.4211 0.3312 0.0000
vt 0.4278 0.3748 0.0000
vt 0.4006 0.4611 0.0000
vt 0.4510 0.3783 0.0000
vt 0.4535 0.3384 0.0000
vt 0.4436 0.2241 0.0000
vt 0.4587 0.2473 0.0000
vt 0.4233 0.3959 0.0000
vt 0.4310 0.4191 0.0000
vt 0.4471 0.2490 0.0000
vt 0.4206 0.1648 0.0000
vt 0.4250 0.1799 0.0000
vt 0.4260 0.1441 0.0000
vt 0.4184 0.4662 0.0000
vt 0.2911 0.4178 0.0000
vt 0.2682 0.4180 0.0000
vt 0.2679 0.3343 0.0000
vt 0.2980 0.3347 0.0000
vt 0.2989 0.3504 0.0000
vt 0.2687 0.3497 0.0000
vt 0.2192 0.2281 0.0000
vt 0.2127 0.2281 0.0000
vt 0.2127 0.2272 0.0000
vt 0.2201 0.2272 0.0000
vt 0.2238 0.2383 0.0000
vt 0.3571 0.2246 0.0000
vt 0.3581 0.2257 0.0000
vt 0.3718 0.2647 0.0000
vt 0.3722 0.2685 0.0000
vt 0.3330 0.3100 0.0000
vt 0.3321 0.3281 0.0000
vt 0.2127 0.2201 0.0000
vt 0.2205 0.2201 0.0000
vt 0.2900 0.4485 0.0000
vt 0.2679 0.4486 0.0000
vt 0.2190 0.2469 0.0000
vt 0.2127 0.2467 0.0000
vt 0.2127 0.2430 0.0000
vt 0.2194 0.2432 0.0000
vt 0.3272 0.3748 0.0000
vt 0.3228 0.3758 0.0000
vt 0.3471 0.3811 0.0000
vt 0.4048 0.4038 0.0000
vt 0.3574 0.3092 0.0000
vt 0.3646 0.3307 0.0000
vt 0.2283 0.2384 0.0000
vt 0.2999 0.4143 0.0000
vt 0.3341 0.3338 0.0000
vt 0.3249 0.3478 0.0000
vt 0.2263 0.2281 0.0000
vt 0.2283 0.2272 0.0000
vt 0.2291 0.2201 0.0000
vt 0.3151 0.4488 0.0000
vt 0.2258 0.2470 0.0000
vt 0.1097 0.8605 0.0000
vt 0.1088 0.8276 0.0000
vt 0.1345 0.8280 0.0000
vt 0.1365 0.8605 0.0000
vt 0.0853 0.8602 0.0000
vt 0.0853 0.8269 0.0000
vt 0.3795 0.2642 0.0000
vt 0.3608 0.2266 0.0000
vt 0.3651 0.3060 0.0000
vt 0.3669 0.2649 0.0000
vt 0.3710 0.2644 0.0000
vt 0.3479 0.2470 0.0000
vt 0.3505 0.2641 0.0000
vt 0.4554 0.2246 0.0000
vt 0.4636 0.3426 0.0000
vt 0.4478 0.4232 0.0000
vt 0.4509 0.4044 0.0000
vt 0.4615 0.2729 0.0000
vt 0.5333 0.5102 0.0000
vt 0.5326 0.5026 0.0000
vt 0.5243 0.5126 0.0000
vt 0.5247 0.5081 0.0000
vt 0.4369 0.1813 0.0000
vt 0.4447 0.1663 0.0000
vt 0.4492 0.1462 0.0000
vt 0.4472 0.4698 0.0000
vt 0.3216 0.2294 0.0000
vt 0.3216 0.2225 0.0000
vt 0.3302 0.2373 0.0000
vt 0.3306 0.2306 0.0000
vt 0.3396 0.2210 0.0000
vt 0.3405 0.2276 0.0000
vt 0.5516 0.5212 0.0000
vt 0.5657 0.5367 0.0000
vt 0.1114 0.9220 0.0000
vt 0.1401 0.9213 0.0000
vt 0.0853 0.9223 0.0000
vt 0.1611 0.8609 0.0000
vt 0.1664 0.9206 0.0000
vt 0.1582 0.8287 0.0000
vt 0.3354 0.2378 0.0000
vt 0.3360 0.2311 0.0000
vt 0.3639 0.3330 0.0000
vt 0.3607 0.3477 0.0000
vt 0.1403 0.9238 0.0000
vt 0.1667 0.9230 0.0000
vt 0.2370 0.2201 0.0000
vt 0.2321 0.2471 0.0000
vt 0.1056 0.9889 0.0000
vt 0.0839 0.9896 0.0000
vt 0.0839 0.8753 0.0000
vt 0.1294 0.9889 0.0000
vt 0.1105 0.8740 0.0000
vt 0.1398 0.8746 0.0000
vt 0.1663 0.8779 0.0000
vt 0.1552 0.9677 0.0000
vt 0.1481 0.9902 0.0000
vt 0.3480 0.0962 0.0000
vt 0.3517 0.1042 0.0000
vt 0.3499 0.1042 0.0000
vt 0.3475 0.1042 0.0000
vt 0.3455 0.0961 0.0000
vt 0.3415 0.1042 0.0000
vt 0.3447 0.0962 0.0000
vt 0.3263 0.0918 0.0000
vt 0.3402 0.0961 0.0000
vt 0.3251 0.0895 0.0000
vt 0.3258 0.0837 0.0000
vt 0.3294 0.0836 0.0000
vt 0.2611 0.2377 0.0000
vt 0.2627 0.2386 0.0000
vt 0.2623 0.2394 0.0000
vt 0.2606 0.2384 0.0000
vt 0.2718 0.2177 0.0000
vt 0.2728 0.2178 0.0000
vt 0.2736 0.2221 0.0000
vt 0.2705 0.2177 0.0000
vt 0.2754 0.2296 0.0000
vt 0.2745 0.2305 0.0000
vt 0.2734 0.2315 0.0000
vt 0.2706 0.2337 0.0000
vt 0.2661 0.2373 0.0000
vt 0.2584 0.2315 0.0000
vt 0.2591 0.2301 0.0000
vt 0.2594 0.2273 0.0000
vt 0.2673 0.2177 0.0000
vt 0.2591 0.2248 0.0000
vt 0.2720 0.2169 0.0000
vt 0.2731 0.2169 0.0000
vt 0.2759 0.2298 0.0000
vt 0.2750 0.2309 0.0000
vt 0.2707 0.2168 0.0000
vt 0.2673 0.2168 0.0000
vt 0.2738 0.2319 0.0000
vt 0.2707 0.2343 0.0000
vt 0.2577 0.2318 0.0000
vt 0.2741 0.2216 0.0000
vt 0.2585 0.2303 0.0000
vt 0.2588 0.2273 0.0000
vt 0.2584 0.2245 0.0000
vt 0.2660 0.2381 0.0000
vt 0.5283 0.1381 0.0000
vt 0.5304 0.1047 0.0000
vt 0.5682 0.1032 0.0000
vt 0.5673 0.1365 0.0000
vt 0.5305 0.2152 0.0000
vt 0.5311 0.2009 0.0000
vt 0.5643 0.1997 0.0000
vt 0.5632 0.2139 0.0000
vt 0.5669 0.1543 0.0000
vt 0.5311 0.1557 0.0000
vt 0.5297 0.0752 0.0000
vt 0.5684 0.0737 0.0000
vt 0.5668 0.0649 0.0000
vt 0.5310 0.0640 0.0000
vt 0.0758 0.4326 0.0000
vt 0.0754 0.4653 0.0000
vt 0.0641 0.4750 0.0000
vt 0.0633 0.4470 0.0000
vt 0.1654 0.1615 0.0000
vt 0.1516 0.2292 0.0000
vt 0.1379 0.2142 0.0000
vt 0.1310 0.1759 0.0000
vt 0.1501 0.3135 0.0000
vt 0.1560 0.3283 0.0000
vt 0.1318 0.4101 0.0000
vt 0.1439 0.3476 0.0000
vt 0.0621 0.3401 0.0000
vt 0.0691 0.3410 0.0000
vt 0.0710 0.3974 0.0000
vt 0.0630 0.4035 0.0000
vt 0.2395 0.3760 0.0000
vt 0.2389 0.3834 0.0000
vt 0.1679 0.4521 0.0000
vt 0.1718 0.4214 0.0000
vt 0.1813 0.4076 0.0000
vt 0.1980 0.4494 0.0000
vt 0.1640 0.3321 0.0000
vt 0.1545 0.3738 0.0000
vt 0.1470 0.3722 0.0000
vt 0.1688 0.2919 0.0000
vt 0.1630 0.3152 0.0000
vt 0.1731 0.1622 0.0000
vt 0.1622 0.2214 0.0000
vt 0.1495 0.4564 0.0000
vt 0.1439 0.4180 0.0000
vt 0.1614 0.1438 0.0000
vt 0.1731 0.1433 0.0000
vt 0.0700 0.1496 0.0000
vt 0.0778 0.1485 0.0000
vt 0.0777 0.1641 0.0000
vt 0.0686 0.1659 0.0000
vt 0.2393 0.3314 0.0000
vt 0.2396 0.3108 0.0000
vt 0.1661 0.3126 0.0000
vt 0.1750 0.3016 0.0000
vt 0.1726 0.3100 0.0000
vt 0.1702 0.3317 0.0000
vt 0.1919 0.2436 0.0000
vt 0.1916 0.2430 0.0000
vt 0.1984 0.2427 0.0000
vt 0.1986 0.2434 0.0000
vt 0.2074 0.2384 0.0000
vt 0.2059 0.2425 0.0000
vt 0.1912 0.2399 0.0000
vt 0.1896 0.2272 0.0000
vt 0.1928 0.2284 0.0000
vt 0.1954 0.2364 0.0000
vt 0.3155 0.2286 0.0000
vt 0.3088 0.2281 0.0000
vt 0.3094 0.2215 0.0000
vt 0.3158 0.2220 0.0000
vt 0.0794 0.1906 0.0000
vt 0.0850 0.1799 0.0000
vt 0.0727 0.2241 0.0000
vt 0.0625 0.2543 0.0000
vt 0.1566 0.2333 0.0000
vt 0.1305 0.2241 0.0000
vt 0.0617 0.2984 0.0000
vt 0.0659 0.3079 0.0000
vt 0.0671 0.3317 0.0000
vt 0.0706 0.2499 0.0000
vt 0.0709 0.2749 0.0000
vt 0.0664 0.2858 0.0000
vt 0.1668 0.3437 0.0000
vt 0.1791 0.3756 0.0000
vt 0.1392 0.4068 0.0000
vt 0.1422 0.3724 0.0000
vt 0.1551 0.2520 0.0000
vt 0.1542 0.2397 0.0000
vt 0.0939 0.2434 0.0000
vt 0.1000 0.2307 0.0000
vt 0.1389 0.1631 0.0000
vt 0.1246 0.1775 0.0000
vt 0.3141 0.2370 0.0000
vt 0.3140 0.2301 0.0000
vt 0.1393 0.1438 0.0000
vt 0.1096 0.3816 0.0000
vt 0.1069 0.3547 0.0000
vt 0.1340 0.4596 0.0000
vt 0.0795 0.3594 0.0000
vt 0.0734 0.3537 0.0000
vt 0.0780 0.2475 0.0000
vt 0.0881 0.2229 0.0000
vt 0.1205 0.3741 0.0000
vt 0.1101 0.4170 0.0000
vt 0.0964 0.2538 0.0000
vt 0.1156 0.1633 0.0000
vt 0.1092 0.1796 0.0000
vt 0.1157 0.1459 0.0000
vt 0.1176 0.4643 0.0000
vt 0.2396 0.4187 0.0000
vt 0.2400 0.3504 0.0000
vt 0.2390 0.3341 0.0000
vt 0.2062 0.2281 0.0000
vt 0.2053 0.2272 0.0000
vt 0.2017 0.2383 0.0000
vt 0.1644 0.2673 0.0000
vt 0.1753 0.2281 0.0000
vt 0.1812 0.2317 0.0000
vt 0.1586 0.2692 0.0000
vt 0.2057 0.3311 0.0000
vt 0.2068 0.3114 0.0000
vt 0.2049 0.2201 0.0000
vt 0.2458 0.4483 0.0000
vt 0.2065 0.2469 0.0000
vt 0.2060 0.2432 0.0000
vt 0.1935 0.3824 0.0000
vt 0.2307 0.3729 0.0000
vt 0.1836 0.3800 0.0000
vt 0.1869 0.3714 0.0000
vt 0.1780 0.3106 0.0000
vt 0.1707 0.3314 0.0000
vt 0.1971 0.2384 0.0000
vt 0.2062 0.4201 0.0000
vt 0.2191 0.3364 0.0000
vt 0.2074 0.3344 0.0000
vt 0.1992 0.2281 0.0000
vt 0.1971 0.2272 0.0000
vt 0.1963 0.2201 0.0000
vt 0.2207 0.4486 0.0000
vt 0.1996 0.2470 0.0000
vt 0.0361 0.8280 0.0000
vt 0.0619 0.8276 0.0000
vt 0.0610 0.8605 0.0000
vt 0.0341 0.8605 0.0000
vt 0.1799 0.2268 0.0000
vt 0.1564 0.2614 0.0000
vt 0.1662 0.2656 0.0000
vt 0.1591 0.2984 0.0000
vt 0.1624 0.2734 0.0000
vt 0.1845 0.2520 0.0000
vt 0.1755 0.2749 0.0000
vt 0.0801 0.2235 0.0000
vt 0.0689 0.3388 0.0000
vt 0.0870 0.3884 0.0000
vt 0.0862 0.4270 0.0000
vt 0.0778 0.2665 0.0000
vt 0.5131 0.6777 0.0000
vt 0.5162 0.6616 0.0000
vt 0.5188 0.6685 0.0000
vt 0.5151 0.6822 0.0000
vt 0.0884 0.1641 0.0000
vt 0.0968 0.1801 0.0000
vt 0.0886 0.1465 0.0000
vt 0.0894 0.4668 0.0000
vt 0.3084 0.2373 0.0000
vt 0.3081 0.2306 0.0000
vt 0.3027 0.2276 0.0000
vt 0.3036 0.2210 0.0000
vt 0.5094 0.7107 0.0000
vt 0.5059 0.7125 0.0000
vt 0.0593 0.9220 0.0000
vt 0.0306 0.9213 0.0000
vt 0.0851 0.9218 0.0000
vt 0.0597 0.9218 0.0000
vt 0.0613 0.8614 0.0000
vt 0.0849 0.8606 0.0000
vt 0.0097 0.8609 0.0000
vt 0.0043 0.9206 0.0000
vt 0.0124 0.8287 0.0000
vt 0.3032 0.2378 0.0000
vt 0.3027 0.2311 0.0000
vt 0.1757 0.3478 0.0000
vt 0.1723 0.3343 0.0000
vt 0.0305 0.9238 0.0000
vt 0.0040 0.9230 0.0000
vt 0.1884 0.2201 0.0000
vt 0.1933 0.2471 0.0000
vt 0.0621 0.9889 0.0000
vt 0.0382 0.9889 0.0000
vt 0.0572 0.8740 0.0000
vt 0.0195 0.9902 0.0000
vt 0.0124 0.9677 0.0000
vt 0.0014 0.8779 0.0000
vt 0.0279 0.8746 0.0000
vt 0.3645 0.0516 0.0000
vt 0.3747 0.0489 0.0000
vt 0.3771 0.0657 0.0000
vt 0.3669 0.0684 0.0000
vt 0.3236 0.0656 0.0000
vt 0.3198 0.0653 0.0000
vt 0.3289 0.0489 0.0000
vt 0.3286 0.0660 0.0000
vt 0.3414 0.0670 0.0000
vt 0.3304 0.0489 0.0000
vt 0.3358 0.0494 0.0000
vt 0.3456 0.0501 0.0000
vt 0.3620 0.0687 0.0000
vt 0.3568 0.0509 0.0000
vt 0.2896 0.2345 0.0000
vt 0.2910 0.2364 0.0000
vt 0.2879 0.2390 0.0000
vt 0.2867 0.2363 0.0000
vt 0.2906 0.2332 0.0000
vt 0.2923 0.2346 0.0000
vt 0.2920 0.2287 0.0000
vt 0.2938 0.2297 0.0000
vt 0.2892 0.2343 0.0000
vt 0.2902 0.2331 0.0000
vt 0.2791 0.2379 0.0000
vt 0.2783 0.2380 0.0000
vt 0.2783 0.2333 0.0000
vt 0.2801 0.2377 0.0000
vt 0.2826 0.2372 0.0000
vt 0.2783 0.2307 0.0000
vt 0.2790 0.2301 0.0000
vt 0.2824 0.2272 0.0000
vt 0.2898 0.2259 0.0000
vt 0.2900 0.2273 0.0000
vt 0.2799 0.2293 0.0000
vt 0.2906 0.2285 0.0000
vt 0.2914 0.2289 0.0000
vt 0.2865 0.2360 0.0000
vt 0.2787 0.2298 0.0000
vt 0.2779 0.2305 0.0000
vt 0.2822 0.2268 0.0000
vt 0.2903 0.2253 0.0000
vt 0.2787 0.2384 0.0000
vt 0.2779 0.2384 0.0000
vt 0.2825 0.2375 0.0000
vt 0.2797 0.2290 0.0000
vt 0.2798 0.2382 0.0000
vt 0.2779 0.2333 0.0000
vt 0.2911 0.2283 0.0000
vt 0.5235 0.3459 0.0000
vt 0.5760 0.3475 0.0000
vt 0.5718 0.3792 0.0000
vt 0.5210 0.3777 0.0000
vt 0.5387 0.2724 0.0000
vt 0.5828 0.2737 0.0000
vt 0.5820 0.2873 0.0000
vt 0.5373 0.2860 0.0000
vt 0.5782 0.3306 0.0000
vt 0.5302 0.3291 0.0000
vt 0.5674 0.4073 0.0000
vt 0.5153 0.4057 0.0000
vt 0.5639 0.4158 0.0000
vt 0.5153 0.4165 0.0000
# 504 texture coords

o capo
g capo
usemtl Material__56
s 1
f 1/1/1 2/1/2 3/1/3 
f 3/1/3 4/1/4 1/1/1 
f 5/1/5 6/1/6 7/1/7 
f 7/1/7 8/1/8 5/1/5 
f 9/1/9 10/1/10 11/1/11 
f 11/1/11 12/1/12 9/1/9 
f 13/1/13 14/1/14 15/1/15 
f 15/1/15 16/1/16 13/1/13 
f 17/1/17 18/1/18 19/1/19 
f 19/1/19 20/1/20 17/1/17 
f 21/1/21 22/1/22 23/1/23 
f 23/1/23 24/1/24 21/1/21 
f 25/1/25 26/1/26 27/1/27 
f 27/1/27 28/1/28 25/1/25 
f 29/1/29 30/1/30 20/1/20 
f 20/1/20 19/1/19 29/1/29 
f 31/1/31 32/1/32 33/1/33 
f 33/1/33 34/1/34 31/1/31 
f 34/1/34 33/1/33 5/1/5 
f 5/1/5 8/1/8 34/1/34 
f 35/1/35 36/1/36 37/1/37 
f 37/1/37 38/1/38 35/1/35 
f 39/1/39 40/1/40 41/1/40 
f 41/1/40 18/1/18 39/1/39 
f 42/1/41 43/1/42 44/1/43 
f 44/1/43 45/1/40 42/1/41 
f 44/1/43 46/1/44 47/1/45 
f 47/1/45 48/1/46 44/1/43 
f 49/1/47 50/1/48 51/1/49 
f 51/1/49 52/1/50 49/1/47 
f 53/1/51 14/1/14 54/1/52 
f 54/1/52 55/1/53 53/1/51 
f 56/1/54 57/1/55 58/1/56 
f 58/1/56 59/1/56 56/1/54 
f 60/1/57 50/1/48 49/1/47 
f 49/1/47 61/1/58 60/1/57 
f 1/1/1 48/1/46 47/1/45 
f 47/1/45 2/1/2 1/1/1 
f 62/1/59 15/1/15 14/1/14 
f 14/1/14 53/1/51 62/1/59 
f 63/1/60 60/1/57 61/1/58 
f 61/1/58 46/1/44 63/1/60 
f 64/1/61 65/1/56 66/1/62 
f 66/1/62 67/1/63 64/1/61 
f 68/1/64 69/1/65 70/1/66 
f 70/1/66 71/1/67 68/1/64 
f 72/1/68 73/1/69 42/1/41 
f 42/1/41 39/1/39 72/1/68 
f 14/1/14 13/1/13 74/1/70 
f 74/1/70 54/1/52 14/1/14 
f 65/1/56 64/1/61 29/1/29 
f 29/1/29 41/1/40 65/1/56 
f 75/1/71 76/1/72 68/1/64 
f 68/1/64 71/1/67 75/1/71 
f 23/1/23 22/1/22 27/1/27 
f 27/1/27 26/1/26 23/1/23 
f 65/1/56 58/1/56 57/1/55 
f 57/1/55 66/1/62 65/1/56 
f 18/1/18 41/1/40 29/1/29 
f 29/1/29 19/1/19 18/1/18 
f 17/1/17 72/1/68 39/1/39 
f 39/1/39 18/1/18 17/1/17 
f 44/1/43 48/1/46 59/1/56 
f 59/1/56 45/1/40 44/1/43 
f 77/1/73 78/1/74 79/1/75 
f 79/1/75 80/1/76 77/1/73 
f 1/1/1 4/1/4 81/1/77 
f 81/1/77 56/1/54 1/1/1 
f 43/1/42 42/1/41 73/1/69 
f 73/1/69 63/1/60 43/1/42 
f 82/1/78 51/1/49 50/1/48 
f 50/1/48 83/1/79 82/1/78 
f 60/1/57 84/1/80 83/1/79 
f 83/1/79 50/1/48 60/1/57 
f 1/1/1 56/1/54 59/1/56 
f 59/1/56 48/1/46 1/1/1 
f 45/1/40 40/1/40 39/1/39 
f 39/1/39 42/1/41 45/1/40 
f 84/1/80 60/1/57 63/1/60 
f 63/1/60 73/1/69 84/1/80 
f 29/1/29 64/1/61 24/1/24 
f 24/1/24 30/1/30 29/1/29 
f 46/1/44 44/1/43 43/1/42 
f 43/1/42 63/1/60 46/1/44 
f 47/1/45 76/1/72 75/1/71 
f 75/1/71 2/1/2 47/1/45 
f 21/1/21 67/1/63 7/1/7 
f 7/1/7 6/1/6 21/1/21 
f 37/1/37 32/1/32 31/1/31 
f 31/1/31 38/1/38 37/1/37 
f 15/1/15 20/1/20 30/1/30 
f 30/1/30 16/1/16 15/1/15 
f 4/1/4 80/1/76 79/1/75 
f 79/1/75 81/1/77 4/1/4 
f 67/1/63 21/1/21 24/1/24 
f 24/1/24 64/1/61 67/1/63 
f 85/1/81 86/1/82 8/1/8 
f 8/1/8 7/1/7 85/1/81 
f 87/1/83 80/1/76 4/1/4 
f 4/1/4 3/1/3 87/1/83 
f 88/1/84 89/1/85 90/1/86 
f 90/1/86 91/1/87 88/1/84 
f 92/1/88 93/1/89 89/1/85 
f 89/1/85 88/1/84 92/1/88 
f 94/1/90 95/1/91 96/1/92 
f 96/1/92 97/1/93 94/1/90 
f 98/1/94 99/1/95 100/1/96 
f 100/1/96 101/1/97 98/1/94 
f 100/1/96 102/1/98 103/1/99 
f 103/1/99 101/1/97 100/1/96 
f 94/1/90 97/1/93 91/1/87 
f 91/1/87 90/1/86 94/1/90 
f 102/1/98 104/1/100 105/1/101 
f 105/1/101 103/1/99 102/1/98 
f 95/1/91 99/1/95 98/1/94 
f 98/1/94 96/1/92 95/1/91 
f 106/1/95 107/1/91 108/1/102 
f 108/1/102 109/1/103 106/1/95 
f 110/1/104 111/1/105 112/1/106 
f 112/1/106 113/1/107 110/1/104 
f 114/1/86 115/1/108 116/1/109 
f 116/1/109 117/1/90 114/1/86 
f 111/1/105 110/1/104 118/1/96 
f 118/1/96 119/1/110 111/1/105 
f 119/1/110 118/1/96 106/1/95 
f 106/1/95 109/1/103 119/1/110 
f 116/1/109 108/1/102 107/1/91 
f 107/1/91 117/1/90 116/1/109 
f 120/1/89 121/1/111 122/1/112 
f 122/1/112 123/1/85 120/1/89 
f 122/1/112 115/1/108 114/1/86 
f 114/1/86 123/1/85 122/1/112 
f 95/1/91 107/1/91 106/1/95 
f 106/1/95 99/1/95 95/1/91 
f 102/1/98 110/1/104 113/1/107 
f 113/1/107 104/1/100 102/1/98 
f 114/1/86 117/1/90 94/1/90 
f 94/1/90 90/1/86 114/1/86 
f 102/1/98 100/1/96 118/1/96 
f 118/1/96 110/1/104 102/1/98 
f 100/1/96 99/1/95 106/1/95 
f 106/1/95 118/1/96 100/1/96 
f 107/1/91 95/1/91 94/1/90 
f 94/1/90 117/1/90 107/1/91 
f 120/1/89 123/1/85 89/1/85 
f 89/1/85 93/1/89 120/1/89 
f 90/1/86 89/1/85 123/1/85 
f 123/1/85 114/1/86 90/1/86 
f 124/1/113 125/1/114 126/1/115 
f 126/1/115 127/1/116 124/1/113 
f 128/1/117 129/1/118 130/1/119 
f 130/1/119 131/1/119 128/1/117 
f 129/1/118 132/1/120 133/1/121 
f 133/1/121 130/1/119 129/1/118 
f 134/1/122 135/1/123 136/1/124 
f 136/1/124 137/1/125 134/1/122 
f 127/1/116 126/1/115 138/1/115 
f 138/1/115 139/1/126 127/1/116 
f 139/1/126 138/1/115 140/1/127 
f 140/1/127 141/1/128 139/1/126 
f 134/1/122 137/1/125 142/1/129 
f 142/1/129 143/1/130 134/1/122 
f 141/1/128 140/1/127 133/1/121 
f 133/1/121 132/1/120 141/1/128 
f 144/1/131 145/1/132 146/1/119 
f 146/1/119 147/1/133 144/1/131 
f 145/1/132 128/1/117 131/1/119 
f 131/1/119 146/1/119 145/1/132 
f 135/1/123 144/1/131 147/1/133 
f 147/1/133 136/1/124 135/1/123 
f 143/1/130 142/1/129 125/1/114 
f 125/1/114 124/1/113 143/1/130 
f 142/1/129 148/1/134 149/1/135 
f 149/1/135 125/1/114 142/1/129 
f 150/1/136 151/1/137 136/1/124 
f 136/1/124 147/1/133 150/1/136 
f 152/1/138 153/1/139 146/1/119 
f 146/1/119 131/1/119 152/1/138 
f 147/1/133 146/1/119 153/1/139 
f 153/1/139 150/1/136 147/1/133 
f 133/1/121 140/1/127 154/1/140 
f 154/1/140 155/1/141 133/1/121 
f 137/1/125 156/1/142 148/1/134 
f 148/1/134 142/1/129 137/1/125 
f 138/1/115 157/1/143 154/1/140 
f 154/1/140 140/1/127 138/1/115 
f 157/1/143 138/1/115 126/1/115 
f 126/1/115 158/1/144 157/1/143 
f 151/1/137 156/1/142 137/1/125 
f 137/1/125 136/1/124 151/1/137 
f 133/1/121 155/1/141 159/1/145 
f 159/1/145 130/1/119 133/1/121 
f 159/1/145 152/1/138 131/1/119 
f 131/1/119 130/1/119 159/1/145 
f 125/1/114 149/1/135 158/1/144 
f 158/1/144 126/1/115 125/1/114 
f 160/1/146 161/1/147 162/1/148 
f 162/1/148 163/1/149 160/1/146 
f 164/1/150 165/1/151 166/1/152 
f 166/1/152 167/1/153 164/1/150 
f 168/1/154 169/1/155 170/1/156 
f 170/1/156 171/1/157 168/1/154 
f 172/1/158 173/1/159 174/1/160 
f 174/1/160 175/1/161 172/1/158 
f 175/1/161 174/1/160 176/1/162 
f 176/1/162 177/1/163 175/1/161 
f 178/1/164 179/1/165 180/1/166 
f 180/1/166 181/1/167 178/1/164 
f 169/1/155 182/1/168 183/1/169 
f 183/1/169 170/1/156 169/1/155 
f 182/1/168 184/1/170 185/1/169 
f 185/1/169 183/1/169 182/1/168 
f 171/1/157 186/1/171 187/1/172 
f 187/1/172 168/1/154 171/1/157 
f 177/1/163 176/1/162 188/1/173 
f 188/1/173 189/1/174 177/1/163 
f 190/1/175 187/1/172 186/1/171 
f 186/1/171 191/1/176 190/1/175 
f 184/1/170 181/1/167 180/1/166 
f 180/1/166 185/1/169 184/1/170 
f 163/1/149 162/1/148 166/1/152 
f 166/1/152 165/1/151 163/1/149 
f 179/1/165 178/1/164 189/1/174 
f 189/1/174 188/1/173 179/1/165 
f 191/1/176 161/1/147 160/1/146 
f 160/1/146 190/1/175 191/1/176 
f 164/1/150 167/1/153 173/1/159 
f 173/1/159 172/1/158 164/1/150 
f 192/1/177 164/1/150 172/1/158 
f 172/1/158 193/1/178 192/1/177 
f 169/1/155 168/1/154 194/1/179 
f 194/1/179 195/1/180 169/1/155 
f 189/1/174 178/1/164 196/1/181 
f 196/1/181 197/1/182 189/1/174 
f 173/1/159 167/1/153 198/1/183 
f 198/1/183 199/1/184 173/1/159 
f 200/1/185 201/1/186 161/1/147 
f 161/1/147 191/1/176 200/1/185 
f 202/1/187 179/1/165 188/1/173 
f 188/1/173 203/1/188 202/1/187 
f 166/1/152 162/1/148 204/1/189 
f 204/1/189 205/1/190 166/1/152 
f 180/1/166 206/1/191 207/1/192 
f 207/1/192 185/1/169 180/1/166 
f 186/1/171 208/1/193 200/1/185 
f 200/1/185 191/1/176 186/1/171 
f 176/1/162 209/1/194 203/1/188 
f 203/1/188 188/1/173 176/1/162 
f 171/1/157 210/1/195 208/1/193 
f 208/1/193 186/1/171 171/1/157 
f 211/1/196 183/1/169 185/1/169 
f 185/1/169 207/1/192 211/1/196 
f 183/1/169 211/1/196 212/1/197 
f 212/1/197 170/1/156 183/1/169 
f 206/1/191 180/1/166 179/1/165 
f 179/1/165 202/1/187 206/1/191 
f 176/1/162 174/1/160 213/1/198 
f 213/1/198 209/1/194 176/1/162 
f 199/1/184 213/1/198 174/1/160 
f 174/1/160 173/1/159 199/1/184 
f 170/1/156 212/1/197 210/1/195 
f 210/1/195 171/1/157 170/1/156 
f 205/1/190 198/1/183 167/1/153 
f 167/1/153 166/1/152 205/1/190 
f 204/1/189 162/1/148 161/1/147 
f 161/1/147 201/1/186 204/1/189 
f 214/1/199 215/1/200 216/1/201 
f 216/1/201 217/1/202 214/1/199 
f 218/1/203 219/1/204 220/1/205 
f 220/1/205 221/1/206 218/1/203 
f 222/1/207 223/1/208 224/1/209 
f 224/1/209 225/1/210 222/1/207 
f 226/1/211 227/1/212 228/1/213 
f 228/1/213 229/1/214 226/1/211 
f 230/1/215 231/1/216 232/1/217 
f 232/1/217 233/1/218 230/1/215 
f 234/1/219 235/1/220 236/1/221 
f 236/1/221 237/1/222 234/1/219 
f 25/1/25 28/1/28 238/1/223 
f 238/1/223 239/1/224 25/1/25 
f 232/1/217 240/1/225 241/1/226 
f 241/1/226 233/1/218 232/1/217 
f 242/1/227 243/1/228 244/1/229 
f 244/1/229 245/1/230 242/1/227 
f 245/1/230 219/1/204 218/1/203 
f 218/1/203 242/1/227 245/1/230 
f 246/1/231 247/1/232 248/1/233 
f 248/1/233 249/1/234 246/1/231 
f 250/1/235 230/1/215 251/1/236 
f 251/1/236 252/1/236 250/1/235 
f 253/1/236 254/1/237 255/1/238 
f 255/1/238 256/1/239 253/1/236 
f 257/1/240 258/1/241 254/1/237 
f 254/1/237 259/1/242 257/1/240 
f 51/1/49 260/1/243 261/1/244 
f 261/1/244 52/1/50 51/1/49 
f 55/1/53 54/1/52 227/1/212 
f 227/1/212 262/1/245 55/1/53 
f 263/1/246 264/1/247 265/1/248 
f 265/1/248 266/1/249 263/1/246 
f 260/1/243 267/1/250 268/1/251 
f 268/1/251 261/1/244 260/1/243 
f 216/1/201 215/1/200 257/1/240 
f 257/1/240 259/1/242 216/1/201 
f 269/1/252 262/1/245 227/1/212 
f 227/1/212 226/1/211 269/1/252 
f 267/1/250 270/1/253 258/1/241 
f 258/1/241 268/1/251 267/1/250 
f 271/1/246 272/1/254 273/1/255 
f 273/1/255 274/1/256 271/1/246 
f 70/1/66 69/1/65 275/1/257 
f 275/1/257 276/1/258 70/1/66 
f 256/1/239 277/1/259 278/1/260 
f 278/1/260 250/1/235 256/1/239 
f 227/1/212 54/1/52 74/1/70 
f 74/1/70 228/1/213 227/1/212 
f 271/1/246 251/1/236 241/1/226 
f 241/1/226 272/1/254 271/1/246 
f 279/1/261 276/1/258 275/1/257 
f 275/1/257 280/1/262 279/1/261 
f 238/1/223 234/1/219 237/1/222 
f 237/1/222 239/1/224 238/1/223 
f 264/1/247 263/1/246 271/1/246 
f 271/1/246 274/1/256 264/1/247 
f 230/1/215 233/1/218 241/1/226 
f 241/1/226 251/1/236 230/1/215 
f 250/1/235 278/1/260 231/1/216 
f 231/1/216 230/1/215 250/1/235 
f 254/1/237 253/1/236 266/1/249 
f 266/1/249 259/1/242 254/1/237 
f 281/1/263 282/1/264 283/1/265 
f 283/1/265 284/1/266 281/1/263 
f 217/1/202 216/1/201 265/1/248 
f 265/1/248 285/1/267 217/1/202 
f 256/1/239 255/1/238 270/1/253 
f 270/1/253 277/1/259 256/1/239 
f 82/1/78 286/1/268 260/1/243 
f 260/1/243 51/1/49 82/1/78 
f 267/1/250 260/1/243 286/1/268 
f 286/1/268 287/1/269 267/1/250 
f 216/1/201 259/1/242 266/1/249 
f 266/1/249 265/1/248 216/1/201 
f 256/1/239 250/1/235 252/1/236 
f 252/1/236 253/1/236 256/1/239 
f 267/1/250 287/1/269 277/1/259 
f 277/1/259 270/1/253 267/1/250 
f 236/1/221 272/1/254 241/1/226 
f 241/1/226 240/1/225 236/1/221 
f 254/1/237 258/1/241 270/1/253 
f 270/1/253 255/1/238 254/1/237 
f 279/1/261 280/1/262 257/1/240 
f 257/1/240 215/1/200 279/1/261 
f 273/1/255 235/1/220 221/1/206 
f 221/1/206 220/1/205 273/1/255 
f 244/1/229 243/1/228 248/1/233 
f 248/1/233 247/1/232 244/1/229 
f 226/1/211 229/1/214 240/1/225 
f 240/1/225 232/1/217 226/1/211 
f 283/1/265 282/1/264 217/1/202 
f 217/1/202 285/1/267 283/1/265 
f 236/1/221 235/1/220 273/1/255 
f 273/1/255 272/1/254 236/1/221 
f 217/1/202 282/1/264 288/1/270 
f 288/1/270 214/1/199 217/1/202 
f 289/1/271 290/1/272 291/1/273 
f 291/1/273 292/1/274 289/1/271 
f 292/1/274 291/1/273 93/1/89 
f 93/1/89 92/1/88 292/1/274 
f 293/1/275 294/1/276 295/1/277 
f 295/1/277 296/1/278 293/1/275 
f 297/1/279 298/1/280 299/1/281 
f 299/1/281 300/1/282 297/1/279 
f 300/1/282 301/1/283 302/1/284 
f 302/1/284 297/1/279 300/1/282 
f 295/1/277 294/1/276 290/1/272 
f 290/1/272 289/1/271 295/1/277 
f 301/1/283 105/1/101 104/1/100 
f 104/1/100 302/1/284 301/1/283 
f 298/1/280 293/1/275 296/1/278 
f 296/1/278 299/1/281 298/1/280 
f 303/1/280 304/1/285 305/1/286 
f 305/1/286 306/1/275 303/1/280 
f 307/1/287 308/1/288 113/1/107 
f 113/1/107 112/1/106 307/1/287 
f 309/1/289 310/1/272 311/1/276 
f 311/1/276 312/1/290 309/1/289 
f 308/1/288 307/1/287 313/1/291 
f 313/1/291 314/1/279 308/1/288 
f 314/1/279 313/1/291 304/1/285 
f 304/1/285 303/1/280 314/1/279 
f 305/1/286 312/1/290 311/1/276 
f 311/1/276 306/1/275 305/1/286 
f 315/1/292 121/1/111 120/1/89 
f 120/1/89 316/1/273 315/1/292 
f 309/1/289 315/1/292 316/1/273 
f 316/1/273 310/1/272 309/1/289 
f 293/1/275 298/1/280 303/1/280 
f 303/1/280 306/1/275 293/1/275 
f 113/1/107 308/1/288 302/1/284 
f 302/1/284 104/1/100 113/1/107 
f 311/1/276 310/1/272 290/1/272 
f 290/1/272 294/1/276 311/1/276 
f 314/1/279 297/1/279 302/1/284 
f 302/1/284 308/1/288 314/1/279 
f 314/1/279 303/1/280 298/1/280 
f 298/1/280 297/1/279 314/1/279 
f 294/1/276 293/1/275 306/1/275 
f 306/1/275 311/1/276 294/1/276 
f 316/1/273 120/1/89 93/1/89 
f 93/1/89 291/1/273 316/1/273 
f 291/1/273 290/1/272 310/1/272 
f 310/1/272 316/1/273 291/1/273 
f 317/1/293 318/1/294 319/1/295 
f 319/1/295 320/1/296 317/1/293 
f 321/1/297 322/1/298 323/1/299 
f 323/1/299 324/1/297 321/1/297 
f 325/1/300 326/1/301 322/1/298 
f 322/1/298 321/1/297 325/1/300 
f 327/1/293 317/1/293 320/1/296 
f 320/1/296 328/1/302 327/1/293 
f 328/1/302 329/1/303 330/1/304 
f 330/1/304 327/1/293 328/1/302 
f 331/1/305 332/1/306 333/1/307 
f 333/1/307 334/1/308 331/1/305 
f 325/1/300 330/1/304 329/1/303 
f 329/1/303 326/1/301 325/1/300 
f 335/1/309 336/1/310 337/1/297 
f 337/1/297 338/1/311 335/1/309 
f 324/1/297 323/1/299 338/1/311 
f 338/1/311 337/1/297 324/1/297 
f 336/1/310 335/1/309 339/1/312 
f 339/1/312 340/1/313 336/1/310 
f 332/1/306 319/1/295 318/1/294 
f 318/1/294 333/1/307 332/1/306 
f 333/1/307 318/1/294 341/1/314 
f 341/1/314 342/1/315 333/1/307 
f 340/1/313 343/1/316 344/1/317 
f 344/1/317 336/1/310 340/1/313 
f 345/1/318 324/1/297 337/1/297 
f 337/1/297 346/1/319 345/1/318 
f 336/1/310 344/1/317 346/1/319 
f 346/1/319 337/1/297 336/1/310 
f 330/1/304 325/1/300 347/1/320 
f 347/1/320 348/1/321 330/1/304 
f 342/1/315 349/1/322 334/1/308 
f 334/1/308 333/1/307 342/1/315 
f 327/1/293 330/1/304 348/1/321 
f 348/1/321 350/1/323 327/1/293 
f 317/1/293 327/1/293 350/1/323 
f 350/1/323 351/1/324 317/1/293 
f 343/1/316 340/1/313 334/1/308 
f 334/1/308 349/1/322 343/1/316 
f 321/1/297 352/1/325 347/1/320 
f 347/1/320 325/1/300 321/1/297 
f 352/1/325 321/1/297 324/1/297 
f 324/1/297 345/1/318 352/1/325 
f 318/1/294 317/1/293 351/1/324 
f 351/1/324 341/1/314 318/1/294 
f 353/1/326 354/1/327 355/1/328 
f 355/1/328 356/1/329 353/1/326 
f 357/1/330 358/1/331 359/1/332 
f 359/1/332 360/1/333 357/1/330 
f 361/1/334 362/1/335 363/1/336 
f 363/1/336 364/1/337 361/1/334 
f 365/1/338 366/1/339 367/1/340 
f 367/1/340 368/1/341 365/1/338 
f 366/1/339 369/1/342 370/1/343 
f 370/1/343 367/1/340 366/1/339 
f 371/1/344 372/1/345 373/1/346 
f 373/1/346 374/1/347 371/1/344 
f 375/1/348 376/1/349 362/1/335 
f 362/1/335 361/1/334 375/1/348 
f 376/1/349 375/1/348 377/1/348 
f 377/1/348 378/1/350 376/1/349 
f 369/1/342 379/1/351 380/1/352 
f 380/1/352 370/1/343 369/1/342 
f 373/1/346 372/1/345 378/1/350 
f 378/1/350 377/1/348 373/1/346 
f 358/1/331 357/1/330 355/1/328 
f 355/1/328 354/1/327 358/1/331 
f 379/1/351 371/1/344 374/1/347 
f 374/1/347 380/1/352 379/1/351 
f 368/1/341 360/1/333 359/1/332 
f 359/1/332 365/1/338 368/1/341 
f 371/1/344 379/1/351 381/1/353 
f 381/1/353 382/1/354 371/1/344 
f 358/1/331 354/1/327 383/1/355 
f 383/1/355 384/1/356 358/1/331 
f 358/1/331 384/1/356 385/1/357 
f 385/1/357 359/1/332 358/1/331 
f 386/1/358 387/1/359 360/1/333 
f 360/1/333 368/1/341 386/1/358 
f 356/1/329 388/1/360 389/1/361 
f 389/1/361 390/1/362 356/1/329 
f 391/1/363 380/1/352 374/1/347 
f 374/1/347 392/1/364 391/1/363 
f 355/1/328 357/1/330 393/1/365 
f 393/1/365 394/1/366 355/1/328 
f 377/1/348 395/1/367 396/1/368 
f 396/1/368 373/1/346 377/1/348 
f 389/1/361 397/1/369 398/1/370 
f 398/1/370 390/1/362 389/1/361 
f 370/1/343 380/1/352 391/1/363 
f 391/1/363 399/1/371 370/1/343 
f 398/1/370 397/1/369 400/1/372 
f 400/1/372 364/1/337 398/1/370 
f 377/1/348 375/1/348 401/1/373 
f 401/1/373 395/1/367 377/1/348 
f 401/1/373 375/1/348 361/1/334 
f 361/1/334 402/1/374 401/1/373 
f 374/1/347 373/1/346 396/1/368 
f 396/1/368 392/1/364 374/1/347 
f 367/1/340 370/1/343 399/1/371 
f 399/1/371 403/1/375 367/1/340 
f 368/1/341 367/1/340 403/1/375 
f 403/1/375 386/1/358 368/1/341 
f 364/1/337 400/1/372 402/1/374 
f 402/1/374 361/1/334 364/1/337 
f 393/1/365 357/1/330 360/1/333 
f 360/1/333 387/1/359 393/1/365 
f 356/1/329 355/1/328 394/1/366 
f 394/1/366 388/1/360 356/1/329 
f 404/2/376 405/3/377 406/4/378 
f 406/4/378 407/5/379 404/2/376 
f 151/6/137 77/7/73 408/8/380 
f 408/8/380 156/9/142 151/6/137 
f 409/10/381 410/11/382 208/12/193 
f 208/12/193 210/13/195 409/10/381 
f 411/14/383 412/15/384 413/16/385 
f 413/16/385 414/17/386 411/14/383 
f 415/18/387 416/19/388 417/20/389 
f 417/20/389 418/21/390 415/18/387 
f 36/22/36 35/23/35 419/24/391 
f 419/24/391 420/25/392 36/22/36 
f 38/26/38 8/27/8 410/11/382 
f 410/11/382 421/28/393 38/26/38 
f 8/27/8 86/29/82 422/30/394 
f 422/30/394 410/11/382 8/27/8 
f 77/7/73 80/31/76 9/32/9 
f 9/32/9 408/8/380 77/7/73 
f 419/24/391 35/23/35 423/33/395 
f 423/33/395 424/34/396 419/24/391 
f 408/8/380 9/32/9 12/35/12 
f 12/35/12 425/36/397 408/8/380 
f 426/37/398 427/38/399 428/39/400 
f 428/39/400 429/40/401 426/37/398 
f 430/41/402 28/42/28 27/43/27 
f 27/43/27 431/44/403 430/41/402 
f 66/45/62 85/46/81 7/47/7 
f 7/47/7 67/48/63 66/45/62 
f 432/49/404 87/50/83 3/51/3 
f 3/51/3 433/52/405 432/49/404 
f 434/53/406 112/54/106 111/55/105 
f 111/55/105 435/56/407 434/53/406 
f 436/57/408 108/58/102 116/59/109 
f 116/59/109 10/60/10 436/57/408 
f 16/61/16 23/62/23 26/63/26 
f 26/63/26 13/64/13 16/61/16 
f 426/37/398 429/40/401 154/65/140 
f 154/65/140 157/66/143 426/37/398 
f 429/40/401 437/67/409 155/68/141 
f 155/68/141 154/65/140 429/40/401 
f 438/69/410 77/7/73 151/6/137 
f 151/6/137 150/70/136 438/69/410 
f 202/71/187 439/72/411 413/16/385 
f 413/16/385 206/73/191 202/71/187 
f 209/74/194 440/75/412 437/67/409 
f 437/67/409 203/76/188 209/74/194 
f 34/77/34 8/27/8 38/26/38 
f 38/26/38 31/78/31 34/77/34 
f 38/26/38 421/28/393 423/33/395 
f 423/33/395 35/23/35 38/26/38 
f 411/14/383 414/17/386 407/5/379 
f 407/5/379 406/4/378 411/14/383 
f 441/79/413 423/33/395 421/28/393 
f 421/28/393 442/80/414 441/79/413 
f 438/69/410 198/81/183 205/82/190 
f 205/82/190 77/7/73 438/69/410 
f 150/70/136 153/83/139 443/84/415 
f 443/84/415 438/69/410 150/70/136 
f 156/9/142 408/8/380 444/85/416 
f 444/85/416 148/86/134 156/9/142 
f 69/87/65 68/88/64 49/89/47 
f 49/89/47 52/90/50 69/87/65 
f 444/85/416 408/8/380 425/36/397 
f 425/36/397 445/91/417 444/85/416 
f 421/28/393 410/11/382 409/10/381 
f 409/10/381 442/80/414 421/28/393 
f 210/13/195 212/92/197 446/93/418 
f 446/93/418 409/10/381 210/13/195 
f 447/94/419 424/34/396 423/33/395 
f 423/33/395 441/79/413 447/94/419 
f 448/95/420 446/93/418 212/92/197 
f 212/92/197 211/96/196 448/95/420 
f 443/84/415 153/83/139 152/97/138 
f 152/97/138 449/98/421 443/84/415 
f 450/99/422 451/100/423 441/79/413 
f 441/79/413 442/80/414 450/99/422 
f 198/81/183 438/69/410 443/84/415 
f 443/84/415 199/101/184 198/81/183 
f 452/102/424 149/103/135 148/86/134 
f 148/86/134 444/85/416 452/102/424 
f 445/91/417 453/104/425 452/102/424 
f 452/102/424 444/85/416 445/91/417 
f 442/80/414 409/10/381 446/93/418 
f 446/93/418 450/99/422 442/80/414 
f 447/94/419 441/79/413 451/100/423 
f 451/100/423 454/105/426 447/94/419 
f 415/18/387 418/21/390 455/106/427 
f 455/106/427 456/107/428 415/18/387 
f 457/108/429 458/109/430 459/110/431 
f 459/110/431 460/111/432 457/108/429 
f 460/111/432 459/110/431 417/20/389 
f 417/20/389 416/19/388 460/111/432 
f 122/112/112 121/113/111 461/114/433 
f 461/114/433 462/115/434 122/112/112 
f 435/56/407 111/55/105 119/116/110 
f 119/116/110 432/49/404 435/56/407 
f 81/117/77 79/118/75 463/119/435 
f 463/119/435 464/120/436 81/117/77 
f 431/44/403 27/43/27 22/121/22 
f 22/121/22 465/122/437 431/44/403 
f 462/115/434 461/114/433 466/123/438 
f 466/123/438 467/124/439 462/115/434 
f 468/125/440 469/126/441 456/107/428 
f 456/107/428 455/106/427 468/125/440 
f 71/127/67 70/128/66 470/129/442 
f 470/129/442 471/130/443 71/127/67 
f 418/21/390 417/20/389 472/131/444 
f 472/131/444 473/132/445 418/21/390 
f 473/132/445 472/131/444 32/133/32 
f 32/133/32 37/134/37 473/132/445 
f 465/122/437 22/121/22 21/135/21 
f 21/135/21 6/136/6 465/122/437 
f 109/137/103 87/50/83 432/49/404 
f 432/49/404 119/116/110 109/137/103 
f 474/138/446 455/106/427 418/21/390 
f 418/21/390 473/132/445 474/138/446 
f 458/109/430 475/139/447 476/140/448 
f 476/140/448 459/110/431 458/109/430 
f 472/131/444 417/20/389 459/110/431 
f 459/110/431 476/140/448 472/131/444 
f 115/141/108 122/112/112 462/115/434 
f 462/115/434 477/142/449 115/141/108 
f 85/46/81 464/120/436 463/119/435 
f 463/119/435 86/29/82 85/46/81 
f 477/142/449 462/115/434 467/124/439 
f 467/124/439 478/143/450 477/142/449 
f 479/144/451 468/125/440 455/106/427 
f 455/106/427 474/138/446 479/144/451 
f 471/130/443 433/52/405 75/145/71 
f 75/145/71 71/127/67 471/130/443 
f 480/146/452 83/147/79 84/148/80 
f 84/148/80 481/149/453 480/146/452 
f 482/150/454 82/151/78 83/147/79 
f 83/147/79 480/146/452 482/150/454 
f 205/82/190 204/152/189 78/153/74 
f 78/153/74 77/7/73 205/82/190 
f 203/76/188 437/67/409 439/72/411 
f 439/72/411 202/71/187 203/76/188 
f 200/154/185 422/30/394 483/155/455 
f 483/155/455 201/156/186 200/154/185 
f 56/157/54 81/117/77 464/120/436 
f 464/120/436 57/158/55 56/157/54 
f 78/153/74 483/155/455 463/119/435 
f 463/119/435 79/118/75 78/153/74 
f 440/75/412 159/159/145 155/68/141 
f 155/68/141 437/67/409 440/75/412 
f 206/73/191 413/16/385 412/15/384 
f 412/15/384 207/160/192 206/73/191 
f 484/161/456 485/162/457 411/14/383 
f 411/14/383 406/4/378 484/161/456 
f 213/163/198 449/98/421 440/75/412 
f 440/75/412 209/74/194 213/163/198 
f 58/164/56 40/165/40 45/166/40 
f 45/166/40 59/167/56 58/164/56 
f 157/66/143 158/168/144 486/169/458 
f 486/169/458 426/37/398 157/66/143 
f 427/38/399 426/37/398 486/169/458 
f 486/169/458 487/170/459 427/38/399 
f 485/162/457 448/95/420 412/15/384 
f 412/15/384 411/14/383 485/162/457 
f 406/4/378 405/3/377 488/171/460 
f 488/171/460 484/161/456 406/4/378 
f 451/100/423 484/161/456 488/171/460 
f 488/171/460 454/105/426 451/100/423 
f 450/99/422 446/93/418 448/95/420 
f 448/95/420 485/162/457 450/99/422 
f 453/104/425 487/170/459 486/169/458 
f 486/169/458 452/102/424 453/104/425 
f 25/172/25 74/173/70 13/64/13 
f 13/64/13 26/63/26 25/172/25 
f 149/103/135 452/102/424 486/169/458 
f 486/169/458 158/168/144 149/103/135 
f 61/174/58 49/89/47 68/88/64 
f 68/88/64 76/175/72 61/174/58 
f 199/101/184 443/84/415 449/98/421 
f 449/98/421 213/163/198 199/101/184 
f 451/100/423 450/99/422 485/162/457 
f 485/162/457 484/161/456 451/100/423 
f 30/176/30 24/177/24 23/62/23 
f 23/62/23 16/61/16 30/176/30 
f 159/159/145 440/75/412 449/98/421 
f 449/98/421 152/97/138 159/159/145 
f 207/160/192 412/15/384 448/95/420 
f 448/95/420 211/96/196 207/160/192 
f 41/178/40 40/165/40 58/164/56 
f 58/164/56 65/179/56 41/178/40 
f 208/12/193 410/11/382 422/30/394 
f 422/30/394 200/154/185 208/12/193 
f 53/180/51 480/146/452 481/149/453 
f 481/149/453 62/181/59 53/180/51 
f 55/182/53 482/150/454 480/146/452 
f 480/146/452 53/180/51 55/182/53 
f 464/120/436 85/46/81 66/45/62 
f 66/45/62 57/158/55 464/120/436 
f 483/155/455 422/30/394 86/29/82 
f 86/29/82 463/119/435 483/155/455 
f 483/155/455 78/153/74 204/152/189 
f 204/152/189 201/156/186 483/155/455 
f 62/181/59 481/149/453 72/183/68 
f 72/183/68 17/184/17 62/181/59 
f 73/185/69 72/183/68 481/149/453 
f 481/149/453 84/148/80 73/185/69 
f 108/58/102 436/57/408 87/50/83 
f 87/50/83 109/137/103 108/58/102 
f 46/186/44 61/174/58 76/175/72 
f 76/175/72 47/187/45 46/186/44 
f 36/22/36 474/138/446 473/132/445 
f 473/132/445 37/134/37 36/22/36 
f 475/139/447 5/188/5 33/189/33 
f 33/189/33 476/140/448 475/139/447 
f 476/140/448 33/189/33 32/133/32 
f 32/133/32 472/131/444 476/140/448 
f 116/59/109 115/141/108 477/142/449 
f 477/142/449 10/60/10 116/59/109 
f 15/190/15 62/181/59 17/184/17 
f 17/184/17 20/191/20 15/190/15 
f 10/60/10 477/142/449 478/143/450 
f 478/143/450 11/192/11 10/60/10 
f 420/25/392 479/144/451 474/138/446 
f 474/138/446 36/22/36 420/25/392 
f 2/193/2 75/145/71 433/52/405 
f 433/52/405 3/51/3 2/193/2 
f 435/56/407 432/49/404 433/52/405 
f 433/52/405 471/130/443 435/56/407 
f 6/136/6 5/188/5 475/139/447 
f 475/139/447 465/122/437 6/136/6 
f 434/53/406 435/56/407 471/130/443 
f 471/130/443 470/129/442 434/53/406 
f 465/122/437 475/139/447 458/109/430 
f 458/109/430 431/44/403 465/122/437 
f 457/108/429 430/41/402 431/44/403 
f 431/44/403 458/109/430 457/108/429 
f 103/194/99 105/195/101 92/196/88 
f 101/197/97 103/194/99 92/196/88 
f 101/197/97 92/196/88 88/198/84 
f 91/199/87 97/200/93 96/201/92 
f 88/198/84 91/199/87 96/201/92 
f 101/197/97 88/198/84 96/201/92 
f 98/202/94 101/197/97 96/201/92 
f 141/203/128 132/204/120 129/205/118 
f 141/203/128 129/205/118 128/206/117 
f 139/207/126 141/203/128 128/206/117 
f 139/207/126 128/206/117 145/208/132 
f 127/209/116 139/207/126 145/208/132 
f 127/209/116 145/208/132 144/210/131 
f 124/211/113 127/209/116 144/210/131 
f 144/210/131 135/212/123 134/213/122 
f 144/210/131 134/213/122 143/214/130 
f 124/211/113 144/210/131 143/214/130 
f 489/215/461 490/216/462 187/217/172 
f 187/217/172 190/218/175 489/215/461 
f 491/219/463 197/220/182 196/221/181 
f 492/222/464 491/219/463 196/221/181 
f 196/221/181 493/223/465 494/224/466 
f 196/221/181 494/224/466 495/225/467 
f 196/221/181 495/225/467 195/226/180 
f 196/221/181 195/226/180 194/227/179 
f 194/227/179 490/216/462 489/215/461 
f 489/215/461 496/228/468 497/229/469 
f 489/215/461 497/229/469 498/230/470 
f 194/227/179 489/215/461 498/230/470 
f 196/221/181 194/227/179 498/230/470 
f 492/222/464 196/221/181 498/230/470 
f 193/231/178 492/222/464 498/230/470 
f 193/231/178 498/230/470 192/232/177 
f 491/219/463 177/233/163 189/234/174 
f 189/234/174 197/220/182 491/219/463 
f 494/224/466 493/223/465 181/235/167 
f 181/235/167 184/236/170 494/224/466 
f 492/222/464 175/237/161 177/233/163 
f 177/233/163 491/219/463 492/222/464 
f 492/222/464 193/231/178 172/238/158 
f 172/238/158 175/237/161 492/222/464 
f 495/225/467 494/224/466 184/236/170 
f 184/236/170 182/239/168 495/225/467 
f 195/226/180 495/225/467 182/239/168 
f 182/239/168 169/240/155 195/226/180 
f 496/228/468 489/215/461 190/218/175 
f 190/218/175 160/241/146 496/228/468 
f 178/242/164 181/235/167 493/223/465 
f 493/223/465 196/221/181 178/242/164 
f 497/229/469 163/243/149 165/244/151 
f 165/244/151 498/230/470 497/229/469 
f 165/244/151 164/245/150 192/232/177 
f 192/232/177 498/230/470 165/244/151 
f 490/216/462 194/227/179 168/246/154 
f 168/246/154 187/217/172 490/216/462 
f 496/228/468 160/241/146 163/243/149 
f 163/243/149 497/229/469 496/228/468 
f 499/247/471 500/248/472 413/249/385 
f 413/249/385 439/250/411 499/247/471 
f 501/251/473 502/252/474 429/253/401 
f 429/253/401 428/254/400 501/251/473 
f 437/255/409 429/253/401 502/252/474 
f 502/252/474 503/256/475 437/255/409 
f 439/250/411 437/255/409 503/256/475 
f 503/256/475 499/247/471 439/250/411 
f 500/248/472 504/257/476 414/258/386 
f 414/258/386 413/249/385 500/248/472 
f 407/259/379 414/258/386 504/257/476 
f 504/257/476 505/260/477 407/259/379 
f 506/261/478 507/262/479 508/263/480 
f 508/263/480 509/264/481 506/261/478 
f 510/265/482 281/266/263 343/267/316 
f 343/267/316 349/268/322 510/265/482 
f 397/269/369 511/270/483 512/271/484 
f 512/271/484 400/272/372 397/269/369 
f 513/273/485 514/274/486 515/275/487 
f 515/275/487 516/276/488 513/273/485 
f 517/277/489 416/19/388 415/18/387 
f 415/18/387 518/278/490 517/277/489 
f 519/279/491 246/280/231 249/281/234 
f 249/281/234 520/282/492 519/279/491 
f 511/270/483 219/283/204 247/284/232 
f 247/284/232 521/285/493 511/270/483 
f 522/286/494 523/287/495 219/283/204 
f 219/283/204 511/270/483 522/286/494 
f 222/288/207 282/289/264 281/266/263 
f 281/266/263 510/265/482 222/288/207 
f 519/279/491 524/290/496 525/291/497 
f 525/291/497 246/280/231 519/279/491 
f 510/265/482 526/292/498 223/293/208 
f 223/293/208 222/288/207 510/265/482 
f 527/294/499 528/295/500 529/296/501 
f 529/296/501 530/297/502 527/294/499 
f 430/41/402 531/298/503 238/299/223 
f 238/299/223 28/42/28 430/41/402 
f 532/300/504 274/301/256 273/302/255 
f 273/302/255 220/303/205 532/300/504 
f 214/304/199 288/305/270 533/306/505 
f 533/306/505 534/307/506 214/304/199 
f 307/308/287 112/54/106 434/53/406 
f 434/53/406 535/309/507 307/308/287 
f 536/310/508 225/311/210 312/312/290 
f 312/312/290 305/313/286 536/310/508 
f 239/314/224 237/315/222 229/316/214 
f 229/316/214 228/317/213 239/314/224 
f 348/318/321 530/297/502 529/296/501 
f 529/296/501 350/319/323 348/318/321 
f 347/320/320 537/321/509 530/297/502 
f 530/297/502 348/318/321 347/320/320 
f 343/267/316 281/266/263 538/322/510 
f 538/322/510 344/323/317 343/267/316 
f 513/273/485 539/324/511 392/325/364 
f 392/325/364 396/326/368 513/273/485 
f 537/321/509 540/327/512 399/328/371 
f 399/328/371 391/329/363 537/321/509 
f 247/284/232 219/283/204 245/330/230 
f 245/330/230 244/331/229 247/284/232 
f 525/291/497 521/285/493 247/284/232 
f 247/284/232 246/280/231 525/291/497 
f 516/276/488 515/275/487 506/261/478 
f 506/261/478 509/264/481 516/276/488 
f 521/285/493 525/291/497 541/332/513 
f 541/332/513 542/333/514 521/285/493 
f 538/322/510 281/266/263 393/334/365 
f 393/334/365 387/335/359 538/322/510 
f 344/323/317 538/322/510 543/336/515 
f 543/336/515 346/337/319 344/323/317 
f 544/338/516 510/265/482 349/268/322 
f 349/268/322 342/339/315 544/338/516 
f 69/87/65 52/90/50 261/340/244 
f 261/340/244 275/341/257 69/87/65 
f 526/292/498 510/265/482 544/338/516 
f 544/338/516 545/342/517 526/292/498 
f 512/271/484 511/270/483 521/285/493 
f 521/285/493 542/333/514 512/271/484 
f 546/343/518 402/344/374 400/272/372 
f 400/272/372 512/271/484 546/343/518 
f 525/291/497 524/290/496 547/345/519 
f 547/345/519 541/332/513 525/291/497 
f 402/344/374 546/343/518 548/346/520 
f 548/346/520 401/347/373 402/344/374 
f 543/336/515 549/348/521 345/349/318 
f 345/349/318 346/337/319 543/336/515 
f 550/350/522 542/333/514 541/332/513 
f 541/332/513 551/351/523 550/350/522 
f 543/336/515 538/322/510 387/335/359 
f 387/335/359 386/352/358 543/336/515 
f 552/353/524 544/338/516 342/339/315 
f 342/339/315 341/354/314 552/353/524 
f 545/342/517 544/338/516 552/353/524 
f 552/353/524 553/355/525 545/342/517 
f 546/343/518 512/271/484 542/333/514 
f 542/333/514 550/350/522 546/343/518 
f 551/351/523 541/332/513 547/345/519 
f 547/345/519 554/356/526 551/351/523 
f 415/18/387 456/107/428 555/357/527 
f 555/357/527 518/278/490 415/18/387 
f 457/108/429 460/111/432 556/358/528 
f 556/358/528 557/359/529 457/108/429 
f 460/111/432 416/19/388 517/277/489 
f 517/277/489 556/358/528 460/111/432 
f 461/114/433 121/113/111 315/360/292 
f 315/360/292 558/361/530 461/114/433 
f 535/309/507 533/306/505 313/362/291 
f 313/362/291 307/308/287 535/309/507 
f 559/363/531 283/364/265 285/365/267 
f 285/365/267 560/366/532 559/363/531 
f 531/298/503 561/367/533 234/368/219 
f 234/368/219 238/299/223 531/298/503 
f 466/123/438 461/114/433 558/361/530 
f 558/361/530 562/369/534 466/123/438 
f 456/107/428 469/126/441 563/370/535 
f 563/370/535 555/357/527 456/107/428 
f 470/129/442 70/128/66 276/371/258 
f 276/371/258 564/372/536 470/129/442 
f 518/278/490 565/373/537 566/374/538 
f 566/374/538 517/277/489 518/278/490 
f 565/373/537 248/375/233 243/376/228 
f 243/376/228 566/374/538 565/373/537 
f 235/377/220 234/368/219 561/367/533 
f 561/367/533 221/378/206 235/377/220 
f 533/306/505 288/305/270 304/379/285 
f 304/379/285 313/362/291 533/306/505 
f 518/278/490 555/357/527 567/380/539 
f 567/380/539 565/373/537 518/278/490 
f 568/381/540 569/382/541 557/359/529 
f 557/359/529 556/358/528 568/381/540 
f 566/374/538 568/381/540 556/358/528 
f 556/358/528 517/277/489 566/374/538 
f 558/361/530 315/360/292 309/383/289 
f 309/383/289 570/384/542 558/361/530 
f 532/300/504 523/287/495 559/363/531 
f 559/363/531 560/366/532 532/300/504 
f 570/384/542 571/385/543 562/369/534 
f 562/369/534 558/361/530 570/384/542 
f 572/386/544 567/380/539 555/357/527 
f 555/357/527 563/370/535 572/386/544 
f 564/372/536 276/371/258 279/387/261 
f 279/387/261 534/307/506 564/372/536 
f 287/388/269 286/389/268 573/390/545 
f 573/390/545 574/391/546 287/388/269 
f 482/150/454 573/390/545 286/389/268 
f 286/389/268 82/151/78 482/150/454 
f 393/334/365 281/266/263 284/392/266 
f 284/392/266 394/393/366 393/334/365 
f 539/324/511 537/321/509 391/329/363 
f 391/329/363 392/325/364 539/324/511 
f 575/394/547 522/286/494 389/395/361 
f 389/395/361 388/396/360 575/394/547 
f 265/397/248 264/398/247 560/366/532 
f 560/366/532 285/365/267 265/397/248 
f 559/363/531 575/394/547 284/392/266 
f 284/392/266 283/364/265 559/363/531 
f 540/327/512 537/321/509 347/320/320 
f 347/320/320 352/399/325 540/327/512 
f 514/274/486 513/273/485 396/326/368 
f 396/326/368 395/400/367 514/274/486 
f 515/275/487 576/401/548 577/402/549 
f 577/402/549 506/261/478 515/275/487 
f 540/327/512 549/348/521 403/403/375 
f 403/403/375 399/328/371 540/327/512 
f 263/404/246 266/405/249 253/406/236 
f 253/406/236 252/407/236 263/404/246 
f 350/319/323 529/296/501 578/408/550 
f 578/408/550 351/409/324 350/319/323 
f 578/408/550 529/296/501 528/295/500 
f 528/295/500 579/410/551 578/408/550 
f 514/274/486 548/346/520 576/401/548 
f 576/401/548 515/275/487 514/274/486 
f 506/261/478 577/402/549 580/411/552 
f 580/411/552 507/262/479 506/261/478 
f 580/411/552 577/402/549 551/351/523 
f 551/351/523 554/356/526 580/411/552 
f 548/346/520 546/343/518 550/350/522 
f 550/350/522 576/401/548 548/346/520 
f 578/408/550 579/410/551 553/355/525 
f 553/355/525 552/353/524 578/408/550 
f 25/172/25 239/314/224 228/317/213 
f 228/317/213 74/173/70 25/172/25 
f 341/354/314 351/409/324 578/408/550 
f 578/408/550 552/353/524 341/354/314 
f 268/412/251 280/413/262 275/341/257 
f 275/341/257 261/340/244 268/412/251 
f 386/352/358 403/403/375 549/348/521 
f 549/348/521 543/336/515 386/352/358 
f 551/351/523 577/402/549 576/401/548 
f 576/401/548 550/350/522 551/351/523 
f 237/315/222 236/414/221 240/415/225 
f 240/415/225 229/316/214 237/315/222 
f 549/348/521 540/327/512 352/399/325 
f 352/399/325 345/349/318 549/348/521 
f 548/346/520 514/274/486 395/400/367 
f 395/400/367 401/347/373 548/346/520 
f 263/404/246 252/407/236 251/416/236 
f 251/416/236 271/417/246 263/404/246 
f 522/286/494 511/270/483 397/269/369 
f 397/269/369 389/395/361 522/286/494 
f 262/418/245 269/419/252 574/391/546 
f 574/391/546 573/390/545 262/418/245 
f 55/420/53 262/421/245 573/422/545 
f 573/422/545 482/423/454 55/420/53 
f 560/366/532 264/398/247 274/301/256 
f 274/301/256 532/300/504 560/366/532 
f 575/394/547 559/363/531 523/287/495 
f 523/287/495 522/286/494 575/394/547 
f 575/394/547 388/396/360 394/393/366 
f 394/393/366 284/392/266 575/394/547 
f 278/424/260 574/391/546 269/419/252 
f 269/419/252 231/425/216 278/424/260 
f 277/426/259 287/388/269 574/391/546 
f 574/391/546 278/424/260 277/426/259 
f 305/313/286 304/379/285 288/305/270 
f 288/305/270 536/310/508 305/313/286 
f 258/427/241 257/428/240 280/413/262 
f 280/413/262 268/412/251 258/427/241 
f 565/373/537 567/380/539 249/281/234 
f 249/281/234 248/375/233 565/373/537 
f 569/382/541 568/381/540 242/429/227 
f 242/429/227 218/430/203 569/382/541 
f 243/376/228 242/429/227 568/381/540 
f 568/381/540 566/374/538 243/376/228 
f 570/384/542 309/383/289 312/312/290 
f 312/312/290 225/311/210 570/384/542 
f 231/425/216 269/419/252 226/431/211 
f 226/431/211 232/432/217 231/425/216 
f 571/385/543 570/384/542 225/311/210 
f 225/311/210 224/433/209 571/385/543 
f 567/380/539 572/386/544 520/282/492 
f 520/282/492 249/281/234 567/380/539 
f 534/307/506 279/387/261 215/434/200 
f 215/434/200 214/304/199 534/307/506 
f 534/307/506 533/306/505 535/309/507 
f 535/309/507 564/372/536 534/307/506 
f 569/382/541 218/430/203 221/378/206 
f 221/378/206 561/367/533 569/382/541 
f 434/53/406 470/129/442 564/372/536 
f 564/372/536 535/309/507 434/53/406 
f 557/359/529 569/382/541 561/367/533 
f 561/367/533 531/298/503 557/359/529 
f 523/287/495 532/300/504 220/303/205 
f 220/303/205 219/283/204 523/287/495 
f 531/298/503 430/41/402 457/108/429 
f 457/108/429 557/359/529 531/298/503 
f 92/196/88 105/195/101 301/435/283 
f 92/196/88 301/435/283 300/436/282 
f 292/437/274 92/196/88 300/436/282 
f 300/436/282 299/438/281 296/439/278 
f 300/436/282 296/439/278 295/440/277 
f 292/437/274 300/436/282 295/440/277 
f 289/441/271 292/437/274 295/440/277 
f 331/442/305 334/443/308 340/444/313 
f 340/444/313 339/445/312 331/442/305 
f 322/446/298 326/447/301 329/448/303 
f 323/449/299 322/446/298 329/448/303 
f 338/450/311 323/449/299 329/448/303 
f 338/450/311 329/448/303 328/451/302 
f 328/451/302 320/452/296 319/453/295 
f 338/450/311 328/451/302 319/453/295 
f 335/454/309 338/450/311 319/453/295 
f 335/454/309 319/453/295 332/455/306 
f 335/454/309 332/455/306 331/442/305 
f 335/454/309 331/442/305 339/445/312 
f 581/456/553 398/457/370 364/458/337 
f 364/458/337 363/459/336 581/456/553 
f 398/457/370 581/456/553 582/460/554 
f 582/460/554 390/461/362 398/457/370 
f 353/462/326 356/463/329 390/461/362 
f 390/461/362 582/460/554 353/462/326 
f 581/456/553 583/464/555 584/465/556 
f 584/465/556 582/460/554 581/456/553 
f 585/466/557 586/467/558 382/468/354 
f 587/469/559 585/466/557 382/468/354 
f 588/470/560 587/469/559 382/468/354 
f 382/468/354 381/471/353 589/472/561 
f 588/470/560 382/468/354 589/472/561 
f 590/473/562 385/474/357 384/475/356 
f 591/476/563 590/473/562 384/475/356 
f 589/472/561 591/476/563 384/475/356 
f 589/472/561 384/475/356 383/477/355 
f 588/470/560 589/472/561 383/477/355 
f 383/477/355 592/478/564 584/465/556 
f 383/477/355 584/465/556 583/464/555 
f 588/470/560 383/477/355 583/464/555 
f 593/479/565 588/470/560 583/464/555 
f 369/480/342 589/472/561 381/471/353 
f 381/471/353 379/481/351 369/480/342 
f 365/482/338 359/483/332 385/474/357 
f 385/474/357 590/473/562 365/482/338 
f 586/467/558 585/466/557 378/484/350 
f 378/484/350 372/485/345 586/467/558 
f 588/470/560 593/479/565 363/459/336 
f 363/459/336 362/486/335 588/470/560 
f 366/487/339 591/476/563 589/472/561 
f 589/472/561 369/480/342 366/487/339 
f 365/482/338 590/473/562 591/476/563 
f 591/476/563 366/487/339 365/482/338 
f 585/466/557 587/469/559 376/488/349 
f 376/488/349 378/484/350 585/466/557 
f 362/486/335 376/488/349 587/469/559 
f 587/469/559 588/470/560 362/486/335 
f 592/478/564 353/462/326 582/460/554 
f 582/460/554 584/465/556 592/478/564 
f 371/489/344 382/468/354 586/467/558 
f 586/467/558 372/485/345 371/489/344 
f 581/456/553 363/459/336 593/479/565 
f 593/479/565 583/464/555 581/456/553 
f 354/490/327 353/462/326 592/478/564 
f 592/478/564 383/477/355 354/490/327 
f 594/491/566 539/492/511 513/493/485 
f 513/493/485 595/494/567 594/491/566 
f 596/495/568 527/496/499 530/497/502 
f 530/497/502 597/498/569 596/495/568 
f 597/498/569 530/497/502 537/499/509 
f 537/499/509 598/500/570 597/498/569 
f 598/500/570 537/499/509 539/492/511 
f 539/492/511 594/491/566 598/500/570 
f 595/494/567 513/493/485 516/501/488 
f 516/501/488 599/502/571 595/494/567 
f 509/503/481 600/504/572 599/502/571 
f 599/502/571 516/501/488 509/503/481 
# 1134 faces

#
# object luces
#

v  0.6091 -0.6417 0.0250
v  0.6091 -0.6090 0.0250
v  0.7009 -0.6090 0.0250
v  0.7009 -0.6417 0.0250
v  -0.6828 -0.6126 0.0227
v  -0.6828 -0.6453 0.0227
v  -0.7917 -0.6417 0.0250
v  -0.7917 -0.6090 0.0250
v  0.5304 -0.4416 0.0335
v  0.5242 -0.4422 0.0339
v  0.5237 -0.4574 0.0278
v  0.5328 -0.4566 0.0271
v  0.5276 -0.4258 0.0368
v  0.5245 -0.4261 0.0371
v  0.5417 -0.4133 0.0347
v  0.5358 -0.4815 0.0063
v  0.5346 -0.4700 0.0179
v  0.5231 -0.4711 0.0187
v  0.5223 -0.4827 0.0072
v  0.5457 -0.4667 0.0169
v  0.5415 -0.4540 0.0263
v  0.5364 -0.4399 0.0330
v  0.5307 -0.4249 0.0366
v  0.5489 -0.4776 0.0051
v  0.5559 -0.4614 0.0157
v  0.5609 -0.4713 0.0037
v  0.5495 -0.4498 0.0254
v  0.5419 -0.4370 0.0323
v  0.5335 -0.4234 0.0362
v  0.5648 -0.4541 0.0144
v  0.5565 -0.4441 0.0244
v  0.5468 -0.4330 0.0316
v  0.5360 -0.4214 0.0359
v  0.5714 -0.4628 0.0022
v  0.5721 -0.4452 0.0131
v  0.5800 -0.4523 0.0006
v  0.5623 -0.4371 0.0233
v  0.5507 -0.4282 0.0309
v  0.5380 -0.4190 0.0355
v  0.5537 -0.4227 0.0301
v  0.5665 -0.4291 0.0222
v  0.5395 -0.4162 0.0351
v  0.5776 -0.4351 0.0117
v  0.5864 -0.4404 -0.0011
v  0.5810 -0.4241 0.0104
v  0.5904 -0.4275 -0.0026
v  0.5692 -0.4205 0.0212
v  0.5555 -0.4168 0.0294
v  0.5404 -0.4132 0.0347
v  0.5561 -0.4106 0.0287
v  0.5407 -0.4100 0.0344
v  0.5821 -0.4126 0.0091
v  0.5917 -0.4140 -0.0041
v  0.5701 -0.4115 0.0202
v  0.5810 -0.4011 0.0080
v  0.5904 -0.4005 -0.0054
v  0.5692 -0.4024 0.0193
v  0.5555 -0.4044 0.0281
v  0.5404 -0.4068 0.0341
v  0.5537 -0.3984 0.0276
v  0.5566 -0.4074 0.0315
v  0.5776 -0.3901 0.0070
v  0.5864 -0.3875 -0.0065
v  0.5665 -0.3938 0.0186
v  0.5721 -0.3799 0.0063
v  0.5800 -0.3755 -0.0074
v  0.5623 -0.3857 0.0180
v  0.5507 -0.3929 0.0272
v  0.5551 -0.4045 0.0313
v  0.5360 -0.3985 0.0335
v  0.5714 -0.3650 -0.0079
v  0.5648 -0.3709 0.0058
v  0.5565 -0.3787 0.0176
v  0.5468 -0.3880 0.0270
v  0.5609 -0.3563 -0.0082
v  0.5559 -0.3636 0.0056
v  0.5495 -0.3729 0.0175
v  0.5419 -0.3840 0.0268
v  0.5335 -0.3965 0.0334
v  0.5307 -0.3949 0.0335
v  0.5489 -0.3498 -0.0081
v  0.5457 -0.3581 0.0057
v  0.5415 -0.3686 0.0175
v  0.5364 -0.3811 0.0269
v  0.5346 -0.3546 0.0060
v  0.5328 -0.3659 0.0177
v  0.5304 -0.3792 0.0270
v  0.5276 -0.3940 0.0335
v  0.5358 -0.3458 -0.0078
v  0.5223 -0.3444 -0.0071
v  0.5231 -0.3534 0.0066
v  0.5237 -0.3650 0.0182
v  0.5242 -0.3786 0.0274
v  0.5245 -0.3937 0.0337
v  0.5179 -0.3791 0.0278
v  0.5147 -0.3658 0.0188
v  0.5213 -0.3940 0.0339
v  0.5116 -0.3545 0.0074
v  0.5088 -0.3456 -0.0061
v  0.5005 -0.3578 0.0084
v  0.4958 -0.3495 -0.0049
v  0.5060 -0.3684 0.0196
v  0.5120 -0.3809 0.0283
v  0.5182 -0.3949 0.0342
v  0.5064 -0.3838 0.0290
v  0.4979 -0.3726 0.0206
v  0.5154 -0.3963 0.0345
v  0.4903 -0.3631 0.0096
v  0.4838 -0.3558 -0.0036
v  0.4813 -0.3704 0.0109
v  0.4732 -0.3643 -0.0020
v  0.4909 -0.3783 0.0216
v  0.5016 -0.3877 0.0297
v  0.5129 -0.3983 0.0349
v  0.5109 -0.4008 0.0353
v  0.4976 -0.3925 0.0304
v  0.4740 -0.3793 0.0122
v  0.4646 -0.3748 -0.0004
v  0.4852 -0.3853 0.0226
v  0.4686 -0.3894 0.0136
v  0.4582 -0.3867 0.0012
v  0.4809 -0.3932 0.0237
v  0.4947 -0.3980 0.0312
v  0.5094 -0.4036 0.0356
v  0.4928 -0.4040 0.0319
v  0.5085 -0.4066 0.0360
v  0.4652 -0.4004 0.0150
v  0.4542 -0.3996 0.0028
v  0.4782 -0.4019 0.0248
v  0.4529 -0.4131 0.0043
v  0.4641 -0.4119 0.0162
v  0.4773 -0.4109 0.0258
v  0.4922 -0.4102 0.0326
v  0.5082 -0.4098 0.0364
v  0.5085 -0.4130 0.0367
v  0.4542 -0.4266 0.0056
v  0.4652 -0.4234 0.0173
v  0.4782 -0.4199 0.0267
v  0.4928 -0.4164 0.0332
v  0.4686 -0.4344 0.0183
v  0.4809 -0.4286 0.0274
v  0.4947 -0.4224 0.0337
v  0.5094 -0.4160 0.0369
v  0.4582 -0.4396 0.0067
v  0.4740 -0.4446 0.0190
v  0.4646 -0.4516 0.0075
v  0.4852 -0.4366 0.0280
v  0.4976 -0.4279 0.0341
v  0.5109 -0.4188 0.0371
v  0.4813 -0.4536 0.0195
v  0.4909 -0.4436 0.0283
v  0.5016 -0.4327 0.0343
v  0.5129 -0.4213 0.0373
v  0.4732 -0.4621 0.0081
v  0.4903 -0.4609 0.0197
v  0.4838 -0.4708 0.0083
v  0.4979 -0.4494 0.0285
v  0.5064 -0.4367 0.0345
v  0.5154 -0.4233 0.0373
v  0.5120 -0.4397 0.0344
v  0.5060 -0.4538 0.0285
v  0.5792 -0.3768 -0.0204
v  0.5706 -0.3663 -0.0209
v  0.5182 -0.4248 0.0373
v  0.5215 -0.4840 -0.0058
v  0.5351 -0.4828 -0.0067
v  0.4574 -0.3880 -0.0118
v  0.4535 -0.4010 -0.0102
v  0.4830 -0.3572 -0.0165
v  0.4724 -0.3657 -0.0150
v  0.5909 -0.4153 -0.0171
v  0.5896 -0.4018 -0.0184
v  0.4950 -0.4786 -0.0047
v  0.5080 -0.4826 -0.0051
v  0.5088 -0.4813 0.0079
v  0.4958 -0.4773 0.0083
v  0.5481 -0.3512 -0.0211
v  0.5351 -0.3471 -0.0208
v  0.4535 -0.4280 -0.0074
v  0.4574 -0.4410 -0.0063
v  0.5481 -0.4789 -0.0079
v  0.5005 -0.4664 0.0196
v  0.5080 -0.3470 -0.0191
v  0.4950 -0.3508 -0.0179
v  0.5856 -0.3888 -0.0195
v  0.5856 -0.4418 -0.0140
v  0.5896 -0.4288 -0.0156
v  0.4638 -0.3761 -0.0134
v  0.5601 -0.3576 -0.0212
v  0.5116 -0.4699 0.0193
v  0.4724 -0.4635 -0.0049
v  0.4830 -0.4722 -0.0046
v  0.5147 -0.4564 0.0282
v  0.5179 -0.4416 0.0343
v  0.5706 -0.4641 -0.0108
v  0.5792 -0.4537 -0.0124
v  0.5213 -0.4258 0.0372
v  0.4521 -0.4145 -0.0087
v  0.5215 -0.3457 -0.0201
v  0.4638 -0.4530 -0.0055
v  0.5601 -0.4726 -0.0093
v  -0.6212 -0.4416 0.0335
v  -0.6235 -0.4566 0.0271
v  -0.6145 -0.4574 0.0278
v  -0.6150 -0.4422 0.0339
v  -0.6153 -0.4261 0.0371
v  -0.6184 -0.4258 0.0368
v  -0.6154 -0.4097 0.0370
v  -0.6131 -0.4827 0.0072
v  -0.6139 -0.4711 0.0187
v  -0.6254 -0.4700 0.0179
v  -0.6266 -0.4815 0.0063
v  -0.6322 -0.4540 0.0263
v  -0.6365 -0.4667 0.0169
v  -0.6272 -0.4399 0.0330
v  -0.6215 -0.4249 0.0366
v  -0.6397 -0.4776 0.0051
v  -0.6467 -0.4614 0.0157
v  -0.6517 -0.4713 0.0037
v  -0.6403 -0.4498 0.0254
v  -0.6327 -0.4370 0.0323
v  -0.6243 -0.4234 0.0362
v  -0.6473 -0.4441 0.0244
v  -0.6556 -0.4541 0.0144
v  -0.6376 -0.4330 0.0316
v  -0.6268 -0.4214 0.0359
v  -0.6622 -0.4628 0.0022
v  -0.6629 -0.4452 0.0131
v  -0.6708 -0.4523 0.0006
v  -0.6531 -0.4371 0.0233
v  -0.6415 -0.4282 0.0309
v  -0.6288 -0.4190 0.0355
v  -0.6445 -0.4227 0.0301
v  -0.6573 -0.4291 0.0222
v  -0.6303 -0.4162 0.0351
v  -0.6684 -0.4351 0.0117
v  -0.6772 -0.4404 -0.0011
v  -0.6718 -0.4241 0.0104
v  -0.6812 -0.4275 -0.0026
v  -0.6600 -0.4205 0.0212
v  -0.6463 -0.4168 0.0294
v  -0.6312 -0.4132 0.0347
v  -0.6315 -0.4100 0.0344
v  -0.6469 -0.4106 0.0287
v  -0.6729 -0.4126 0.0091
v  -0.6825 -0.4140 -0.0041
v  -0.6609 -0.4115 0.0202
v  -0.6718 -0.4011 0.0080
v  -0.6812 -0.4005 -0.0054
v  -0.6600 -0.4024 0.0193
v  -0.6463 -0.4044 0.0281
v  -0.6312 -0.4068 0.0341
v  -0.6303 -0.4038 0.0338
v  -0.6445 -0.3984 0.0276
v  -0.6684 -0.3901 0.0070
v  -0.6772 -0.3875 -0.0065
v  -0.6573 -0.3938 0.0186
v  -0.6629 -0.3799 0.0063
v  -0.6708 -0.3755 -0.0074
v  -0.6531 -0.3857 0.0180
v  -0.6415 -0.3929 0.0272
v  -0.6288 -0.4010 0.0336
v  -0.6268 -0.3985 0.0335
v  -0.6556 -0.3709 0.0058
v  -0.6622 -0.3650 -0.0079
v  -0.6473 -0.3787 0.0176
v  -0.6376 -0.3880 0.0270
v  -0.6467 -0.3636 0.0056
v  -0.6517 -0.3563 -0.0082
v  -0.6403 -0.3729 0.0175
v  -0.6327 -0.3840 0.0268
v  -0.6243 -0.3965 0.0334
v  -0.6215 -0.3949 0.0335
v  -0.6365 -0.3581 0.0057
v  -0.6397 -0.3498 -0.0081
v  -0.6322 -0.3686 0.0175
v  -0.6272 -0.3811 0.0269
v  -0.6235 -0.3659 0.0177
v  -0.6254 -0.3546 0.0060
v  -0.6212 -0.3792 0.0270
v  -0.6184 -0.3940 0.0335
v  -0.6266 -0.3458 -0.0078
v  -0.6139 -0.3534 0.0066
v  -0.6131 -0.3444 -0.0071
v  -0.6145 -0.3650 0.0182
v  -0.6150 -0.3786 0.0274
v  -0.6153 -0.3937 0.0337
v  -0.6087 -0.3791 0.0278
v  -0.6055 -0.3658 0.0188
v  -0.6121 -0.3940 0.0339
v  -0.6024 -0.3545 0.0074
v  -0.5996 -0.3456 -0.0061
v  -0.5913 -0.3578 0.0084
v  -0.5866 -0.3495 -0.0049
v  -0.5968 -0.3684 0.0196
v  -0.6027 -0.3809 0.0283
v  -0.6090 -0.3949 0.0342
v  -0.5972 -0.3838 0.0290
v  -0.5887 -0.3726 0.0206
v  -0.6062 -0.3963 0.0345
v  -0.5811 -0.3631 0.0096
v  -0.5746 -0.3558 -0.0036
v  -0.5721 -0.3704 0.0109
v  -0.5640 -0.3643 -0.0020
v  -0.5817 -0.3783 0.0216
v  -0.5924 -0.3877 0.0297
v  -0.6037 -0.3983 0.0349
v  -0.6017 -0.4008 0.0353
v  -0.5884 -0.3925 0.0304
v  -0.5648 -0.3793 0.0122
v  -0.5554 -0.3748 -0.0004
v  -0.5759 -0.3853 0.0226
v  -0.5593 -0.3894 0.0136
v  -0.5490 -0.3867 0.0012
v  -0.5717 -0.3932 0.0237
v  -0.5855 -0.3980 0.0312
v  -0.6002 -0.4036 0.0356
v  -0.5993 -0.4066 0.0360
v  -0.5836 -0.4040 0.0319
v  -0.5560 -0.4004 0.0150
v  -0.5450 -0.3996 0.0028
v  -0.5690 -0.4019 0.0248
v  -0.5549 -0.4119 0.0162
v  -0.5437 -0.4131 0.0043
v  -0.5681 -0.4109 0.0258
v  -0.5830 -0.4102 0.0326
v  -0.5990 -0.4098 0.0364
v  -0.5993 -0.4130 0.0367
v  -0.5560 -0.4234 0.0173
v  -0.5450 -0.4266 0.0056
v  -0.5690 -0.4199 0.0267
v  -0.5836 -0.4164 0.0332
v  -0.5717 -0.4286 0.0274
v  -0.5593 -0.4344 0.0183
v  -0.5855 -0.4224 0.0337
v  -0.6002 -0.4160 0.0369
v  -0.5490 -0.4396 0.0067
v  -0.5648 -0.4446 0.0190
v  -0.5554 -0.4516 0.0075
v  -0.5759 -0.4366 0.0280
v  -0.5884 -0.4279 0.0341
v  -0.6017 -0.4188 0.0371
v  -0.5817 -0.4436 0.0283
v  -0.5721 -0.4536 0.0195
v  -0.5924 -0.4327 0.0343
v  -0.6037 -0.4213 0.0373
v  -0.5640 -0.4621 0.0081
v  -0.5746 -0.4708 0.0083
v  -0.5811 -0.4609 0.0197
v  -0.5887 -0.4494 0.0285
v  -0.5972 -0.4367 0.0345
v  -0.6062 -0.4233 0.0373
v  -0.6027 -0.4397 0.0344
v  -0.5968 -0.4538 0.0285
v  -0.6614 -0.3663 -0.0209
v  -0.6700 -0.3768 -0.0204
v  -0.6090 -0.4248 0.0373
v  -0.6259 -0.4828 -0.0067
v  -0.6123 -0.4840 -0.0058
v  -0.5443 -0.4010 -0.0102
v  -0.5482 -0.3880 -0.0118
v  -0.5632 -0.3657 -0.0150
v  -0.5738 -0.3572 -0.0165
v  -0.6817 -0.4153 -0.0171
v  -0.6804 -0.4018 -0.0184
v  -0.5866 -0.4773 0.0083
v  -0.5996 -0.4813 0.0079
v  -0.5988 -0.4826 -0.0051
v  -0.5858 -0.4786 -0.0047
v  -0.6259 -0.3471 -0.0208
v  -0.6389 -0.3512 -0.0211
v  -0.5443 -0.4280 -0.0074
v  -0.5482 -0.4410 -0.0063
v  -0.6389 -0.4789 -0.0079
v  -0.5913 -0.4664 0.0196
v  -0.5858 -0.3508 -0.0179
v  -0.5988 -0.3470 -0.0191
v  -0.6764 -0.3888 -0.0195
v  -0.6804 -0.4288 -0.0156
v  -0.6764 -0.4418 -0.0140
v  -0.5546 -0.3761 -0.0134
v  -0.6509 -0.3576 -0.0212
v  -0.6024 -0.4699 0.0193
v  -0.5632 -0.4635 -0.0049
v  -0.5738 -0.4722 -0.0046
v  -0.6055 -0.4564 0.0282
v  -0.6087 -0.4416 0.0343
v  -0.6700 -0.4537 -0.0124
v  -0.6614 -0.4641 -0.0108
v  -0.6121 -0.4258 0.0372
v  -0.5429 -0.4145 -0.0087
v  -0.6123 -0.3457 -0.0201
v  -0.5546 -0.4530 -0.0055
v  -0.6509 -0.4726 -0.0093
v  0.6823 -0.3979 0.0005
v  0.6802 -0.4136 -0.0039
v  0.6888 -0.4130 -0.0070
v  0.6882 -0.3975 -0.0016
v  0.6833 -0.3816 0.0019
v  0.6864 -0.3814 0.0008
v  0.7005 -0.3689 -0.0021
v  0.6772 -0.4280 -0.0112
v  0.6735 -0.4406 -0.0209
v  0.6863 -0.4398 -0.0255
v  0.6881 -0.4273 -0.0150
v  0.6969 -0.4107 -0.0103
v  0.6985 -0.4244 -0.0192
v  0.6938 -0.3960 -0.0039
v  0.6892 -0.3806 -0.0003
v  0.6985 -0.4364 -0.0304
v  0.7098 -0.4305 -0.0354
v  0.7081 -0.4194 -0.0235
v  0.7044 -0.4068 -0.0136
v  0.6990 -0.3933 -0.0062
v  0.6919 -0.3792 -0.0015
v  0.7164 -0.4125 -0.0278
v  0.7109 -0.4014 -0.0170
v  0.7034 -0.3895 -0.0085
v  0.6942 -0.3773 -0.0027
v  0.7195 -0.4224 -0.0404
v  0.7274 -0.4124 -0.0452
v  0.7231 -0.4040 -0.0318
v  0.7162 -0.3947 -0.0202
v  0.7071 -0.3849 -0.0107
v  0.6960 -0.3750 -0.0038
v  0.7201 -0.3870 -0.0231
v  0.7097 -0.3796 -0.0127
v  0.6974 -0.3723 -0.0048
v  0.7332 -0.4008 -0.0496
v  0.7280 -0.3941 -0.0355
v  0.7366 -0.3881 -0.0533
v  0.7309 -0.3834 -0.0387
v  0.7224 -0.3785 -0.0256
v  0.7113 -0.3738 -0.0144
v  0.6982 -0.3693 -0.0057
v  0.6984 -0.3662 -0.0064
v  0.7117 -0.3677 -0.0158
v  0.7375 -0.3749 -0.0563
v  0.7317 -0.3721 -0.0413
v  0.7230 -0.3697 -0.0276
v  0.7303 -0.3607 -0.0431
v  0.7358 -0.3615 -0.0585
v  0.7219 -0.3607 -0.0290
v  0.7110 -0.3615 -0.0168
v  0.6980 -0.3631 -0.0069
v  0.7091 -0.3556 -0.0174
v  0.6970 -0.3600 -0.0072
v  0.7268 -0.3497 -0.0442
v  0.7317 -0.3486 -0.0598
v  0.7191 -0.3521 -0.0299
v  0.7213 -0.3395 -0.0444
v  0.7253 -0.3366 -0.0600
v  0.7148 -0.3441 -0.0301
v  0.7061 -0.3500 -0.0175
v  0.6955 -0.3572 -0.0073
v  0.6935 -0.3547 -0.0071
v  0.7141 -0.3305 -0.0438
v  0.7169 -0.3259 -0.0593
v  0.7092 -0.3369 -0.0296
v  0.7022 -0.3451 -0.0172
v  0.7054 -0.3229 -0.0424
v  0.7066 -0.3171 -0.0576
v  0.7024 -0.3310 -0.0284
v  0.6975 -0.3411 -0.0164
v  0.6911 -0.3526 -0.0067
v  0.6884 -0.3511 -0.0061
v  0.6956 -0.3172 -0.0402
v  0.6951 -0.3103 -0.0550
v  0.6946 -0.3265 -0.0267
v  0.6922 -0.3380 -0.0152
v  0.6850 -0.3135 -0.0373
v  0.6863 -0.3236 -0.0245
v  0.6865 -0.3360 -0.0137
v  0.6855 -0.3500 -0.0053
v  0.6826 -0.3060 -0.0517
v  0.6740 -0.3120 -0.0338
v  0.6697 -0.3042 -0.0476
v  0.6777 -0.3224 -0.0218
v  0.6805 -0.3351 -0.0118
v  0.6825 -0.3496 -0.0044
v  0.6691 -0.3230 -0.0187
v  0.6746 -0.3355 -0.0097
v  0.6795 -0.3498 -0.0033
v  0.6569 -0.3050 -0.0430
v  0.6631 -0.3127 -0.0300
v  0.6527 -0.3156 -0.0258
v  0.6446 -0.3084 -0.0381
v  0.6609 -0.3252 -0.0154
v  0.6690 -0.3371 -0.0075
v  0.6937 -0.3542 -0.0045
v  0.6534 -0.3292 -0.0121
v  0.6638 -0.3398 -0.0051
v  0.6911 -0.3556 -0.0033
v  0.6334 -0.3143 -0.0331
v  0.6432 -0.3206 -0.0215
v  0.6237 -0.3224 -0.0281
v  0.6349 -0.3274 -0.0173
v  0.6469 -0.3346 -0.0087
v  0.6593 -0.3435 -0.0028
v  0.6717 -0.3539 0.0002
v  0.6557 -0.3481 -0.0006
v  0.6698 -0.3562 0.0013
v  0.6282 -0.3360 -0.0132
v  0.6158 -0.3324 -0.0233
v  0.6416 -0.3413 -0.0055
v  0.6100 -0.3440 -0.0190
v  0.6233 -0.3458 -0.0095
v  0.6378 -0.3490 -0.0026
v  0.6531 -0.3534 0.0014
v  0.6685 -0.3589 0.0023
v  0.6515 -0.3593 0.0031
v  0.6677 -0.3619 0.0032
v  0.6066 -0.3566 -0.0152
v  0.6204 -0.3566 -0.0063
v  0.6355 -0.3575 -0.0001
v  0.6057 -0.3699 -0.0122
v  0.6196 -0.3678 -0.0037
v  0.6349 -0.3663 0.0019
v  0.6511 -0.3654 0.0045
v  0.6675 -0.3650 0.0039
v  0.6678 -0.3682 0.0044
v  0.6210 -0.3792 -0.0019
v  0.6073 -0.3832 -0.0100
v  0.6360 -0.3752 0.0034
v  0.6518 -0.3715 0.0055
v  0.6245 -0.3902 -0.0008
v  0.6387 -0.3839 0.0042
v  0.6537 -0.3775 0.0061
v  0.6688 -0.3712 0.0047
v  0.6114 -0.3962 -0.0088
v  0.6299 -0.4004 -0.0006
v  0.6179 -0.4082 -0.0085
v  0.6430 -0.3919 0.0044
v  0.6567 -0.3830 0.0062
v  0.6703 -0.3740 0.0048
v  0.6487 -0.3990 0.0039
v  0.6371 -0.4095 -0.0012
v  0.6606 -0.3879 0.0059
v  0.6723 -0.3765 0.0046
v  0.6263 -0.4188 -0.0092
v  0.6458 -0.4170 -0.0026
v  0.6365 -0.4277 -0.0109
v  0.6555 -0.4050 0.0028
v  0.6653 -0.3920 0.0051
v  0.6747 -0.3786 0.0042
v  0.6706 -0.3951 0.0039
v  0.6632 -0.4095 0.0010
v  0.7212 -0.3391 -0.0722
v  0.7127 -0.3284 -0.0715
v  0.6774 -0.3802 0.0036
v  0.6693 -0.4431 -0.0331
v  0.6821 -0.4423 -0.0376
v  0.6058 -0.3465 -0.0311
v  0.6024 -0.3591 -0.0274
v  0.6293 -0.3168 -0.0452
v  0.6195 -0.3249 -0.0402
v  0.7333 -0.3774 -0.0685
v  0.7317 -0.3640 -0.0707
v  0.6439 -0.4369 -0.0257
v  0.6564 -0.4413 -0.0290
v  0.6606 -0.4388 -0.0169
v  0.6481 -0.4344 -0.0135
v  0.6909 -0.3128 -0.0672
v  0.6784 -0.3085 -0.0638
v  0.6032 -0.3857 -0.0222
v  0.6073 -0.3987 -0.0209
v  0.6944 -0.4388 -0.0425
v  0.6557 -0.4227 -0.0048
v  0.6527 -0.3075 -0.0552
v  0.6405 -0.3109 -0.0503
v  0.7276 -0.3511 -0.0719
v  0.7290 -0.4033 -0.0617
v  0.7324 -0.3906 -0.0655
v  0.6116 -0.3349 -0.0355
v  0.7025 -0.3195 -0.0698
v  0.6663 -0.4264 -0.0077
v  0.6222 -0.4213 -0.0214
v  0.6324 -0.4302 -0.0231
v  0.6716 -0.4124 -0.0012
v  0.6763 -0.3971 0.0023
v  0.7153 -0.4249 -0.0526
v  0.7232 -0.4148 -0.0574
v  0.6803 -0.3812 0.0028
v  0.6015 -0.3724 -0.0244
v  0.6656 -0.3067 -0.0598
v  0.6137 -0.4107 -0.0207
v  0.7056 -0.4330 -0.0476
v  -0.7796 -0.4130 -0.0070
v  -0.7710 -0.4136 -0.0039
v  -0.7731 -0.3979 0.0005
v  -0.7790 -0.3975 -0.0016
v  -0.7741 -0.3816 0.0019
v  -0.7772 -0.3814 0.0008
v  -0.7742 -0.3653 0.0002
v  -0.7771 -0.4398 -0.0255
v  -0.7643 -0.4406 -0.0209
v  -0.7680 -0.4280 -0.0112
v  -0.7789 -0.4273 -0.0150
v  -0.7877 -0.4107 -0.0103
v  -0.7893 -0.4244 -0.0192
v  -0.7846 -0.3960 -0.0039
v  -0.7800 -0.3806 -0.0003
v  -0.7893 -0.4364 -0.0304
v  -0.7989 -0.4194 -0.0235
v  -0.8006 -0.4305 -0.0354
v  -0.7952 -0.4068 -0.0136
v  -0.7898 -0.3933 -0.0062
v  -0.7827 -0.3792 -0.0015
v  -0.8017 -0.4014 -0.0170
v  -0.8072 -0.4125 -0.0278
v  -0.7942 -0.3895 -0.0085
v  -0.7849 -0.3773 -0.0027
v  -0.8103 -0.4224 -0.0404
v  -0.8139 -0.4040 -0.0318
v  -0.8182 -0.4124 -0.0452
v  -0.8070 -0.3947 -0.0202
v  -0.7979 -0.3849 -0.0107
v  -0.7868 -0.3750 -0.0038
v  -0.8005 -0.3796 -0.0127
v  -0.8109 -0.3870 -0.0231
v  -0.7882 -0.3723 -0.0048
v  -0.8188 -0.3941 -0.0355
v  -0.8240 -0.4008 -0.0496
v  -0.8217 -0.3834 -0.0387
v  -0.8274 -0.3881 -0.0533
v  -0.8132 -0.3785 -0.0256
v  -0.8021 -0.3738 -0.0144
v  -0.7890 -0.3693 -0.0057
v  -0.7892 -0.3662 -0.0064
v  -0.8025 -0.3677 -0.0158
v  -0.8225 -0.3721 -0.0413
v  -0.8283 -0.3749 -0.0563
v  -0.8138 -0.3697 -0.0276
v  -0.8211 -0.3607 -0.0431
v  -0.8266 -0.3615 -0.0585
v  -0.8127 -0.3607 -0.0290
v  -0.8018 -0.3615 -0.0168
v  -0.7888 -0.3631 -0.0069
v  -0.7878 -0.3600 -0.0072
v  -0.7999 -0.3556 -0.0174
v  -0.8176 -0.3497 -0.0442
v  -0.8225 -0.3486 -0.0598
v  -0.8099 -0.3521 -0.0299
v  -0.8121 -0.3395 -0.0444
v  -0.8161 -0.3366 -0.0600
v  -0.8056 -0.3441 -0.0301
v  -0.7969 -0.3500 -0.0175
v  -0.7863 -0.3572 -0.0073
v  -0.7843 -0.3547 -0.0071
v  -0.8049 -0.3305 -0.0438
v  -0.8077 -0.3259 -0.0593
v  -0.8000 -0.3369 -0.0296
v  -0.7930 -0.3451 -0.0172
v  -0.7962 -0.3229 -0.0424
v  -0.7974 -0.3171 -0.0576
v  -0.7931 -0.3310 -0.0284
v  -0.7883 -0.3411 -0.0164
v  -0.7819 -0.3526 -0.0067
v  -0.7792 -0.3511 -0.0061
v  -0.7864 -0.3172 -0.0402
v  -0.7859 -0.3103 -0.0550
v  -0.7854 -0.3265 -0.0267
v  -0.7830 -0.3380 -0.0152
v  -0.7771 -0.3236 -0.0245
v  -0.7758 -0.3135 -0.0373
v  -0.7773 -0.3360 -0.0137
v  -0.7763 -0.3500 -0.0053
v  -0.7734 -0.3060 -0.0517
v  -0.7648 -0.3120 -0.0338
v  -0.7605 -0.3042 -0.0476
v  -0.7685 -0.3224 -0.0218
v  -0.7713 -0.3351 -0.0118
v  -0.7733 -0.3496 -0.0044
v  -0.7654 -0.3355 -0.0097
v  -0.7599 -0.3230 -0.0187
v  -0.7703 -0.3498 -0.0033
v  -0.7539 -0.3127 -0.0300
v  -0.7477 -0.3050 -0.0430
v  -0.7435 -0.3156 -0.0258
v  -0.7354 -0.3084 -0.0381
v  -0.7517 -0.3252 -0.0154
v  -0.7598 -0.3371 -0.0075
v  -0.7674 -0.3506 -0.0022
v  -0.7546 -0.3398 -0.0051
v  -0.7442 -0.3292 -0.0121
v  -0.7648 -0.3520 -0.0010
v  -0.7242 -0.3143 -0.0331
v  -0.7340 -0.3206 -0.0215
v  -0.7257 -0.3274 -0.0173
v  -0.7145 -0.3224 -0.0281
v  -0.7377 -0.3346 -0.0087
v  -0.7501 -0.3435 -0.0028
v  -0.7625 -0.3539 0.0002
v  -0.7606 -0.3562 0.0013
v  -0.7465 -0.3481 -0.0006
v  -0.7190 -0.3360 -0.0132
v  -0.7066 -0.3324 -0.0233
v  -0.7324 -0.3413 -0.0055
v  -0.7140 -0.3458 -0.0095
v  -0.7008 -0.3440 -0.0190
v  -0.7286 -0.3490 -0.0026
v  -0.7438 -0.3534 0.0014
v  -0.7593 -0.3589 0.0023
v  -0.7585 -0.3619 0.0032
v  -0.7423 -0.3593 0.0031
v  -0.7112 -0.3566 -0.0063
v  -0.6974 -0.3566 -0.0152
v  -0.7263 -0.3575 -0.0001
v  -0.7104 -0.3678 -0.0037
v  -0.6965 -0.3699 -0.0122
v  -0.7257 -0.3663 0.0019
v  -0.7419 -0.3654 0.0045
v  -0.7582 -0.3650 0.0039
v  -0.7586 -0.3682 0.0044
v  -0.7118 -0.3792 -0.0019
v  -0.6981 -0.3832 -0.0100
v  -0.7268 -0.3752 0.0034
v  -0.7426 -0.3715 0.0055
v  -0.7295 -0.3839 0.0042
v  -0.7153 -0.3902 -0.0008
v  -0.7445 -0.3775 0.0061
v  -0.7596 -0.3712 0.0047
v  -0.7022 -0.3962 -0.0088
v  -0.7207 -0.4004 -0.0006
v  -0.7087 -0.4082 -0.0085
v  -0.7338 -0.3919 0.0044
v  -0.7475 -0.3830 0.0062
v  -0.7611 -0.3740 0.0048
v  -0.7395 -0.3990 0.0039
v  -0.7279 -0.4095 -0.0012
v  -0.7514 -0.3879 0.0059
v  -0.7631 -0.3765 0.0046
v  -0.7171 -0.4188 -0.0092
v  -0.7366 -0.4170 -0.0026
v  -0.7273 -0.4277 -0.0109
v  -0.7463 -0.4050 0.0028
v  -0.7561 -0.3920 0.0051
v  -0.7655 -0.3786 0.0042
v  -0.7614 -0.3951 0.0039
v  -0.7540 -0.4095 0.0010
v  -0.8035 -0.3284 -0.0715
v  -0.8120 -0.3391 -0.0722
v  -0.7682 -0.3802 0.0036
v  -0.7729 -0.4423 -0.0376
v  -0.7601 -0.4431 -0.0331
v  -0.6966 -0.3465 -0.0311
v  -0.6932 -0.3591 -0.0274
v  -0.7103 -0.3249 -0.0402
v  -0.7201 -0.3168 -0.0452
v  -0.8225 -0.3640 -0.0707
v  -0.8241 -0.3774 -0.0685
v  -0.7514 -0.4388 -0.0169
v  -0.7472 -0.4413 -0.0290
v  -0.7347 -0.4369 -0.0257
v  -0.7389 -0.4344 -0.0135
v  -0.7817 -0.3128 -0.0672
v  -0.7692 -0.3085 -0.0638
v  -0.6940 -0.3857 -0.0222
v  -0.6981 -0.3987 -0.0209
v  -0.7852 -0.4388 -0.0425
v  -0.7465 -0.4227 -0.0048
v  -0.7313 -0.3109 -0.0503
v  -0.7435 -0.3075 -0.0552
v  -0.8184 -0.3511 -0.0719
v  -0.8232 -0.3906 -0.0655
v  -0.8198 -0.4033 -0.0617
v  -0.7024 -0.3349 -0.0355
v  -0.7933 -0.3195 -0.0698
v  -0.7571 -0.4264 -0.0077
v  -0.7232 -0.4302 -0.0231
v  -0.7130 -0.4213 -0.0214
v  -0.7624 -0.4124 -0.0012
v  -0.7671 -0.3971 0.0023
v  -0.8140 -0.4148 -0.0574
v  -0.8061 -0.4249 -0.0526
v  -0.7711 -0.3812 0.0028
v  -0.6923 -0.3724 -0.0244
v  -0.7564 -0.3067 -0.0598
v  -0.7045 -0.4107 -0.0207
v  -0.7964 -0.4330 -0.0476
v  0.4374 -0.6606 0.1360
v  0.4340 -0.6608 0.1365
v  0.4334 -0.6693 0.1340
v  0.4382 -0.6690 0.1332
v  0.4362 -0.6518 0.1371
v  0.4345 -0.6519 0.1374
v  0.4347 -0.6431 0.1365
v  0.4387 -0.6767 0.1289
v  0.4325 -0.6771 0.1298
v  0.4315 -0.6839 0.1242
v  0.4388 -0.6835 0.1231
v  0.4429 -0.6677 0.1323
v  0.4447 -0.6751 0.1277
v  0.4406 -0.6597 0.1354
v  0.4378 -0.6514 0.1368
v  0.4458 -0.6816 0.1217
v  0.4502 -0.6724 0.1264
v  0.4523 -0.6785 0.1202
v  0.4473 -0.6656 0.1313
v  0.4436 -0.6582 0.1347
v  0.4393 -0.6506 0.1364
v  0.4511 -0.6627 0.1301
v  0.4551 -0.6687 0.1249
v  0.4462 -0.6562 0.1339
v  0.4407 -0.6496 0.1360
v  0.4580 -0.6741 0.1185
v  0.4627 -0.6686 0.1167
v  0.4591 -0.6641 0.1235
v  0.4542 -0.6590 0.1290
v  0.4484 -0.6537 0.1331
v  0.4418 -0.6483 0.1356
v  0.4500 -0.6508 0.1323
v  0.4566 -0.6548 0.1278
v  0.4426 -0.6468 0.1352
v  0.4621 -0.6587 0.1220
v  0.4663 -0.6623 0.1150
v  0.4684 -0.6555 0.1133
v  0.4639 -0.6529 0.1206
v  0.4580 -0.6502 0.1267
v  0.4510 -0.6477 0.1315
v  0.4431 -0.6452 0.1348
v  0.4433 -0.6435 0.1345
v  0.4514 -0.6443 0.1308
v  0.4692 -0.6483 0.1118
v  0.4646 -0.6468 0.1193
v  0.4586 -0.6454 0.1257
v  0.4640 -0.6406 0.1181
v  0.4686 -0.6410 0.1105
v  0.4581 -0.6406 0.1248
v  0.4511 -0.6410 0.1302
v  0.4432 -0.6418 0.1342
v  0.4427 -0.6402 0.1339
v  0.4501 -0.6378 0.1297
v  0.4665 -0.6340 0.1094
v  0.4623 -0.6346 0.1172
v  0.4568 -0.6359 0.1241
v  0.4631 -0.6275 0.1086
v  0.4594 -0.6291 0.1166
v  0.4545 -0.6315 0.1236
v  0.4486 -0.6348 0.1294
v  0.4419 -0.6387 0.1337
v  0.4408 -0.6373 0.1336
v  0.4585 -0.6217 0.1082
v  0.4555 -0.6241 0.1161
v  0.4514 -0.6277 0.1232
v  0.4465 -0.6321 0.1291
v  0.4529 -0.6169 0.1080
v  0.4507 -0.6200 0.1160
v  0.4477 -0.6244 0.1231
v  0.4439 -0.6299 0.1291
v  0.4395 -0.6362 0.1336
v  0.4380 -0.6353 0.1336
v  0.4465 -0.6132 0.1082
v  0.4452 -0.6169 0.1162
v  0.4434 -0.6220 0.1233
v  0.4409 -0.6282 0.1292
v  0.4387 -0.6204 0.1236
v  0.4393 -0.6149 0.1167
v  0.4377 -0.6271 0.1294
v  0.4363 -0.6348 0.1338
v  0.4395 -0.6108 0.1088
v  0.4322 -0.6099 0.1096
v  0.4331 -0.6141 0.1174
v  0.4338 -0.6198 0.1242
v  0.4343 -0.6267 0.1298
v  0.4346 -0.6345 0.1340
v  0.4310 -0.6269 0.1303
v  0.4289 -0.6201 0.1250
v  0.4329 -0.6346 0.1342
v  0.4249 -0.6103 0.1107
v  0.4269 -0.6145 0.1184
v  0.4179 -0.6122 0.1121
v  0.4209 -0.6160 0.1195
v  0.4242 -0.6213 0.1259
v  0.4277 -0.6277 0.1310
v  0.4313 -0.6351 0.1346
v  0.4199 -0.6234 0.1269
v  0.4248 -0.6292 0.1317
v  0.4297 -0.6358 0.1349
v  0.4154 -0.6188 0.1209
v  0.4114 -0.6153 0.1137
v  0.4105 -0.6225 0.1223
v  0.4057 -0.6197 0.1154
v  0.4161 -0.6264 0.1281
v  0.4221 -0.6312 0.1325
v  0.4284 -0.6369 0.1353
v  0.4200 -0.6337 0.1333
v  0.4273 -0.6381 0.1357
v  0.4010 -0.6252 0.1171
v  0.4065 -0.6271 0.1238
v  0.4130 -0.6300 0.1292
v  0.3974 -0.6315 0.1188
v  0.4035 -0.6325 0.1252
v  0.4106 -0.6342 0.1304
v  0.4183 -0.6366 0.1341
v  0.4265 -0.6396 0.1361
v  0.4259 -0.6412 0.1365
v  0.4173 -0.6398 0.1348
v  0.3952 -0.6383 0.1205
v  0.4017 -0.6383 0.1266
v  0.4091 -0.6388 0.1315
v  0.4010 -0.6444 0.1279
v  0.3945 -0.6455 0.1220
v  0.4086 -0.6436 0.1325
v  0.4170 -0.6431 0.1355
v  0.4258 -0.6429 0.1369
v  0.4259 -0.6446 0.1372
v  0.4016 -0.6506 0.1291
v  0.3951 -0.6528 0.1233
v  0.4090 -0.6485 0.1334
v  0.4173 -0.6464 0.1361
v  0.4033 -0.6566 0.1300
v  0.4104 -0.6532 0.1341
v  0.4182 -0.6497 0.1366
v  0.4264 -0.6463 0.1374
v  0.3972 -0.6598 0.1244
v  0.4062 -0.6621 0.1307
v  0.4006 -0.6664 0.1252
v  0.4127 -0.6575 0.1346
v  0.4198 -0.6527 0.1370
v  0.4272 -0.6478 0.1376
v  0.4158 -0.6614 0.1350
v  0.4101 -0.6671 0.1311
v  0.4219 -0.6553 0.1372
v  0.4283 -0.6492 0.1377
v  0.4052 -0.6721 0.1257
v  0.4108 -0.6769 0.1258
v  0.4149 -0.6711 0.1312
v  0.4195 -0.6646 0.1350
v  0.4245 -0.6575 0.1373
v  0.4296 -0.6503 0.1378
v  0.4238 -0.6670 0.1349
v  0.4274 -0.6592 0.1372
v  0.4575 -0.6230 0.1012
v  0.4621 -0.6288 0.1017
v  0.4311 -0.6511 0.1377
v  0.4305 -0.6853 0.1173
v  0.4378 -0.6849 0.1162
v  0.3964 -0.6328 0.1119
v  0.3943 -0.6397 0.1136
v  0.4104 -0.6167 0.1068
v  0.4047 -0.6211 0.1085
v  0.4682 -0.6496 0.1049
v  0.4676 -0.6424 0.1036
v  0.4162 -0.6820 0.1187
v  0.4232 -0.6843 0.1182
v  0.4242 -0.6830 0.1251
v  0.4172 -0.6806 0.1256
v  0.4455 -0.6146 0.1013
v  0.4385 -0.6122 0.1019
v  0.3941 -0.6541 0.1164
v  0.3962 -0.6612 0.1175
v  0.4448 -0.6830 0.1148
v  0.4204 -0.6743 0.1310
v  0.4239 -0.6117 0.1038
v  0.4169 -0.6135 0.1052
v  0.4655 -0.6353 0.1025
v  0.4653 -0.6637 0.1081
v  0.4675 -0.6568 0.1064
v  0.4000 -0.6265 0.1102
v  0.4519 -0.6182 0.1011
v  0.4263 -0.6763 0.1305
v  0.4042 -0.6735 0.1188
v  0.4098 -0.6783 0.1189
v  0.4285 -0.6686 0.1345
v  0.4307 -0.6603 0.1369
v  0.4570 -0.6754 0.1116
v  0.4617 -0.6700 0.1098
v  0.4327 -0.6517 0.1376
v  0.3935 -0.6469 0.1151
v  0.4312 -0.6112 0.1027
v  0.3996 -0.6677 0.1183
v  0.4513 -0.6798 0.1133
v  0.3328 -0.6542 0.1287
v  0.3309 -0.6543 0.1286
v  0.3309 -0.6589 0.1268
v  0.3336 -0.6587 0.1270
v  0.3320 -0.6494 0.1295
v  0.3310 -0.6495 0.1294
v  0.3313 -0.6446 0.1294
v  0.3345 -0.6628 0.1244
v  0.3310 -0.6630 0.1241
v  0.3312 -0.6666 0.1207
v  0.3353 -0.6663 0.1211
v  0.3363 -0.6581 0.1272
v  0.3378 -0.6620 0.1247
v  0.3346 -0.6538 0.1289
v  0.3329 -0.6492 0.1296
v  0.3392 -0.6653 0.1214
v  0.3429 -0.6636 0.1215
v  0.3409 -0.6605 0.1248
v  0.3387 -0.6569 0.1273
v  0.3363 -0.6529 0.1289
v  0.3338 -0.6488 0.1296
v  0.3437 -0.6584 0.1248
v  0.3409 -0.6553 0.1273
v  0.3378 -0.6518 0.1290
v  0.3346 -0.6482 0.1296
v  0.3462 -0.6611 0.1216
v  0.3489 -0.6581 0.1215
v  0.3461 -0.6559 0.1248
v  0.3427 -0.6533 0.1273
v  0.3391 -0.6504 0.1289
v  0.3352 -0.6475 0.1296
v  0.3400 -0.6488 0.1288
v  0.3442 -0.6509 0.1271
v  0.3357 -0.6467 0.1296
v  0.3510 -0.6546 0.1213
v  0.3479 -0.6529 0.1246
v  0.3491 -0.6496 0.1243
v  0.3524 -0.6508 0.1209
v  0.3451 -0.6484 0.1269
v  0.3407 -0.6471 0.1287
v  0.3360 -0.6458 0.1295
v  0.3410 -0.6452 0.1285
v  0.3362 -0.6448 0.1294
v  0.3496 -0.6462 0.1240
v  0.3531 -0.6468 0.1205
v  0.3455 -0.6457 0.1266
v  0.3529 -0.6427 0.1200
v  0.3494 -0.6428 0.1235
v  0.3454 -0.6430 0.1263
v  0.3409 -0.6434 0.1282
v  0.3361 -0.6439 0.1293
v  0.3405 -0.6415 0.1280
v  0.3359 -0.6430 0.1291
v  0.3486 -0.6394 0.1230
v  0.3519 -0.6388 0.1195
v  0.3448 -0.6403 0.1259
v  0.3502 -0.6352 0.1189
v  0.3472 -0.6363 0.1225
v  0.3436 -0.6379 0.1255
v  0.3397 -0.6399 0.1277
v  0.3355 -0.6421 0.1290
v  0.3349 -0.6414 0.1289
v  0.3451 -0.6336 0.1220
v  0.3478 -0.6319 0.1182
v  0.3420 -0.6357 0.1251
v  0.3386 -0.6384 0.1274
v  0.3448 -0.6292 0.1176
v  0.3426 -0.6313 0.1215
v  0.3400 -0.6339 0.1247
v  0.3372 -0.6371 0.1271
v  0.3342 -0.6407 0.1287
v  0.3334 -0.6402 0.1286
v  0.3396 -0.6295 0.1210
v  0.3413 -0.6271 0.1170
v  0.3377 -0.6325 0.1243
v  0.3356 -0.6362 0.1269
v  0.3351 -0.6316 0.1239
v  0.3364 -0.6283 0.1205
v  0.3338 -0.6356 0.1266
v  0.3325 -0.6399 0.1284
v  0.3375 -0.6258 0.1165
v  0.3330 -0.6279 0.1201
v  0.3335 -0.6252 0.1160
v  0.3324 -0.6313 0.1236
v  0.3320 -0.6353 0.1264
v  0.3316 -0.6398 0.1283
v  0.3297 -0.6314 0.1234
v  0.3301 -0.6354 0.1262
v  0.3306 -0.6398 0.1283
v  0.3295 -0.6254 0.1156
v  0.3295 -0.6280 0.1198
v  0.3262 -0.6289 0.1196
v  0.3255 -0.6264 0.1154
v  0.3271 -0.6321 0.1232
v  0.3283 -0.6358 0.1261
v  0.3297 -0.6401 0.1282
v  0.3246 -0.6332 0.1231
v  0.3266 -0.6367 0.1260
v  0.3288 -0.6405 0.1281
v  0.3218 -0.6282 0.1152
v  0.3230 -0.6304 0.1194
v  0.3202 -0.6325 0.1194
v  0.3185 -0.6306 0.1152
v  0.3224 -0.6349 0.1231
v  0.3251 -0.6378 0.1260
v  0.3281 -0.6410 0.1281
v  0.3274 -0.6418 0.1282
v  0.3238 -0.6392 0.1261
v  0.3158 -0.6336 0.1153
v  0.3179 -0.6350 0.1195
v  0.3206 -0.6369 0.1231
v  0.3161 -0.6380 0.1196
v  0.3137 -0.6371 0.1155
v  0.3192 -0.6392 0.1233
v  0.3228 -0.6408 0.1261
v  0.3269 -0.6426 0.1282
v  0.3266 -0.6435 0.1283
v  0.3222 -0.6425 0.1263
v  0.3123 -0.6410 0.1158
v  0.3149 -0.6412 0.1199
v  0.3183 -0.6418 0.1235
v  0.3144 -0.6447 0.1203
v  0.3117 -0.6450 0.1162
v  0.3178 -0.6445 0.1237
v  0.3219 -0.6444 0.1265
v  0.3265 -0.6444 0.1284
v  0.3265 -0.6454 0.1285
v  0.3118 -0.6490 0.1167
v  0.3145 -0.6481 0.1207
v  0.3180 -0.6472 0.1241
v  0.3220 -0.6462 0.1267
v  0.3153 -0.6514 0.1212
v  0.3186 -0.6498 0.1245
v  0.3224 -0.6481 0.1270
v  0.3267 -0.6463 0.1286
v  0.3128 -0.6530 0.1173
v  0.3145 -0.6566 0.1179
v  0.3168 -0.6546 0.1217
v  0.3197 -0.6522 0.1249
v  0.3232 -0.6497 0.1273
v  0.3271 -0.6471 0.1288
v  0.3188 -0.6573 0.1222
v  0.3213 -0.6544 0.1253
v  0.3243 -0.6512 0.1275
v  0.3277 -0.6479 0.1289
v  0.3169 -0.6599 0.1185
v  0.3199 -0.6626 0.1191
v  0.3214 -0.6596 0.1228
v  0.3233 -0.6562 0.1257
v  0.3257 -0.6525 0.1278
v  0.3284 -0.6485 0.1291
v  0.3273 -0.6534 0.1281
v  0.3257 -0.6576 0.1261
v  0.3506 -0.6356 0.1150
v  0.3482 -0.6324 0.1144
v  0.3292 -0.6490 0.1292
v  0.3316 -0.6670 0.1168
v  0.3356 -0.6668 0.1172
v  0.3141 -0.6376 0.1116
v  0.3127 -0.6414 0.1119
v  0.3222 -0.6287 0.1113
v  0.3189 -0.6311 0.1113
v  0.3534 -0.6473 0.1167
v  0.3533 -0.6432 0.1162
v  0.3237 -0.6651 0.1158
v  0.3276 -0.6664 0.1164
v  0.3272 -0.6660 0.1202
v  0.3234 -0.6646 0.1197
v  0.3379 -0.6263 0.1126
v  0.3417 -0.6276 0.1131
v  0.3122 -0.6495 0.1128
v  0.3132 -0.6534 0.1134
v  0.3396 -0.6658 0.1175
v  0.3243 -0.6614 0.1233
v  0.3298 -0.6259 0.1118
v  0.3259 -0.6269 0.1115
v  0.3523 -0.6393 0.1156
v  0.3514 -0.6551 0.1174
v  0.3528 -0.6513 0.1171
v  0.3162 -0.6341 0.1114
v  0.3452 -0.6297 0.1137
v  0.3276 -0.6625 0.1237
v  0.3173 -0.6603 0.1146
v  0.3203 -0.6630 0.1152
v  0.3282 -0.6585 0.1265
v  0.3291 -0.6540 0.1283
v  0.3466 -0.6616 0.1177
v  0.3493 -0.6586 0.1176
v  0.3301 -0.6493 0.1293
v  0.3120 -0.6454 0.1123
v  0.3339 -0.6257 0.1121
v  0.3149 -0.6571 0.1140
v  0.3433 -0.6640 0.1176
v  -0.5242 -0.6693 0.1340
v  -0.5248 -0.6608 0.1365
v  -0.5282 -0.6606 0.1360
v  -0.5290 -0.6690 0.1332
v  -0.5253 -0.6519 0.1374
v  -0.5270 -0.6518 0.1371
v  -0.5255 -0.6431 0.1365
v  -0.5223 -0.6839 0.1242
v  -0.5233 -0.6771 0.1298
v  -0.5295 -0.6767 0.1289
v  -0.5296 -0.6835 0.1231
v  -0.5355 -0.6751 0.1277
v  -0.5337 -0.6677 0.1323
v  -0.5314 -0.6597 0.1354
v  -0.5286 -0.6514 0.1368
v  -0.5366 -0.6816 0.1217
v  -0.5410 -0.6724 0.1264
v  -0.5431 -0.6785 0.1202
v  -0.5381 -0.6656 0.1313
v  -0.5344 -0.6582 0.1347
v  -0.5301 -0.6506 0.1364
v  -0.5419 -0.6627 0.1301
v  -0.5459 -0.6687 0.1249
v  -0.5370 -0.6562 0.1339
v  -0.5315 -0.6496 0.1360
v  -0.5488 -0.6741 0.1185
v  -0.5499 -0.6641 0.1235
v  -0.5535 -0.6686 0.1167
v  -0.5450 -0.6590 0.1290
v  -0.5392 -0.6537 0.1331
v  -0.5326 -0.6483 0.1356
v  -0.5408 -0.6508 0.1323
v  -0.5474 -0.6548 0.1278
v  -0.5334 -0.6468 0.1352
v  -0.5529 -0.6587 0.1220
v  -0.5570 -0.6623 0.1150
v  -0.5547 -0.6529 0.1206
v  -0.5592 -0.6555 0.1133
v  -0.5488 -0.6502 0.1267
v  -0.5418 -0.6477 0.1315
v  -0.5339 -0.6452 0.1348
v  -0.5341 -0.6435 0.1345
v  -0.5422 -0.6443 0.1308
v  -0.5554 -0.6468 0.1193
v  -0.5600 -0.6483 0.1118
v  -0.5494 -0.6454 0.1257
v  -0.5548 -0.6406 0.1181
v  -0.5594 -0.6410 0.1105
v  -0.5489 -0.6406 0.1248
v  -0.5419 -0.6410 0.1302
v  -0.5340 -0.6418 0.1342
v  -0.5335 -0.6402 0.1339
v  -0.5409 -0.6378 0.1297
v  -0.5531 -0.6346 0.1172
v  -0.5573 -0.6340 0.1094
v  -0.5476 -0.6359 0.1241
v  -0.5502 -0.6291 0.1166
v  -0.5539 -0.6275 0.1086
v  -0.5453 -0.6315 0.1236
v  -0.5394 -0.6348 0.1294
v  -0.5327 -0.6387 0.1337
v  -0.5316 -0.6373 0.1336
v  -0.5463 -0.6241 0.1161
v  -0.5493 -0.6217 0.1082
v  -0.5422 -0.6277 0.1232
v  -0.5373 -0.6321 0.1291
v  -0.5437 -0.6169 0.1080
v  -0.5415 -0.6200 0.1160
v  -0.5385 -0.6244 0.1231
v  -0.5347 -0.6299 0.1291
v  -0.5303 -0.6362 0.1336
v  -0.5288 -0.6353 0.1336
v  -0.5360 -0.6169 0.1162
v  -0.5373 -0.6132 0.1082
v  -0.5342 -0.6220 0.1233
v  -0.5317 -0.6282 0.1292
v  -0.5295 -0.6204 0.1236
v  -0.5301 -0.6149 0.1167
v  -0.5285 -0.6271 0.1294
v  -0.5271 -0.6348 0.1338
v  -0.5303 -0.6108 0.1088
v  -0.5239 -0.6141 0.1174
v  -0.5230 -0.6099 0.1096
v  -0.5246 -0.6198 0.1242
v  -0.5251 -0.6267 0.1298
v  -0.5254 -0.6345 0.1340
v  -0.5218 -0.6269 0.1303
v  -0.5197 -0.6201 0.1250
v  -0.5237 -0.6346 0.1342
v  -0.5177 -0.6145 0.1184
v  -0.5157 -0.6103 0.1107
v  -0.5117 -0.6160 0.1195
v  -0.5087 -0.6122 0.1121
v  -0.5150 -0.6213 0.1259
v  -0.5185 -0.6277 0.1310
v  -0.5221 -0.6351 0.1346
v  -0.5155 -0.6292 0.1317
v  -0.5107 -0.6234 0.1269
v  -0.5205 -0.6358 0.1349
v  -0.5062 -0.6188 0.1209
v  -0.5022 -0.6153 0.1137
v  -0.5013 -0.6225 0.1223
v  -0.4965 -0.6197 0.1154
v  -0.5069 -0.6264 0.1281
v  -0.5129 -0.6312 0.1325
v  -0.5192 -0.6369 0.1353
v  -0.5181 -0.6381 0.1357
v  -0.5108 -0.6337 0.1333
v  -0.4973 -0.6271 0.1238
v  -0.4918 -0.6252 0.1171
v  -0.5037 -0.6300 0.1292
v  -0.4943 -0.6325 0.1252
v  -0.4882 -0.6315 0.1188
v  -0.5014 -0.6342 0.1304
v  -0.5091 -0.6366 0.1341
v  -0.5173 -0.6396 0.1361
v  -0.5081 -0.6398 0.1348
v  -0.5167 -0.6412 0.1365
v  -0.4925 -0.6383 0.1266
v  -0.4860 -0.6383 0.1205
v  -0.4999 -0.6388 0.1315
v  -0.4918 -0.6444 0.1279
v  -0.4853 -0.6455 0.1220
v  -0.4994 -0.6436 0.1325
v  -0.5078 -0.6431 0.1355
v  -0.5166 -0.6429 0.1369
v  -0.5167 -0.6446 0.1372
v  -0.4924 -0.6506 0.1291
v  -0.4859 -0.6528 0.1233
v  -0.4998 -0.6485 0.1334
v  -0.5081 -0.6464 0.1361
v  -0.5012 -0.6532 0.1341
v  -0.4941 -0.6566 0.1300
v  -0.5090 -0.6497 0.1366
v  -0.5172 -0.6463 0.1374
v  -0.4880 -0.6598 0.1244
v  -0.4970 -0.6621 0.1307
v  -0.4914 -0.6664 0.1252
v  -0.5035 -0.6575 0.1346
v  -0.5106 -0.6527 0.1370
v  -0.5180 -0.6478 0.1376
v  -0.5066 -0.6614 0.1350
v  -0.4838 -0.6706 0.1288
v  -0.5127 -0.6553 0.1372
v  -0.5191 -0.6492 0.1377
v  -0.4788 -0.6757 0.1234
v  -0.4886 -0.6747 0.1289
v  -0.4845 -0.6805 0.1235
v  -0.5103 -0.6646 0.1350
v  -0.5153 -0.6575 0.1373
v  -0.5204 -0.6503 0.1378
v  -0.5182 -0.6592 0.1372
v  -0.5146 -0.6670 0.1349
v  -0.5483 -0.6230 0.1012
v  -0.5529 -0.6288 0.1017
v  -0.5219 -0.6511 0.1377
v  -0.5286 -0.6849 0.1162
v  -0.5213 -0.6853 0.1173
v  -0.4851 -0.6397 0.1136
v  -0.4872 -0.6328 0.1119
v  -0.5012 -0.6167 0.1068
v  -0.4955 -0.6211 0.1085
v  -0.5584 -0.6424 0.1036
v  -0.5590 -0.6496 0.1049
v  -0.5080 -0.6806 0.1256
v  -0.5150 -0.6830 0.1251
v  -0.5140 -0.6843 0.1182
v  -0.5070 -0.6820 0.1187
v  -0.5293 -0.6122 0.1019
v  -0.5363 -0.6146 0.1013
v  -0.4870 -0.6612 0.1175
v  -0.4849 -0.6541 0.1164
v  -0.5356 -0.6830 0.1148
v  -0.5112 -0.6743 0.1310
v  -0.5077 -0.6135 0.1052
v  -0.5147 -0.6117 0.1038
v  -0.5563 -0.6353 0.1025
v  -0.5583 -0.6568 0.1064
v  -0.5561 -0.6637 0.1081
v  -0.4908 -0.6265 0.1102
v  -0.5427 -0.6182 0.1011
v  -0.5171 -0.6763 0.1305
v  -0.4950 -0.6735 0.1188
v  -0.5006 -0.6783 0.1189
v  -0.5193 -0.6686 0.1345
v  -0.5215 -0.6603 0.1369
v  -0.5525 -0.6700 0.1098
v  -0.5478 -0.6754 0.1116
v  -0.5235 -0.6517 0.1376
v  -0.4843 -0.6469 0.1151
v  -0.5220 -0.6112 0.1027
v  -0.4904 -0.6677 0.1183
v  -0.5421 -0.6798 0.1133
v  -0.4236 -0.6542 0.1287
v  -0.4244 -0.6587 0.1270
v  -0.4217 -0.6589 0.1268
v  -0.4217 -0.6543 0.1286
v  -0.4218 -0.6495 0.1294
v  -0.4228 -0.6494 0.1295
v  -0.4221 -0.6446 0.1294
v  -0.4220 -0.6666 0.1207
v  -0.4218 -0.6630 0.1241
v  -0.4252 -0.6628 0.1244
v  -0.4261 -0.6663 0.1211
v  -0.4271 -0.6581 0.1272
v  -0.4286 -0.6620 0.1247
v  -0.4254 -0.6538 0.1289
v  -0.4237 -0.6492 0.1296
v  -0.4300 -0.6653 0.1214
v  -0.4317 -0.6605 0.1248
v  -0.4337 -0.6636 0.1215
v  -0.4295 -0.6569 0.1273
v  -0.4271 -0.6529 0.1289
v  -0.4246 -0.6488 0.1296
v  -0.4317 -0.6553 0.1273
v  -0.4345 -0.6584 0.1248
v  -0.4286 -0.6518 0.1290
v  -0.4254 -0.6482 0.1296
v  -0.4370 -0.6611 0.1216
v  -0.4369 -0.6559 0.1248
v  -0.4397 -0.6581 0.1215
v  -0.4335 -0.6533 0.1273
v  -0.4299 -0.6504 0.1289
v  -0.4260 -0.6475 0.1296
v  -0.4308 -0.6488 0.1288
v  -0.4350 -0.6509 0.1271
v  -0.4265 -0.6467 0.1296
v  -0.4387 -0.6529 0.1246
v  -0.4418 -0.6546 0.1213
v  -0.4399 -0.6496 0.1243
v  -0.4432 -0.6508 0.1209
v  -0.4359 -0.6484 0.1269
v  -0.4315 -0.6471 0.1287
v  -0.4268 -0.6458 0.1295
v  -0.4270 -0.6448 0.1294
v  -0.4318 -0.6452 0.1285
v  -0.4404 -0.6462 0.1240
v  -0.4439 -0.6468 0.1205
v  -0.4363 -0.6457 0.1266
v  -0.4402 -0.6428 0.1235
v  -0.4437 -0.6427 0.1200
v  -0.4362 -0.6430 0.1263
v  -0.4317 -0.6434 0.1282
v  -0.4269 -0.6439 0.1293
v  -0.4267 -0.6430 0.1291
v  -0.4313 -0.6415 0.1280
v  -0.4394 -0.6394 0.1230
v  -0.4427 -0.6388 0.1195
v  -0.4356 -0.6403 0.1259
v  -0.4380 -0.6363 0.1225
v  -0.4410 -0.6352 0.1189
v  -0.4344 -0.6379 0.1255
v  -0.4305 -0.6399 0.1277
v  -0.4263 -0.6421 0.1290
v  -0.4257 -0.6414 0.1289
v  -0.4359 -0.6336 0.1220
v  -0.4386 -0.6319 0.1182
v  -0.4328 -0.6357 0.1251
v  -0.4294 -0.6384 0.1274
v  -0.4334 -0.6313 0.1215
v  -0.4356 -0.6292 0.1176
v  -0.4308 -0.6339 0.1247
v  -0.4280 -0.6371 0.1271
v  -0.4250 -0.6407 0.1287
v  -0.4242 -0.6402 0.1286
v  -0.4304 -0.6295 0.1210
v  -0.4321 -0.6271 0.1170
v  -0.4285 -0.6325 0.1243
v  -0.4264 -0.6362 0.1269
v  -0.4259 -0.6316 0.1239
v  -0.4272 -0.6283 0.1205
v  -0.4246 -0.6356 0.1266
v  -0.4233 -0.6399 0.1284
v  -0.4283 -0.6258 0.1165
v  -0.4238 -0.6279 0.1201
v  -0.4243 -0.6252 0.1160
v  -0.4232 -0.6313 0.1236
v  -0.4228 -0.6353 0.1264
v  -0.4224 -0.6398 0.1283
v  -0.4205 -0.6314 0.1234
v  -0.4209 -0.6354 0.1262
v  -0.4214 -0.6398 0.1283
v  -0.4203 -0.6280 0.1198
v  -0.4202 -0.6254 0.1156
v  -0.4169 -0.6289 0.1196
v  -0.4163 -0.6264 0.1154
v  -0.4179 -0.6321 0.1232
v  -0.4191 -0.6358 0.1261
v  -0.4205 -0.6401 0.1282
v  -0.4174 -0.6367 0.1260
v  -0.4154 -0.6332 0.1231
v  -0.4196 -0.6405 0.1281
v  -0.4138 -0.6304 0.1194
v  -0.4126 -0.6282 0.1152
v  -0.4110 -0.6325 0.1194
v  -0.4093 -0.6306 0.1152
v  -0.4132 -0.6349 0.1231
v  -0.4159 -0.6378 0.1260
v  -0.4189 -0.6410 0.1281
v  -0.4182 -0.6418 0.1282
v  -0.4146 -0.6392 0.1261
v  -0.4087 -0.6350 0.1195
v  -0.4066 -0.6336 0.1153
v  -0.4114 -0.6369 0.1231
v  -0.4069 -0.6380 0.1196
v  -0.4045 -0.6371 0.1155
v  -0.4100 -0.6392 0.1233
v  -0.4136 -0.6408 0.1261
v  -0.4177 -0.6426 0.1282
v  -0.4174 -0.6435 0.1283
v  -0.4130 -0.6425 0.1263
v  -0.4057 -0.6412 0.1199
v  -0.4031 -0.6410 0.1158
v  -0.4091 -0.6418 0.1235
v  -0.4052 -0.6447 0.1203
v  -0.4024 -0.6450 0.1162
v  -0.4086 -0.6445 0.1237
v  -0.4127 -0.6444 0.1265
v  -0.4172 -0.6444 0.1284
v  -0.4173 -0.6454 0.1285
v  -0.4053 -0.6481 0.1207
v  -0.4026 -0.6490 0.1167
v  -0.4088 -0.6472 0.1241
v  -0.4128 -0.6462 0.1267
v  -0.4094 -0.6498 0.1245
v  -0.4061 -0.6514 0.1212
v  -0.4132 -0.6481 0.1270
v  -0.4175 -0.6463 0.1286
v  -0.4036 -0.6530 0.1173
v  -0.4076 -0.6546 0.1217
v  -0.4053 -0.6566 0.1179
v  -0.4105 -0.6522 0.1249
v  -0.4140 -0.6497 0.1273
v  -0.4179 -0.6471 0.1288
v  -0.4096 -0.6573 0.1222
v  -0.4121 -0.6544 0.1253
v  -0.4151 -0.6512 0.1275
v  -0.4185 -0.6479 0.1289
v  -0.4077 -0.6599 0.1185
v  -0.4122 -0.6596 0.1228
v  -0.4107 -0.6626 0.1191
v  -0.4141 -0.6562 0.1257
v  -0.4165 -0.6525 0.1278
v  -0.4192 -0.6485 0.1291
v  -0.4181 -0.6534 0.1281
v  -0.4165 -0.6576 0.1261
v  -0.4390 -0.6324 0.1144
v  -0.4414 -0.6356 0.1150
v  -0.4200 -0.6490 0.1292
v  -0.4264 -0.6668 0.1172
v  -0.4224 -0.6670 0.1168
v  -0.4049 -0.6376 0.1116
v  -0.4035 -0.6414 0.1119
v  -0.4130 -0.6287 0.1113
v  -0.4097 -0.6311 0.1113
v  -0.4441 -0.6432 0.1162
v  -0.4442 -0.6473 0.1167
v  -0.4180 -0.6660 0.1202
v  -0.4184 -0.6664 0.1164
v  -0.4145 -0.6651 0.1158
v  -0.4142 -0.6646 0.1197
v  -0.4287 -0.6263 0.1126
v  -0.4325 -0.6276 0.1131
v  -0.4030 -0.6495 0.1128
v  -0.4040 -0.6534 0.1134
v  -0.4304 -0.6658 0.1175
v  -0.4151 -0.6614 0.1233
v  -0.4206 -0.6259 0.1118
v  -0.4167 -0.6269 0.1115
v  -0.4431 -0.6393 0.1156
v  -0.4436 -0.6513 0.1171
v  -0.4422 -0.6551 0.1174
v  -0.4070 -0.6341 0.1114
v  -0.4360 -0.6297 0.1137
v  -0.4184 -0.6625 0.1237
v  -0.4111 -0.6630 0.1152
v  -0.4081 -0.6603 0.1146
v  -0.4190 -0.6585 0.1265
v  -0.4199 -0.6540 0.1283
v  -0.4374 -0.6616 0.1177
v  -0.4401 -0.6586 0.1176
v  -0.4209 -0.6493 0.1293
v  -0.4028 -0.6454 0.1123
v  -0.4247 -0.6257 0.1121
v  -0.4057 -0.6571 0.1140
v  -0.4341 -0.6640 0.1176
v  0.6091 -0.6417 0.0467
v  0.6091 -0.6090 0.0467
v  0.7009 -0.6090 0.0467
v  0.7009 -0.6417 0.0467
v  0.7856 -0.3197 -0.0943
v  0.7600 -0.3197 -0.0943
v  0.7771 -0.3213 -0.0796
v  0.8027 -0.3213 -0.0796
v  0.7600 -0.3912 -0.0859
v  0.7856 -0.3912 -0.0859
v  0.7771 -0.3928 -0.0713
v  0.8027 -0.3928 -0.0713
v  -0.6828 -0.6126 0.0444
v  -0.6828 -0.6453 0.0444
v  -0.7746 -0.6126 0.0444
v  -0.7746 -0.6453 0.0444
v  -0.8507 -0.3197 -0.0943
v  -0.8764 -0.3197 -0.0943
v  -0.8593 -0.3213 -0.0796
v  -0.8336 -0.3213 -0.0796
v  -0.8507 -0.3912 -0.0859
v  -0.8764 -0.3912 -0.0859
v  -0.8593 -0.3928 -0.0713
v  -0.8336 -0.3928 -0.0713
# 1576 vertices

vn -0.5774 -0.5774 -0.5774
vn -0.5774 0.5774 -0.5774
vn 0.5774 0.5774 -0.5774
vn 0.5774 -0.5774 -0.5774
vn 0.1313 -0.2841 0.9498
vn 0.0557 -0.2910 0.9551
vn 0.0501 -0.4716 0.8804
vn 0.1591 -0.4615 0.8727
vn 0.0984 -0.0956 0.9905
vn 0.0592 -0.0993 0.9933
vn 0.0605 0.1027 0.9929
vn 0.2037 -0.8880 0.4123
vn 0.1809 -0.6213 0.7624
vn 0.0425 -0.6341 0.7721
vn 0.0200 -0.9049 0.4251
vn 0.3139 -0.5819 0.7502
vn 0.2639 -0.4306 0.8631
vn 0.2037 -0.2626 0.9432
vn 0.1360 -0.0845 0.9871
vn 0.3805 -0.8356 0.3961
vn 0.4364 -0.5174 0.7361
vn 0.5434 -0.7499 0.3773
vn 0.3605 -0.3797 0.8520
vn 0.2707 -0.2274 0.9354
vn 0.1705 -0.0663 0.9831
vn 0.5438 -0.4302 0.7205
vn 0.4452 -0.3110 0.8397
vn 0.3295 -0.1797 0.9269
vn 0.2010 -0.0415 0.9787
vn 0.6862 -0.6340 0.3566
vn 0.6320 -0.3237 0.7041
vn 0.8033 -0.4925 0.3348
vn 0.5147 -0.2271 0.8267
vn 0.3776 -0.1216 0.9179
vn 0.2260 -0.0113 0.9741
vn 0.4134 -0.0551 0.9089
vn 0.5663 -0.1312 0.8137
vn 0.2445 0.0231 0.9694
vn 0.6974 -0.2021 0.6875
vn 0.8904 -0.3308 0.3127
vn 0.7378 -0.0698 0.6714
vn 0.9440 -0.1550 0.2913
vn 0.5981 -0.0269 0.8009
vn 0.4354 0.0171 0.9001
vn 0.2559 0.0605 0.9648
vn 0.4429 0.0924 0.8918
vn 0.2598 0.0995 0.9605
vn 0.7514 0.0680 0.6563
vn 0.9621 0.0281 0.2713
vn 0.6089 0.0817 0.7891
vn 0.7378 0.2058 0.6429
vn 0.9440 0.2113 0.2534
vn 0.5981 0.1903 0.7785
vn 0.4354 0.1676 0.8845
vn 0.2559 0.1385 0.9567
vn 0.4134 0.2401 0.8783
vn 0.2445 0.1760 0.9535
vn 0.6975 0.3386 0.6316
vn 0.8904 0.3878 0.2384
vn 0.5663 0.2950 0.7696
vn 0.6319 0.4611 0.6229
vn 0.8033 0.5506 0.2268
vn 0.5147 0.3916 0.7627
vn 0.3776 0.3070 0.8736
vn 0.2260 0.2107 0.9511
vn 0.2010 0.2412 0.9494
vn 0.6861 0.6936 0.2192
vn 0.5438 0.5687 0.6171
vn 0.4452 0.4764 0.7581
vn 0.3294 0.3658 0.8704
vn 0.5434 0.8113 0.2157
vn 0.4364 0.6572 0.6145
vn 0.3605 0.5462 0.7561
vn 0.2709 0.4141 0.8690
vn 0.1710 0.2660 0.9487
vn 0.1364 0.2847 0.9489
vn 0.3805 0.8991 0.2165
vn 0.3138 0.7233 0.6152
vn 0.2639 0.5982 0.7566
vn 0.2040 0.4502 0.8693
vn 0.1809 0.7642 0.6190
vn 0.1591 0.6306 0.7597
vn 0.1313 0.4727 0.8714
vn 0.0984 0.2965 0.9499
vn 0.2038 0.9536 0.2217
vn 0.0200 0.9728 0.2309
vn 0.0426 0.7787 0.6259
vn 0.0501 0.6419 0.7651
vn 0.0557 0.4806 0.8752
vn 0.0592 0.3006 0.9519
vn -0.0198 0.4736 0.8805
vn -0.0589 0.6319 0.7728
vn 0.0201 0.2970 0.9547
vn -0.0957 0.7660 0.6357
vn -0.1638 0.9559 0.2438
vn -0.2287 0.7266 0.6478
vn -0.3405 0.9036 0.2600
vn -0.1637 0.6009 0.7824
vn -0.0925 0.4521 0.8871
vn -0.0179 0.2856 0.9582
vn -0.1594 0.4168 0.8949
vn -0.2603 0.5500 0.7935
vn -0.0526 0.2674 0.9621
vn -0.3512 0.6621 0.6620
vn -0.5034 0.8178 0.2788
vn -0.4587 0.5749 0.6775
vn -0.6462 0.7019 0.2995
vn -0.3450 0.4813 0.8058
vn -0.2179 0.3692 0.9034
vn -0.0826 0.2429 0.9665
vn -0.1075 0.2128 0.9712
vn -0.2661 0.3110 0.9124
vn -0.5468 0.4685 0.6939
vn -0.7634 0.5604 0.3212
vn -0.4145 0.3974 0.8187
vn -0.6123 0.3468 0.7105
vn -0.8504 0.3986 0.3433
vn -0.4661 0.3014 0.8318
vn -0.3019 0.2445 0.9214
vn -0.1260 0.1784 0.9759
vn -0.3240 0.1723 0.9302
vn -0.1375 0.1409 0.9804
vn -0.6526 0.2145 0.7267
vn -0.9040 0.2229 0.3648
vn -0.4979 0.1972 0.8445
vn -0.9221 0.0398 0.3848
vn -0.6662 0.0768 0.7418
vn -0.5086 0.0887 0.8564
vn -0.3314 0.0972 0.9385
vn -0.1413 0.1019 0.9847
vn -0.1375 0.0630 0.9885
vn -0.9040 -0.1434 0.4027
vn -0.6526 -0.0612 0.7552
vn -0.4979 -0.0201 0.8670
vn -0.3240 0.0219 0.9458
vn -0.6123 -0.1939 0.7664
vn -0.4661 -0.1247 0.8759
vn -0.3020 -0.0506 0.9520
vn -0.1260 0.0254 0.9917
vn -0.8504 -0.3199 0.4176
vn -0.5468 -0.3164 0.7751
vn -0.7634 -0.4827 0.4292
vn -0.4145 -0.2213 0.8827
vn -0.2662 -0.1175 0.9567
vn -0.1075 -0.0092 0.9942
vn -0.4587 -0.4240 0.7809
vn -0.3450 -0.3061 0.8873
vn -0.2180 -0.1763 0.9599
vn -0.0826 -0.0397 0.9958
vn -0.6462 -0.6257 0.4369
vn -0.3512 -0.5125 0.7836
vn -0.5034 -0.7434 0.4404
vn -0.2603 -0.3759 0.8893
vn -0.1592 -0.2247 0.9613
vn -0.0521 -0.0649 0.9965
vn -0.0923 -0.2608 0.9610
vn -0.1636 -0.4279 0.8889
vn 0.8300 0.5474 -0.1072
vn 0.7058 0.6989 -0.1153
vn -0.0174 -0.0836 0.9963
vn 0.0000 -0.9947 0.1029
vn 0.1947 -0.9768 0.0892
vn -0.9222 0.3864 0.0162
vn -0.9790 0.2001 0.0389
vn -0.5545 0.8305 -0.0522
vn -0.7058 0.7077 -0.0302
vn 0.9982 -0.0062 -0.0602
vn 0.9790 0.1879 -0.0791
vn -0.3820 -0.9166 0.1181
vn -0.1947 -0.9744 0.1127
vn -0.1638 -0.8857 0.4344
vn -0.3405 -0.8312 0.4395
vn 0.3820 0.9166 -0.1181
vn 0.1947 0.9744 -0.1127
vn -0.9790 -0.1879 0.0791
vn -0.9222 -0.3749 0.0949
vn 0.3820 -0.9213 0.0721
vn -0.2287 -0.5785 0.7829
vn -0.1947 0.9768 -0.0892
vn -0.3820 0.9213 -0.0721
vn 0.9222 0.3749 -0.0950
vn 0.9222 -0.3864 -0.0161
vn 0.9790 -0.2001 -0.0389
vn -0.8299 0.5578 -0.0072
vn 0.5545 0.8236 -0.1190
vn -0.0957 -0.6196 0.7790
vn -0.7058 -0.6989 0.1153
vn -0.5546 -0.8236 0.1190
vn -0.0589 -0.4602 0.8858
vn -0.0197 -0.2832 0.9589
vn 0.7058 -0.7077 0.0302
vn 0.8299 -0.5578 0.0072
vn 0.0201 -0.0952 0.9953
vn -0.9982 0.0062 0.0601
vn 0.0000 0.9947 -0.1029
vn -0.8300 -0.5474 0.1072
vn 0.5546 -0.8305 0.0522
vn -0.1313 -0.2841 0.9498
vn -0.1591 -0.4615 0.8727
vn -0.0501 -0.4716 0.8804
vn -0.0557 -0.2910 0.9551
vn -0.0592 -0.0993 0.9933
vn -0.0984 -0.0956 0.9905
vn -0.0605 0.1027 0.9929
vn -0.0200 -0.9049 0.4251
vn -0.0425 -0.6341 0.7721
vn -0.1809 -0.6213 0.7624
vn -0.2037 -0.8880 0.4123
vn -0.2639 -0.4306 0.8631
vn -0.3139 -0.5819 0.7502
vn -0.2037 -0.2626 0.9432
vn -0.1360 -0.0845 0.9871
vn -0.3805 -0.8356 0.3961
vn -0.4364 -0.5174 0.7361
vn -0.5434 -0.7499 0.3773
vn -0.3605 -0.3797 0.8520
vn -0.2707 -0.2274 0.9354
vn -0.1705 -0.0663 0.9831
vn -0.4452 -0.3110 0.8397
vn -0.5438 -0.4302 0.7205
vn -0.3295 -0.1797 0.9269
vn -0.2010 -0.0415 0.9787
vn -0.6862 -0.6340 0.3566
vn -0.6320 -0.3237 0.7041
vn -0.8033 -0.4925 0.3348
vn -0.5147 -0.2271 0.8267
vn -0.3776 -0.1216 0.9179
vn -0.2260 -0.0113 0.9741
vn -0.4134 -0.0551 0.9089
vn -0.5663 -0.1312 0.8137
vn -0.2445 0.0231 0.9694
vn -0.6974 -0.2021 0.6875
vn -0.8904 -0.3308 0.3127
vn -0.7378 -0.0698 0.6714
vn -0.9440 -0.1550 0.2913
vn -0.5981 -0.0269 0.8009
vn -0.4354 0.0171 0.9001
vn -0.2559 0.0605 0.9648
vn -0.2598 0.0995 0.9605
vn -0.4429 0.0924 0.8918
vn -0.7514 0.0680 0.6563
vn -0.9621 0.0281 0.2713
vn -0.6089 0.0817 0.7891
vn -0.7378 0.2058 0.6429
vn -0.9440 0.2113 0.2534
vn -0.5981 0.1903 0.7785
vn -0.4354 0.1676 0.8845
vn -0.2559 0.1385 0.9567
vn -0.2445 0.1760 0.9535
vn -0.4134 0.2401 0.8783
vn -0.6975 0.3386 0.6316
vn -0.8904 0.3878 0.2384
vn -0.5663 0.2950 0.7696
vn -0.6319 0.4611 0.6229
vn -0.8033 0.5506 0.2268
vn -0.5147 0.3916 0.7627
vn -0.3776 0.3070 0.8736
vn -0.2260 0.2107 0.9511
vn -0.2010 0.2412 0.9494
vn -0.5438 0.5687 0.6171
vn -0.6861 0.6936 0.2192
vn -0.4452 0.4764 0.7581
vn -0.3294 0.3658 0.8704
vn -0.4364 0.6572 0.6145
vn -0.5434 0.8113 0.2157
vn -0.3605 0.5462 0.7561
vn -0.2709 0.4141 0.8690
vn -0.1710 0.2660 0.9487
vn -0.1364 0.2847 0.9489
vn -0.3138 0.7233 0.6152
vn -0.3805 0.8991 0.2165
vn -0.2639 0.5982 0.7566
vn -0.2040 0.4502 0.8693
vn -0.1591 0.6306 0.7597
vn -0.1809 0.7642 0.6190
vn -0.1313 0.4727 0.8714
vn -0.0984 0.2965 0.9499
vn -0.2038 0.9536 0.2217
vn -0.0426 0.7787 0.6259
vn -0.0200 0.9728 0.2309
vn -0.0501 0.6419 0.7651
vn -0.0557 0.4806 0.8752
vn -0.0592 0.3006 0.9519
vn 0.0198 0.4736 0.8805
vn 0.0589 0.6319 0.7728
vn -0.0201 0.2970 0.9547
vn 0.0957 0.7660 0.6357
vn 0.1638 0.9559 0.2438
vn 0.2287 0.7266 0.6478
vn 0.3405 0.9036 0.2600
vn 0.1637 0.6009 0.7824
vn 0.0925 0.4521 0.8871
vn 0.0179 0.2856 0.9582
vn 0.1594 0.4168 0.8949
vn 0.2603 0.5500 0.7935
vn 0.0526 0.2674 0.9621
vn 0.3512 0.6621 0.6620
vn 0.5034 0.8178 0.2788
vn 0.4587 0.5749 0.6775
vn 0.6462 0.7019 0.2995
vn 0.3450 0.4813 0.8058
vn 0.2179 0.3692 0.9034
vn 0.0826 0.2429 0.9665
vn 0.1075 0.2128 0.9712
vn 0.2661 0.3110 0.9124
vn 0.5468 0.4685 0.6939
vn 0.7634 0.5604 0.3212
vn 0.4145 0.3974 0.8187
vn 0.6123 0.3468 0.7105
vn 0.8504 0.3986 0.3433
vn 0.4661 0.3014 0.8318
vn 0.3019 0.2445 0.9214
vn 0.1260 0.1784 0.9759
vn 0.1375 0.1409 0.9804
vn 0.3240 0.1723 0.9302
vn 0.6526 0.2145 0.7267
vn 0.9040 0.2229 0.3648
vn 0.4979 0.1972 0.8445
vn 0.6662 0.0768 0.7418
vn 0.9221 0.0398 0.3848
vn 0.5086 0.0887 0.8564
vn 0.3314 0.0972 0.9385
vn 0.1413 0.1019 0.9847
vn 0.1375 0.0630 0.9885
vn 0.6526 -0.0612 0.7552
vn 0.9040 -0.1435 0.4027
vn 0.4979 -0.0201 0.8670
vn 0.3240 0.0219 0.9458
vn 0.4661 -0.1247 0.8759
vn 0.6123 -0.1939 0.7664
vn 0.3020 -0.0506 0.9520
vn 0.1260 0.0254 0.9917
vn 0.8504 -0.3199 0.4176
vn 0.5468 -0.3164 0.7751
vn 0.7634 -0.4827 0.4292
vn 0.4145 -0.2213 0.8827
vn 0.2662 -0.1175 0.9567
vn 0.1075 -0.0092 0.9942
vn 0.3450 -0.3061 0.8873
vn 0.4587 -0.4240 0.7809
vn 0.2180 -0.1763 0.9599
vn 0.0826 -0.0397 0.9958
vn 0.6462 -0.6257 0.4369
vn 0.5034 -0.7434 0.4404
vn 0.3512 -0.5125 0.7836
vn 0.2603 -0.3759 0.8893
vn 0.1592 -0.2247 0.9613
vn 0.0521 -0.0649 0.9965
vn 0.0923 -0.2608 0.9610
vn 0.1636 -0.4279 0.8889
vn -0.7058 0.6989 -0.1153
vn -0.8300 0.5474 -0.1072
vn 0.0174 -0.0836 0.9963
vn -0.1947 -0.9768 0.0892
vn 0.9790 0.2001 0.0389
vn 0.9222 0.3864 0.0161
vn 0.7058 0.7077 -0.0302
vn 0.5545 0.8305 -0.0522
vn -0.9982 -0.0062 -0.0602
vn -0.9790 0.1879 -0.0791
vn 0.3405 -0.8312 0.4395
vn 0.1638 -0.8857 0.4344
vn 0.1947 -0.9744 0.1127
vn 0.3820 -0.9166 0.1181
vn -0.1947 0.9744 -0.1127
vn -0.3820 0.9166 -0.1181
vn 0.9790 -0.1879 0.0791
vn 0.9222 -0.3749 0.0949
vn -0.3820 -0.9213 0.0721
vn 0.2287 -0.5785 0.7829
vn 0.3820 0.9213 -0.0721
vn 0.1947 0.9768 -0.0892
vn -0.9222 0.3749 -0.0950
vn -0.9790 -0.2001 -0.0389
vn -0.9222 -0.3864 -0.0162
vn 0.8299 0.5578 -0.0072
vn -0.5545 0.8236 -0.1190
vn 0.0957 -0.6196 0.7790
vn 0.7058 -0.6989 0.1153
vn 0.5546 -0.8236 0.1190
vn 0.0589 -0.4602 0.8858
vn 0.0197 -0.2832 0.9589
vn -0.8299 -0.5578 0.0072
vn -0.7058 -0.7077 0.0302
vn -0.0201 -0.0952 0.9953
vn 0.9982 0.0062 0.0601
vn 0.8300 -0.5474 0.1072
vn -0.5546 -0.8305 0.0522
vn 0.3038 -0.2051 0.9304
vn 0.2788 -0.3914 0.8770
vn 0.3820 -0.3848 0.8402
vn 0.3753 -0.2004 0.9050
vn 0.3172 -0.0108 0.9483
vn 0.3543 -0.0084 0.9351
vn 0.3183 0.1903 0.9287
vn 0.2432 -0.5627 0.7900
vn 0.1306 -0.8631 0.4878
vn 0.3045 -0.8520 0.4259
vn 0.3741 -0.5543 0.7435
vn 0.4806 -0.3574 0.8008
vn 0.4993 -0.5195 0.6934
vn 0.4436 -0.1815 0.8777
vn 0.3896 0.0014 0.9210
vn 0.4709 -0.8056 0.3594
vn 0.6232 -0.7259 0.2909
vn 0.6139 -0.4595 0.6418
vn 0.5710 -0.3101 0.7601
vn 0.5061 -0.1487 0.8495
vn 0.4219 0.0184 0.9064
vn 0.7135 -0.3767 0.5907
vn 0.6495 -0.2449 0.7198
vn 0.5607 -0.1035 0.8215
vn 0.4502 0.0419 0.8919
vn 0.7556 -0.6159 0.2230
vn 0.8630 -0.4798 0.1583
vn 0.7943 -0.2743 0.5421
vn 0.7132 -0.1642 0.6814
vn 0.6048 -0.0475 0.7949
vn 0.4731 0.0709 0.8781
vn 0.7596 -0.0711 0.6464
vn 0.6369 0.0169 0.7707
vn 0.4898 0.1043 0.8656
vn 0.9412 -0.3229 0.0993
vn 0.8531 -0.1563 0.4977
vn 0.9873 -0.1511 0.0484
vn 0.8878 -0.0270 0.4594
vn 0.7870 0.0308 0.6162
vn 0.6559 0.0875 0.7497
vn 0.4996 0.1409 0.8547
vn 0.5022 0.1792 0.8460
vn 0.6609 0.1615 0.7328
vn 0.9996 0.0289 0.0073
vn 0.8970 0.1084 0.4285
vn 0.7942 0.1376 0.5919
vn 0.8804 0.2448 0.4062
vn 0.9774 0.2102 -0.0223
vn 0.7811 0.2450 0.5743
vn 0.6518 0.2359 0.7207
vn 0.4975 0.2178 0.8397
vn 0.6289 0.3081 0.7138
vn 0.4856 0.2552 0.8361
vn 0.8385 0.3770 0.3935
vn 0.9217 0.3858 -0.0392
vn 0.7480 0.3492 0.5643
vn 0.7730 0.4998 0.3907
vn 0.8347 0.5490 -0.0428
vn 0.6964 0.4461 0.5622
vn 0.5931 0.3752 0.7123
vn 0.4671 0.2900 0.8353
vn 0.4426 0.3207 0.8374
vn 0.6864 0.6085 0.3981
vn 0.7196 0.6936 -0.0329
vn 0.6281 0.5318 0.5680
vn 0.5458 0.4346 0.7164
vn 0.5820 0.6990 0.4154
vn 0.5809 0.8139 -0.0101
vn 0.5459 0.6031 0.5816
vn 0.4889 0.4840 0.7257
vn 0.4134 0.3461 0.8422
vn 0.3800 0.3656 0.8496
vn 0.4639 0.7678 0.4418
vn 0.4239 0.9054 0.0249
vn 0.4528 0.6573 0.6024
vn 0.4245 0.5216 0.7401
vn 0.3366 0.8123 0.4763
vn 0.3524 0.6923 0.6296
vn 0.3548 0.5459 0.7590
vn 0.3436 0.3784 0.8595
vn 0.2547 0.9644 0.0708
vn 0.2050 0.8307 0.5177
vn 0.0797 0.9888 0.1258
vn 0.2487 0.7068 0.6622
vn 0.2829 0.5560 0.7815
vn 0.3063 0.3836 0.8712
vn 0.1455 0.7002 0.6989
vn 0.2114 0.5514 0.8070
vn 0.2693 0.3812 0.8844
vn -0.0943 0.9777 0.1877
vn 0.0740 0.8223 0.5642
vn -0.0511 0.7874 0.6143
vn -0.2606 0.9314 0.2542
vn 0.0468 0.6727 0.7384
vn 0.1429 0.5323 0.8344
vn 0.2335 0.3712 0.8987
vn -0.0435 0.6255 0.7790
vn 0.0804 0.4995 0.8626
vn 0.2011 0.3542 0.9133
vn -0.4129 0.8516 0.3228
vn -0.1657 0.7274 0.6659
vn -0.5452 0.7417 0.3907
vn -0.2653 0.6447 0.7169
vn -0.1220 0.5603 0.8192
vn 0.0262 0.4544 0.8904
vn 0.1733 0.3310 0.9276
vn -0.0179 0.3984 0.9170
vn 0.1504 0.3020 0.9414
vn -0.3460 0.5423 0.7656
vn -0.6526 0.6056 0.4553
vn -0.1857 0.4796 0.8576
vn -0.7309 0.4486 0.5143
vn -0.4050 0.4242 0.8100
vn -0.2321 0.3864 0.8926
vn -0.0501 0.3339 0.9413
vn 0.1338 0.2686 0.9539
vn -0.0691 0.2633 0.9622
vn 0.1240 0.2321 0.9648
vn -0.7770 0.2769 0.5653
vn -0.4396 0.2950 0.8484
vn -0.2595 0.2846 0.9228
vn -0.7892 0.0969 0.6064
vn -0.4488 0.1596 0.8793
vn -0.2667 0.1779 0.9472
vn -0.0742 0.1894 0.9791
vn 0.1214 0.1937 0.9735
vn 0.1261 0.1551 0.9798
vn -0.4321 0.0231 0.9015
vn -0.7670 -0.0844 0.6360
vn -0.2535 0.0703 0.9648
vn -0.0651 0.1149 0.9912
vn -0.3903 -0.1090 0.9142
vn -0.2206 -0.0338 0.9748
vn -0.0422 0.0427 0.9982
vn 0.1379 0.1177 0.9834
vn -0.7114 -0.2601 0.6529
vn -0.3248 -0.2318 0.9169
vn -0.6243 -0.4233 0.6565
vn -0.1690 -0.1306 0.9769
vn -0.0064 -0.0243 0.9997
vn 0.1565 0.0829 0.9842
vn -0.1007 -0.2164 0.9711
vn -0.2383 -0.3406 0.9095
vn 0.0409 -0.0837 0.9957
vn 0.1809 0.0522 0.9821
vn -0.5093 -0.5678 0.6467
vn -0.1339 -0.4311 0.8923
vn -0.3706 -0.6881 0.6238
vn -0.0184 -0.2877 0.9575
vn 0.0980 -0.1332 0.9862
vn 0.2106 0.0265 0.9772
vn 0.1625 -0.1708 0.9718
vn 0.0747 -0.3419 0.9368
vn 0.7729 0.5151 -0.3704
vn 0.6510 0.6682 -0.3600
vn 0.2440 0.0070 0.9697
vn 0.0269 -0.9811 0.1918
vn 0.2112 -0.9693 0.1262
vn -0.8858 0.4087 0.2198
vn -0.9347 0.2267 0.2738
vn -0.5488 0.8358 0.0168
vn -0.6891 0.7192 0.0888
vn 0.9476 -0.0360 -0.3174
vn 0.9241 0.1561 -0.3487
vn -0.3377 -0.8926 0.2987
vn -0.1584 -0.9552 0.2500
vn -0.0443 -0.8387 0.5428
vn -0.2136 -0.7796 0.5887
vn 0.3377 0.8926 -0.2987
vn 0.1584 0.9552 -0.2500
vn -0.9241 -0.1561 0.3487
vn -0.8652 -0.3421 0.3666
vn 0.3875 -0.9202 0.0557
vn -0.0157 -0.4999 0.8659
vn -0.2113 0.9692 -0.1262
vn -0.3875 0.9202 -0.0557
vn 0.8652 0.3421 -0.3666
vn 0.8858 -0.4087 -0.2198
vn 0.9347 -0.2267 -0.2738
vn -0.8029 0.5750 0.1573
vn 0.5040 0.7957 -0.3358
vn 0.1116 -0.5444 0.8314
vn -0.6510 -0.6682 0.3600
vn -0.5040 -0.7957 0.3358
vn 0.1751 -0.3769 0.9095
vn 0.2319 -0.1950 0.9530
vn 0.6891 -0.7192 -0.0888
vn 0.8029 -0.5750 -0.1573
vn 0.2800 -0.0056 0.9600
vn -0.9476 0.0360 0.3174
vn -0.0269 0.9811 -0.1918
vn -0.7729 -0.5151 0.3704
vn 0.5489 -0.8357 -0.0168
vn -0.3820 -0.3848 0.8402
vn -0.2788 -0.3914 0.8770
vn -0.3038 -0.2051 0.9304
vn -0.3753 -0.2004 0.9050
vn -0.3172 -0.0108 0.9483
vn -0.3543 -0.0084 0.9351
vn -0.3183 0.1903 0.9287
vn -0.3045 -0.8520 0.4259
vn -0.1306 -0.8631 0.4878
vn -0.2432 -0.5627 0.7900
vn -0.3741 -0.5543 0.7435
vn -0.4806 -0.3574 0.8008
vn -0.4993 -0.5195 0.6934
vn -0.4436 -0.1815 0.8777
vn -0.3896 0.0014 0.9210
vn -0.4709 -0.8056 0.3594
vn -0.6139 -0.4595 0.6418
vn -0.6232 -0.7259 0.2909
vn -0.5710 -0.3101 0.7601
vn -0.5061 -0.1487 0.8495
vn -0.4220 0.0184 0.9064
vn -0.6495 -0.2449 0.7198
vn -0.7135 -0.3767 0.5907
vn -0.5607 -0.1035 0.8215
vn -0.4502 0.0419 0.8919
vn -0.7556 -0.6159 0.2230
vn -0.7943 -0.2743 0.5421
vn -0.8630 -0.4798 0.1583
vn -0.7132 -0.1642 0.6814
vn -0.6048 -0.0475 0.7949
vn -0.4731 0.0709 0.8781
vn -0.6369 0.0169 0.7707
vn -0.7596 -0.0711 0.6465
vn -0.4898 0.1043 0.8656
vn -0.8531 -0.1563 0.4977
vn -0.9412 -0.3229 0.0993
vn -0.8878 -0.0270 0.4594
vn -0.9873 -0.1511 0.0484
vn -0.7870 0.0308 0.6162
vn -0.6559 0.0875 0.7497
vn -0.4996 0.1409 0.8547
vn -0.5022 0.1792 0.8460
vn -0.6609 0.1615 0.7328
vn -0.8970 0.1085 0.4285
vn -0.9996 0.0289 0.0073
vn -0.7942 0.1376 0.5918
vn -0.8804 0.2448 0.4062
vn -0.9774 0.2102 -0.0223
vn -0.7811 0.2450 0.5743
vn -0.6518 0.2359 0.7207
vn -0.4975 0.2178 0.8397
vn -0.4856 0.2552 0.8361
vn -0.6289 0.3081 0.7138
vn -0.8385 0.3770 0.3935
vn -0.9217 0.3858 -0.0392
vn -0.7480 0.3492 0.5643
vn -0.7730 0.4998 0.3907
vn -0.8347 0.5490 -0.0428
vn -0.6964 0.4461 0.5622
vn -0.5931 0.3752 0.7123
vn -0.4671 0.2900 0.8353
vn -0.4426 0.3207 0.8374
vn -0.6864 0.6085 0.3981
vn -0.7196 0.6936 -0.0329
vn -0.6281 0.5318 0.5680
vn -0.5458 0.4346 0.7164
vn -0.5820 0.6990 0.4154
vn -0.5809 0.8139 -0.0101
vn -0.5459 0.6031 0.5816
vn -0.4889 0.4840 0.7257
vn -0.4135 0.3461 0.8421
vn -0.3800 0.3656 0.8496
vn -0.4639 0.7678 0.4418
vn -0.4239 0.9054 0.0249
vn -0.4528 0.6573 0.6024
vn -0.4245 0.5216 0.7401
vn -0.3524 0.6923 0.6296
vn -0.3366 0.8123 0.4763
vn -0.3548 0.5459 0.7590
vn -0.3436 0.3784 0.8595
vn -0.2547 0.9644 0.0708
vn -0.2050 0.8307 0.5177
vn -0.0797 0.9888 0.1258
vn -0.2487 0.7068 0.6622
vn -0.2829 0.5560 0.7815
vn -0.3063 0.3836 0.8712
vn -0.2114 0.5514 0.8070
vn -0.1455 0.7002 0.6989
vn -0.2693 0.3812 0.8844
vn -0.0740 0.8223 0.5642
vn 0.0943 0.9777 0.1877
vn 0.0511 0.7874 0.6143
vn 0.2606 0.9314 0.2542
vn -0.0468 0.6727 0.7384
vn -0.1429 0.5323 0.8344
vn -0.2335 0.3712 0.8987
vn -0.0804 0.4995 0.8626
vn 0.0435 0.6255 0.7790
vn -0.2011 0.3542 0.9133
vn 0.4129 0.8516 0.3228
vn 0.1657 0.7274 0.6659
vn 0.2653 0.6447 0.7169
vn 0.5452 0.7417 0.3907
vn 0.1220 0.5603 0.8192
vn -0.0262 0.4544 0.8904
vn -0.1733 0.3310 0.9276
vn -0.1504 0.3020 0.9414
vn 0.0179 0.3984 0.9170
vn 0.3460 0.5423 0.7656
vn 0.6526 0.6056 0.4553
vn 0.1857 0.4796 0.8576
vn 0.4050 0.4242 0.8100
vn 0.7309 0.4486 0.5143
vn 0.2321 0.3864 0.8926
vn 0.0501 0.3339 0.9413
vn -0.1338 0.2686 0.9539
vn -0.1240 0.2321 0.9648
vn 0.0691 0.2633 0.9622
vn 0.4396 0.2950 0.8484
vn 0.7770 0.2769 0.5653
vn 0.2595 0.2846 0.9228
vn 0.4488 0.1596 0.8793
vn 0.7892 0.0969 0.6064
vn 0.2667 0.1779 0.9472
vn 0.0742 0.1894 0.9791
vn -0.1214 0.1937 0.9735
vn -0.1261 0.1551 0.9798
vn 0.4321 0.0231 0.9015
vn 0.7670 -0.0844 0.6360
vn 0.2535 0.0703 0.9648
vn 0.0651 0.1149 0.9912
vn 0.2206 -0.0338 0.9748
vn 0.3903 -0.1090 0.9142
vn 0.0422 0.0427 0.9982
vn -0.1379 0.1177 0.9834
vn 0.7114 -0.2601 0.6529
vn 0.3248 -0.2318 0.9169
vn 0.6243 -0.4233 0.6565
vn 0.1690 -0.1306 0.9769
vn 0.0064 -0.0243 0.9997
vn -0.1565 0.0829 0.9842
vn 0.1007 -0.2164 0.9711
vn 0.2383 -0.3406 0.9095
vn -0.0409 -0.0837 0.9957
vn -0.1809 0.0522 0.9821
vn 0.5093 -0.5678 0.6467
vn 0.1339 -0.4311 0.8923
vn 0.3706 -0.6881 0.6238
vn 0.0184 -0.2877 0.9575
vn -0.0980 -0.1332 0.9862
vn -0.2106 0.0265 0.9772
vn -0.1625 -0.1708 0.9718
vn -0.0747 -0.3419 0.9368
vn -0.6510 0.6682 -0.3600
vn -0.7729 0.5151 -0.3704
vn -0.2440 0.0070 0.9697
vn -0.2112 -0.9693 0.1262
vn -0.0269 -0.9811 0.1918
vn 0.8858 0.4087 0.2198
vn 0.9347 0.2267 0.2738
vn 0.6891 0.7192 0.0888
vn 0.5488 0.8358 0.0168
vn -0.9242 0.1560 -0.3487
vn -0.9476 -0.0360 -0.3174
vn 0.0443 -0.8387 0.5428
vn 0.1584 -0.9552 0.2500
vn 0.3377 -0.8926 0.2987
vn 0.2136 -0.7796 0.5887
vn -0.3377 0.8926 -0.2987
vn -0.1584 0.9552 -0.2500
vn 0.9241 -0.1561 0.3487
vn 0.8652 -0.3421 0.3666
vn -0.3875 -0.9202 0.0557
vn 0.0157 -0.4999 0.8659
vn 0.3875 0.9202 -0.0557
vn 0.2113 0.9692 -0.1262
vn -0.8652 0.3421 -0.3666
vn -0.9347 -0.2267 -0.2739
vn -0.8858 -0.4087 -0.2198
vn 0.8029 0.5750 0.1573
vn -0.5040 0.7957 -0.3358
vn -0.1116 -0.5444 0.8314
vn 0.5040 -0.7957 0.3358
vn 0.6510 -0.6682 0.3600
vn -0.1751 -0.3769 0.9095
vn -0.2319 -0.1950 0.9530
vn -0.8029 -0.5750 -0.1573
vn -0.6891 -0.7192 -0.0888
vn -0.2800 -0.0056 0.9600
vn 0.9476 0.0360 0.3174
vn 0.0269 0.9811 -0.1918
vn 0.7729 -0.5151 0.3704
vn -0.5489 -0.8357 -0.0168
vn 0.1999 -0.2005 0.9591
vn 0.1249 -0.2050 0.9708
vn 0.1103 -0.3914 0.9136
vn 0.2185 -0.3848 0.8968
vn 0.1736 -0.0084 0.9848
vn 0.1347 -0.0108 0.9908
vn 0.1394 0.1903 0.9718
vn 0.2289 -0.5543 0.8002
vn 0.0915 -0.5627 0.8216
vn 0.0372 -0.8631 0.5036
vn 0.2197 -0.8519 0.4753
vn 0.3228 -0.3574 0.8764
vn 0.3611 -0.5195 0.7744
vn 0.2720 -0.1815 0.9450
vn 0.2109 0.0014 0.9775
vn 0.3956 -0.8056 0.4410
vn 0.4834 -0.4595 0.7451
vn 0.5580 -0.7259 0.4021
vn 0.4191 -0.3101 0.8533
vn 0.3387 -0.1487 0.9291
vn 0.2455 0.0185 0.9692
vn 0.5038 -0.2449 0.8284
vn 0.5907 -0.3767 0.7135
vn 0.3975 -0.1035 0.9117
vn 0.2759 0.0419 0.9603
vn 0.7007 -0.6159 0.3601
vn 0.8183 -0.4798 0.3165
vn 0.6792 -0.2743 0.6807
vn 0.5735 -0.1642 0.8026
vn 0.4458 -0.0475 0.8939
vn 0.3009 0.0709 0.9510
vn 0.4819 0.0169 0.8760
vn 0.6256 -0.0711 0.7769
vn 0.3197 0.1043 0.9418
vn 0.7453 -0.1563 0.6482
vn 0.9061 -0.3229 0.2732
vn 0.9610 -0.1511 0.2318
vn 0.7865 -0.0270 0.6170
vn 0.6581 0.0308 0.7523
vn 0.5044 0.0875 0.8590
vn 0.3313 0.1408 0.9330
vn 0.3356 0.1792 0.9248
vn 0.5126 0.1615 0.8433
vn 0.9807 0.0289 0.1936
vn 0.8013 0.1085 0.5883
vn 0.6698 0.1376 0.7296
vn 0.7891 0.2448 0.5633
vn 0.9644 0.2102 0.1604
vn 0.6602 0.2450 0.7100
vn 0.5059 0.2359 0.8297
vn 0.3321 0.2178 0.9177
vn 0.3211 0.2553 0.9120
vn 0.4846 0.3081 0.8187
vn 0.9129 0.3858 0.1334
vn 0.7503 0.3770 0.5430
vn 0.6296 0.3492 0.6940
vn 0.8280 0.5490 0.1137
vn 0.6865 0.4998 0.5281
vn 0.5792 0.4461 0.6822
vn 0.4498 0.3752 0.8105
vn 0.3030 0.2900 0.9078
vn 0.2786 0.3207 0.9053
vn 0.7131 0.6936 0.1019
vn 0.6001 0.6085 0.5192
vn 0.5111 0.5318 0.6752
vn 0.4025 0.4346 0.8057
vn 0.5726 0.8139 0.0985
vn 0.4943 0.6990 0.5167
vn 0.4278 0.6031 0.6732
vn 0.3449 0.4840 0.8042
vn 0.2491 0.3461 0.9045
vn 0.2149 0.3656 0.9056
vn 0.4118 0.9054 0.1036
vn 0.3733 0.7678 0.5206
vn 0.3324 0.6573 0.6763
vn 0.2789 0.5216 0.8063
vn 0.2287 0.6924 0.6844
vn 0.2418 0.8123 0.5307
vn 0.2070 0.5459 0.8119
vn 0.1772 0.3784 0.9085
vn 0.2370 0.9644 0.1171
vn 0.0548 0.9888 0.1385
vn 0.1048 0.8307 0.5468
vn 0.1207 0.7068 0.6970
vn 0.1321 0.5560 0.8206
vn 0.1384 0.3836 0.9131
vn 0.0571 0.5514 0.8323
vn 0.0125 0.7002 0.7138
vn 0.0996 0.3812 0.9191
vn -0.1276 0.9777 0.1668
vn -0.0325 0.8223 0.5681
vn -0.3034 0.9314 0.2011
vn -0.1648 0.7874 0.5940
vn -0.0917 0.6728 0.7342
vn -0.0152 0.5323 0.8464
vn 0.0617 0.3711 0.9265
vn -0.1881 0.6255 0.7572
vn -0.0819 0.4995 0.8624
vn 0.0271 0.3542 0.9348
vn -0.2870 0.7275 0.6232
vn -0.4658 0.8517 0.2401
vn -0.3944 0.6447 0.6548
vn -0.6086 0.7417 0.2821
vn -0.2727 0.5603 0.7821
vn -0.1404 0.4544 0.8797
vn -0.0027 0.3310 0.9436
vn -0.1887 0.3984 0.8976
vn -0.0278 0.3020 0.9529
vn -0.7261 0.6056 0.3256
vn -0.4828 0.5423 0.6876
vn -0.3424 0.4796 0.8079
vn -0.8140 0.4487 0.3689
vn -0.5489 0.4242 0.7202
vn -0.3946 0.3864 0.8336
vn -0.2249 0.3338 0.9154
vn -0.0466 0.2685 0.9621
vn -0.0582 0.2321 0.9709
vn -0.2474 0.2633 0.9324
vn -0.8688 0.2769 0.4104
vn -0.5902 0.2950 0.7514
vn -0.4271 0.2846 0.8582
vn -0.6050 0.1596 0.7801
vn -0.8885 0.0969 0.4485
vn -0.4387 0.1779 0.8808
vn -0.2555 0.1894 0.9481
vn -0.0623 0.1938 0.9791
vn -0.0589 0.1551 0.9861
vn -0.5927 0.0231 0.8051
vn -0.8722 -0.0844 0.4817
vn -0.4291 0.0703 0.9005
vn -0.2489 0.1149 0.9617
vn -0.5540 -0.1090 0.8253
vn -0.3986 -0.0338 0.9165
vn -0.2277 0.0427 0.9728
vn -0.0479 0.1176 0.9919
vn -0.8207 -0.2601 0.5087
vn -0.4902 -0.2318 0.8402
vn -0.7359 -0.4233 0.5285
vn -0.3483 -0.1306 0.9282
vn -0.1928 -0.0243 0.9809
vn -0.0298 0.0829 0.9961
vn -0.2801 -0.2164 0.9353
vn -0.4038 -0.3405 0.8491
vn -0.1455 -0.0837 0.9858
vn -0.0054 0.0522 0.9986
vn -0.6210 -0.5678 0.5403
vn -0.4805 -0.6881 0.5437
vn -0.2980 -0.4311 0.8517
vn -0.1967 -0.2877 0.9373
vn -0.0877 -0.1332 0.9872
vn 0.0245 0.0265 0.9993
vn -0.1014 -0.3419 0.9342
vn -0.0217 -0.1708 0.9851
vn 0.7068 0.6683 -0.2322
vn 0.8285 0.5151 -0.2197
vn 0.0587 0.0070 0.9983
vn -0.0093 -0.9811 0.1934
vn 0.1840 -0.9692 0.1634
vn -0.9113 0.4087 0.0507
vn -0.9694 0.2267 0.0946
vn -0.5423 0.8358 -0.0858
vn -0.6936 0.7192 -0.0413
vn 0.9902 -0.0360 -0.1350
vn 0.9730 0.1560 -0.1701
vn -0.3875 -0.8926 0.2304
vn -0.2023 -0.9552 0.2161
vn -0.1448 -0.8387 0.5250
vn -0.3197 -0.7796 0.5385
vn 0.3875 0.8926 -0.2304
vn 0.2023 0.9552 -0.2161
vn -0.9730 -0.1560 0.1701
vn -0.9184 -0.3421 0.1987
vn 0.3703 -0.9202 0.1270
vn -0.1770 -0.4999 0.8478
vn -0.1840 0.9692 -0.1634
vn -0.3703 0.9202 -0.1270
vn 0.9184 0.3421 -0.1988
vn 0.9112 -0.4087 -0.0507
vn 0.9694 -0.2267 -0.0946
vn -0.8181 0.5750 0.0048
vn 0.5578 0.7957 -0.2358
vn -0.0455 -0.5444 0.8376
vn -0.7068 -0.6683 0.2322
vn -0.5578 -0.7957 0.2358
vn 0.0023 -0.3769 0.9262
vn 0.0501 -0.1950 0.9795
vn 0.6936 -0.7192 0.0413
vn 0.8181 -0.5750 -0.0048
vn 0.0960 -0.0056 0.9954
vn -0.9902 0.0360 0.1350
vn 0.0093 0.9811 -0.1934
vn -0.8285 -0.5151 0.2197
vn 0.5424 -0.8357 0.0858
vn -0.0364 -0.2720 0.9616
vn -0.1121 -0.2760 0.9546
vn -0.1124 -0.4576 0.8820
vn -0.0032 -0.4517 0.8922
vn -0.0681 -0.0819 0.9943
vn -0.1074 -0.0840 0.9907
vn -0.0981 0.1178 0.9882
vn 0.0299 -0.6141 0.7887
vn -0.1085 -0.6216 0.7758
vn -0.0848 -0.8975 0.4328
vn 0.0991 -0.8875 0.4501
vn 0.1028 -0.4247 0.8995
vn 0.1645 -0.5798 0.7980
vn 0.0370 -0.2534 0.9667
vn -0.0302 -0.0722 0.9969
vn 0.2780 -0.8419 0.4624
vn 0.4450 -0.7626 0.4695
vn 0.2901 -0.5200 0.8034
vn 0.2018 -0.3777 0.9037
vn 0.1056 -0.2207 0.9696
vn 0.0056 -0.0551 0.9985
vn 0.4020 -0.4371 0.8045
vn 0.2900 -0.3123 0.9046
vn 0.1669 -0.1754 0.9702
vn 0.0372 -0.0317 0.9988
vn 0.5937 -0.6524 0.4711
vn 0.7182 -0.5156 0.4672
vn 0.4957 -0.3343 0.8016
vn 0.3639 -0.2312 0.9023
vn 0.2180 -0.1192 0.9686
vn 0.0636 -0.0027 0.9980
vn 0.2573 -0.0543 0.9648
vn 0.4206 -0.1375 0.8968
vn 0.0841 0.0311 0.9960
vn 0.8139 -0.3576 0.4578
vn 0.5677 -0.2154 0.7945
vn 0.6152 -0.0849 0.7838
vn 0.8771 -0.1842 0.4435
vn 0.4581 -0.0346 0.8882
vn 0.2833 0.0170 0.9589
vn 0.0975 0.0679 0.9929
vn 0.2949 0.0918 0.9511
vn 0.1035 0.1068 0.9889
vn 0.6365 0.0519 0.7695
vn 0.9054 -0.0023 0.4246
vn 0.4748 0.0732 0.8770
vn 0.8976 0.1811 0.4019
vn 0.6306 0.1899 0.7525
vn 0.4702 0.1819 0.8636
vn 0.2917 0.1670 0.9418
vn 0.1019 0.1458 0.9841
vn 0.2738 0.2402 0.9313
vn 0.0926 0.1836 0.9786
vn 0.5979 0.3239 0.7332
vn 0.8541 0.3591 0.3763
vn 0.4444 0.2875 0.8484
vn 0.7765 0.5248 0.3488
vn 0.5395 0.4486 0.7125
vn 0.3984 0.3858 0.8321
vn 0.2418 0.3083 0.9200
vn 0.0761 0.2190 0.9727
vn 0.0529 0.2503 0.9667
vn 0.4577 0.5592 0.6912
vn 0.6677 0.6718 0.3206
vn 0.3339 0.4731 0.8153
vn 0.1971 0.3687 0.9084
vn 0.5322 0.7945 0.2924
vn 0.3557 0.6514 0.6701
vn 0.2535 0.5458 0.7986
vn 0.1416 0.4191 0.8968
vn 0.0246 0.2761 0.9608
vn -0.0089 0.2960 0.9551
vn 0.2373 0.7219 0.6500
vn 0.3749 0.8882 0.2657
vn 0.1602 0.6013 0.7828
vn 0.0770 0.4576 0.8858
vn 0.0576 0.6375 0.7683
vn 0.1072 0.7679 0.6316
vn 0.0058 0.4828 0.8757
vn -0.0464 0.3094 0.9498
vn 0.2019 0.9492 0.2412
vn -0.0297 0.7875 0.6156
vn 0.0200 0.9753 0.2200
vn -0.0502 0.6530 0.7557
vn -0.0689 0.4935 0.8670
vn -0.0849 0.3149 0.9453
vn -0.1593 0.6471 0.7455
vn -0.1445 0.4894 0.8600
vn -0.1241 0.3128 0.9417
vn -0.1640 0.9654 0.2029
vn -0.1681 0.7800 0.6028
vn -0.3027 0.7457 0.5935
vn -0.3429 0.9198 0.1906
vn -0.2655 0.6201 0.7382
vn -0.2182 0.4706 0.8549
vn -0.1628 0.3028 0.9390
vn -0.3645 0.5730 0.7340
vn -0.2867 0.4380 0.8520
vn -0.1983 0.2859 0.9375
vn -0.5099 0.8404 0.1835
vn -0.4283 0.6860 0.5882
vn -0.5402 0.6031 0.5869
vn -0.6585 0.7302 0.1819
vn -0.4526 0.5077 0.7330
vn -0.3476 0.3927 0.8514
vn -0.2294 0.2627 0.9372
vn -0.2559 0.2338 0.9380
vn -0.3988 0.3365 0.8530
vn -0.7831 0.5935 0.1858
vn -0.6339 0.5003 0.5898
vn -0.5265 0.4266 0.7354
vn -0.7059 0.3813 0.5969
vn -0.8788 0.4354 0.1951
vn -0.5833 0.3328 0.7409
vn -0.4382 0.2716 0.8568
vn -0.2763 0.2000 0.9400
vn -0.2898 0.1629 0.9431
vn -0.4642 0.2004 0.8627
vn -0.9420 0.2622 0.2095
vn -0.7535 0.2509 0.6077
vn -0.6208 0.2300 0.7494
vn -0.7747 0.1141 0.6219
vn -0.9702 0.0803 0.2284
vn -0.6375 0.1222 0.7607
vn -0.4758 0.1257 0.8705
vn -0.2958 0.1244 0.9471
vn -0.2942 0.0855 0.9519
vn -0.9624 -0.1032 0.2511
vn -0.7688 -0.0240 0.6390
vn -0.6329 0.0133 0.7741
vn -0.4727 0.0503 0.8798
vn -0.7361 -0.1579 0.6582
vn -0.6071 -0.0922 0.7892
vn -0.4548 -0.0229 0.8903
vn -0.2848 0.0473 0.9574
vn -0.9189 -0.2812 0.2766
vn -0.8413 -0.4469 0.3041
vn -0.6777 -0.2825 0.6789
vn -0.5611 -0.1904 0.8055
vn -0.4229 -0.0910 0.9016
vn -0.2683 0.0119 0.9633
vn -0.5960 -0.3932 0.7002
vn -0.4966 -0.2777 0.8223
vn -0.3782 -0.1514 0.9132
vn -0.2452 -0.0193 0.9693
vn -0.7326 -0.5939 0.3324
vn -0.5970 -0.7166 0.3605
vn -0.4939 -0.4855 0.7213
vn -0.4161 -0.3504 0.8391
vn -0.3223 -0.2019 0.9248
vn -0.2161 -0.0456 0.9753
vn -0.2577 -0.2403 0.9359
vn -0.3229 -0.4060 0.8549
vn 0.8570 0.5148 0.0237
vn 0.7418 0.6705 -0.0063
vn -0.1827 -0.0655 0.9810
vn -0.0555 -0.9921 0.1128
vn 0.1393 -0.9816 0.1309
vn -0.8967 0.4201 -0.1392
vn -0.9637 0.2365 -0.1239
vn -0.5058 0.8492 -0.1515
vn -0.6633 0.7324 -0.1533
vn 0.9936 -0.0438 0.1039
vn 0.9854 0.1506 0.0799
vn -0.4315 -0.8998 0.0645
vn -0.2482 -0.9645 0.0904
vn -0.2668 -0.8713 0.4118
vn -0.4397 -0.8103 0.3873
vn 0.2483 0.9645 -0.0904
vn 0.4315 0.8998 -0.0644
vn -0.9854 -0.1506 -0.0799
vn -0.9392 -0.3392 -0.0528
vn 0.3289 -0.9333 0.1440
vn -0.3756 -0.5560 0.7415
vn -0.1394 0.9815 -0.1309
vn -0.3289 0.9333 -0.1440
vn 0.9392 0.3392 0.0528
vn 0.8967 -0.4201 0.1392
vn 0.9637 -0.2365 0.1239
vn -0.7953 0.5876 -0.1491
vn 0.5982 0.8005 -0.0360
vn -0.2454 -0.6020 0.7599
vn -0.7418 -0.6705 0.0063
vn -0.5982 -0.8005 0.0361
vn -0.2203 -0.4421 0.8695
vn -0.1868 -0.2653 0.9459
vn 0.6634 -0.7324 0.1532
vn 0.7953 -0.5876 0.1491
vn -0.1461 -0.0784 0.9862
vn -0.9936 0.0438 -0.1039
vn 0.0555 0.9921 -0.1128
vn -0.8570 -0.5148 -0.0237
vn 0.5059 -0.8492 0.1516
vn -0.1103 -0.3914 0.9136
vn -0.1249 -0.2050 0.9708
vn -0.1999 -0.2005 0.9591
vn -0.2185 -0.3848 0.8968
vn -0.1347 -0.0108 0.9908
vn -0.1736 -0.0084 0.9848
vn -0.1394 0.1903 0.9718
vn -0.0372 -0.8631 0.5036
vn -0.0915 -0.5627 0.8216
vn -0.2289 -0.5543 0.8002
vn -0.2197 -0.8519 0.4753
vn -0.3611 -0.5195 0.7744
vn -0.3228 -0.3574 0.8764
vn -0.2720 -0.1815 0.9450
vn -0.2109 0.0014 0.9775
vn -0.3956 -0.8056 0.4410
vn -0.4834 -0.4595 0.7451
vn -0.5580 -0.7259 0.4021
vn -0.4191 -0.3101 0.8533
vn -0.3387 -0.1487 0.9291
vn -0.2455 0.0185 0.9692
vn -0.5038 -0.2449 0.8284
vn -0.5907 -0.3767 0.7135
vn -0.3975 -0.1035 0.9117
vn -0.2759 0.0419 0.9603
vn -0.7007 -0.6159 0.3601
vn -0.6792 -0.2743 0.6807
vn -0.8183 -0.4798 0.3165
vn -0.5735 -0.1642 0.8026
vn -0.4458 -0.0475 0.8939
vn -0.3009 0.0709 0.9510
vn -0.4819 0.0169 0.8760
vn -0.6256 -0.0711 0.7769
vn -0.3197 0.1043 0.9418
vn -0.7453 -0.1563 0.6482
vn -0.9061 -0.3229 0.2732
vn -0.7865 -0.0270 0.6170
vn -0.9610 -0.1511 0.2318
vn -0.6581 0.0308 0.7523
vn -0.5045 0.0875 0.8590
vn -0.3313 0.1408 0.9330
vn -0.3356 0.1792 0.9248
vn -0.5126 0.1615 0.8433
vn -0.8013 0.1085 0.5883
vn -0.9807 0.0289 0.1936
vn -0.6698 0.1376 0.7296
vn -0.7891 0.2448 0.5634
vn -0.9644 0.2102 0.1604
vn -0.6602 0.2450 0.7100
vn -0.5059 0.2359 0.8297
vn -0.3321 0.2178 0.9177
vn -0.3211 0.2553 0.9120
vn -0.4846 0.3081 0.8187
vn -0.7503 0.3770 0.5430
vn -0.9129 0.3858 0.1334
vn -0.6296 0.3492 0.6940
vn -0.6865 0.4998 0.5281
vn -0.8280 0.5490 0.1137
vn -0.5792 0.4461 0.6822
vn -0.4498 0.3752 0.8105
vn -0.3030 0.2900 0.9078
vn -0.2786 0.3207 0.9053
vn -0.6001 0.6085 0.5192
vn -0.7131 0.6936 0.1019
vn -0.5111 0.5318 0.6752
vn -0.4026 0.4346 0.8056
vn -0.5726 0.8139 0.0985
vn -0.4943 0.6990 0.5167
vn -0.4278 0.6031 0.6732
vn -0.3449 0.4840 0.8042
vn -0.2491 0.3461 0.9045
vn -0.2149 0.3656 0.9056
vn -0.3733 0.7678 0.5206
vn -0.4118 0.9054 0.1036
vn -0.3324 0.6573 0.6763
vn -0.2789 0.5216 0.8063
vn -0.2287 0.6924 0.6844
vn -0.2418 0.8123 0.5307
vn -0.2070 0.5459 0.8119
vn -0.1772 0.3784 0.9085
vn -0.2370 0.9644 0.1171
vn -0.1048 0.8307 0.5468
vn -0.0548 0.9888 0.1385
vn -0.1207 0.7068 0.6970
vn -0.1321 0.5560 0.8206
vn -0.1384 0.3836 0.9131
vn -0.0571 0.5514 0.8323
vn -0.0125 0.7002 0.7138
vn -0.0996 0.3812 0.9191
vn 0.0325 0.8223 0.5681
vn 0.1276 0.9777 0.1668
vn 0.1648 0.7874 0.5940
vn 0.3034 0.9314 0.2011
vn 0.0917 0.6728 0.7342
vn 0.0152 0.5323 0.8464
vn -0.0617 0.3711 0.9265
vn 0.0819 0.4995 0.8624
vn 0.1881 0.6255 0.7572
vn -0.0271 0.3542 0.9348
vn 0.2870 0.7275 0.6232
vn 0.4658 0.8517 0.2401
vn 0.3944 0.6447 0.6548
vn 0.6086 0.7417 0.2821
vn 0.2727 0.5603 0.7821
vn 0.1404 0.4544 0.8797
vn 0.0027 0.3310 0.9436
vn 0.0278 0.3020 0.9529
vn 0.1887 0.3984 0.8976
vn 0.4828 0.5423 0.6876
vn 0.7261 0.6056 0.3256
vn 0.3424 0.4796 0.8079
vn 0.5489 0.4242 0.7202
vn 0.8140 0.4487 0.3689
vn 0.3946 0.3864 0.8336
vn 0.2249 0.3338 0.9154
vn 0.0466 0.2685 0.9621
vn 0.2474 0.2633 0.9324
vn 0.0582 0.2321 0.9709
vn 0.5902 0.2950 0.7514
vn 0.8688 0.2769 0.4104
vn 0.4271 0.2846 0.8582
vn 0.6050 0.1596 0.7801
vn 0.8885 0.0969 0.4485
vn 0.4387 0.1779 0.8808
vn 0.2555 0.1894 0.9481
vn 0.0624 0.1938 0.9791
vn 0.0589 0.1551 0.9861
vn 0.5927 0.0231 0.8051
vn 0.8722 -0.0844 0.4817
vn 0.4291 0.0703 0.9005
vn 0.2489 0.1149 0.9617
vn 0.3986 -0.0338 0.9165
vn 0.5540 -0.1090 0.8253
vn 0.2277 0.0427 0.9728
vn 0.0479 0.1176 0.9919
vn 0.8207 -0.2601 0.5087
vn 0.4902 -0.2318 0.8402
vn 0.7359 -0.4233 0.5285
vn 0.3483 -0.1306 0.9282
vn 0.1928 -0.0243 0.9809
vn 0.0298 0.0829 0.9961
vn 0.2801 -0.2164 0.9353
vn 0.4038 -0.3405 0.8491
vn 0.1455 -0.0837 0.9858
vn 0.0054 0.0522 0.9986
vn 0.6210 -0.5678 0.5403
vn 0.2980 -0.4311 0.8517
vn 0.4805 -0.6881 0.5437
vn 0.1967 -0.2877 0.9373
vn 0.0877 -0.1332 0.9872
vn -0.0245 0.0265 0.9993
vn 0.0217 -0.1708 0.9851
vn 0.1014 -0.3419 0.9342
vn -0.7068 0.6683 -0.2322
vn -0.8285 0.5151 -0.2197
vn -0.0587 0.0070 0.9983
vn -0.1840 -0.9692 0.1634
vn 0.0093 -0.9811 0.1934
vn 0.9694 0.2267 0.0946
vn 0.9113 0.4087 0.0507
vn 0.5423 0.8358 -0.0858
vn 0.6936 0.7192 -0.0413
vn -0.9730 0.1561 -0.1701
vn -0.9902 -0.0360 -0.1350
vn 0.3197 -0.7796 0.5385
vn 0.1448 -0.8387 0.5250
vn 0.2022 -0.9552 0.2160
vn 0.3875 -0.8926 0.2304
vn -0.2023 0.9552 -0.2161
vn -0.3875 0.8926 -0.2304
vn 0.9184 -0.3421 0.1987
vn 0.9730 -0.1561 0.1701
vn -0.3703 -0.9202 0.1270
vn 0.1770 -0.4999 0.8478
vn 0.3703 0.9202 -0.1270
vn 0.1840 0.9692 -0.1634
vn -0.9184 0.3421 -0.1988
vn -0.9693 -0.2267 -0.0947
vn -0.9112 -0.4087 -0.0507
vn 0.8181 0.5750 0.0048
vn -0.5578 0.7957 -0.2358
vn 0.0455 -0.5444 0.8376
vn 0.7068 -0.6683 0.2322
vn 0.5578 -0.7957 0.2358
vn -0.0023 -0.3769 0.9262
vn -0.0501 -0.1950 0.9795
vn -0.8181 -0.5750 -0.0048
vn -0.6936 -0.7192 0.0413
vn -0.0960 -0.0056 0.9954
vn 0.9902 0.0360 0.1350
vn -0.0093 0.9811 -0.1935
vn 0.8285 -0.5151 0.2197
vn -0.5424 -0.8357 0.0858
vn 0.0364 -0.2720 0.9616
vn 0.0032 -0.4517 0.8922
vn 0.1124 -0.4576 0.8820
vn 0.1120 -0.2760 0.9546
vn 0.1074 -0.0840 0.9907
vn 0.0681 -0.0819 0.9943
vn 0.0981 0.1178 0.9882
vn 0.0848 -0.8975 0.4328
vn 0.1085 -0.6216 0.7758
vn -0.0299 -0.6141 0.7887
vn -0.0991 -0.8874 0.4501
vn -0.1028 -0.4247 0.8995
vn -0.1645 -0.5798 0.7980
vn -0.0370 -0.2534 0.9667
vn 0.0302 -0.0722 0.9969
vn -0.2780 -0.8419 0.4624
vn -0.2901 -0.5200 0.8034
vn -0.4450 -0.7626 0.4695
vn -0.2018 -0.3777 0.9037
vn -0.1056 -0.2207 0.9696
vn -0.0056 -0.0551 0.9985
vn -0.2900 -0.3123 0.9046
vn -0.4020 -0.4371 0.8045
vn -0.1668 -0.1754 0.9703
vn -0.0372 -0.0317 0.9988
vn -0.5937 -0.6524 0.4711
vn -0.4957 -0.3343 0.8016
vn -0.7182 -0.5156 0.4672
vn -0.3639 -0.2312 0.9023
vn -0.2180 -0.1192 0.9686
vn -0.0636 -0.0027 0.9980
vn -0.2573 -0.0543 0.9648
vn -0.4206 -0.1375 0.8968
vn -0.0841 0.0311 0.9960
vn -0.5677 -0.2154 0.7945
vn -0.8139 -0.3576 0.4578
vn -0.6152 -0.0849 0.7838
vn -0.8771 -0.1843 0.4435
vn -0.4581 -0.0346 0.8882
vn -0.2833 0.0170 0.9589
vn -0.0975 0.0679 0.9929
vn -0.1035 0.1068 0.9889
vn -0.2949 0.0918 0.9511
vn -0.6365 0.0519 0.7695
vn -0.9054 -0.0023 0.4246
vn -0.4748 0.0732 0.8770
vn -0.6306 0.1899 0.7525
vn -0.8976 0.1811 0.4019
vn -0.4702 0.1819 0.8636
vn -0.2917 0.1670 0.9418
vn -0.1019 0.1458 0.9841
vn -0.0926 0.1836 0.9786
vn -0.2738 0.2401 0.9313
vn -0.5979 0.3239 0.7332
vn -0.8541 0.3591 0.3763
vn -0.4444 0.2875 0.8484
vn -0.5395 0.4486 0.7125
vn -0.7765 0.5248 0.3488
vn -0.3984 0.3858 0.8321
vn -0.2418 0.3083 0.9200
vn -0.0761 0.2190 0.9727
vn -0.0529 0.2503 0.9667
vn -0.4577 0.5592 0.6912
vn -0.6677 0.6718 0.3206
vn -0.3339 0.4731 0.8153
vn -0.1971 0.3687 0.9084
vn -0.3557 0.6514 0.6701
vn -0.5322 0.7945 0.2924
vn -0.2535 0.5458 0.7986
vn -0.1416 0.4191 0.8968
vn -0.0246 0.2761 0.9608
vn 0.0089 0.2960 0.9551
vn -0.2373 0.7219 0.6500
vn -0.3749 0.8882 0.2657
vn -0.1602 0.6013 0.7828
vn -0.0770 0.4576 0.8858
vn -0.0576 0.6375 0.7683
vn -0.1072 0.7679 0.6316
vn -0.0058 0.4828 0.8757
vn 0.0464 0.3094 0.9498
vn -0.2019 0.9492 0.2412
vn 0.0297 0.7875 0.6156
vn -0.0200 0.9753 0.2200
vn 0.0502 0.6530 0.7557
vn 0.0689 0.4935 0.8670
vn 0.0849 0.3149 0.9453
vn 0.1593 0.6471 0.7455
vn 0.1445 0.4894 0.8600
vn 0.1241 0.3128 0.9417
vn 0.1681 0.7800 0.6028
vn 0.1640 0.9654 0.2029
vn 0.3027 0.7457 0.5935
vn 0.3429 0.9198 0.1906
vn 0.2655 0.6201 0.7382
vn 0.2182 0.4706 0.8549
vn 0.1628 0.3028 0.9390
vn 0.2867 0.4380 0.8520
vn 0.3645 0.5730 0.7340
vn 0.1983 0.2859 0.9375
vn 0.4283 0.6860 0.5882
vn 0.5099 0.8404 0.1835
vn 0.5402 0.6031 0.5869
vn 0.6585 0.7302 0.1819
vn 0.4526 0.5077 0.7330
vn 0.3476 0.3927 0.8514
vn 0.2294 0.2627 0.9372
vn 0.2559 0.2338 0.9380
vn 0.3988 0.3365 0.8530
vn 0.6339 0.5003 0.5898
vn 0.7831 0.5935 0.1858
vn 0.5265 0.4266 0.7354
vn 0.7059 0.3813 0.5969
vn 0.8788 0.4354 0.1951
vn 0.5833 0.3328 0.7409
vn 0.4382 0.2716 0.8568
vn 0.2763 0.2000 0.9400
vn 0.2898 0.1629 0.9431
vn 0.4642 0.2003 0.8628
vn 0.7535 0.2509 0.6077
vn 0.9420 0.2622 0.2095
vn 0.6208 0.2300 0.7494
vn 0.7747 0.1141 0.6220
vn 0.9702 0.0803 0.2284
vn 0.6375 0.1222 0.7607
vn 0.4758 0.1257 0.8705
vn 0.2958 0.1244 0.9471
vn 0.2942 0.0855 0.9519
vn 0.7688 -0.0240 0.6390
vn 0.9624 -0.1032 0.2511
vn 0.6329 0.0133 0.7741
vn 0.4727 0.0503 0.8798
vn 0.6071 -0.0922 0.7892
vn 0.7361 -0.1579 0.6582
vn 0.4548 -0.0229 0.8903
vn 0.2848 0.0473 0.9574
vn 0.9189 -0.2812 0.2766
vn 0.6777 -0.2825 0.6789
vn 0.8413 -0.4469 0.3041
vn 0.5611 -0.1904 0.8055
vn 0.4229 -0.0910 0.9016
vn 0.2683 0.0119 0.9633
vn 0.5959 -0.3932 0.7002
vn 0.4966 -0.2777 0.8223
vn 0.3782 -0.1514 0.9132
vn 0.2452 -0.0192 0.9693
vn 0.7326 -0.5939 0.3324
vn 0.4939 -0.4855 0.7213
vn 0.5970 -0.7166 0.3605
vn 0.4161 -0.3504 0.8391
vn 0.3223 -0.2019 0.9248
vn 0.2161 -0.0456 0.9753
vn 0.2577 -0.2403 0.9359
vn 0.3229 -0.4060 0.8549
vn -0.7418 0.6705 -0.0063
vn -0.8570 0.5148 0.0237
vn 0.1827 -0.0655 0.9810
vn -0.1393 -0.9816 0.1309
vn 0.0555 -0.9921 0.1128
vn 0.8967 0.4201 -0.1392
vn 0.9637 0.2365 -0.1239
vn 0.5058 0.8492 -0.1515
vn 0.6633 0.7324 -0.1533
vn -0.9854 0.1506 0.0799
vn -0.9936 -0.0438 0.1039
vn 0.2668 -0.8713 0.4118
vn 0.2482 -0.9645 0.0904
vn 0.4315 -0.8998 0.0645
vn 0.4397 -0.8103 0.3873
vn -0.2483 0.9645 -0.0904
vn -0.4315 0.8998 -0.0645
vn 0.9854 -0.1506 -0.0799
vn 0.9392 -0.3392 -0.0528
vn -0.3289 -0.9333 0.1440
vn 0.3756 -0.5560 0.7415
vn 0.1394 0.9815 -0.1309
vn 0.3290 0.9333 -0.1440
vn -0.9392 0.3392 0.0528
vn -0.9637 -0.2365 0.1239
vn -0.8967 -0.4201 0.1392
vn 0.7953 0.5876 -0.1491
vn -0.5982 0.8005 -0.0361
vn 0.2454 -0.6020 0.7599
vn 0.5982 -0.8005 0.0361
vn 0.7418 -0.6705 0.0063
vn 0.2203 -0.4421 0.8695
vn 0.1868 -0.2653 0.9459
vn -0.6634 -0.7324 0.1532
vn -0.7953 -0.5875 0.1491
vn 0.1461 -0.0784 0.9862
vn 0.9936 0.0438 -0.1039
vn -0.0555 0.9921 -0.1128
vn 0.8570 -0.5147 -0.0237
vn -0.5059 -0.8492 0.1516
vn -0.5774 -0.5774 0.5774
vn -0.5774 0.5774 0.5774
vn 0.5774 0.5774 0.5774
vn 0.5774 -0.5774 0.5774
vn 0.5773 0.5063 -0.6405
vn -0.5773 0.5063 -0.6405
vn -0.5773 0.6405 0.5063
vn 0.5773 0.6405 0.5063
vn -0.5773 -0.6405 -0.5063
vn 0.5773 -0.6405 -0.5063
vn -0.5773 -0.5063 0.6405
vn 0.5773 -0.5063 0.6405
# 1558 vertex normals

vt 0.4383 0.1842 0.0000
vt 0.4383 0.2097 0.0000
vt 0.0974 0.2059 0.0000
vt 0.0974 0.1849 0.0000
vt 0.1208 0.1873 0.0000
vt 0.1208 0.2083 0.0000
vt 0.4295 0.3007 0.0000
vt 0.4296 0.3005 0.0000
vt 0.4273 0.2962 0.0000
vt 0.4270 0.2964 0.0000
vt 0.4307 0.3052 0.0000
vt 0.4308 0.3051 0.0000
vt 0.4299 0.3088 0.0000
vt 0.4191 0.2893 0.0000
vt 0.4235 0.2926 0.0000
vt 0.4238 0.2923 0.0000
vt 0.4195 0.2890 0.0000
vt 0.4232 0.2936 0.0000
vt 0.4267 0.2972 0.0000
vt 0.4293 0.3012 0.0000
vt 0.4307 0.3055 0.0000
vt 0.4187 0.2905 0.0000
vt 0.4227 0.2951 0.0000
vt 0.4181 0.2923 0.0000
vt 0.4264 0.2984 0.0000
vt 0.4290 0.3020 0.0000
vt 0.4305 0.3059 0.0000
vt 0.4222 0.2972 0.0000
vt 0.4260 0.3000 0.0000
vt 0.4288 0.3032 0.0000
vt 0.4304 0.3065 0.0000
vt 0.4176 0.2947 0.0000
vt 0.4217 0.2997 0.0000
vt 0.4170 0.2977 0.0000
vt 0.4256 0.3020 0.0000
vt 0.4285 0.3045 0.0000
vt 0.4302 0.3072 0.0000
vt 0.4282 0.3061 0.0000
vt 0.4252 0.3043 0.0000
vt 0.4301 0.3080 0.0000
vt 0.4212 0.3026 0.0000
vt 0.4163 0.3011 0.0000
vt 0.4207 0.3057 0.0000
vt 0.4157 0.3047 0.0000
vt 0.4248 0.3067 0.0000
vt 0.4279 0.3078 0.0000
vt 0.4276 0.3096 0.0000
vt 0.4298 0.3097 0.0000
vt 0.4202 0.3090 0.0000
vt 0.4152 0.3086 0.0000
vt 0.4244 0.3093 0.0000
vt 0.4198 0.3123 0.0000
vt 0.4147 0.3124 0.0000
vt 0.4241 0.3119 0.0000
vt 0.4274 0.3113 0.0000
vt 0.4297 0.3106 0.0000
vt 0.4272 0.3130 0.0000
vt 0.4287 0.3105 0.0000
vt 0.4194 0.3154 0.0000
vt 0.4143 0.3161 0.0000
vt 0.4238 0.3143 0.0000
vt 0.4191 0.3183 0.0000
vt 0.4139 0.3196 0.0000
vt 0.4236 0.3166 0.0000
vt 0.4271 0.3146 0.0000
vt 0.4286 0.3113 0.0000
vt 0.4295 0.3130 0.0000
vt 0.4137 0.3225 0.0000
vt 0.4189 0.3209 0.0000
vt 0.4234 0.3186 0.0000
vt 0.4270 0.3160 0.0000
vt 0.4136 0.3250 0.0000
vt 0.4189 0.3229 0.0000
vt 0.4234 0.3203 0.0000
vt 0.4269 0.3171 0.0000
vt 0.4294 0.3136 0.0000
vt 0.4295 0.3140 0.0000
vt 0.4136 0.3269 0.0000
vt 0.4189 0.3245 0.0000
vt 0.4234 0.3215 0.0000
vt 0.4270 0.3180 0.0000
vt 0.4190 0.3255 0.0000
vt 0.4235 0.3223 0.0000
vt 0.4270 0.3185 0.0000
vt 0.4295 0.3143 0.0000
vt 0.4138 0.3280 0.0000
vt 0.4140 0.3284 0.0000
vt 0.4192 0.3259 0.0000
vt 0.4237 0.3225 0.0000
vt 0.4272 0.3187 0.0000
vt 0.4296 0.3144 0.0000
vt 0.4273 0.3185 0.0000
vt 0.4239 0.3223 0.0000
vt 0.4296 0.3143 0.0000
vt 0.4195 0.3255 0.0000
vt 0.4144 0.3281 0.0000
vt 0.4199 0.3246 0.0000
vt 0.4149 0.3270 0.0000
vt 0.4242 0.3216 0.0000
vt 0.4275 0.3180 0.0000
vt 0.4297 0.3140 0.0000
vt 0.4278 0.3172 0.0000
vt 0.4246 0.3204 0.0000
vt 0.4299 0.3136 0.0000
vt 0.4204 0.3231 0.0000
vt 0.4154 0.3252 0.0000
vt 0.4209 0.3210 0.0000
vt 0.4160 0.3227 0.0000
vt 0.4249 0.3188 0.0000
vt 0.4280 0.3161 0.0000
vt 0.4300 0.3131 0.0000
vt 0.4302 0.3123 0.0000
vt 0.4283 0.3147 0.0000
vt 0.4214 0.3185 0.0000
vt 0.4166 0.3198 0.0000
vt 0.4253 0.3168 0.0000
vt 0.4219 0.3156 0.0000
vt 0.4172 0.3164 0.0000
vt 0.4257 0.3145 0.0000
vt 0.4286 0.3131 0.0000
vt 0.4303 0.3115 0.0000
vt 0.4289 0.3114 0.0000
vt 0.4304 0.3107 0.0000
vt 0.4224 0.3125 0.0000
vt 0.4178 0.3127 0.0000
vt 0.4262 0.3120 0.0000
vt 0.4184 0.3088 0.0000
vt 0.4229 0.3092 0.0000
vt 0.4265 0.3095 0.0000
vt 0.4291 0.3097 0.0000
vt 0.4306 0.3098 0.0000
vt 0.4307 0.3089 0.0000
vt 0.4189 0.3050 0.0000
vt 0.4233 0.3059 0.0000
vt 0.4269 0.3069 0.0000
vt 0.4294 0.3079 0.0000
vt 0.4237 0.3028 0.0000
vt 0.4272 0.3044 0.0000
vt 0.4296 0.3062 0.0000
vt 0.4308 0.3080 0.0000
vt 0.4193 0.3013 0.0000
vt 0.4240 0.2999 0.0000
vt 0.4196 0.2979 0.0000
vt 0.4274 0.3021 0.0000
vt 0.4297 0.3046 0.0000
vt 0.4308 0.3072 0.0000
vt 0.4241 0.2973 0.0000
vt 0.4275 0.3001 0.0000
vt 0.4298 0.3033 0.0000
vt 0.4309 0.3065 0.0000
vt 0.4198 0.2949 0.0000
vt 0.4242 0.2952 0.0000
vt 0.4199 0.2924 0.0000
vt 0.4276 0.2985 0.0000
vt 0.4299 0.3021 0.0000
vt 0.4309 0.3059 0.0000
vt 0.4298 0.3013 0.0000
vt 0.4276 0.2972 0.0000
vt 0.4090 0.3192 0.0000
vt 0.4088 0.3222 0.0000
vt 0.4309 0.3055 0.0000
vt 0.4145 0.2886 0.0000
vt 0.4142 0.2890 0.0000
vt 0.4122 0.3160 0.0000
vt 0.4129 0.3123 0.0000
vt 0.4105 0.3248 0.0000
vt 0.4110 0.3223 0.0000
vt 0.4102 0.3082 0.0000
vt 0.4097 0.3121 0.0000
vt 0.4149 0.2902 0.0000
vt 0.4148 0.2890 0.0000
vt 0.4197 0.2894 0.0000
vt 0.4199 0.2905 0.0000
vt 0.4087 0.3265 0.0000
vt 0.4088 0.3276 0.0000
vt 0.4139 0.3046 0.0000
vt 0.4143 0.3009 0.0000
vt 0.4137 0.2901 0.0000
vt 0.4242 0.2937 0.0000
vt 0.4095 0.3277 0.0000
vt 0.4099 0.3266 0.0000
vt 0.4093 0.3158 0.0000
vt 0.4114 0.3007 0.0000
vt 0.4108 0.3044 0.0000
vt 0.4116 0.3194 0.0000
vt 0.4087 0.3247 0.0000
vt 0.4241 0.2927 0.0000
vt 0.4149 0.2945 0.0000
vt 0.4150 0.2920 0.0000
vt 0.4275 0.2965 0.0000
vt 0.4298 0.3007 0.0000
vt 0.4126 0.2943 0.0000
vt 0.4120 0.2973 0.0000
vt 0.4309 0.3052 0.0000
vt 0.4134 0.3084 0.0000
vt 0.4091 0.3280 0.0000
vt 0.4146 0.2975 0.0000
vt 0.4132 0.2919 0.0000
vt 0.3893 0.8229 0.0000
vt 0.3890 0.8187 0.0000
vt 0.3903 0.8184 0.0000
vt 0.3903 0.8228 0.0000
vt 0.3902 0.8273 0.0000
vt 0.3898 0.8274 0.0000
vt 0.3902 0.8320 0.0000
vt 0.3905 0.8113 0.0000
vt 0.3904 0.8146 0.0000
vt 0.3887 0.8149 0.0000
vt 0.3885 0.8116 0.0000
vt 0.3877 0.8194 0.0000
vt 0.3870 0.8158 0.0000
vt 0.3884 0.8234 0.0000
vt 0.3893 0.8277 0.0000
vt 0.3866 0.8127 0.0000
vt 0.3855 0.8173 0.0000
vt 0.3848 0.8145 0.0000
vt 0.3865 0.8206 0.0000
vt 0.3876 0.8242 0.0000
vt 0.3889 0.8281 0.0000
vt 0.3854 0.8222 0.0000
vt 0.3842 0.8194 0.0000
vt 0.3869 0.8254 0.0000
vt 0.3885 0.8286 0.0000
vt 0.3832 0.8169 0.0000
vt 0.3831 0.8219 0.0000
vt 0.3819 0.8199 0.0000
vt 0.3846 0.8242 0.0000
vt 0.3863 0.8267 0.0000
vt 0.3882 0.8293 0.0000
vt 0.3858 0.8283 0.0000
vt 0.3839 0.8265 0.0000
vt 0.3880 0.8301 0.0000
vt 0.3823 0.8248 0.0000
vt 0.3810 0.8233 0.0000
vt 0.3818 0.8279 0.0000
vt 0.3804 0.8269 0.0000
vt 0.3835 0.8289 0.0000
vt 0.3856 0.8300 0.0000
vt 0.3878 0.8310 0.0000
vt 0.3878 0.8319 0.0000
vt 0.3855 0.8317 0.0000
vt 0.3816 0.8311 0.0000
vt 0.3802 0.8307 0.0000
vt 0.3834 0.8315 0.0000
vt 0.3818 0.8344 0.0000
vt 0.3804 0.8346 0.0000
vt 0.3835 0.8340 0.0000
vt 0.3856 0.8335 0.0000
vt 0.3878 0.8328 0.0000
vt 0.3880 0.8336 0.0000
vt 0.3858 0.8352 0.0000
vt 0.3823 0.8375 0.0000
vt 0.3810 0.8383 0.0000
vt 0.3839 0.8365 0.0000
vt 0.3831 0.8404 0.0000
vt 0.3819 0.8417 0.0000
vt 0.3846 0.8388 0.0000
vt 0.3863 0.8367 0.0000
vt 0.3882 0.8344 0.0000
vt 0.3885 0.8351 0.0000
vt 0.3842 0.8430 0.0000
vt 0.3832 0.8446 0.0000
vt 0.3854 0.8408 0.0000
vt 0.3869 0.8381 0.0000
vt 0.3855 0.8450 0.0000
vt 0.3848 0.8471 0.0000
vt 0.3865 0.8424 0.0000
vt 0.3876 0.8392 0.0000
vt 0.3889 0.8357 0.0000
vt 0.3893 0.8362 0.0000
vt 0.3870 0.8466 0.0000
vt 0.3866 0.8489 0.0000
vt 0.3877 0.8436 0.0000
vt 0.3884 0.8401 0.0000
vt 0.3890 0.8444 0.0000
vt 0.3887 0.8476 0.0000
vt 0.3893 0.8406 0.0000
vt 0.3898 0.8364 0.0000
vt 0.3885 0.8501 0.0000
vt 0.3904 0.8479 0.0000
vt 0.3905 0.8505 0.0000
vt 0.3903 0.8446 0.0000
vt 0.3903 0.8408 0.0000
vt 0.3902 0.8365 0.0000
vt 0.3912 0.8406 0.0000
vt 0.3917 0.8444 0.0000
vt 0.3907 0.8364 0.0000
vt 0.3921 0.8476 0.0000
vt 0.3926 0.8501 0.0000
vt 0.3938 0.8467 0.0000
vt 0.3945 0.8490 0.0000
vt 0.3930 0.8437 0.0000
vt 0.3921 0.8401 0.0000
vt 0.3912 0.8362 0.0000
vt 0.3929 0.8393 0.0000
vt 0.3942 0.8425 0.0000
vt 0.3916 0.8358 0.0000
vt 0.3953 0.8452 0.0000
vt 0.3963 0.8472 0.0000
vt 0.3967 0.8431 0.0000
vt 0.3979 0.8448 0.0000
vt 0.3952 0.8409 0.0000
vt 0.3936 0.8382 0.0000
vt 0.3920 0.8352 0.0000
vt 0.3922 0.8345 0.0000
vt 0.3942 0.8368 0.0000
vt 0.3978 0.8406 0.0000
vt 0.3992 0.8419 0.0000
vt 0.3961 0.8389 0.0000
vt 0.3986 0.8377 0.0000
vt 0.4001 0.8385 0.0000
vt 0.3967 0.8366 0.0000
vt 0.3947 0.8353 0.0000
vt 0.3925 0.8337 0.0000
vt 0.3926 0.8328 0.0000
vt 0.3950 0.8336 0.0000
vt 0.3991 0.8346 0.0000
vt 0.4007 0.8348 0.0000
vt 0.3971 0.8342 0.0000
vt 0.3993 0.8313 0.0000
vt 0.4009 0.8310 0.0000
vt 0.3973 0.8316 0.0000
vt 0.3950 0.8318 0.0000
vt 0.3927 0.8319 0.0000
vt 0.3926 0.8310 0.0000
vt 0.3991 0.8281 0.0000
vt 0.4007 0.8272 0.0000
vt 0.3971 0.8291 0.0000
vt 0.3950 0.8301 0.0000
vt 0.3967 0.8266 0.0000
vt 0.3986 0.8250 0.0000
vt 0.3947 0.8284 0.0000
vt 0.3925 0.8302 0.0000
vt 0.4001 0.8235 0.0000
vt 0.3978 0.8221 0.0000
vt 0.3992 0.8201 0.0000
vt 0.3961 0.8243 0.0000
vt 0.3942 0.8268 0.0000
vt 0.3922 0.8294 0.0000
vt 0.3952 0.8224 0.0000
vt 0.3967 0.8195 0.0000
vt 0.3936 0.8254 0.0000
vt 0.3920 0.8287 0.0000
vt 0.3979 0.8171 0.0000
vt 0.3963 0.8147 0.0000
vt 0.3953 0.8175 0.0000
vt 0.3942 0.8207 0.0000
vt 0.3929 0.8243 0.0000
vt 0.3916 0.8281 0.0000
vt 0.3921 0.8235 0.0000
vt 0.3930 0.8195 0.0000
vt 0.3833 0.8443 0.0000
vt 0.3820 0.8413 0.0000
vt 0.3912 0.8277 0.0000
vt 0.3886 0.8112 0.0000
vt 0.3907 0.8109 0.0000
vt 0.4008 0.8344 0.0000
vt 0.4003 0.8381 0.0000
vt 0.3980 0.8444 0.0000
vt 0.3964 0.8468 0.0000
vt 0.3803 0.8304 0.0000
vt 0.3805 0.8342 0.0000
vt 0.3945 0.8128 0.0000
vt 0.3926 0.8117 0.0000
vt 0.3927 0.8113 0.0000
vt 0.3946 0.8124 0.0000
vt 0.3886 0.8497 0.0000
vt 0.3867 0.8485 0.0000
vt 0.4008 0.8268 0.0000
vt 0.4003 0.8231 0.0000
vt 0.3867 0.8124 0.0000
vt 0.3938 0.8159 0.0000
vt 0.3946 0.8487 0.0000
vt 0.3927 0.8497 0.0000
vt 0.3811 0.8379 0.0000
vt 0.3805 0.8266 0.0000
vt 0.3811 0.8229 0.0000
vt 0.3993 0.8415 0.0000
vt 0.3849 0.8467 0.0000
vt 0.3921 0.8149 0.0000
vt 0.3980 0.8167 0.0000
vt 0.3964 0.8143 0.0000
vt 0.3917 0.8187 0.0000
vt 0.3912 0.8229 0.0000
vt 0.3820 0.8195 0.0000
vt 0.3833 0.8165 0.0000
vt 0.3907 0.8274 0.0000
vt 0.4010 0.8306 0.0000
vt 0.3907 0.8501 0.0000
vt 0.3993 0.8197 0.0000
vt 0.3849 0.8141 0.0000
vt 0.3886 0.8231 0.0000
vt 0.3889 0.8184 0.0000
vt 0.3876 0.8186 0.0000
vt 0.3876 0.8232 0.0000
vt 0.3884 0.8279 0.0000
vt 0.3879 0.8279 0.0000
vt 0.3857 0.8316 0.0000
vt 0.3894 0.8142 0.0000
vt 0.3899 0.8105 0.0000
vt 0.3879 0.8107 0.0000
vt 0.3877 0.8144 0.0000
vt 0.3863 0.8193 0.0000
vt 0.3860 0.8152 0.0000
vt 0.3868 0.8236 0.0000
vt 0.3875 0.8282 0.0000
vt 0.3860 0.8117 0.0000
vt 0.3843 0.8134 0.0000
vt 0.3845 0.8167 0.0000
vt 0.3851 0.8204 0.0000
vt 0.3860 0.8244 0.0000
vt 0.3871 0.8286 0.0000
vt 0.3832 0.8188 0.0000
vt 0.3841 0.8220 0.0000
vt 0.3853 0.8256 0.0000
vt 0.3867 0.8292 0.0000
vt 0.3828 0.8158 0.0000
vt 0.3815 0.8188 0.0000
vt 0.3822 0.8213 0.0000
vt 0.3833 0.8240 0.0000
vt 0.3847 0.8269 0.0000
vt 0.3864 0.8298 0.0000
vt 0.3827 0.8263 0.0000
vt 0.3843 0.8285 0.0000
vt 0.3862 0.8306 0.0000
vt 0.3806 0.8222 0.0000
vt 0.3814 0.8242 0.0000
vt 0.3801 0.8260 0.0000
vt 0.3810 0.8274 0.0000
vt 0.3823 0.8288 0.0000
vt 0.3840 0.8302 0.0000
vt 0.3861 0.8315 0.0000
vt 0.3861 0.8324 0.0000
vt 0.3840 0.8320 0.0000
vt 0.3799 0.8299 0.0000
vt 0.3809 0.8307 0.0000
vt 0.3822 0.8314 0.0000
vt 0.3811 0.8341 0.0000
vt 0.3802 0.8338 0.0000
vt 0.3824 0.8341 0.0000
vt 0.3841 0.8338 0.0000
vt 0.3861 0.8333 0.0000
vt 0.3844 0.8356 0.0000
vt 0.3863 0.8343 0.0000
vt 0.3816 0.8373 0.0000
vt 0.3809 0.8376 0.0000
vt 0.3828 0.8366 0.0000
vt 0.3825 0.8403 0.0000
vt 0.3819 0.8412 0.0000
vt 0.3835 0.8390 0.0000
vt 0.3849 0.8372 0.0000
vt 0.3865 0.8351 0.0000
vt 0.3868 0.8358 0.0000
vt 0.3836 0.8430 0.0000
vt 0.3832 0.8443 0.0000
vt 0.3844 0.8411 0.0000
vt 0.3855 0.8387 0.0000
vt 0.3850 0.8452 0.0000
vt 0.3848 0.8469 0.0000
vt 0.3854 0.8428 0.0000
vt 0.3862 0.8398 0.0000
vt 0.3872 0.8364 0.0000
vt 0.3876 0.8369 0.0000
vt 0.3865 0.8469 0.0000
vt 0.3866 0.8442 0.0000
vt 0.3870 0.8408 0.0000
vt 0.3881 0.8480 0.0000
vt 0.3879 0.8450 0.0000
vt 0.3879 0.8413 0.0000
vt 0.3881 0.8372 0.0000
vt 0.3885 0.8502 0.0000
vt 0.3899 0.8484 0.0000
vt 0.3905 0.8507 0.0000
vt 0.3893 0.8454 0.0000
vt 0.3889 0.8416 0.0000
vt 0.3885 0.8373 0.0000
vt 0.3906 0.8452 0.0000
vt 0.3898 0.8415 0.0000
vt 0.3890 0.8373 0.0000
vt 0.3925 0.8505 0.0000
vt 0.3916 0.8482 0.0000
vt 0.3932 0.8474 0.0000
vt 0.3945 0.8495 0.0000
vt 0.3919 0.8445 0.0000
vt 0.3906 0.8410 0.0000
vt 0.3868 0.8360 0.0000
vt 0.3931 0.8434 0.0000
vt 0.3915 0.8402 0.0000
vt 0.3872 0.8356 0.0000
vt 0.3962 0.8478 0.0000
vt 0.3947 0.8459 0.0000
vt 0.3977 0.8454 0.0000
vt 0.3960 0.8439 0.0000
vt 0.3941 0.8418 0.0000
vt 0.3922 0.8391 0.0000
vt 0.3902 0.8361 0.0000
vt 0.3927 0.8378 0.0000
vt 0.3905 0.8354 0.0000
vt 0.3970 0.8413 0.0000
vt 0.3990 0.8424 0.0000
vt 0.3949 0.8398 0.0000
vt 0.3999 0.8390 0.0000
vt 0.3978 0.8385 0.0000
vt 0.3955 0.8375 0.0000
vt 0.3931 0.8362 0.0000
vt 0.3907 0.8346 0.0000
vt 0.3934 0.8345 0.0000
vt 0.3908 0.8337 0.0000
vt 0.4004 0.8353 0.0000
vt 0.3982 0.8353 0.0000
vt 0.3959 0.8350 0.0000
vt 0.4005 0.8313 0.0000
vt 0.3984 0.8320 0.0000
vt 0.3960 0.8324 0.0000
vt 0.3934 0.8327 0.0000
vt 0.3909 0.8328 0.0000
vt 0.3908 0.8318 0.0000
vt 0.3981 0.8286 0.0000
vt 0.4003 0.8274 0.0000
vt 0.3958 0.8298 0.0000
vt 0.3933 0.8309 0.0000
vt 0.3976 0.8253 0.0000
vt 0.3954 0.8272 0.0000
vt 0.3930 0.8291 0.0000
vt 0.3907 0.8310 0.0000
vt 0.3996 0.8236 0.0000
vt 0.3968 0.8223 0.0000
vt 0.3986 0.8200 0.0000
vt 0.3947 0.8248 0.0000
vt 0.3926 0.8275 0.0000
vt 0.3904 0.8301 0.0000
vt 0.3938 0.8227 0.0000
vt 0.3956 0.8196 0.0000
vt 0.3920 0.8260 0.0000
vt 0.3901 0.8294 0.0000
vt 0.3973 0.8169 0.0000
vt 0.3943 0.8174 0.0000
vt 0.3957 0.8143 0.0000
vt 0.3928 0.8210 0.0000
vt 0.3912 0.8248 0.0000
vt 0.3898 0.8288 0.0000
vt 0.3904 0.8239 0.0000
vt 0.3916 0.8196 0.0000
vt 0.3825 0.8404 0.0000
vt 0.3838 0.8436 0.0000
vt 0.3893 0.8283 0.0000
vt 0.3906 0.8097 0.0000
vt 0.3886 0.8100 0.0000
vt 0.4005 0.8382 0.0000
vt 0.4010 0.8345 0.0000
vt 0.3968 0.8470 0.0000
vt 0.3984 0.8446 0.0000
vt 0.3806 0.8291 0.0000
vt 0.3809 0.8331 0.0000
vt 0.3946 0.8116 0.0000
vt 0.3926 0.8103 0.0000
vt 0.3920 0.8110 0.0000
vt 0.3939 0.8123 0.0000
vt 0.3872 0.8482 0.0000
vt 0.3892 0.8495 0.0000
vt 0.4009 0.8267 0.0000
vt 0.4003 0.8228 0.0000
vt 0.3867 0.8110 0.0000
vt 0.3927 0.8157 0.0000
vt 0.3932 0.8498 0.0000
vt 0.3951 0.8488 0.0000
vt 0.3815 0.8369 0.0000
vt 0.3813 0.8215 0.0000
vt 0.3807 0.8252 0.0000
vt 0.3996 0.8417 0.0000
vt 0.3854 0.8462 0.0000
vt 0.3911 0.8147 0.0000
vt 0.3980 0.8162 0.0000
vt 0.3964 0.8135 0.0000
vt 0.3902 0.8188 0.0000
vt 0.3895 0.8233 0.0000
vt 0.3834 0.8151 0.0000
vt 0.3822 0.8181 0.0000
vt 0.3889 0.8280 0.0000
vt 0.4012 0.8306 0.0000
vt 0.3912 0.8500 0.0000
vt 0.3993 0.8193 0.0000
vt 0.3849 0.8127 0.0000
vt 0.1128 0.3270 0.0000
vt 0.1146 0.3289 0.0000
vt 0.1142 0.3315 0.0000
vt 0.1129 0.3303 0.0000
vt 0.1140 0.3324 0.0000
vt 0.1133 0.3317 0.0000
vt 0.1139 0.3314 0.0000
vt 0.1133 0.3159 0.0000
vt 0.1161 0.3187 0.0000
vt 0.1153 0.3245 0.0000
vt 0.1129 0.3222 0.0000
vt 0.1110 0.3250 0.0000
vt 0.1106 0.3197 0.0000
vt 0.1117 0.3289 0.0000
vt 0.1127 0.3311 0.0000
vt 0.1106 0.3130 0.0000
vt 0.1085 0.3171 0.0000
vt 0.1082 0.3100 0.0000
vt 0.1093 0.3231 0.0000
vt 0.1105 0.3275 0.0000
vt 0.1121 0.3303 0.0000
vt 0.1079 0.3210 0.0000
vt 0.1067 0.3145 0.0000
vt 0.1096 0.3261 0.0000
vt 0.1116 0.3296 0.0000
vt 0.1060 0.3070 0.0000
vt 0.1053 0.3121 0.0000
vt 0.1043 0.3041 0.0000
vt 0.1068 0.3191 0.0000
vt 0.1088 0.3248 0.0000
vt 0.1112 0.3289 0.0000
vt 0.1082 0.3236 0.0000
vt 0.1059 0.3173 0.0000
vt 0.1109 0.3283 0.0000
vt 0.1042 0.3099 0.0000
vt 0.1030 0.3014 0.0000
vt 0.1036 0.3080 0.0000
vt 0.1023 0.2992 0.0000
vt 0.1054 0.3158 0.0000
vt 0.1078 0.3226 0.0000
vt 0.1107 0.3278 0.0000
vt 0.1107 0.3274 0.0000
vt 0.1077 0.3217 0.0000
vt 0.1034 0.3064 0.0000
vt 0.1021 0.2974 0.0000
vt 0.1053 0.3146 0.0000
vt 0.1037 0.3053 0.0000
vt 0.1025 0.2961 0.0000
vt 0.1055 0.3138 0.0000
vt 0.1079 0.3211 0.0000
vt 0.1107 0.3271 0.0000
vt 0.1110 0.3269 0.0000
vt 0.1083 0.3208 0.0000
vt 0.1044 0.3047 0.0000
vt 0.1034 0.2953 0.0000
vt 0.1061 0.3133 0.0000
vt 0.1056 0.3045 0.0000
vt 0.1048 0.2952 0.0000
vt 0.1071 0.3131 0.0000
vt 0.1090 0.3207 0.0000
vt 0.1113 0.3268 0.0000
vt 0.1117 0.3270 0.0000
vt 0.1072 0.3049 0.0000
vt 0.1066 0.2956 0.0000
vt 0.1083 0.3134 0.0000
vt 0.1098 0.3209 0.0000
vt 0.1091 0.3057 0.0000
vt 0.1089 0.2966 0.0000
vt 0.1098 0.3142 0.0000
vt 0.1109 0.3214 0.0000
vt 0.1122 0.3272 0.0000
vt 0.1128 0.3276 0.0000
vt 0.1113 0.3071 0.0000
vt 0.1114 0.2982 0.0000
vt 0.1115 0.3152 0.0000
vt 0.1120 0.3221 0.0000
vt 0.1133 0.3165 0.0000
vt 0.1136 0.3088 0.0000
vt 0.1133 0.3230 0.0000
vt 0.1135 0.3280 0.0000
vt 0.1141 0.3002 0.0000
vt 0.1160 0.3109 0.0000
vt 0.1169 0.3026 0.0000
vt 0.1152 0.3181 0.0000
vt 0.1146 0.3241 0.0000
vt 0.1141 0.3286 0.0000
vt 0.1159 0.3254 0.0000
vt 0.1171 0.3200 0.0000
vt 0.1148 0.3292 0.0000
vt 0.1184 0.3132 0.0000
vt 0.1197 0.3054 0.0000
vt 0.1206 0.3157 0.0000
vt 0.1224 0.3083 0.0000
vt 0.1188 0.3220 0.0000
vt 0.1171 0.3267 0.0000
vt 0.1154 0.3299 0.0000
vt 0.1182 0.3282 0.0000
vt 0.1205 0.3240 0.0000
vt 0.1160 0.3306 0.0000
vt 0.1249 0.3113 0.0000
vt 0.1227 0.3183 0.0000
vt 0.1245 0.3208 0.0000
vt 0.1270 0.3143 0.0000
vt 0.1219 0.3260 0.0000
vt 0.1192 0.3295 0.0000
vt 0.1165 0.3314 0.0000
vt 0.1169 0.3320 0.0000
vt 0.1200 0.3309 0.0000
vt 0.1260 0.3233 0.0000
vt 0.1287 0.3172 0.0000
vt 0.1231 0.3279 0.0000
vt 0.1271 0.3255 0.0000
vt 0.1300 0.3198 0.0000
vt 0.1239 0.3297 0.0000
vt 0.1206 0.3321 0.0000
vt 0.1172 0.3326 0.0000
vt 0.1174 0.3332 0.0000
vt 0.1209 0.3331 0.0000
vt 0.1277 0.3274 0.0000
vt 0.1307 0.3221 0.0000
vt 0.1244 0.3312 0.0000
vt 0.1279 0.3290 0.0000
vt 0.1309 0.3239 0.0000
vt 0.1245 0.3324 0.0000
vt 0.1210 0.3339 0.0000
vt 0.1174 0.3336 0.0000
vt 0.1173 0.3339 0.0000
vt 0.1276 0.3301 0.0000
vt 0.1306 0.3252 0.0000
vt 0.1243 0.3333 0.0000
vt 0.1208 0.3345 0.0000
vt 0.1237 0.3338 0.0000
vt 0.1268 0.3307 0.0000
vt 0.1204 0.3349 0.0000
vt 0.1171 0.3341 0.0000
vt 0.1297 0.3259 0.0000
vt 0.1256 0.3309 0.0000
vt 0.1282 0.3261 0.0000
vt 0.1228 0.3339 0.0000
vt 0.1198 0.3350 0.0000
vt 0.1168 0.3341 0.0000
vt 0.1215 0.3336 0.0000
vt 0.1241 0.3305 0.0000
vt 0.1189 0.3348 0.0000
vt 0.1164 0.3340 0.0000
vt 0.1264 0.3257 0.0000
vt 0.1221 0.3297 0.0000
vt 0.1242 0.3247 0.0000
vt 0.1200 0.3329 0.0000
vt 0.1179 0.3343 0.0000
vt 0.1158 0.3338 0.0000
vt 0.1167 0.3336 0.0000
vt 0.1183 0.3318 0.0000
vt 0.1075 0.2883 0.0000
vt 0.1057 0.2878 0.0000
vt 0.1152 0.3334 0.0000
vt 0.1142 0.3086 0.0000
vt 0.1170 0.3113 0.0000
vt 0.1309 0.3125 0.0000
vt 0.1316 0.3148 0.0000
vt 0.1279 0.3071 0.0000
vt 0.1258 0.3041 0.0000
vt 0.1034 0.2887 0.0000
vt 0.1030 0.2901 0.0000
vt 0.1189 0.3211 0.0000
vt 0.1198 0.3138 0.0000
vt 0.1226 0.3158 0.0000
vt 0.1216 0.3231 0.0000
vt 0.1123 0.2908 0.0000
vt 0.1150 0.2929 0.0000
vt 0.1315 0.3179 0.0000
vt 0.1306 0.3187 0.0000
vt 0.1115 0.3057 0.0000
vt 0.1200 0.3283 0.0000
vt 0.1233 0.3010 0.0000
vt 0.1206 0.2981 0.0000
vt 0.1043 0.2880 0.0000
vt 0.1032 0.2919 0.0000
vt 0.1040 0.2941 0.0000
vt 0.1296 0.3099 0.0000
vt 0.1098 0.2893 0.0000
vt 0.1177 0.3266 0.0000
vt 0.1251 0.3173 0.0000
vt 0.1273 0.3184 0.0000
vt 0.1165 0.3305 0.0000
vt 0.1155 0.3326 0.0000
vt 0.1052 0.2967 0.0000
vt 0.1070 0.2996 0.0000
vt 0.1146 0.3329 0.0000
vt 0.1318 0.3166 0.0000
vt 0.1178 0.2953 0.0000
vt 0.1292 0.3188 0.0000
vt 0.1091 0.3026 0.0000
vt 0.3519 0.8237 0.0000
vt 0.3508 0.8236 0.0000
vt 0.3506 0.8184 0.0000
vt 0.3522 0.8186 0.0000
vt 0.3515 0.8291 0.0000
vt 0.3510 0.8291 0.0000
vt 0.3510 0.8344 0.0000
vt 0.3524 0.8139 0.0000
vt 0.3503 0.8137 0.0000
vt 0.3500 0.8095 0.0000
vt 0.3524 0.8098 0.0000
vt 0.3537 0.8194 0.0000
vt 0.3543 0.8149 0.0000
vt 0.3530 0.8243 0.0000
vt 0.3521 0.8294 0.0000
vt 0.3547 0.8109 0.0000
vt 0.3561 0.8165 0.0000
vt 0.3568 0.8128 0.0000
vt 0.3552 0.8207 0.0000
vt 0.3540 0.8252 0.0000
vt 0.3526 0.8298 0.0000
vt 0.3564 0.8225 0.0000
vt 0.3578 0.8188 0.0000
vt 0.3548 0.8264 0.0000
vt 0.3530 0.8305 0.0000
vt 0.3587 0.8155 0.0000
vt 0.3603 0.8189 0.0000
vt 0.3591 0.8216 0.0000
vt 0.3575 0.8247 0.0000
vt 0.3556 0.8280 0.0000
vt 0.3534 0.8313 0.0000
vt 0.3561 0.8297 0.0000
vt 0.3583 0.8273 0.0000
vt 0.3536 0.8322 0.0000
vt 0.3601 0.8249 0.0000
vt 0.3614 0.8227 0.0000
vt 0.3621 0.8269 0.0000
vt 0.3607 0.8284 0.0000
vt 0.3587 0.8301 0.0000
vt 0.3564 0.8316 0.0000
vt 0.3538 0.8331 0.0000
vt 0.3539 0.8342 0.0000
vt 0.3565 0.8337 0.0000
vt 0.3624 0.8313 0.0000
vt 0.3609 0.8322 0.0000
vt 0.3589 0.8330 0.0000
vt 0.3607 0.8360 0.0000
vt 0.3622 0.8357 0.0000
vt 0.3587 0.8360 0.0000
vt 0.3564 0.8357 0.0000
vt 0.3538 0.8352 0.0000
vt 0.3537 0.8362 0.0000
vt 0.3561 0.8377 0.0000
vt 0.3615 0.8400 0.0000
vt 0.3601 0.8396 0.0000
vt 0.3583 0.8388 0.0000
vt 0.3604 0.8440 0.0000
vt 0.3592 0.8430 0.0000
vt 0.3576 0.8415 0.0000
vt 0.3556 0.8395 0.0000
vt 0.3534 0.8371 0.0000
vt 0.3530 0.8380 0.0000
vt 0.3589 0.8475 0.0000
vt 0.3579 0.8460 0.0000
vt 0.3565 0.8438 0.0000
vt 0.3549 0.8411 0.0000
vt 0.3570 0.8504 0.0000
vt 0.3563 0.8485 0.0000
vt 0.3553 0.8458 0.0000
vt 0.3541 0.8425 0.0000
vt 0.3526 0.8386 0.0000
vt 0.3521 0.8392 0.0000
vt 0.3549 0.8527 0.0000
vt 0.3545 0.8504 0.0000
vt 0.3539 0.8473 0.0000
vt 0.3531 0.8435 0.0000
vt 0.3524 0.8483 0.0000
vt 0.3526 0.8516 0.0000
vt 0.3520 0.8442 0.0000
vt 0.3516 0.8395 0.0000
vt 0.3526 0.8542 0.0000
vt 0.3502 0.8547 0.0000
vt 0.3505 0.8521 0.0000
vt 0.3507 0.8487 0.0000
vt 0.3509 0.8444 0.0000
vt 0.3510 0.8397 0.0000
vt 0.3498 0.8443 0.0000
vt 0.3491 0.8485 0.0000
vt 0.3504 0.8396 0.0000
vt 0.3478 0.8545 0.0000
vt 0.3485 0.8519 0.0000
vt 0.3455 0.8533 0.0000
vt 0.3465 0.8510 0.0000
vt 0.3476 0.8477 0.0000
vt 0.3487 0.8438 0.0000
vt 0.3499 0.8393 0.0000
vt 0.3462 0.8465 0.0000
vt 0.3478 0.8429 0.0000
vt 0.3494 0.8389 0.0000
vt 0.3447 0.8493 0.0000
vt 0.3434 0.8514 0.0000
vt 0.3431 0.8470 0.0000
vt 0.3415 0.8487 0.0000
vt 0.3449 0.8446 0.0000
vt 0.3469 0.8417 0.0000
vt 0.3490 0.8382 0.0000
vt 0.3462 0.8402 0.0000
vt 0.3486 0.8375 0.0000
vt 0.3399 0.8454 0.0000
vt 0.3417 0.8442 0.0000
vt 0.3439 0.8424 0.0000
vt 0.3387 0.8415 0.0000
vt 0.3408 0.8409 0.0000
vt 0.3431 0.8399 0.0000
vt 0.3456 0.8384 0.0000
vt 0.3483 0.8366 0.0000
vt 0.3481 0.8356 0.0000
vt 0.3453 0.8364 0.0000
vt 0.3380 0.8374 0.0000
vt 0.3402 0.8374 0.0000
vt 0.3426 0.8371 0.0000
vt 0.3399 0.8336 0.0000
vt 0.3378 0.8330 0.0000
vt 0.3424 0.8341 0.0000
vt 0.3452 0.8344 0.0000
vt 0.3481 0.8346 0.0000
vt 0.3481 0.8335 0.0000
vt 0.3401 0.8298 0.0000
vt 0.3380 0.8285 0.0000
vt 0.3426 0.8311 0.0000
vt 0.3453 0.8324 0.0000
vt 0.3407 0.8262 0.0000
vt 0.3430 0.8283 0.0000
vt 0.3456 0.8304 0.0000
vt 0.3483 0.8325 0.0000
vt 0.3387 0.8242 0.0000
vt 0.3416 0.8228 0.0000
vt 0.3398 0.8202 0.0000
vt 0.3438 0.8256 0.0000
vt 0.3461 0.8286 0.0000
vt 0.3486 0.8316 0.0000
vt 0.3448 0.8233 0.0000
vt 0.3429 0.8198 0.0000
vt 0.3468 0.8270 0.0000
vt 0.3489 0.8307 0.0000
vt 0.3413 0.8167 0.0000
vt 0.3432 0.8138 0.0000
vt 0.3445 0.8173 0.0000
vt 0.3460 0.8213 0.0000
vt 0.3477 0.8256 0.0000
vt 0.3494 0.8300 0.0000
vt 0.3474 0.8198 0.0000
vt 0.3486 0.8246 0.0000
vt 0.3585 0.8467 0.0000
vt 0.3601 0.8432 0.0000
vt 0.3498 0.8295 0.0000
vt 0.3497 0.8087 0.0000
vt 0.3521 0.8089 0.0000
vt 0.3384 0.8407 0.0000
vt 0.3377 0.8365 0.0000
vt 0.3430 0.8505 0.0000
vt 0.3411 0.8479 0.0000
vt 0.3621 0.8305 0.0000
vt 0.3619 0.8349 0.0000
vt 0.3449 0.8107 0.0000
vt 0.3472 0.8093 0.0000
vt 0.3476 0.8101 0.0000
vt 0.3453 0.8115 0.0000
vt 0.3546 0.8518 0.0000
vt 0.3523 0.8533 0.0000
vt 0.3377 0.8277 0.0000
vt 0.3383 0.8234 0.0000
vt 0.3544 0.8101 0.0000
vt 0.3463 0.8154 0.0000
vt 0.3475 0.8536 0.0000
vt 0.3452 0.8525 0.0000
vt 0.3612 0.8392 0.0000
vt 0.3611 0.8218 0.0000
vt 0.3618 0.8261 0.0000
vt 0.3396 0.8446 0.0000
vt 0.3567 0.8496 0.0000
vt 0.3483 0.8142 0.0000
vt 0.3410 0.8159 0.0000
vt 0.3428 0.8129 0.0000
vt 0.3490 0.8189 0.0000
vt 0.3497 0.8239 0.0000
vt 0.3584 0.8147 0.0000
vt 0.3599 0.8180 0.0000
vt 0.3504 0.8292 0.0000
vt 0.3375 0.8321 0.0000
vt 0.3499 0.8539 0.0000
vt 0.3395 0.8194 0.0000
vt 0.3565 0.8120 0.0000
vt 0.4640 0.3890 0.0000
vt 0.4639 0.3889 0.0000
vt 0.4624 0.3838 0.0000
vt 0.4626 0.3840 0.0000
vt 0.4646 0.3943 0.0000
vt 0.4645 0.3942 0.0000
vt 0.4645 0.3996 0.0000
vt 0.4604 0.3795 0.0000
vt 0.4602 0.3793 0.0000
vt 0.4574 0.3753 0.0000
vt 0.4577 0.3756 0.0000
vt 0.4627 0.3847 0.0000
vt 0.4607 0.3804 0.0000
vt 0.4641 0.3894 0.0000
vt 0.4647 0.3945 0.0000
vt 0.4580 0.3767 0.0000
vt 0.4581 0.3786 0.0000
vt 0.4608 0.3820 0.0000
vt 0.4628 0.3860 0.0000
vt 0.4641 0.3904 0.0000
vt 0.4647 0.3950 0.0000
vt 0.4608 0.3844 0.0000
vt 0.4628 0.3878 0.0000
vt 0.4642 0.3916 0.0000
vt 0.4647 0.3956 0.0000
vt 0.4582 0.3814 0.0000
vt 0.4581 0.3847 0.0000
vt 0.4608 0.3871 0.0000
vt 0.4628 0.3900 0.0000
vt 0.4641 0.3932 0.0000
vt 0.4647 0.3964 0.0000
vt 0.4640 0.3950 0.0000
vt 0.4627 0.3926 0.0000
vt 0.4647 0.3973 0.0000
vt 0.4579 0.3886 0.0000
vt 0.4606 0.3904 0.0000
vt 0.4604 0.3941 0.0000
vt 0.4576 0.3927 0.0000
vt 0.4625 0.3954 0.0000
vt 0.4640 0.3968 0.0000
vt 0.4646 0.3983 0.0000
vt 0.4638 0.3989 0.0000
vt 0.4645 0.3994 0.0000
vt 0.4601 0.3978 0.0000
vt 0.4573 0.3972 0.0000
vt 0.4622 0.3984 0.0000
vt 0.4568 0.4017 0.0000
vt 0.4597 0.4016 0.0000
vt 0.4620 0.4014 0.0000
vt 0.4636 0.4009 0.0000
vt 0.4645 0.4004 0.0000
vt 0.4634 0.4030 0.0000
vt 0.4643 0.4014 0.0000
vt 0.4593 0.4053 0.0000
vt 0.4564 0.4060 0.0000
vt 0.4617 0.4043 0.0000
vt 0.4559 0.4100 0.0000
vt 0.4589 0.4088 0.0000
vt 0.4613 0.4070 0.0000
vt 0.4631 0.4048 0.0000
vt 0.4642 0.4024 0.0000
vt 0.4641 0.4031 0.0000
vt 0.4585 0.4117 0.0000
vt 0.4554 0.4136 0.0000
vt 0.4610 0.4094 0.0000
vt 0.4629 0.4064 0.0000
vt 0.4549 0.4166 0.0000
vt 0.4581 0.4143 0.0000
vt 0.4607 0.4114 0.0000
vt 0.4627 0.4079 0.0000
vt 0.4640 0.4039 0.0000
vt 0.4639 0.4045 0.0000
vt 0.4577 0.4163 0.0000
vt 0.4544 0.4189 0.0000
vt 0.4604 0.4130 0.0000
vt 0.4625 0.4089 0.0000
vt 0.4600 0.4140 0.0000
vt 0.4573 0.4176 0.0000
vt 0.4622 0.4095 0.0000
vt 0.4637 0.4048 0.0000
vt 0.4540 0.4204 0.0000
vt 0.4569 0.4180 0.0000
vt 0.4536 0.4210 0.0000
vt 0.4598 0.4143 0.0000
vt 0.4621 0.4099 0.0000
vt 0.4636 0.4049 0.0000
vt 0.4596 0.4142 0.0000
vt 0.4619 0.4098 0.0000
vt 0.4532 0.4208 0.0000
vt 0.4567 0.4179 0.0000
vt 0.4565 0.4169 0.0000
vt 0.4531 0.4197 0.0000
vt 0.4595 0.4134 0.0000
vt 0.4618 0.4093 0.0000
vt 0.4636 0.4046 0.0000
vt 0.4594 0.4122 0.0000
vt 0.4618 0.4083 0.0000
vt 0.4635 0.4041 0.0000
vt 0.4529 0.4177 0.0000
vt 0.4564 0.4153 0.0000
vt 0.4564 0.4130 0.0000
vt 0.4529 0.4151 0.0000
vt 0.4594 0.4103 0.0000
vt 0.4618 0.4071 0.0000
vt 0.4635 0.4036 0.0000
vt 0.4636 0.4027 0.0000
vt 0.4618 0.4056 0.0000
vt 0.4530 0.4117 0.0000
vt 0.4564 0.4102 0.0000
vt 0.4594 0.4081 0.0000
vt 0.4565 0.4069 0.0000
vt 0.4532 0.4079 0.0000
vt 0.4595 0.4056 0.0000
vt 0.4618 0.4038 0.0000
vt 0.4636 0.4018 0.0000
vt 0.4636 0.4008 0.0000
vt 0.4620 0.4019 0.0000
vt 0.4534 0.4036 0.0000
vt 0.4568 0.4034 0.0000
vt 0.4597 0.4027 0.0000
vt 0.4571 0.3995 0.0000
vt 0.4537 0.3992 0.0000
vt 0.4599 0.3997 0.0000
vt 0.4622 0.3998 0.0000
vt 0.4637 0.3998 0.0000
vt 0.4638 0.3987 0.0000
vt 0.4541 0.3947 0.0000
vt 0.4574 0.3957 0.0000
vt 0.4602 0.3967 0.0000
vt 0.4623 0.3978 0.0000
vt 0.4578 0.3921 0.0000
vt 0.4605 0.3939 0.0000
vt 0.4626 0.3957 0.0000
vt 0.4639 0.3977 0.0000
vt 0.4546 0.3903 0.0000
vt 0.4551 0.3863 0.0000
vt 0.4582 0.3886 0.0000
vt 0.4609 0.3912 0.0000
vt 0.4628 0.3940 0.0000
vt 0.4586 0.3856 0.0000
vt 0.4612 0.3888 0.0000
vt 0.4630 0.3923 0.0000
vt 0.4641 0.3960 0.0000
vt 0.4556 0.3827 0.0000
vt 0.4561 0.3797 0.0000
vt 0.4591 0.3830 0.0000
vt 0.4615 0.3868 0.0000
vt 0.4632 0.3909 0.0000
vt 0.4643 0.3953 0.0000
vt 0.4635 0.3899 0.0000
vt 0.4618 0.3852 0.0000
vt 0.4528 0.4095 0.0000
vt 0.4523 0.4131 0.0000
vt 0.4644 0.3947 0.0000
vt 0.4542 0.3749 0.0000
vt 0.4546 0.3751 0.0000
vt 0.4500 0.4073 0.0000
vt 0.4502 0.4031 0.0000
vt 0.4497 0.4172 0.0000
vt 0.4497 0.4145 0.0000
vt 0.4541 0.3966 0.0000
vt 0.4537 0.4011 0.0000
vt 0.4534 0.3770 0.0000
vt 0.4539 0.3755 0.0000
vt 0.4570 0.3760 0.0000
vt 0.4566 0.3775 0.0000
vt 0.4508 0.4198 0.0000
vt 0.4512 0.4184 0.0000
vt 0.4510 0.3942 0.0000
vt 0.4514 0.3899 0.0000
vt 0.4548 0.3762 0.0000
vt 0.4595 0.3810 0.0000
vt 0.4501 0.4202 0.0000
vt 0.4499 0.4191 0.0000
vt 0.4532 0.4054 0.0000
vt 0.4547 0.3880 0.0000
vt 0.4545 0.3922 0.0000
vt 0.4498 0.4112 0.0000
vt 0.4517 0.4161 0.0000
vt 0.4599 0.3798 0.0000
vt 0.4524 0.3823 0.0000
vt 0.4529 0.3793 0.0000
vt 0.4622 0.3842 0.0000
vt 0.4636 0.3892 0.0000
vt 0.4550 0.3808 0.0000
vt 0.4549 0.3841 0.0000
vt 0.4645 0.3944 0.0000
vt 0.4505 0.3987 0.0000
vt 0.4504 0.4205 0.0000
vt 0.4519 0.3858 0.0000
vt 0.4549 0.3782 0.0000
vt 0.3495 0.8159 0.0000
vt 0.3493 0.8133 0.0000
vt 0.3482 0.8139 0.0000
vt 0.3480 0.8167 0.0000
vt 0.3491 0.8124 0.0000
vt 0.3486 0.8127 0.0000
vt 0.3491 0.8133 0.0000
vt 0.3500 0.8260 0.0000
vt 0.3497 0.8202 0.0000
vt 0.3479 0.8212 0.0000
vt 0.3478 0.8271 0.0000
vt 0.3460 0.8224 0.0000
vt 0.3466 0.8177 0.0000
vt 0.3473 0.8145 0.0000
vt 0.3481 0.8130 0.0000
vt 0.3457 0.8286 0.0000
vt 0.3444 0.8237 0.0000
vt 0.3437 0.8301 0.0000
vt 0.3452 0.8187 0.0000
vt 0.3464 0.8152 0.0000
vt 0.3477 0.8135 0.0000
vt 0.3441 0.8199 0.0000
vt 0.3429 0.8253 0.0000
vt 0.3456 0.8160 0.0000
vt 0.3472 0.8139 0.0000
vt 0.3420 0.8319 0.0000
vt 0.3417 0.8267 0.0000
vt 0.3406 0.8337 0.0000
vt 0.3432 0.8211 0.0000
vt 0.3449 0.8168 0.0000
vt 0.3469 0.8143 0.0000
vt 0.3444 0.8177 0.0000
vt 0.3424 0.8223 0.0000
vt 0.3467 0.8147 0.0000
vt 0.3408 0.8283 0.0000
vt 0.3395 0.8355 0.0000
vt 0.3402 0.8297 0.0000
vt 0.3389 0.8372 0.0000
vt 0.3420 0.8234 0.0000
vt 0.3441 0.8185 0.0000
vt 0.3465 0.8151 0.0000
vt 0.3465 0.8154 0.0000
vt 0.3440 0.8192 0.0000
vt 0.3400 0.8310 0.0000
vt 0.3386 0.8388 0.0000
vt 0.3418 0.8245 0.0000
vt 0.3402 0.8323 0.0000
vt 0.3388 0.8401 0.0000
vt 0.3420 0.8254 0.0000
vt 0.3441 0.8198 0.0000
vt 0.3465 0.8157 0.0000
vt 0.3466 0.8160 0.0000
vt 0.3444 0.8203 0.0000
vt 0.3407 0.8332 0.0000
vt 0.3394 0.8412 0.0000
vt 0.3424 0.8261 0.0000
vt 0.3416 0.8338 0.0000
vt 0.3405 0.8421 0.0000
vt 0.3431 0.8266 0.0000
vt 0.3449 0.8207 0.0000
vt 0.3469 0.8162 0.0000
vt 0.3472 0.8163 0.0000
vt 0.3428 0.8343 0.0000
vt 0.3419 0.8425 0.0000
vt 0.3440 0.8270 0.0000
vt 0.3455 0.8210 0.0000
vt 0.3436 0.8427 0.0000
vt 0.3442 0.8344 0.0000
vt 0.3451 0.8271 0.0000
vt 0.3463 0.8210 0.0000
vt 0.3476 0.8163 0.0000
vt 0.3481 0.8163 0.0000
vt 0.3459 0.8342 0.0000
vt 0.3455 0.8425 0.0000
vt 0.3464 0.8269 0.0000
vt 0.3472 0.8209 0.0000
vt 0.3479 0.8266 0.0000
vt 0.3477 0.8337 0.0000
vt 0.3482 0.8207 0.0000
vt 0.3486 0.8161 0.0000
vt 0.3476 0.8418 0.0000
vt 0.3495 0.8330 0.0000
vt 0.3498 0.8410 0.0000
vt 0.3493 0.8260 0.0000
vt 0.3492 0.8202 0.0000
vt 0.3491 0.8159 0.0000
vt 0.3502 0.8197 0.0000
vt 0.3508 0.8252 0.0000
vt 0.3496 0.8157 0.0000
vt 0.3514 0.8320 0.0000
vt 0.3520 0.8399 0.0000
vt 0.3532 0.8308 0.0000
vt 0.3542 0.8385 0.0000
vt 0.3522 0.8243 0.0000
vt 0.3512 0.8190 0.0000
vt 0.3501 0.8153 0.0000
vt 0.3521 0.8183 0.0000
vt 0.3535 0.8232 0.0000
vt 0.3506 0.8150 0.0000
vt 0.3549 0.8294 0.0000
vt 0.3561 0.8368 0.0000
vt 0.3564 0.8280 0.0000
vt 0.3578 0.8351 0.0000
vt 0.3547 0.8220 0.0000
vt 0.3529 0.8175 0.0000
vt 0.3510 0.8146 0.0000
vt 0.3513 0.8142 0.0000
vt 0.3535 0.8166 0.0000
vt 0.3576 0.8264 0.0000
vt 0.3593 0.8333 0.0000
vt 0.3557 0.8209 0.0000
vt 0.3585 0.8250 0.0000
vt 0.3604 0.8316 0.0000
vt 0.3564 0.8196 0.0000
vt 0.3540 0.8158 0.0000
vt 0.3515 0.8138 0.0000
vt 0.3543 0.8151 0.0000
vt 0.3517 0.8133 0.0000
vt 0.3591 0.8235 0.0000
vt 0.3610 0.8298 0.0000
vt 0.3568 0.8185 0.0000
vt 0.3593 0.8222 0.0000
vt 0.3612 0.8283 0.0000
vt 0.3570 0.8175 0.0000
vt 0.3544 0.8144 0.0000
vt 0.3518 0.8129 0.0000
vt 0.3517 0.8126 0.0000
vt 0.3591 0.8210 0.0000
vt 0.3611 0.8269 0.0000
vt 0.3568 0.8165 0.0000
vt 0.3543 0.8138 0.0000
vt 0.3564 0.8158 0.0000
vt 0.3586 0.8200 0.0000
vt 0.3541 0.8132 0.0000
vt 0.3516 0.8124 0.0000
vt 0.3604 0.8258 0.0000
vt 0.3577 0.8193 0.0000
vt 0.3594 0.8250 0.0000
vt 0.3557 0.8153 0.0000
vt 0.3536 0.8128 0.0000
vt 0.3513 0.8122 0.0000
vt 0.3548 0.8149 0.0000
vt 0.3617 0.8213 0.0000
vt 0.3529 0.8126 0.0000
vt 0.3510 0.8121 0.0000
vt 0.3632 0.8268 0.0000
vt 0.3602 0.8212 0.0000
vt 0.3615 0.8267 0.0000
vt 0.3537 0.8149 0.0000
vt 0.3522 0.8125 0.0000
vt 0.3506 0.8120 0.0000
vt 0.3513 0.8126 0.0000
vt 0.3524 0.8150 0.0000
vt 0.3422 0.8497 0.0000
vt 0.3408 0.8492 0.0000
vt 0.3502 0.8121 0.0000
vt 0.3481 0.8342 0.0000
vt 0.3503 0.8331 0.0000
vt 0.3613 0.8369 0.0000
vt 0.3607 0.8387 0.0000
vt 0.3564 0.8439 0.0000
vt 0.3581 0.8422 0.0000
vt 0.3391 0.8472 0.0000
vt 0.3389 0.8459 0.0000
vt 0.3544 0.8246 0.0000
vt 0.3522 0.8251 0.0000
vt 0.3525 0.8322 0.0000
vt 0.3547 0.8317 0.0000
vt 0.3479 0.8489 0.0000
vt 0.3458 0.8496 0.0000
vt 0.3607 0.8329 0.0000
vt 0.3614 0.8340 0.0000
vt 0.3460 0.8357 0.0000
vt 0.3534 0.8190 0.0000
vt 0.3545 0.8456 0.0000
vt 0.3523 0.8470 0.0000
vt 0.3397 0.8483 0.0000
vt 0.3391 0.8443 0.0000
vt 0.3398 0.8426 0.0000
vt 0.3596 0.8404 0.0000
vt 0.3439 0.8498 0.0000
vt 0.3516 0.8195 0.0000
vt 0.3583 0.8316 0.0000
vt 0.3566 0.8315 0.0000
vt 0.3509 0.8154 0.0000
vt 0.3503 0.8129 0.0000
vt 0.3409 0.8408 0.0000
vt 0.3423 0.8390 0.0000
vt 0.3497 0.8122 0.0000
vt 0.3615 0.8354 0.0000
vt 0.3501 0.8481 0.0000
vt 0.3597 0.8321 0.0000
vt 0.3440 0.8372 0.0000
vt 0.4322 0.3770 0.0000
vt 0.4325 0.3738 0.0000
vt 0.4326 0.3736 0.0000
vt 0.4322 0.3769 0.0000
vt 0.4320 0.3803 0.0000
vt 0.4320 0.3837 0.0000
vt 0.4339 0.3682 0.0000
vt 0.4332 0.3708 0.0000
vt 0.4331 0.3709 0.0000
vt 0.4338 0.3684 0.0000
vt 0.4325 0.3742 0.0000
vt 0.4330 0.3715 0.0000
vt 0.4321 0.3772 0.0000
vt 0.4320 0.3805 0.0000
vt 0.4338 0.3691 0.0000
vt 0.4330 0.3725 0.0000
vt 0.4337 0.3703 0.0000
vt 0.4325 0.3751 0.0000
vt 0.4321 0.3779 0.0000
vt 0.4320 0.3808 0.0000
vt 0.4325 0.3762 0.0000
vt 0.4330 0.3740 0.0000
vt 0.4321 0.3787 0.0000
vt 0.4320 0.3812 0.0000
vt 0.4337 0.3721 0.0000
vt 0.4330 0.3758 0.0000
vt 0.4337 0.3742 0.0000
vt 0.4325 0.3776 0.0000
vt 0.4321 0.3796 0.0000
vt 0.4320 0.3817 0.0000
vt 0.4321 0.3808 0.0000
vt 0.4325 0.3793 0.0000
vt 0.4320 0.3822 0.0000
vt 0.4331 0.3779 0.0000
vt 0.4338 0.3767 0.0000
vt 0.4331 0.3802 0.0000
vt 0.4339 0.3794 0.0000
vt 0.4325 0.3810 0.0000
vt 0.4322 0.3820 0.0000
vt 0.4320 0.3829 0.0000
vt 0.4320 0.3836 0.0000
vt 0.4322 0.3833 0.0000
vt 0.4332 0.3826 0.0000
vt 0.4340 0.3822 0.0000
vt 0.4326 0.3829 0.0000
vt 0.4333 0.3850 0.0000
vt 0.4341 0.3851 0.0000
vt 0.4327 0.3849 0.0000
vt 0.4323 0.3846 0.0000
vt 0.4320 0.3842 0.0000
vt 0.4321 0.3849 0.0000
vt 0.4323 0.3859 0.0000
vt 0.4334 0.3874 0.0000
vt 0.4342 0.3878 0.0000
vt 0.4328 0.3868 0.0000
vt 0.4335 0.3896 0.0000
vt 0.4343 0.3903 0.0000
vt 0.4329 0.3884 0.0000
vt 0.4324 0.3870 0.0000
vt 0.4321 0.3855 0.0000
vt 0.4321 0.3860 0.0000
vt 0.4336 0.3915 0.0000
vt 0.4345 0.3927 0.0000
vt 0.4329 0.3900 0.0000
vt 0.4324 0.3881 0.0000
vt 0.4337 0.3931 0.0000
vt 0.4346 0.3946 0.0000
vt 0.4330 0.3913 0.0000
vt 0.4325 0.3890 0.0000
vt 0.4322 0.3865 0.0000
vt 0.4322 0.3868 0.0000
vt 0.4338 0.3944 0.0000
vt 0.4347 0.3961 0.0000
vt 0.4331 0.3923 0.0000
vt 0.4325 0.3896 0.0000
vt 0.4332 0.3929 0.0000
vt 0.4340 0.3952 0.0000
vt 0.4326 0.3901 0.0000
vt 0.4322 0.3870 0.0000
vt 0.4348 0.3970 0.0000
vt 0.4340 0.3955 0.0000
vt 0.4349 0.3974 0.0000
vt 0.4333 0.3931 0.0000
vt 0.4327 0.3903 0.0000
vt 0.4322 0.3871 0.0000
vt 0.4333 0.3930 0.0000
vt 0.4327 0.3902 0.0000
vt 0.4341 0.3954 0.0000
vt 0.4350 0.3973 0.0000
vt 0.4342 0.3948 0.0000
vt 0.4351 0.3965 0.0000
vt 0.4334 0.3925 0.0000
vt 0.4327 0.3899 0.0000
vt 0.4323 0.3869 0.0000
vt 0.4327 0.3893 0.0000
vt 0.4334 0.3918 0.0000
vt 0.4323 0.3866 0.0000
vt 0.4342 0.3937 0.0000
vt 0.4351 0.3953 0.0000
vt 0.4342 0.3923 0.0000
vt 0.4351 0.3936 0.0000
vt 0.4334 0.3906 0.0000
vt 0.4327 0.3885 0.0000
vt 0.4323 0.3863 0.0000
vt 0.4323 0.3857 0.0000
vt 0.4327 0.3875 0.0000
vt 0.4342 0.3905 0.0000
vt 0.4351 0.3915 0.0000
vt 0.4334 0.3892 0.0000
vt 0.4342 0.3884 0.0000
vt 0.4351 0.3890 0.0000
vt 0.4333 0.3875 0.0000
vt 0.4327 0.3864 0.0000
vt 0.4323 0.3851 0.0000
vt 0.4322 0.3845 0.0000
vt 0.4327 0.3852 0.0000
vt 0.4341 0.3861 0.0000
vt 0.4350 0.3863 0.0000
vt 0.4333 0.3857 0.0000
vt 0.4340 0.3837 0.0000
vt 0.4349 0.3834 0.0000
vt 0.4333 0.3838 0.0000
vt 0.4326 0.3839 0.0000
vt 0.4322 0.3839 0.0000
vt 0.4322 0.3832 0.0000
vt 0.4339 0.3813 0.0000
vt 0.4348 0.3806 0.0000
vt 0.4332 0.3819 0.0000
vt 0.4326 0.3826 0.0000
vt 0.4331 0.3801 0.0000
vt 0.4338 0.3789 0.0000
vt 0.4325 0.3813 0.0000
vt 0.4322 0.3825 0.0000
vt 0.4347 0.3778 0.0000
vt 0.4337 0.3767 0.0000
vt 0.4345 0.3753 0.0000
vt 0.4330 0.3784 0.0000
vt 0.4325 0.3801 0.0000
vt 0.4321 0.3820 0.0000
vt 0.4336 0.3748 0.0000
vt 0.4329 0.3768 0.0000
vt 0.4324 0.3791 0.0000
vt 0.4321 0.3814 0.0000
vt 0.4344 0.3729 0.0000
vt 0.4334 0.3732 0.0000
vt 0.4343 0.3710 0.0000
vt 0.4328 0.3756 0.0000
vt 0.4323 0.3782 0.0000
vt 0.4321 0.3810 0.0000
vt 0.4323 0.3775 0.0000
vt 0.4327 0.3746 0.0000
vt 0.4353 0.3923 0.0000
vt 0.4352 0.3901 0.0000
vt 0.4320 0.3806 0.0000
vt 0.4347 0.3681 0.0000
vt 0.4348 0.3679 0.0000
vt 0.4359 0.3887 0.0000
vt 0.4358 0.3860 0.0000
vt 0.4360 0.3949 0.0000
vt 0.4360 0.3932 0.0000
vt 0.4349 0.3847 0.0000
vt 0.4348 0.3818 0.0000
vt 0.4340 0.3686 0.0000
vt 0.4349 0.3684 0.0000
vt 0.4350 0.3693 0.0000
vt 0.4341 0.3696 0.0000
vt 0.4357 0.3966 0.0000
vt 0.4356 0.3957 0.0000
vt 0.4356 0.3803 0.0000
vt 0.4355 0.3775 0.0000
vt 0.4346 0.3688 0.0000
vt 0.4333 0.3719 0.0000
vt 0.4359 0.3969 0.0000
vt 0.4359 0.3962 0.0000
vt 0.4350 0.3875 0.0000
vt 0.4347 0.3790 0.0000
vt 0.4346 0.3763 0.0000
vt 0.4360 0.3911 0.0000
vt 0.4354 0.3942 0.0000
vt 0.4333 0.3711 0.0000
vt 0.4351 0.3708 0.0000
vt 0.4352 0.3727 0.0000
vt 0.4326 0.3739 0.0000
vt 0.4322 0.3771 0.0000
vt 0.4346 0.3717 0.0000
vt 0.4346 0.3739 0.0000
vt 0.4320 0.3804 0.0000
vt 0.4358 0.3832 0.0000
vt 0.4358 0.3970 0.0000
vt 0.4354 0.3749 0.0000
vt 0.4346 0.3701 0.0000
vt 0.4144 0.1842 0.0000
vt 0.4144 0.2097 0.0000
vt 0.0338 0.9178 0.0000
vt 0.0133 0.9178 0.0000
vt 0.0270 0.9396 0.0000
vt 0.0476 0.9396 0.0000
vt 0.0133 0.9303 0.0000
vt 0.0338 0.9303 0.0000
vt 0.0270 0.9520 0.0000
vt 0.0476 0.9520 0.0000
vt 0.1171 0.2059 0.0000
vt 0.1171 0.1849 0.0000
vt 0.0332 0.8920 0.0000
vt 0.0190 0.8920 0.0000
vt 0.0285 0.8816 0.0000
vt 0.0427 0.8816 0.0000
vt 0.0332 0.8860 0.0000
vt 0.0190 0.8860 0.0000
vt 0.0285 0.8757 0.0000
vt 0.0427 0.8757 0.0000
# 1564 texture coords

o luces
g luces
usemtl Material__56
s 1
f 601/505/573 602/506/574 603/506/575 
f 603/506/575 604/505/576 601/505/573 
f 605/507/575 606/508/576 607/509/573 
f 607/509/573 608/510/574 605/507/575 
f 609/511/577 610/512/578 611/513/579 
f 611/513/579 612/514/580 609/511/577 
f 609/511/577 613/515/581 614/516/582 
f 614/516/582 610/512/578 609/511/577 
f 615/517/583 614/516/582 613/515/581 
f 616/518/584 617/519/585 618/520/586 
f 618/520/586 619/521/587 616/518/584 
f 617/519/585 612/514/580 611/513/579 
f 611/513/579 618/520/586 617/519/585 
f 617/519/585 620/522/588 621/523/589 
f 621/523/589 612/514/580 617/519/585 
f 609/511/577 612/514/580 621/523/589 
f 621/523/589 622/524/590 609/511/577 
f 609/511/577 622/524/590 623/525/591 
f 623/525/591 613/515/581 609/511/577 
f 615/517/583 613/515/581 623/525/591 
f 617/519/585 616/518/584 624/526/592 
f 624/526/592 620/522/588 617/519/585 
f 625/527/593 620/522/588 624/526/592 
f 624/526/592 626/528/594 625/527/593 
f 625/527/593 627/529/595 621/523/589 
f 621/523/589 620/522/588 625/527/593 
f 621/523/589 627/529/595 628/530/596 
f 628/530/596 622/524/590 621/523/589 
f 623/525/591 622/524/590 628/530/596 
f 628/530/596 629/531/597 623/525/591 
f 615/517/583 623/525/591 629/531/597 
f 630/532/598 631/533/599 627/529/595 
f 627/529/595 625/527/593 630/532/598 
f 628/530/596 627/529/595 631/533/599 
f 631/533/599 632/534/600 628/530/596 
f 629/531/597 628/530/596 632/534/600 
f 632/534/600 633/535/601 629/531/597 
f 615/517/583 629/531/597 633/535/601 
f 625/527/593 626/528/594 634/536/602 
f 634/536/602 630/532/598 625/527/593 
f 635/537/603 630/532/598 634/536/602 
f 634/536/602 636/538/604 635/537/603 
f 637/539/605 631/533/599 630/532/598 
f 630/532/598 635/537/603 637/539/605 
f 638/540/606 632/534/600 631/533/599 
f 631/533/599 637/539/605 638/540/606 
f 639/541/607 633/535/601 632/534/600 
f 632/534/600 638/540/606 639/541/607 
f 615/517/583 633/535/601 639/541/607 
f 640/542/608 638/540/606 637/539/605 
f 637/539/605 641/543/609 640/542/608 
f 642/544/610 639/541/607 638/540/606 
f 638/540/606 640/542/608 642/544/610 
f 615/517/583 639/541/607 642/544/610 
f 643/545/611 635/537/603 636/538/604 
f 636/538/604 644/546/612 643/545/611 
f 637/539/605 635/537/603 643/545/611 
f 643/545/611 641/543/609 637/539/605 
f 645/547/613 643/545/611 644/546/612 
f 644/546/612 646/548/614 645/547/613 
f 641/543/609 643/545/611 645/547/613 
f 645/547/613 647/549/615 641/543/609 
f 648/550/616 640/542/608 641/543/609 
f 641/543/609 647/549/615 648/550/616 
f 642/544/610 640/542/608 648/550/616 
f 648/550/616 649/517/617 642/544/610 
f 615/517/583 642/544/610 649/517/617 
f 649/517/617 648/550/616 650/551/618 
f 650/551/618 651/552/619 649/517/617 
f 615/517/583 649/517/617 651/552/619 
f 652/553/620 645/547/613 646/548/614 
f 646/548/614 653/554/621 652/553/620 
f 647/549/615 645/547/613 652/553/620 
f 652/553/620 654/555/622 647/549/615 
f 650/551/618 648/550/616 647/549/615 
f 647/549/615 654/555/622 650/551/618 
f 655/556/623 652/553/620 653/554/621 
f 653/554/621 656/557/624 655/556/623 
f 654/555/622 652/553/620 655/556/623 
f 655/556/623 657/558/625 654/555/622 
f 650/551/618 654/555/622 657/558/625 
f 657/558/625 658/559/626 650/551/618 
f 659/560/627 651/552/619 650/551/618 
f 650/551/618 658/559/626 659/560/627 
f 615/517/583 651/552/619 659/560/627 
f 658/559/626 660/561/628 661/562/629 
f 661/562/629 659/560/627 658/559/626 
f 615/517/583 659/560/627 661/562/629 
f 662/563/630 655/556/623 656/557/624 
f 656/557/624 663/564/631 662/563/630 
f 657/558/625 655/556/623 662/563/630 
f 662/563/630 664/565/632 657/558/625 
f 660/561/628 658/559/626 657/558/625 
f 657/558/625 664/565/632 660/561/628 
f 665/566/633 662/563/630 663/564/631 
f 663/564/631 666/567/634 665/566/633 
f 664/565/632 662/563/630 665/566/633 
f 665/566/633 667/568/635 664/565/632 
f 668/569/636 660/561/628 664/565/632 
f 664/565/632 667/568/635 668/569/636 
f 669/570/637 661/562/629 660/561/628 
f 660/561/628 668/569/636 669/570/637 
f 615/517/583 661/562/629 669/570/637 
f 615/517/583 669/570/637 670/571/638 
f 665/566/633 666/567/634 671/572/639 
f 671/572/639 672/573/640 665/566/633 
f 667/568/635 665/566/633 672/573/640 
f 672/573/640 673/574/641 667/568/635 
f 668/569/636 667/568/635 673/574/641 
f 673/574/641 674/575/642 668/569/636 
f 670/571/638 669/570/637 668/569/636 
f 668/569/636 674/575/642 670/571/638 
f 672/573/640 671/572/639 675/576/643 
f 675/576/643 676/577/644 672/573/640 
f 673/574/641 672/573/640 676/577/644 
f 676/577/644 677/578/645 673/574/641 
f 674/575/642 673/574/641 677/578/645 
f 677/578/645 678/579/646 674/575/642 
f 679/580/647 670/571/638 674/575/642 
f 674/575/642 678/579/646 679/580/647 
f 615/517/583 670/571/638 679/580/647 
f 615/517/583 679/580/647 680/581/648 
f 676/577/644 675/576/643 681/582/649 
f 681/582/649 682/583/650 676/577/644 
f 677/578/645 676/577/644 682/583/650 
f 682/583/650 683/584/651 677/578/645 
f 678/579/646 677/578/645 683/584/651 
f 683/584/651 684/585/652 678/579/646 
f 680/581/648 679/580/647 678/579/646 
f 678/579/646 684/585/652 680/581/648 
f 685/586/653 686/587/654 683/584/651 
f 683/584/651 682/583/650 685/586/653 
f 687/588/655 684/585/652 683/584/651 
f 683/584/651 686/587/654 687/588/655 
f 688/589/656 680/581/648 684/585/652 
f 684/585/652 687/588/655 688/589/656 
f 615/517/583 680/581/648 688/589/656 
f 685/586/653 682/583/650 681/582/649 
f 681/582/649 689/590/657 685/586/653 
f 685/586/653 689/590/657 690/591/658 
f 690/591/658 691/592/659 685/586/653 
f 691/592/659 692/593/660 686/587/654 
f 686/587/654 685/586/653 691/592/659 
f 687/588/655 686/587/654 692/593/660 
f 692/593/660 693/594/661 687/588/655 
f 688/589/656 687/588/655 693/594/661 
f 693/594/661 694/595/662 688/589/656 
f 615/517/583 688/589/656 694/595/662 
f 695/596/663 693/594/661 692/593/660 
f 692/593/660 696/597/664 695/596/663 
f 697/598/665 694/595/662 693/594/661 
f 693/594/661 695/596/663 697/598/665 
f 615/517/583 694/595/662 697/598/665 
f 698/599/666 691/592/659 690/591/658 
f 690/591/658 699/600/667 698/599/666 
f 696/597/664 692/593/660 691/592/659 
f 691/592/659 698/599/666 696/597/664 
f 700/601/668 698/599/666 699/600/667 
f 699/600/667 701/602/669 700/601/668 
f 696/597/664 698/599/666 700/601/668 
f 700/601/668 702/603/670 696/597/664 
f 703/604/671 695/596/663 696/597/664 
f 696/597/664 702/603/670 703/604/671 
f 704/605/672 697/598/665 695/596/663 
f 695/596/663 703/604/671 704/605/672 
f 615/517/583 697/598/665 704/605/672 
f 705/606/673 703/604/671 702/603/670 
f 702/603/670 706/607/674 705/606/673 
f 704/605/672 703/604/671 705/606/673 
f 705/606/673 707/608/675 704/605/672 
f 615/517/583 704/605/672 707/608/675 
f 708/609/676 700/601/668 701/602/669 
f 701/602/669 709/610/677 708/609/676 
f 702/603/670 700/601/668 708/609/676 
f 708/609/676 706/607/674 702/603/670 
f 710/611/678 708/609/676 709/610/677 
f 709/610/677 711/612/679 710/611/678 
f 706/607/674 708/609/676 710/611/678 
f 710/611/678 712/613/680 706/607/674 
f 713/614/681 705/606/673 706/607/674 
f 706/607/674 712/613/680 713/614/681 
f 707/608/675 705/606/673 713/614/681 
f 713/614/681 714/615/682 707/608/675 
f 615/517/583 707/608/675 714/615/682 
f 715/616/683 714/615/682 713/614/681 
f 713/614/681 716/617/684 715/616/683 
f 615/517/583 714/615/682 715/616/683 
f 717/618/685 710/611/678 711/612/679 
f 711/612/679 718/619/686 717/618/685 
f 712/613/680 710/611/678 717/618/685 
f 717/618/685 719/620/687 712/613/680 
f 713/614/681 712/613/680 719/620/687 
f 719/620/687 716/617/684 713/614/681 
f 720/621/688 717/618/685 718/619/686 
f 718/619/686 721/622/689 720/621/688 
f 719/620/687 717/618/685 720/621/688 
f 720/621/688 722/623/690 719/620/687 
f 723/624/691 716/617/684 719/620/687 
f 719/620/687 722/623/690 723/624/691 
f 724/625/692 715/616/683 716/617/684 
f 716/617/684 723/624/691 724/625/692 
f 615/517/583 715/616/683 724/625/692 
f 724/625/692 723/624/691 725/626/693 
f 725/626/693 726/627/694 724/625/692 
f 615/517/583 724/625/692 726/627/694 
f 727/628/695 720/621/688 721/622/689 
f 721/622/689 728/629/696 727/628/695 
f 722/623/690 720/621/688 727/628/695 
f 727/628/695 729/630/697 722/623/690 
f 725/626/693 723/624/691 722/623/690 
f 722/623/690 729/630/697 725/626/693 
f 727/628/695 728/629/696 730/631/698 
f 730/631/698 731/632/699 727/628/695 
f 729/630/697 727/628/695 731/632/699 
f 731/632/699 732/633/700 729/630/697 
f 725/626/693 729/630/697 732/633/700 
f 732/633/700 733/634/701 725/626/693 
f 734/635/702 726/627/694 725/626/693 
f 725/626/693 733/634/701 734/635/702 
f 615/517/583 726/627/694 734/635/702 
f 615/517/583 734/635/702 735/636/703 
f 731/632/699 730/631/698 736/637/704 
f 736/637/704 737/638/705 731/632/699 
f 732/633/700 731/632/699 737/638/705 
f 737/638/705 738/639/706 732/633/700 
f 733/634/701 732/633/700 738/639/706 
f 738/639/706 739/640/707 733/634/701 
f 735/636/703 734/635/702 733/634/701 
f 733/634/701 739/640/707 735/636/703 
f 738/639/706 737/638/705 740/641/708 
f 740/641/708 741/642/709 738/639/706 
f 739/640/707 738/639/706 741/642/709 
f 741/642/709 742/643/710 739/640/707 
f 743/644/711 735/636/703 739/640/707 
f 739/640/707 742/643/710 743/644/711 
f 615/517/583 735/636/703 743/644/711 
f 737/638/705 736/637/704 744/645/712 
f 744/645/712 740/641/708 737/638/705 
f 745/646/713 740/641/708 744/645/712 
f 744/645/712 746/647/714 745/646/713 
f 745/646/713 747/648/715 741/642/709 
f 741/642/709 740/641/708 745/646/713 
f 748/649/716 742/643/710 741/642/709 
f 741/642/709 747/648/715 748/649/716 
f 749/650/717 743/644/711 742/643/710 
f 742/643/710 748/649/716 749/650/717 
f 615/517/583 743/644/711 749/650/717 
f 750/651/718 751/652/719 747/648/715 
f 747/648/715 745/646/713 750/651/718 
f 748/649/716 747/648/715 751/652/719 
f 751/652/719 752/653/720 748/649/716 
f 749/650/717 748/649/716 752/653/720 
f 752/653/720 753/654/721 749/650/717 
f 615/517/583 749/650/717 753/654/721 
f 745/646/713 746/647/714 754/655/722 
f 754/655/722 750/651/718 745/646/713 
f 755/656/723 750/651/718 754/655/722 
f 754/655/722 756/657/724 755/656/723 
f 757/658/725 751/652/719 750/651/718 
f 750/651/718 755/656/723 757/658/725 
f 752/653/720 751/652/719 757/658/725 
f 757/658/725 758/659/726 752/653/720 
f 759/660/727 753/654/721 752/653/720 
f 752/653/720 758/659/726 759/660/727 
f 615/517/583 753/654/721 759/660/727 
f 760/661/728 758/659/726 757/658/725 
f 757/658/725 761/662/729 760/661/728 
f 671/572/639 666/567/634 762/663/730 
f 762/663/730 763/664/731 671/572/639 
f 764/665/732 759/660/727 758/659/726 
f 758/659/726 760/661/728 764/665/732 
f 619/521/587 765/666/733 766/667/734 
f 766/667/734 616/518/584 619/521/587 
f 767/668/735 768/669/736 728/629/696 
f 728/629/696 721/622/689 767/668/735 
f 615/517/583 759/660/727 764/665/732 
f 709/610/677 769/670/737 770/671/738 
f 770/671/738 711/612/679 709/610/677 
f 653/554/621 771/672/739 772/673/740 
f 772/673/740 656/557/624 653/554/621 
f 773/674/741 774/675/742 775/676/743 
f 775/676/743 776/677/744 773/674/741 
f 777/678/745 778/679/746 689/590/657 
f 689/590/657 681/582/649 777/678/745 
f 736/637/704 779/680/747 780/681/748 
f 780/681/748 744/645/712 736/637/704 
f 624/526/592 616/518/584 766/667/734 
f 766/667/734 781/682/749 624/526/592 
f 782/683/750 755/656/723 756/657/724 
f 756/657/724 776/677/744 782/683/750 
f 699/600/667 783/684/751 784/685/752 
f 784/685/752 701/602/669 699/600/667 
f 757/658/725 755/656/723 782/683/750 
f 782/683/750 761/662/729 757/658/725 
f 656/557/624 772/673/740 785/686/753 
f 785/686/753 663/564/631 656/557/624 
f 786/687/754 787/688/755 646/548/614 
f 646/548/614 644/546/612 786/687/754 
f 711/612/679 770/671/738 788/689/756 
f 788/689/756 718/619/686 711/612/679 
f 763/664/731 789/690/757 675/576/643 
f 675/576/643 671/572/639 763/664/731 
f 790/691/758 782/683/750 776/677/744 
f 776/677/744 775/676/743 790/691/758 
f 754/655/722 791/692/759 792/693/760 
f 792/693/760 756/657/724 754/655/722 
f 761/662/729 782/683/750 790/691/758 
f 790/691/758 793/694/761 761/662/729 
f 775/676/743 774/675/742 765/666/733 
f 765/666/733 619/521/587 775/676/743 
f 794/695/762 760/661/728 761/662/729 
f 761/662/729 793/694/761 794/695/762 
f 795/696/763 796/697/764 636/538/604 
f 636/538/604 634/536/602 795/696/763 
f 797/698/765 764/665/732 760/661/728 
f 760/661/728 794/695/762 797/698/765 
f 768/669/736 798/699/766 730/631/698 
f 730/631/698 728/629/696 768/669/736 
f 646/548/614 787/688/755 771/672/739 
f 771/672/739 653/554/621 646/548/614 
f 615/517/583 764/665/732 797/698/765 
f 785/686/753 762/663/730 666/567/634 
f 666/567/634 663/564/631 785/686/753 
f 701/602/669 784/685/752 769/670/737 
f 769/670/737 709/610/677 701/602/669 
f 794/695/762 793/694/761 611/513/579 
f 611/513/579 610/512/578 794/695/762 
f 778/679/746 799/700/767 690/591/658 
f 690/591/658 689/590/657 778/679/746 
f 614/516/582 797/698/765 794/695/762 
f 794/695/762 610/512/578 614/516/582 
f 744/645/712 780/681/748 800/701/768 
f 800/701/768 746/647/714 744/645/712 
f 781/682/749 801/702/769 626/528/594 
f 626/528/594 624/526/592 781/682/749 
f 615/517/583 797/698/765 614/516/582 
f 776/677/744 756/657/724 792/693/760 
f 792/693/760 773/674/741 776/677/744 
f 789/690/757 777/678/745 681/582/649 
f 681/582/649 675/576/643 789/690/757 
f 796/697/764 786/687/754 644/546/612 
f 644/546/612 636/538/604 796/697/764 
f 798/699/766 779/680/747 736/637/704 
f 736/637/704 730/631/698 798/699/766 
f 690/591/658 799/700/767 783/684/751 
f 783/684/751 699/600/667 690/591/658 
f 788/689/756 767/668/735 721/622/689 
f 721/622/689 718/619/686 788/689/756 
f 790/691/758 775/676/743 619/521/587 
f 619/521/587 618/520/586 790/691/758 
f 746/647/714 800/701/768 791/692/759 
f 791/692/759 754/655/722 746/647/714 
f 611/513/579 793/694/761 790/691/758 
f 790/691/758 618/520/586 611/513/579 
f 801/702/769 795/696/763 634/536/602 
f 634/536/602 626/528/594 801/702/769 
f 802/703/770 803/704/771 804/705/772 
f 804/705/772 805/706/773 802/703/770 
f 802/703/770 805/706/773 806/707/774 
f 806/707/774 807/708/775 802/703/770 
f 808/709/776 807/708/775 806/707/774 
f 809/710/777 810/711/778 811/712/779 
f 811/712/779 812/713/780 809/710/777 
f 810/711/778 804/705/772 803/704/771 
f 803/704/771 811/712/779 810/711/778 
f 813/714/781 814/715/782 811/712/779 
f 811/712/779 803/704/771 813/714/781 
f 815/716/783 813/714/781 803/704/771 
f 803/704/771 802/703/770 815/716/783 
f 802/703/770 807/708/775 816/717/784 
f 816/717/784 815/716/783 802/703/770 
f 808/709/776 816/717/784 807/708/775 
f 814/715/782 817/718/785 812/713/780 
f 812/713/780 811/712/779 814/715/782 
f 814/715/782 818/719/786 819/720/787 
f 819/720/787 817/718/785 814/715/782 
f 814/715/782 813/714/781 820/721/788 
f 820/721/788 818/719/786 814/715/782 
f 821/722/789 820/721/788 813/714/781 
f 813/714/781 815/716/783 821/722/789 
f 821/722/789 815/716/783 816/717/784 
f 816/717/784 822/723/790 821/722/789 
f 808/709/776 822/723/790 816/717/784 
f 823/724/791 824/725/792 818/719/786 
f 818/719/786 820/721/788 823/724/791 
f 820/721/788 821/722/789 825/726/793 
f 825/726/793 823/724/791 820/721/788 
f 821/722/789 822/723/790 826/727/794 
f 826/727/794 825/726/793 821/722/789 
f 808/709/776 826/727/794 822/723/790 
f 819/720/787 818/719/786 824/725/792 
f 824/725/792 827/728/795 819/720/787 
f 827/728/795 824/725/792 828/729/796 
f 828/729/796 829/730/797 827/728/795 
f 824/725/792 823/724/791 830/731/798 
f 830/731/798 828/729/796 824/725/792 
f 831/732/799 830/731/798 823/724/791 
f 823/724/791 825/726/793 831/732/799 
f 825/726/793 826/727/794 832/733/800 
f 832/733/800 831/732/799 825/726/793 
f 808/709/776 832/733/800 826/727/794 
f 833/734/801 834/735/802 830/731/798 
f 830/731/798 831/732/799 833/734/801 
f 835/736/803 833/734/801 831/732/799 
f 831/732/799 832/733/800 835/736/803 
f 808/709/776 835/736/803 832/733/800 
f 829/730/797 828/729/796 836/737/804 
f 836/737/804 837/738/805 829/730/797 
f 828/729/796 830/731/798 834/735/802 
f 834/735/802 836/737/804 828/729/796 
f 837/738/805 836/737/804 838/739/806 
f 838/739/806 839/740/807 837/738/805 
f 836/737/804 834/735/802 840/741/808 
f 840/741/808 838/739/806 836/737/804 
f 841/742/809 840/741/808 834/735/802 
f 834/735/802 833/734/801 841/742/809 
f 842/743/810 841/742/809 833/734/801 
f 833/734/801 835/736/803 842/743/810 
f 808/709/776 842/743/810 835/736/803 
f 842/743/810 843/744/811 844/745/812 
f 844/745/812 841/742/809 842/743/810 
f 808/709/776 843/744/811 842/743/810 
f 839/740/807 838/739/806 845/746/813 
f 845/746/813 846/747/814 839/740/807 
f 838/739/806 840/741/808 847/748/815 
f 847/748/815 845/746/813 838/739/806 
f 840/741/808 841/742/809 844/745/812 
f 844/745/812 847/748/815 840/741/808 
f 848/749/816 849/750/817 846/747/814 
f 846/747/814 845/746/813 848/749/816 
f 845/746/813 847/748/815 850/751/818 
f 850/751/818 848/749/816 845/746/813 
f 847/748/815 844/745/812 851/752/819 
f 851/752/819 850/751/818 847/748/815 
f 852/753/820 851/752/819 844/745/812 
f 844/745/812 843/744/811 852/753/820 
f 808/709/776 852/753/820 843/744/811 
f 851/752/819 852/753/820 853/754/821 
f 853/754/821 854/755/822 851/752/819 
f 808/709/776 853/754/821 852/753/820 
f 849/750/817 848/749/816 855/756/823 
f 855/756/823 856/757/824 849/750/817 
f 848/749/816 850/751/818 857/758/825 
f 857/758/825 855/756/823 848/749/816 
f 850/751/818 851/752/819 854/755/822 
f 854/755/822 857/758/825 850/751/818 
f 856/757/824 855/756/823 858/759/826 
f 858/759/826 859/760/827 856/757/824 
f 855/756/823 857/758/825 860/761/828 
f 860/761/828 858/759/826 855/756/823 
f 857/758/825 854/755/822 861/762/829 
f 861/762/829 860/761/828 857/758/825 
f 854/755/822 853/754/821 862/763/830 
f 862/763/830 861/762/829 854/755/822 
f 808/709/776 862/763/830 853/754/821 
f 808/709/776 863/764/831 862/763/830 
f 864/765/832 865/766/833 859/760/827 
f 859/760/827 858/759/826 864/765/832 
f 866/767/834 864/765/832 858/759/826 
f 858/759/826 860/761/828 866/767/834 
f 860/761/828 861/762/829 867/768/835 
f 867/768/835 866/767/834 860/761/828 
f 861/762/829 862/763/830 863/764/831 
f 863/764/831 867/768/835 861/762/829 
f 868/769/836 869/770/837 865/766/833 
f 865/766/833 864/765/832 868/769/836 
f 870/771/838 868/769/836 864/765/832 
f 864/765/832 866/767/834 870/771/838 
f 866/767/834 867/768/835 871/772/839 
f 871/772/839 870/771/838 866/767/834 
f 867/768/835 863/764/831 872/773/840 
f 872/773/840 871/772/839 867/768/835 
f 808/709/776 872/773/840 863/764/831 
f 808/709/776 873/774/841 872/773/840 
f 869/770/837 868/769/836 874/775/842 
f 874/775/842 875/776/843 869/770/837 
f 876/777/844 874/775/842 868/769/836 
f 868/769/836 870/771/838 876/777/844 
f 876/777/844 870/771/838 871/772/839 
f 871/772/839 877/778/845 876/777/844 
f 877/778/845 871/772/839 872/773/840 
f 872/773/840 873/774/841 877/778/845 
f 874/775/842 876/777/844 878/779/846 
f 878/779/846 879/780/847 874/775/842 
f 876/777/844 877/778/845 880/781/848 
f 880/781/848 878/779/846 876/777/844 
f 877/778/845 873/774/841 881/782/849 
f 881/782/849 880/781/848 877/778/845 
f 808/709/776 881/782/849 873/774/841 
f 879/780/847 882/783/850 875/776/843 
f 875/776/843 874/775/842 879/780/847 
f 882/783/850 879/780/847 883/784/851 
f 883/784/851 884/785/852 882/783/850 
f 885/786/853 883/784/851 879/780/847 
f 879/780/847 878/779/846 885/786/853 
f 878/779/846 880/781/848 886/787/854 
f 886/787/854 885/786/853 878/779/846 
f 880/781/848 881/782/849 887/788/855 
f 887/788/855 886/787/854 880/781/848 
f 808/709/776 887/788/855 881/782/849 
f 888/789/856 889/790/857 885/786/853 
f 885/786/853 886/787/854 888/789/856 
f 890/791/858 888/789/856 886/787/854 
f 886/787/854 887/788/855 890/791/858 
f 808/709/776 890/791/858 887/788/855 
f 884/785/852 883/784/851 891/792/859 
f 891/792/859 892/793/860 884/785/852 
f 889/790/857 891/792/859 883/784/851 
f 883/784/851 885/786/853 889/790/857 
f 892/793/860 891/792/859 893/794/861 
f 893/794/861 894/795/862 892/793/860 
f 895/796/863 893/794/861 891/792/859 
f 891/792/859 889/790/857 895/796/863 
f 896/797/864 895/796/863 889/790/857 
f 889/790/857 888/789/856 896/797/864 
f 897/798/865 896/797/864 888/789/856 
f 888/789/856 890/791/858 897/798/865 
f 808/709/776 897/798/865 890/791/858 
f 895/796/863 896/797/864 898/799/866 
f 898/799/866 899/800/867 895/796/863 
f 898/799/866 896/797/864 897/798/865 
f 897/798/865 900/801/868 898/799/866 
f 808/709/776 900/801/868 897/798/865 
f 894/795/862 893/794/861 901/802/869 
f 901/802/869 902/803/870 894/795/862 
f 899/800/867 901/802/869 893/794/861 
f 893/794/861 895/796/863 899/800/867 
f 901/802/869 903/804/871 904/805/872 
f 904/805/872 902/803/870 901/802/869 
f 901/802/869 899/800/867 905/806/873 
f 905/806/873 903/804/871 901/802/869 
f 906/807/874 905/806/873 899/800/867 
f 899/800/867 898/799/866 906/807/874 
f 898/799/866 900/801/868 907/808/875 
f 907/808/875 906/807/874 898/799/866 
f 808/709/776 907/808/875 900/801/868 
f 908/809/876 909/810/877 906/807/874 
f 906/807/874 907/808/875 908/809/876 
f 808/709/776 908/809/876 907/808/875 
f 904/805/872 903/804/871 910/811/878 
f 910/811/878 911/812/879 904/805/872 
f 903/804/871 905/806/873 912/813/880 
f 912/813/880 910/811/878 903/804/871 
f 905/806/873 906/807/874 909/810/877 
f 909/810/877 912/813/880 905/806/873 
f 911/812/879 910/811/878 913/814/881 
f 913/814/881 914/815/882 911/812/879 
f 910/811/878 912/813/880 915/816/883 
f 915/816/883 913/814/881 910/811/878 
f 912/813/880 909/810/877 916/817/884 
f 916/817/884 915/816/883 912/813/880 
f 917/818/885 916/817/884 909/810/877 
f 909/810/877 908/809/876 917/818/885 
f 808/709/776 917/818/885 908/809/876 
f 918/819/886 919/820/887 916/817/884 
f 916/817/884 917/818/885 918/819/886 
f 808/709/776 918/819/886 917/818/885 
f 920/821/888 921/822/889 914/815/882 
f 914/815/882 913/814/881 920/821/888 
f 913/814/881 915/816/883 922/823/890 
f 922/823/890 920/821/888 913/814/881 
f 915/816/883 916/817/884 919/820/887 
f 919/820/887 922/823/890 915/816/883 
f 923/824/891 924/825/892 921/822/889 
f 921/822/889 920/821/888 923/824/891 
f 920/821/888 922/823/890 925/826/893 
f 925/826/893 923/824/891 920/821/888 
f 922/823/890 919/820/887 926/827/894 
f 926/827/894 925/826/893 922/823/890 
f 918/819/886 927/828/895 926/827/894 
f 926/827/894 919/820/887 918/819/886 
f 808/709/776 927/828/895 918/819/886 
f 808/709/776 928/829/896 927/828/895 
f 929/830/897 930/831/898 924/825/892 
f 924/825/892 923/824/891 929/830/897 
f 929/830/897 923/824/891 925/826/893 
f 925/826/893 931/832/899 929/830/897 
f 931/832/899 925/826/893 926/827/894 
f 926/827/894 932/833/900 931/832/899 
f 926/827/894 927/828/895 928/829/896 
f 928/829/896 932/833/900 926/827/894 
f 929/830/897 931/832/899 933/834/901 
f 933/834/901 934/835/902 929/830/897 
f 931/832/899 932/833/900 935/836/903 
f 935/836/903 933/834/901 931/832/899 
f 932/833/900 928/829/896 936/837/904 
f 936/837/904 935/836/903 932/833/900 
f 808/709/776 936/837/904 928/829/896 
f 930/831/898 929/830/897 934/835/902 
f 934/835/902 937/838/905 930/831/898 
f 938/839/906 939/840/907 937/838/905 
f 937/838/905 934/835/902 938/839/906 
f 934/835/902 933/834/901 940/841/908 
f 940/841/908 938/839/906 934/835/902 
f 933/834/901 935/836/903 941/842/909 
f 941/842/909 940/841/908 933/834/901 
f 935/836/903 936/837/904 942/843/910 
f 942/843/910 941/842/909 935/836/903 
f 808/709/776 942/843/910 936/837/904 
f 943/844/911 944/845/912 938/839/906 
f 938/839/906 940/841/908 943/844/911 
f 945/846/913 943/844/911 940/841/908 
f 940/841/908 941/842/909 945/846/913 
f 941/842/909 942/843/910 946/847/914 
f 946/847/914 945/846/913 941/842/909 
f 808/709/776 946/847/914 942/843/910 
f 944/845/912 947/848/915 939/840/907 
f 939/840/907 938/839/906 944/845/912 
f 948/849/916 947/848/915 944/845/912 
f 944/845/912 949/850/917 948/849/916 
f 950/851/918 949/850/917 944/845/912 
f 944/845/912 943/844/911 950/851/918 
f 943/844/911 945/846/913 951/852/919 
f 951/852/919 950/851/918 943/844/911 
f 945/846/913 946/847/914 952/853/920 
f 952/853/920 951/852/919 945/846/913 
f 808/709/776 952/853/920 946/847/914 
f 950/851/918 951/852/919 953/854/921 
f 953/854/921 954/855/922 950/851/918 
f 859/760/827 865/766/833 955/856/923 
f 955/856/923 956/857/924 859/760/827 
f 951/852/919 952/853/920 957/858/925 
f 957/858/925 953/854/921 951/852/919 
f 812/713/780 958/859/926 959/860/733 
f 959/860/733 809/710/777 812/713/780 
f 921/822/889 960/861/927 961/862/928 
f 961/862/928 914/815/882 921/822/889 
f 808/709/776 957/858/925 952/853/920 
f 904/805/872 962/863/929 963/864/930 
f 963/864/930 902/803/870 904/805/872 
f 964/865/931 846/747/814 849/750/817 
f 849/750/817 965/866/932 964/865/931 
f 966/867/933 967/868/934 968/869/935 
f 968/869/935 969/870/936 966/867/933 
f 970/871/937 971/872/938 875/776/843 
f 875/776/843 882/783/850 970/871/937 
f 972/873/939 930/831/898 937/838/905 
f 937/838/905 973/874/940 972/873/939 
f 958/859/926 812/713/780 817/718/785 
f 817/718/785 974/875/941 958/859/926 
f 948/849/916 949/850/917 975/876/942 
f 975/876/942 966/867/933 948/849/916 
f 894/795/862 976/877/943 977/878/944 
f 977/878/944 892/793/860 894/795/862 
f 949/850/917 950/851/918 954/855/922 
f 954/855/922 975/876/942 949/850/917 
f 849/750/817 856/757/824 978/879/945 
f 978/879/945 965/866/932 849/750/817 
f 979/880/946 980/881/947 837/738/805 
f 837/738/805 839/740/807 979/880/946 
f 962/863/929 904/805/872 911/812/879 
f 911/812/879 981/882/948 962/863/929 
f 982/883/949 955/856/923 865/766/833 
f 865/766/833 869/770/837 982/883/949 
f 966/867/933 975/876/942 983/884/950 
f 983/884/950 967/868/934 966/867/933 
f 984/885/951 947/848/915 948/849/916 
f 948/849/916 985/886/952 984/885/951 
f 983/884/950 975/876/942 954/855/922 
f 954/855/922 986/887/953 983/884/950 
f 809/710/777 959/860/733 968/869/935 
f 968/869/935 967/868/934 809/710/777 
f 987/888/954 986/887/953 954/855/922 
f 954/855/922 953/854/921 987/888/954 
f 988/889/955 989/890/956 827/728/795 
f 827/728/795 829/730/797 988/889/955 
f 953/854/921 957/858/925 990/891/957 
f 990/891/957 987/888/954 953/854/921 
f 960/861/927 921/822/889 924/825/892 
f 924/825/892 991/892/958 960/861/927 
f 964/865/931 979/880/946 839/740/807 
f 839/740/807 846/747/814 964/865/931 
f 808/709/776 990/891/957 957/858/925 
f 956/857/924 978/879/945 856/757/824 
f 856/757/824 859/760/827 956/857/924 
f 902/803/870 963/864/930 976/877/943 
f 976/877/943 894/795/862 902/803/870 
f 805/706/773 804/705/772 986/887/953 
f 986/887/953 987/888/954 805/706/773 
f 882/783/850 884/785/852 992/893/767 
f 992/893/767 970/871/937 882/783/850 
f 987/888/954 990/891/957 806/707/774 
f 806/707/774 805/706/773 987/888/954 
f 973/874/940 937/838/905 939/840/907 
f 939/840/907 993/894/959 973/874/940 
f 974/875/941 817/718/785 819/720/787 
f 819/720/787 994/895/960 974/875/941 
f 808/709/776 806/707/774 990/891/957 
f 948/849/916 966/867/933 969/870/936 
f 969/870/936 985/886/952 948/849/916 
f 869/770/837 875/776/843 971/872/938 
f 971/872/938 982/883/949 869/770/837 
f 988/889/955 829/730/797 837/738/805 
f 837/738/805 980/881/947 988/889/955 
f 991/892/958 924/825/892 930/831/898 
f 930/831/898 972/873/939 991/892/958 
f 884/785/852 892/793/860 977/878/944 
f 977/878/944 992/893/767 884/785/852 
f 911/812/879 914/815/882 961/862/928 
f 961/862/928 981/882/948 911/812/879 
f 967/868/934 983/884/950 810/711/778 
f 810/711/778 809/710/777 967/868/934 
f 984/885/951 993/894/959 939/840/907 
f 939/840/907 947/848/915 984/885/951 
f 804/705/772 810/711/778 983/884/950 
f 983/884/950 986/887/953 804/705/772 
f 819/720/787 827/728/795 989/890/956 
f 989/890/956 994/895/960 819/720/787 
f 995/896/961 996/897/962 997/898/963 
f 997/898/963 998/899/964 995/896/961 
f 999/900/965 995/896/961 998/899/964 
f 998/899/964 1000/901/966 999/900/965 
f 1001/902/967 999/900/965 1000/901/966 
f 1002/903/968 1003/904/969 1004/905/970 
f 1004/905/970 1005/906/971 1002/903/968 
f 996/897/962 1002/903/968 1005/906/971 
f 1005/906/971 997/898/963 996/897/962 
f 1006/907/972 997/898/963 1005/906/971 
f 1005/906/971 1007/908/973 1006/907/972 
f 998/899/964 997/898/963 1006/907/972 
f 1006/907/972 1008/909/974 998/899/964 
f 1009/910/975 1000/901/966 998/899/964 
f 998/899/964 1008/909/974 1009/910/975 
f 1001/902/967 1000/901/966 1009/910/975 
f 1005/906/971 1004/905/970 1010/911/976 
f 1010/911/976 1007/908/973 1005/906/971 
f 1007/908/973 1010/911/976 1011/912/977 
f 1011/912/977 1012/913/978 1007/908/973 
f 1006/907/972 1007/908/973 1012/913/978 
f 1012/913/978 1013/914/979 1006/907/972 
f 1014/915/980 1008/909/974 1006/907/972 
f 1006/907/972 1013/914/979 1014/915/980 
f 1009/910/975 1008/909/974 1014/915/980 
f 1014/915/980 1015/916/981 1009/910/975 
f 1001/902/967 1009/910/975 1015/916/981 
f 1013/914/979 1012/913/978 1016/917/982 
f 1016/917/982 1017/918/983 1013/914/979 
f 1018/919/984 1014/915/980 1013/914/979 
f 1013/914/979 1017/918/983 1018/919/984 
f 1015/916/981 1014/915/980 1018/919/984 
f 1018/919/984 1019/920/985 1015/916/981 
f 1001/902/967 1015/916/981 1019/920/985 
f 1012/913/978 1011/912/977 1020/921/986 
f 1020/921/986 1016/917/982 1012/913/978 
f 1016/917/982 1020/921/986 1021/922/987 
f 1021/922/987 1022/923/988 1016/917/982 
f 1017/918/983 1016/917/982 1022/923/988 
f 1022/923/988 1023/924/989 1017/918/983 
f 1024/925/990 1018/919/984 1017/918/983 
f 1017/918/983 1023/924/989 1024/925/990 
f 1019/920/985 1018/919/984 1024/925/990 
f 1024/925/990 1025/926/991 1019/920/985 
f 1001/902/967 1019/920/985 1025/926/991 
f 1024/925/990 1023/924/989 1026/927/992 
f 1026/927/992 1027/928/993 1024/925/990 
f 1025/926/991 1024/925/990 1027/928/993 
f 1027/928/993 1028/929/994 1025/926/991 
f 1001/902/967 1025/926/991 1028/929/994 
f 1022/923/988 1021/922/987 1029/930/995 
f 1029/930/995 1030/931/996 1022/923/988 
f 1023/924/989 1022/923/988 1030/931/996 
f 1030/931/996 1026/927/992 1023/924/989 
f 1030/931/996 1029/930/995 1031/932/997 
f 1031/932/997 1032/933/998 1030/931/996 
f 1026/927/992 1030/931/996 1032/933/998 
f 1032/933/998 1033/934/999 1026/927/992 
f 1034/935/1000 1027/928/993 1026/927/992 
f 1026/927/992 1033/934/999 1034/935/1000 
f 1035/936/1001 1028/929/994 1027/928/993 
f 1027/928/993 1034/935/1000 1035/936/1001 
f 1001/902/967 1028/929/994 1035/936/1001 
f 1036/937/1002 1035/936/1001 1034/935/1000 
f 1034/935/1000 1037/938/1003 1036/937/1002 
f 1001/902/967 1035/936/1001 1036/937/1002 
f 1032/933/998 1031/932/997 1038/939/1004 
f 1038/939/1004 1039/940/1005 1032/933/998 
f 1033/934/999 1032/933/998 1039/940/1005 
f 1039/940/1005 1040/941/1006 1033/934/999 
f 1037/938/1003 1034/935/1000 1033/934/999 
f 1033/934/999 1040/941/1006 1037/938/1003 
f 1041/942/1007 1039/940/1005 1038/939/1004 
f 1038/939/1004 1042/943/1008 1041/942/1007 
f 1040/941/1006 1039/940/1005 1041/942/1007 
f 1041/942/1007 1043/944/1009 1040/941/1006 
f 1044/945/1010 1037/938/1003 1040/941/1006 
f 1040/941/1006 1043/944/1009 1044/945/1010 
f 1045/946/1011 1036/937/1002 1037/938/1003 
f 1037/938/1003 1044/945/1010 1045/946/1011 
f 1001/902/967 1036/937/1002 1045/946/1011 
f 1045/946/1011 1044/945/1010 1046/947/1012 
f 1046/947/1012 1047/948/1013 1045/946/1011 
f 1001/902/967 1045/946/1011 1047/948/1013 
f 1048/949/1014 1041/942/1007 1042/943/1008 
f 1042/943/1008 1049/950/1015 1048/949/1014 
f 1043/944/1009 1041/942/1007 1048/949/1014 
f 1048/949/1014 1050/951/1016 1043/944/1009 
f 1044/945/1010 1043/944/1009 1050/951/1016 
f 1050/951/1016 1046/947/1012 1044/945/1010 
f 1051/952/1017 1048/949/1014 1049/950/1015 
f 1049/950/1015 1052/953/1018 1051/952/1017 
f 1053/954/1019 1050/951/1016 1048/949/1014 
f 1048/949/1014 1051/952/1017 1053/954/1019 
f 1054/955/1020 1046/947/1012 1050/951/1016 
f 1050/951/1016 1053/954/1019 1054/955/1020 
f 1055/956/1021 1047/948/1013 1046/947/1012 
f 1046/947/1012 1054/955/1020 1055/956/1021 
f 1001/902/967 1047/948/1013 1055/956/1021 
f 1001/902/967 1055/956/1021 1056/957/1022 
f 1057/958/1023 1051/952/1017 1052/953/1018 
f 1052/953/1018 1058/959/1024 1057/958/1023 
f 1053/954/1019 1051/952/1017 1057/958/1023 
f 1057/958/1023 1059/960/1025 1053/954/1019 
f 1060/961/1026 1054/955/1020 1053/954/1019 
f 1053/954/1019 1059/960/1025 1060/961/1026 
f 1060/961/1026 1056/957/1022 1055/956/1021 
f 1055/956/1021 1054/955/1020 1060/961/1026 
f 1061/962/1027 1057/958/1023 1058/959/1024 
f 1058/959/1024 1062/963/1028 1061/962/1027 
f 1063/964/1029 1059/960/1025 1057/958/1023 
f 1057/958/1023 1061/962/1027 1063/964/1029 
f 1060/961/1026 1059/960/1025 1063/964/1029 
f 1063/964/1029 1064/965/1030 1060/961/1026 
f 1064/965/1030 1065/966/1031 1056/957/1022 
f 1056/957/1022 1060/961/1026 1064/965/1030 
f 1001/902/967 1056/957/1022 1065/966/1031 
f 1001/902/967 1065/966/1031 1066/967/1032 
f 1067/968/1033 1061/962/1027 1062/963/1028 
f 1062/963/1028 1068/776/1034 1067/968/1033 
f 1063/964/1029 1061/962/1027 1067/968/1033 
f 1067/968/1033 1069/969/1035 1063/964/1029 
f 1064/965/1030 1063/964/1029 1069/969/1035 
f 1069/969/1035 1070/970/1036 1064/965/1030 
f 1065/966/1031 1064/965/1030 1070/970/1036 
f 1070/970/1036 1066/967/1032 1065/966/1031 
f 1069/969/1035 1067/968/1033 1071/971/1037 
f 1071/971/1037 1072/972/1038 1069/969/1035 
f 1070/970/1036 1069/969/1035 1072/972/1038 
f 1072/972/1038 1073/973/1039 1070/970/1036 
f 1066/967/1032 1070/970/1036 1073/973/1039 
f 1073/973/1039 1074/974/1040 1066/967/1032 
f 1001/902/967 1066/967/1032 1074/974/1040 
f 1071/971/1037 1067/968/1033 1068/776/1034 
f 1068/776/1034 1075/975/1041 1071/971/1037 
f 1076/976/1042 1071/971/1037 1075/975/1041 
f 1075/975/1041 1077/977/1043 1076/976/1042 
f 1072/972/1038 1071/971/1037 1076/976/1042 
f 1076/976/1042 1078/978/1044 1072/972/1038 
f 1073/973/1039 1072/972/1038 1078/978/1044 
f 1078/978/1044 1079/979/1045 1073/973/1039 
f 1074/974/1040 1073/973/1039 1079/979/1045 
f 1079/979/1045 1080/980/1046 1074/974/1040 
f 1001/902/967 1074/974/1040 1080/980/1046 
f 1079/979/1045 1078/978/1044 1081/981/1047 
f 1081/981/1047 1082/982/1048 1079/979/1045 
f 1083/983/1049 1080/980/1046 1079/979/1045 
f 1079/979/1045 1082/982/1048 1083/983/1049 
f 1001/902/967 1080/980/1046 1083/983/1049 
f 1076/976/1042 1077/977/1043 1084/984/1050 
f 1084/984/1050 1085/985/1051 1076/976/1042 
f 1081/981/1047 1078/978/1044 1076/976/1042 
f 1076/976/1042 1085/985/1051 1081/981/1047 
f 1086/986/1052 1085/985/1051 1084/984/1050 
f 1084/984/1050 1087/987/1053 1086/986/1052 
f 1081/981/1047 1085/985/1051 1086/986/1052 
f 1086/986/1052 1088/988/1054 1081/981/1047 
f 1082/982/1048 1081/981/1047 1088/988/1054 
f 1088/988/1054 1089/989/1055 1082/982/1048 
f 1089/989/1055 1090/990/1056 1083/983/1049 
f 1083/983/1049 1082/982/1048 1089/989/1055 
f 1001/902/967 1083/983/1049 1090/990/1056 
f 1089/989/1055 1088/988/1054 1091/991/1057 
f 1091/991/1057 1092/992/1058 1089/989/1055 
f 1093/993/1059 1090/990/1056 1089/989/1055 
f 1089/989/1055 1092/992/1058 1093/993/1059 
f 1001/902/967 1090/990/1056 1093/993/1059 
f 1086/986/1052 1087/987/1053 1094/994/1060 
f 1094/994/1060 1095/995/1061 1086/986/1052 
f 1088/988/1054 1086/986/1052 1095/995/1061 
f 1095/995/1061 1091/991/1057 1088/988/1054 
f 1095/995/1061 1094/994/1060 1096/996/1062 
f 1096/996/1062 1097/997/1063 1095/995/1061 
f 1098/998/1064 1091/991/1057 1095/995/1061 
f 1095/995/1061 1097/997/1063 1098/998/1064 
f 1092/992/1058 1091/991/1057 1098/998/1064 
f 1098/998/1064 1099/999/1065 1092/992/1058 
f 1100/1000/1066 1093/993/1059 1092/992/1058 
f 1092/992/1058 1099/999/1065 1100/1000/1066 
f 1001/902/967 1093/993/1059 1100/1000/1066 
f 1100/1000/1066 1099/999/1065 1101/1001/1067 
f 1101/1001/1067 1102/1002/1068 1100/1000/1066 
f 1001/902/967 1100/1000/1066 1102/1002/1068 
f 1103/1003/1069 1097/997/1063 1096/996/1062 
f 1096/996/1062 1104/1004/1070 1103/1003/1069 
f 1098/998/1064 1097/997/1063 1103/1003/1069 
f 1103/1003/1069 1105/1005/1071 1098/998/1064 
f 1101/1001/1067 1099/999/1065 1098/998/1064 
f 1098/998/1064 1105/1005/1071 1101/1001/1067 
f 1103/1003/1069 1104/1004/1070 1106/1006/1072 
f 1106/1006/1072 1107/1007/1073 1103/1003/1069 
f 1105/1005/1071 1103/1003/1069 1107/1007/1073 
f 1107/1007/1073 1108/1008/1074 1105/1005/1071 
f 1109/1009/1075 1101/1001/1067 1105/1005/1071 
f 1105/1005/1071 1108/1008/1074 1109/1009/1075 
f 1102/1002/1068 1101/1001/1067 1109/1009/1075 
f 1109/1009/1075 1110/1010/1076 1102/1002/1068 
f 1001/902/967 1102/1002/1068 1110/1010/1076 
f 1110/1010/1076 1109/1009/1075 1111/1011/1077 
f 1111/1011/1077 1112/1012/1078 1110/1010/1076 
f 1001/902/967 1110/1010/1076 1112/1012/1078 
f 1107/1007/1073 1106/1006/1072 1113/1013/1079 
f 1113/1013/1079 1114/1014/1080 1107/1007/1073 
f 1115/1015/1081 1108/1008/1074 1107/1007/1073 
f 1107/1007/1073 1114/1014/1080 1115/1015/1081 
f 1111/1011/1077 1109/1009/1075 1108/1008/1074 
f 1108/1008/1074 1115/1015/1081 1111/1011/1077 
f 1114/1014/1080 1113/1013/1079 1116/1016/1082 
f 1116/1016/1082 1117/1017/1083 1114/1014/1080 
f 1118/1018/1084 1115/1015/1081 1114/1014/1080 
f 1114/1014/1080 1117/1017/1083 1118/1018/1084 
f 1119/1019/1085 1111/1011/1077 1115/1015/1081 
f 1115/1015/1081 1118/1018/1084 1119/1019/1085 
f 1119/1019/1085 1120/1020/1086 1112/1012/1078 
f 1112/1012/1078 1111/1011/1077 1119/1019/1085 
f 1001/902/967 1112/1012/1078 1120/1020/1086 
f 1001/902/967 1120/1020/1086 1121/1021/1087 
f 1122/1022/1088 1117/1017/1083 1116/1016/1082 
f 1116/1016/1082 1123/1023/1089 1122/1022/1088 
f 1124/1024/1090 1118/1018/1084 1117/1017/1083 
f 1117/1017/1083 1122/1022/1088 1124/1024/1090 
f 1119/1019/1085 1118/1018/1084 1124/1024/1090 
f 1124/1024/1090 1125/1025/1091 1119/1019/1085 
f 1125/1025/1091 1121/1021/1087 1120/1020/1086 
f 1120/1020/1086 1119/1019/1085 1125/1025/1091 
f 1124/1024/1090 1122/1022/1088 1126/1026/1092 
f 1126/1026/1092 1127/1027/1093 1124/1024/1090 
f 1125/1025/1091 1124/1024/1090 1127/1027/1093 
f 1127/1027/1093 1128/1028/1094 1125/1025/1091 
f 1121/1021/1087 1125/1025/1091 1128/1028/1094 
f 1128/1028/1094 1129/1029/1095 1121/1021/1087 
f 1001/902/967 1121/1021/1087 1129/1029/1095 
f 1126/1026/1092 1122/1022/1088 1123/1023/1089 
f 1123/1023/1089 1130/1030/1096 1126/1026/1092 
f 1131/1031/1097 1126/1026/1092 1130/1030/1096 
f 1130/1030/1096 1132/1032/1098 1131/1031/1097 
f 1133/1033/1099 1127/1027/1093 1126/1026/1092 
f 1126/1026/1092 1131/1031/1097 1133/1033/1099 
f 1134/1034/1100 1128/1028/1094 1127/1027/1093 
f 1127/1027/1093 1133/1033/1099 1134/1034/1100 
f 1129/1029/1095 1128/1028/1094 1134/1034/1100 
f 1134/1034/1100 1135/1035/1101 1129/1029/1095 
f 1001/902/967 1129/1029/1095 1135/1035/1101 
f 1136/1036/1102 1133/1033/1099 1131/1031/1097 
f 1131/1031/1097 1137/1037/1103 1136/1036/1102 
f 1138/1038/1104 1134/1034/1100 1133/1033/1099 
f 1133/1033/1099 1136/1036/1102 1138/1038/1104 
f 1135/1035/1101 1134/1034/1100 1138/1038/1104 
f 1138/1038/1104 1139/1039/1105 1135/1035/1101 
f 1001/902/967 1135/1035/1101 1139/1039/1105 
f 1137/1037/1103 1131/1031/1097 1132/1032/1098 
f 1132/1032/1098 1140/1040/1106 1137/1037/1103 
f 1141/1041/1107 1137/1037/1103 1140/1040/1106 
f 1140/1040/1106 1142/1042/1108 1141/1041/1107 
f 1136/1036/1102 1137/1037/1103 1141/1041/1107 
f 1141/1041/1107 1143/1043/1109 1136/1036/1102 
f 1144/1044/1110 1138/1038/1104 1136/1036/1102 
f 1136/1036/1102 1143/1043/1109 1144/1044/1110 
f 1139/1039/1105 1138/1038/1104 1144/1044/1110 
f 1144/1044/1110 1145/1045/1111 1139/1039/1105 
f 1001/902/967 1139/1039/1105 1145/1045/1111 
f 1146/1046/1112 1144/1044/1110 1143/1043/1109 
f 1143/1043/1109 1147/1047/1113 1146/1046/1112 
f 1058/959/1024 1052/953/1018 1148/1048/1114 
f 1148/1048/1114 1149/1049/1115 1058/959/1024 
f 1145/1045/1111 1144/1044/1110 1146/1046/1112 
f 1146/1046/1112 1150/1050/1116 1145/1045/1111 
f 1003/904/969 1151/1051/1117 1152/1052/1118 
f 1152/1052/1118 1004/905/970 1003/904/969 
f 1153/1053/1119 1154/1054/1120 1113/1013/1079 
f 1113/1013/1079 1106/1006/1072 1153/1053/1119 
f 1001/902/967 1145/1045/1111 1150/1050/1116 
f 1094/994/1060 1155/1055/1121 1156/1056/1122 
f 1156/1056/1122 1096/996/1062 1094/994/1060 
f 1042/943/1008 1038/939/1004 1157/1057/1123 
f 1157/1057/1123 1158/1058/1124 1042/943/1008 
f 1159/1059/1125 1160/1060/1126 1161/1061/1127 
f 1161/1061/1127 1162/1062/1128 1159/1059/1125 
f 1163/1063/1129 1164/1064/1130 1075/975/1041 
f 1075/975/1041 1068/776/1034 1163/1063/1129 
f 1123/1023/1089 1165/1065/1131 1166/1066/1132 
f 1166/1066/1132 1130/1030/1096 1123/1023/1089 
f 1167/1067/1133 1010/911/976 1004/905/970 
f 1004/905/970 1152/1052/1118 1167/1067/1133 
f 1168/1068/1134 1141/1041/1107 1142/1042/1108 
f 1142/1042/1108 1162/1062/1128 1168/1068/1134 
f 1084/984/1050 1169/1069/1135 1170/1070/1136 
f 1170/1070/1136 1087/987/1053 1084/984/1050 
f 1143/1043/1109 1141/1041/1107 1168/1068/1134 
f 1168/1068/1134 1147/1047/1113 1143/1043/1109 
f 1042/943/1008 1158/1058/1124 1171/1071/1137 
f 1171/1071/1137 1049/950/1015 1042/943/1008 
f 1172/1072/1138 1173/1073/1139 1031/932/997 
f 1031/932/997 1029/930/995 1172/1072/1138 
f 1096/996/1062 1156/1056/1122 1174/1074/1140 
f 1174/1074/1140 1104/1004/1070 1096/996/1062 
f 1149/1049/1115 1175/1075/1141 1062/963/1028 
f 1062/963/1028 1058/959/1024 1149/1049/1115 
f 1168/1068/1134 1162/1062/1128 1161/1061/1127 
f 1161/1061/1127 1176/1076/1142 1168/1068/1134 
f 1140/1040/1106 1177/1077/1143 1178/1078/1144 
f 1178/1078/1144 1142/1042/1108 1140/1040/1106 
f 1179/1079/1145 1147/1047/1113 1168/1068/1134 
f 1168/1068/1134 1176/1076/1142 1179/1079/1145 
f 1161/1061/1127 1160/1060/1126 1151/1051/1117 
f 1151/1051/1117 1003/904/969 1161/1061/1127 
f 1146/1046/1112 1147/1047/1113 1179/1079/1145 
f 1179/1079/1145 1180/1080/1146 1146/1046/1112 
f 1181/1081/1147 1182/1082/1148 1021/922/987 
f 1021/922/987 1020/921/986 1181/1081/1147 
f 1183/1083/1149 1150/1050/1116 1146/1046/1112 
f 1146/1046/1112 1180/1080/1146 1183/1083/1149 
f 1154/1054/1120 1184/1084/1150 1116/1016/1082 
f 1116/1016/1082 1113/1013/1079 1154/1054/1120 
f 1031/932/997 1173/1073/1139 1157/1057/1123 
f 1157/1057/1123 1038/939/1004 1031/932/997 
f 1001/902/967 1150/1050/1116 1183/1083/1149 
f 1171/1071/1137 1148/1048/1114 1052/953/1018 
f 1052/953/1018 1049/950/1015 1171/1071/1137 
f 1087/987/1053 1170/1070/1136 1155/1055/1121 
f 1155/1055/1121 1094/994/1060 1087/987/1053 
f 995/896/961 1180/1080/1146 1179/1079/1145 
f 1179/1079/1145 996/897/962 995/896/961 
f 1164/1064/1130 1185/1085/1151 1077/977/1043 
f 1077/977/1043 1075/975/1041 1164/1064/1130 
f 999/900/965 1183/1083/1149 1180/1080/1146 
f 1180/1080/1146 995/896/961 999/900/965 
f 1130/1030/1096 1166/1066/1132 1186/1086/1152 
f 1186/1086/1152 1132/1032/1098 1130/1030/1096 
f 1011/912/977 1010/911/976 1167/1067/1133 
f 1167/1067/1133 1187/1087/1153 1011/912/977 
f 1001/902/967 1183/1083/1149 999/900/965 
f 1162/1062/1128 1142/1042/1108 1178/1078/1144 
f 1178/1078/1144 1159/1059/1125 1162/1062/1128 
f 1175/1075/1141 1163/1063/1129 1068/776/1034 
f 1068/776/1034 1062/963/1028 1175/1075/1141 
f 1182/1082/1148 1172/1072/1138 1029/930/995 
f 1029/930/995 1021/922/987 1182/1082/1148 
f 1184/1084/1150 1165/1065/1131 1123/1023/1089 
f 1123/1023/1089 1116/1016/1082 1184/1084/1150 
f 1077/977/1043 1185/1085/1151 1169/1069/1135 
f 1169/1069/1135 1084/984/1050 1077/977/1043 
f 1174/1074/1140 1153/1053/1119 1106/1006/1072 
f 1106/1006/1072 1104/1004/1070 1174/1074/1140 
f 1002/903/968 1176/1076/1142 1161/1061/1127 
f 1161/1061/1127 1003/904/969 1002/903/968 
f 1132/1032/1098 1186/1086/1152 1177/1077/1143 
f 1177/1077/1143 1140/1040/1106 1132/1032/1098 
f 996/897/962 1179/1079/1145 1176/1076/1142 
f 1176/1076/1142 1002/903/968 996/897/962 
f 1187/1087/1153 1181/1081/1147 1020/921/986 
f 1020/921/986 1011/912/977 1187/1087/1153 
f 1188/1088/1154 1189/1089/1155 1190/1090/1156 
f 1190/1090/1156 1191/1091/1157 1188/1088/1154 
f 1191/1091/1157 1190/1090/1156 1192/1092/1158 
f 1192/1092/1158 1193/1093/1159 1191/1091/1157 
f 1194/1094/1160 1193/1093/1159 1192/1092/1158 
f 1195/1095/1161 1196/1096/1162 1197/1097/1163 
f 1197/1097/1163 1198/1098/1164 1195/1095/1161 
f 1188/1088/1154 1198/1098/1164 1197/1097/1163 
f 1197/1097/1163 1189/1089/1155 1188/1088/1154 
f 1199/1099/1165 1200/1100/1166 1198/1098/1164 
f 1198/1098/1164 1188/1088/1154 1199/1099/1165 
f 1188/1088/1154 1191/1091/1157 1201/1101/1167 
f 1201/1101/1167 1199/1099/1165 1188/1088/1154 
f 1201/1101/1167 1191/1091/1157 1193/1093/1159 
f 1193/1093/1159 1202/1102/1168 1201/1101/1167 
f 1194/1094/1160 1202/1102/1168 1193/1093/1159 
f 1195/1095/1161 1198/1098/1164 1200/1100/1166 
f 1200/1100/1166 1203/1103/1169 1195/1095/1161 
f 1200/1100/1166 1204/1104/1170 1205/1105/1171 
f 1205/1105/1171 1203/1103/1169 1200/1100/1166 
f 1200/1100/1166 1199/1099/1165 1206/1106/1172 
f 1206/1106/1172 1204/1104/1170 1200/1100/1166 
f 1207/1107/1173 1206/1106/1172 1199/1099/1165 
f 1199/1099/1165 1201/1101/1167 1207/1107/1173 
f 1201/1101/1167 1202/1102/1168 1208/1108/1174 
f 1208/1108/1174 1207/1107/1173 1201/1101/1167 
f 1194/1094/1160 1208/1108/1174 1202/1102/1168 
f 1204/1104/1170 1206/1106/1172 1209/1109/1175 
f 1209/1109/1175 1210/1110/1176 1204/1104/1170 
f 1206/1106/1172 1207/1107/1173 1211/1111/1177 
f 1211/1111/1177 1209/1109/1175 1206/1106/1172 
f 1212/1112/1178 1211/1111/1177 1207/1107/1173 
f 1207/1107/1173 1208/1108/1174 1212/1112/1178 
f 1194/1094/1160 1212/1112/1178 1208/1108/1174 
f 1205/1105/1171 1204/1104/1170 1210/1110/1176 
f 1210/1110/1176 1213/1113/1179 1205/1105/1171 
f 1213/1113/1179 1210/1110/1176 1214/1114/1180 
f 1214/1114/1180 1215/1115/1181 1213/1113/1179 
f 1210/1110/1176 1209/1109/1175 1216/1116/1182 
f 1216/1116/1182 1214/1114/1180 1210/1110/1176 
f 1209/1109/1175 1211/1111/1177 1217/1117/1183 
f 1217/1117/1183 1216/1116/1182 1209/1109/1175 
f 1218/1118/1184 1217/1117/1183 1211/1111/1177 
f 1211/1111/1177 1212/1112/1178 1218/1118/1184 
f 1194/1094/1160 1218/1118/1184 1212/1112/1178 
f 1216/1116/1182 1217/1117/1183 1219/1119/1185 
f 1219/1119/1185 1220/1120/1186 1216/1116/1182 
f 1221/1121/1187 1219/1119/1185 1217/1117/1183 
f 1217/1117/1183 1218/1118/1184 1221/1121/1187 
f 1194/1094/1160 1221/1121/1187 1218/1118/1184 
f 1222/1122/1188 1223/1123/1189 1215/1115/1181 
f 1215/1115/1181 1214/1114/1180 1222/1122/1188 
f 1214/1114/1180 1216/1116/1182 1220/1120/1186 
f 1220/1120/1186 1222/1122/1188 1214/1114/1180 
f 1224/1124/1190 1225/1125/1191 1223/1123/1189 
f 1223/1123/1189 1222/1122/1188 1224/1124/1190 
f 1222/1122/1188 1220/1120/1186 1226/1126/1192 
f 1226/1126/1192 1224/1124/1190 1222/1122/1188 
f 1220/1120/1186 1219/1119/1185 1227/1127/1193 
f 1227/1127/1193 1226/1126/1192 1220/1120/1186 
f 1221/1121/1187 1228/1128/1194 1227/1127/1193 
f 1227/1127/1193 1219/1119/1185 1221/1121/1187 
f 1194/1094/1160 1228/1128/1194 1221/1121/1187 
f 1227/1127/1193 1228/1128/1194 1229/1129/1195 
f 1229/1129/1195 1230/1130/1196 1227/1127/1193 
f 1194/1094/1160 1229/1129/1195 1228/1128/1194 
f 1231/1131/1197 1232/1132/1198 1225/1125/1191 
f 1225/1125/1191 1224/1124/1190 1231/1131/1197 
f 1231/1131/1197 1224/1124/1190 1226/1126/1192 
f 1226/1126/1192 1233/1133/1199 1231/1131/1197 
f 1233/1133/1199 1226/1126/1192 1227/1127/1193 
f 1227/1127/1193 1230/1130/1196 1233/1133/1199 
f 1232/1132/1198 1231/1131/1197 1234/1134/1200 
f 1234/1134/1200 1235/1135/1201 1232/1132/1198 
f 1231/1131/1197 1233/1133/1199 1236/1136/1202 
f 1236/1136/1202 1234/1134/1200 1231/1131/1197 
f 1233/1133/1199 1230/1130/1196 1237/1137/1203 
f 1237/1137/1203 1236/1136/1202 1233/1133/1199 
f 1230/1130/1196 1229/1129/1195 1238/1138/1204 
f 1238/1138/1204 1237/1137/1203 1230/1130/1196 
f 1194/1094/1160 1238/1138/1204 1229/1129/1195 
f 1237/1137/1203 1238/1138/1204 1239/1139/1205 
f 1239/1139/1205 1240/1140/1206 1237/1137/1203 
f 1194/1094/1160 1239/1139/1205 1238/1138/1204 
f 1241/1141/1207 1242/1142/1208 1235/1135/1201 
f 1235/1135/1201 1234/1134/1200 1241/1141/1207 
f 1234/1134/1200 1236/1136/1202 1243/1143/1209 
f 1243/1143/1209 1241/1141/1207 1234/1134/1200 
f 1236/1136/1202 1237/1137/1203 1240/1140/1206 
f 1240/1140/1206 1243/1143/1209 1236/1136/1202 
f 1244/1144/1210 1245/1145/1211 1242/1142/1208 
f 1242/1142/1208 1241/1141/1207 1244/1144/1210 
f 1246/1146/1212 1244/1144/1210 1241/1141/1207 
f 1241/1141/1207 1243/1143/1209 1246/1146/1212 
f 1247/1147/1213 1246/1146/1212 1243/1143/1209 
f 1243/1143/1209 1240/1140/1206 1247/1147/1213 
f 1240/1140/1206 1239/1139/1205 1248/1148/1214 
f 1248/1148/1214 1247/1147/1213 1240/1140/1206 
f 1194/1094/1160 1248/1148/1214 1239/1139/1205 
f 1194/1094/1160 1249/1149/1215 1248/1148/1214 
f 1250/1150/1216 1251/1151/1217 1245/1145/1211 
f 1245/1145/1211 1244/1144/1210 1250/1150/1216 
f 1252/1152/1218 1250/1150/1216 1244/1144/1210 
f 1244/1144/1210 1246/1146/1212 1252/1152/1218 
f 1253/1153/1219 1252/1152/1218 1246/1146/1212 
f 1246/1146/1212 1247/1147/1213 1253/1153/1219 
f 1247/1147/1213 1248/1148/1214 1249/1149/1215 
f 1249/1149/1215 1253/1153/1219 1247/1147/1213 
f 1251/1151/1217 1250/1150/1216 1254/1154/1220 
f 1254/1154/1220 1255/1155/1221 1251/1151/1217 
f 1252/1152/1218 1256/1156/1222 1254/1154/1220 
f 1254/1154/1220 1250/1150/1216 1252/1152/1218 
f 1252/1152/1218 1253/1153/1219 1257/1157/1223 
f 1257/1157/1223 1256/1156/1222 1252/1152/1218 
f 1258/1158/1224 1257/1157/1223 1253/1153/1219 
f 1253/1153/1219 1249/1149/1215 1258/1158/1224 
f 1194/1094/1160 1258/1158/1224 1249/1149/1215 
f 1194/1094/1160 1259/1159/1225 1258/1158/1224 
f 1255/1155/1221 1254/1154/1220 1260/1160/1226 
f 1260/1160/1226 1261/1161/1227 1255/1155/1221 
f 1262/1162/1228 1260/1160/1226 1254/1154/1220 
f 1254/1154/1220 1256/1156/1222 1262/1162/1228 
f 1256/1156/1222 1257/1157/1223 1263/1163/1229 
f 1263/1163/1229 1262/1162/1228 1256/1156/1222 
f 1257/1157/1223 1258/1158/1224 1259/1159/1225 
f 1259/1159/1225 1263/1163/1229 1257/1157/1223 
f 1260/1160/1226 1262/1162/1228 1264/1164/1230 
f 1264/1164/1230 1265/1165/1231 1260/1160/1226 
f 1266/1166/1232 1264/1164/1230 1262/1162/1228 
f 1262/1162/1228 1263/1163/1229 1266/1166/1232 
f 1263/1163/1229 1259/1159/1225 1267/1167/1233 
f 1267/1167/1233 1266/1166/1232 1263/1163/1229 
f 1194/1094/1160 1267/1167/1233 1259/1159/1225 
f 1261/1161/1227 1260/1160/1226 1265/1165/1231 
f 1265/1165/1231 1268/1168/1234 1261/1161/1227 
f 1268/1168/1234 1265/1165/1231 1269/1169/1235 
f 1269/1169/1235 1270/1170/1236 1268/1168/1234 
f 1265/1165/1231 1264/1164/1230 1271/1171/1237 
f 1271/1171/1237 1269/1169/1235 1265/1165/1231 
f 1272/1172/1238 1271/1171/1237 1264/1164/1230 
f 1264/1164/1230 1266/1166/1232 1272/1172/1238 
f 1273/1173/1239 1272/1172/1238 1266/1166/1232 
f 1266/1166/1232 1267/1167/1233 1273/1173/1239 
f 1194/1094/1160 1273/1173/1239 1267/1167/1233 
f 1274/1174/1240 1275/1175/1241 1271/1171/1237 
f 1271/1171/1237 1272/1172/1238 1274/1174/1240 
f 1276/1176/1242 1274/1174/1240 1272/1172/1238 
f 1272/1172/1238 1273/1173/1239 1276/1176/1242 
f 1194/1094/1160 1276/1176/1242 1273/1173/1239 
f 1270/1170/1236 1269/1169/1235 1277/1177/1243 
f 1277/1177/1243 1278/1178/1244 1270/1170/1236 
f 1269/1169/1235 1271/1171/1237 1275/1175/1241 
f 1275/1175/1241 1277/1177/1243 1269/1169/1235 
f 1278/1178/1244 1277/1177/1243 1279/1179/1245 
f 1279/1179/1245 1280/1180/1246 1278/1178/1244 
f 1277/1177/1243 1275/1175/1241 1281/1181/1247 
f 1281/1181/1247 1279/1179/1245 1277/1177/1243 
f 1274/1174/1240 1282/1182/1248 1281/1181/1247 
f 1281/1181/1247 1275/1175/1241 1274/1174/1240 
f 1274/1174/1240 1276/1176/1242 1283/1183/1249 
f 1283/1183/1249 1282/1182/1248 1274/1174/1240 
f 1194/1094/1160 1283/1183/1249 1276/1176/1242 
f 1281/1181/1247 1282/1182/1248 1284/1184/1250 
f 1284/1184/1250 1285/1185/1251 1281/1181/1247 
f 1286/1186/1252 1284/1184/1250 1282/1182/1248 
f 1282/1182/1248 1283/1183/1249 1286/1186/1252 
f 1194/1094/1160 1286/1186/1252 1283/1183/1249 
f 1287/1187/1253 1280/1180/1246 1279/1179/1245 
f 1279/1179/1245 1288/1188/1254 1287/1187/1253 
f 1288/1188/1254 1279/1179/1245 1281/1181/1247 
f 1281/1181/1247 1285/1185/1251 1288/1188/1254 
f 1287/1187/1253 1288/1188/1254 1289/1189/1255 
f 1289/1189/1255 1290/1190/1256 1287/1187/1253 
f 1288/1188/1254 1285/1185/1251 1291/1191/1257 
f 1291/1191/1257 1289/1189/1255 1288/1188/1254 
f 1285/1185/1251 1284/1184/1250 1292/1192/1258 
f 1292/1192/1258 1291/1191/1257 1285/1185/1251 
f 1284/1184/1250 1286/1186/1252 1293/1193/1259 
f 1293/1193/1259 1292/1192/1258 1284/1184/1250 
f 1194/1094/1160 1293/1193/1259 1286/1186/1252 
f 1292/1192/1258 1293/1193/1259 1294/1194/1260 
f 1294/1194/1260 1295/1195/1261 1292/1192/1258 
f 1194/1094/1160 1294/1194/1260 1293/1193/1259 
f 1290/1190/1256 1289/1189/1255 1296/1196/1262 
f 1296/1196/1262 1297/1197/1263 1290/1190/1256 
f 1289/1189/1255 1291/1191/1257 1298/1198/1264 
f 1298/1198/1264 1296/1196/1262 1289/1189/1255 
f 1291/1191/1257 1292/1192/1258 1295/1195/1261 
f 1295/1195/1261 1298/1198/1264 1291/1191/1257 
f 1299/1199/1265 1300/1200/1266 1297/1197/1263 
f 1297/1197/1263 1296/1196/1262 1299/1199/1265 
f 1301/1201/1267 1299/1199/1265 1296/1196/1262 
f 1296/1196/1262 1298/1198/1264 1301/1201/1267 
f 1298/1198/1264 1295/1195/1261 1302/1202/1268 
f 1302/1202/1268 1301/1201/1267 1298/1198/1264 
f 1295/1195/1261 1294/1194/1260 1303/1203/1269 
f 1303/1203/1269 1302/1202/1268 1295/1195/1261 
f 1194/1094/1160 1303/1203/1269 1294/1194/1260 
f 1302/1202/1268 1303/1203/1269 1304/1204/1270 
f 1304/1204/1270 1305/1205/1271 1302/1202/1268 
f 1194/1094/1160 1304/1204/1270 1303/1203/1269 
f 1306/1206/1272 1307/1207/1273 1300/1200/1266 
f 1300/1200/1266 1299/1199/1265 1306/1206/1272 
f 1308/1208/1274 1306/1206/1272 1299/1199/1265 
f 1299/1199/1265 1301/1201/1267 1308/1208/1274 
f 1301/1201/1267 1302/1202/1268 1305/1205/1271 
f 1305/1205/1271 1308/1208/1274 1301/1201/1267 
f 1307/1207/1273 1306/1206/1272 1309/1209/1275 
f 1309/1209/1275 1310/1210/1276 1307/1207/1273 
f 1309/1209/1275 1306/1206/1272 1308/1208/1274 
f 1308/1208/1274 1311/1211/1277 1309/1209/1275 
f 1312/1212/1278 1311/1211/1277 1308/1208/1274 
f 1308/1208/1274 1305/1205/1271 1312/1212/1278 
f 1304/1204/1270 1313/1213/1279 1312/1212/1278 
f 1312/1212/1278 1305/1205/1271 1304/1204/1270 
f 1194/1094/1160 1313/1213/1279 1304/1204/1270 
f 1194/1094/1160 1314/1214/1280 1313/1213/1279 
f 1315/1215/1281 1316/1216/1282 1310/1210/1276 
f 1310/1210/1276 1309/1209/1275 1315/1215/1281 
f 1309/1209/1275 1311/1211/1277 1317/1217/1283 
f 1317/1217/1283 1315/1215/1281 1309/1209/1275 
f 1311/1211/1277 1312/1212/1278 1318/1218/1284 
f 1318/1218/1284 1317/1217/1283 1311/1211/1277 
f 1312/1212/1278 1313/1213/1279 1314/1214/1280 
f 1314/1214/1280 1318/1218/1284 1312/1212/1278 
f 1319/1219/1285 1320/1220/1286 1315/1215/1281 
f 1315/1215/1281 1317/1217/1283 1319/1219/1285 
f 1317/1217/1283 1318/1218/1284 1321/1221/1287 
f 1321/1221/1287 1319/1219/1285 1317/1217/1283 
f 1318/1218/1284 1314/1214/1280 1322/1222/1288 
f 1322/1222/1288 1321/1221/1287 1318/1218/1284 
f 1194/1094/1160 1322/1222/1288 1314/1214/1280 
f 1316/1216/1282 1315/1215/1281 1320/1220/1286 
f 1320/1220/1286 1323/1223/1289 1316/1216/1282 
f 1323/1223/1289 1320/1220/1286 1324/1224/1290 
f 1324/1224/1290 1325/1225/1291 1323/1223/1289 
f 1326/1226/1292 1324/1224/1290 1320/1220/1286 
f 1320/1220/1286 1319/1219/1285 1326/1226/1292 
f 1327/1227/1293 1326/1226/1292 1319/1219/1285 
f 1319/1219/1285 1321/1221/1287 1327/1227/1293 
f 1328/1228/1294 1327/1227/1293 1321/1221/1287 
f 1321/1221/1287 1322/1222/1288 1328/1228/1294 
f 1194/1094/1160 1328/1228/1294 1322/1222/1288 
f 1329/1229/1295 1330/1230/1296 1324/1224/1290 
f 1324/1224/1290 1326/1226/1292 1329/1229/1295 
f 1331/1231/1297 1329/1229/1295 1326/1226/1292 
f 1326/1226/1292 1327/1227/1293 1331/1231/1297 
f 1332/1232/1298 1331/1231/1297 1327/1227/1293 
f 1327/1227/1293 1328/1228/1294 1332/1232/1298 
f 1194/1094/1160 1332/1232/1298 1328/1228/1294 
f 1325/1225/1291 1324/1224/1290 1330/1230/1296 
f 1330/1230/1296 1333/1233/1299 1325/1225/1291 
f 1333/1233/1299 1330/1230/1296 1334/1234/1300 
f 1334/1234/1300 1335/1235/1301 1333/1233/1299 
f 1334/1234/1300 1330/1230/1296 1329/1229/1295 
f 1329/1229/1295 1336/1236/1302 1334/1234/1300 
f 1336/1236/1302 1329/1229/1295 1331/1231/1297 
f 1331/1231/1297 1337/1237/1303 1336/1236/1302 
f 1338/1238/1304 1337/1237/1303 1331/1231/1297 
f 1331/1231/1297 1332/1232/1298 1338/1238/1304 
f 1194/1094/1160 1338/1238/1304 1332/1232/1298 
f 1337/1237/1303 1339/1239/1305 1340/1240/1306 
f 1340/1240/1306 1336/1236/1302 1337/1237/1303 
f 1341/1241/1307 1342/1242/1308 1245/1145/1211 
f 1245/1145/1211 1251/1151/1217 1341/1241/1307 
f 1337/1237/1303 1338/1238/1304 1343/1243/1309 
f 1343/1243/1309 1339/1239/1305 1337/1237/1303 
f 1196/1096/1162 1195/1095/1161 1344/1244/1310 
f 1344/1244/1310 1345/1245/1311 1196/1096/1162 
f 1346/1246/1312 1300/1200/1266 1307/1207/1273 
f 1307/1207/1273 1347/1247/1313 1346/1246/1312 
f 1194/1094/1160 1343/1243/1309 1338/1238/1304 
f 1287/1187/1253 1290/1190/1256 1348/1248/1314 
f 1348/1248/1314 1349/1249/1315 1287/1187/1253 
f 1350/1250/1316 1351/1251/1317 1232/1132/1198 
f 1232/1132/1198 1235/1135/1201 1350/1250/1316 
f 1352/1252/1318 1353/1253/1319 1354/1254/1320 
f 1354/1254/1320 1355/1255/1321 1352/1252/1318 
f 1356/1256/1322 1261/1161/1227 1268/1168/1234 
f 1268/1168/1234 1357/1257/1323 1356/1256/1322 
f 1358/1258/1324 1316/1216/1282 1323/1223/1289 
f 1323/1223/1289 1359/1259/1325 1358/1258/1324 
f 1195/1095/1161 1203/1103/1169 1360/1260/1326 
f 1360/1260/1326 1344/1244/1310 1195/1095/1161 
f 1361/1261/1327 1355/1255/1321 1335/1235/1301 
f 1335/1235/1301 1334/1234/1300 1361/1261/1327 
f 1280/1180/1246 1362/1262/1328 1363/1263/1329 
f 1363/1263/1329 1278/1178/1244 1280/1180/1246 
f 1340/1240/1306 1361/1261/1327 1334/1234/1300 
f 1334/1234/1300 1336/1236/1302 1340/1240/1306 
f 1242/1142/1208 1364/1264/1330 1350/1250/1316 
f 1350/1250/1316 1235/1135/1201 1242/1142/1208 
f 1223/1123/1189 1225/1125/1191 1365/1265/1331 
f 1365/1265/1331 1366/1266/1332 1223/1123/1189 
f 1367/1267/1333 1348/1248/1314 1290/1190/1256 
f 1290/1190/1256 1297/1197/1263 1367/1267/1333 
f 1251/1151/1217 1255/1155/1221 1368/1268/1334 
f 1368/1268/1334 1341/1241/1307 1251/1151/1217 
f 1361/1261/1327 1369/1269/1335 1352/1252/1318 
f 1352/1252/1318 1355/1255/1321 1361/1261/1327 
f 1335/1235/1301 1370/1270/1336 1371/1271/1337 
f 1371/1271/1337 1333/1233/1299 1335/1235/1301 
f 1372/1272/1338 1369/1269/1335 1361/1261/1327 
f 1361/1261/1327 1340/1240/1306 1372/1272/1338 
f 1352/1252/1318 1196/1096/1162 1345/1245/1311 
f 1345/1245/1311 1353/1253/1319 1352/1252/1318 
f 1340/1240/1306 1339/1239/1305 1373/1273/1339 
f 1373/1273/1339 1372/1272/1338 1340/1240/1306 
f 1213/1113/1179 1215/1115/1181 1374/1274/1340 
f 1374/1274/1340 1375/1275/1341 1213/1113/1179 
f 1339/1239/1305 1343/1243/1309 1376/1276/1342 
f 1376/1276/1342 1373/1273/1339 1339/1239/1305 
f 1307/1207/1273 1310/1210/1276 1377/1277/1343 
f 1377/1277/1343 1347/1247/1313 1307/1207/1273 
f 1225/1125/1191 1232/1132/1198 1351/1251/1317 
f 1351/1251/1317 1365/1265/1331 1225/1125/1191 
f 1194/1094/1160 1376/1276/1342 1343/1243/1309 
f 1342/1242/1308 1364/1264/1330 1242/1142/1208 
f 1242/1142/1208 1245/1145/1211 1342/1242/1308 
f 1287/1187/1253 1349/1249/1315 1362/1262/1328 
f 1362/1262/1328 1280/1180/1246 1287/1187/1253 
f 1190/1090/1156 1189/1089/1155 1372/1272/1338 
f 1372/1272/1338 1373/1273/1339 1190/1090/1156 
f 1268/1168/1234 1270/1170/1236 1378/1278/1344 
f 1378/1278/1344 1357/1257/1323 1268/1168/1234 
f 1376/1276/1342 1192/1092/1158 1190/1090/1156 
f 1190/1090/1156 1373/1273/1339 1376/1276/1342 
f 1359/1259/1325 1323/1223/1289 1325/1225/1291 
f 1325/1225/1291 1379/1279/1345 1359/1259/1325 
f 1360/1260/1326 1203/1103/1169 1205/1105/1171 
f 1205/1105/1171 1380/1280/1346 1360/1260/1326 
f 1194/1094/1160 1192/1092/1158 1376/1276/1342 
f 1355/1255/1321 1354/1254/1320 1370/1270/1336 
f 1370/1270/1336 1335/1235/1301 1355/1255/1321 
f 1255/1155/1221 1261/1161/1227 1356/1256/1322 
f 1356/1256/1322 1368/1268/1334 1255/1155/1221 
f 1215/1115/1181 1223/1123/1189 1366/1266/1332 
f 1366/1266/1332 1374/1274/1340 1215/1115/1181 
f 1310/1210/1276 1316/1216/1282 1358/1258/1324 
f 1358/1258/1324 1377/1277/1343 1310/1210/1276 
f 1270/1170/1236 1278/1178/1244 1363/1263/1329 
f 1363/1263/1329 1378/1278/1344 1270/1170/1236 
f 1367/1267/1333 1297/1197/1263 1300/1200/1266 
f 1300/1200/1266 1346/1246/1312 1367/1267/1333 
f 1352/1252/1318 1369/1269/1335 1197/1097/1163 
f 1197/1097/1163 1196/1096/1162 1352/1252/1318 
f 1325/1225/1291 1333/1233/1299 1371/1271/1337 
f 1371/1271/1337 1379/1279/1345 1325/1225/1291 
f 1189/1089/1155 1197/1097/1163 1369/1269/1335 
f 1369/1269/1335 1372/1272/1338 1189/1089/1155 
f 1375/1275/1341 1380/1280/1346 1205/1105/1171 
f 1205/1105/1171 1213/1113/1179 1375/1275/1341 
f 1381/1281/1347 1382/1282/1348 1383/1283/1349 
f 1383/1283/1349 1384/1284/1350 1381/1281/1347 
f 1385/1285/1351 1386/1286/1352 1382/1282/1348 
f 1382/1282/1348 1381/1281/1347 1385/1285/1351 
f 1387/1287/1353 1386/1286/1352 1385/1285/1351 
f 1388/1288/1354 1389/1289/1355 1390/1290/1356 
f 1390/1290/1356 1391/1291/1357 1388/1288/1354 
f 1384/1284/1350 1383/1283/1349 1389/1289/1355 
f 1389/1289/1355 1388/1288/1354 1384/1284/1350 
f 1392/1292/1358 1384/1284/1350 1388/1288/1354 
f 1388/1288/1354 1393/1293/1359 1392/1292/1358 
f 1394/1294/1360 1381/1281/1347 1384/1284/1350 
f 1384/1284/1350 1392/1292/1358 1394/1294/1360 
f 1385/1285/1351 1381/1281/1347 1394/1294/1360 
f 1394/1294/1360 1395/1295/1361 1385/1285/1351 
f 1387/1287/1353 1385/1285/1351 1395/1295/1361 
f 1388/1288/1354 1391/1291/1357 1396/1296/1362 
f 1396/1296/1362 1393/1293/1359 1388/1288/1354 
f 1397/1297/1363 1393/1293/1359 1396/1296/1362 
f 1396/1296/1362 1398/1298/1364 1397/1297/1363 
f 1399/1299/1365 1392/1292/1358 1393/1293/1359 
f 1393/1293/1359 1397/1297/1363 1399/1299/1365 
f 1394/1294/1360 1392/1292/1358 1399/1299/1365 
f 1399/1299/1365 1400/1300/1366 1394/1294/1360 
f 1395/1295/1361 1394/1294/1360 1400/1300/1366 
f 1400/1300/1366 1401/1301/1367 1395/1295/1361 
f 1387/1287/1353 1395/1295/1361 1401/1301/1367 
f 1402/1302/1368 1399/1299/1365 1397/1297/1363 
f 1397/1297/1363 1403/1303/1369 1402/1302/1368 
f 1400/1300/1366 1399/1299/1365 1402/1302/1368 
f 1402/1302/1368 1404/1304/1370 1400/1300/1366 
f 1401/1301/1367 1400/1300/1366 1404/1304/1370 
f 1404/1304/1370 1405/1305/1371 1401/1301/1367 
f 1387/1287/1353 1401/1301/1367 1405/1305/1371 
f 1397/1297/1363 1398/1298/1364 1406/1306/1372 
f 1406/1306/1372 1403/1303/1369 1397/1297/1363 
f 1403/1303/1369 1406/1306/1372 1407/1307/1373 
f 1407/1307/1373 1408/1308/1374 1403/1303/1369 
f 1409/1309/1375 1402/1302/1368 1403/1303/1369 
f 1403/1303/1369 1408/1308/1374 1409/1309/1375 
f 1410/1310/1376 1404/1304/1370 1402/1302/1368 
f 1402/1302/1368 1409/1309/1375 1410/1310/1376 
f 1405/1305/1371 1404/1304/1370 1410/1310/1376 
f 1410/1310/1376 1411/1311/1377 1405/1305/1371 
f 1387/1287/1353 1405/1305/1371 1411/1311/1377 
f 1412/1312/1378 1410/1310/1376 1409/1309/1375 
f 1409/1309/1375 1413/1313/1379 1412/1312/1378 
f 1414/1314/1380 1411/1311/1377 1410/1310/1376 
f 1410/1310/1376 1412/1312/1378 1414/1314/1380 
f 1387/1287/1353 1411/1311/1377 1414/1314/1380 
f 1415/1315/1381 1408/1308/1374 1407/1307/1373 
f 1407/1307/1373 1416/1316/1382 1415/1315/1381 
f 1409/1309/1375 1408/1308/1374 1415/1315/1381 
f 1415/1315/1381 1413/1313/1379 1409/1309/1375 
f 1415/1315/1381 1416/1316/1382 1417/1317/1383 
f 1417/1317/1383 1418/1318/1384 1415/1315/1381 
f 1419/1319/1385 1413/1313/1379 1415/1315/1381 
f 1415/1315/1381 1418/1318/1384 1419/1319/1385 
f 1412/1312/1378 1413/1313/1379 1419/1319/1385 
f 1419/1319/1385 1420/1320/1386 1412/1312/1378 
f 1414/1314/1380 1412/1312/1378 1420/1320/1386 
f 1420/1320/1386 1421/1321/1387 1414/1314/1380 
f 1387/1287/1353 1414/1314/1380 1421/1321/1387 
f 1422/1322/1388 1421/1321/1387 1420/1320/1386 
f 1420/1320/1386 1423/1323/1389 1422/1322/1388 
f 1387/1287/1353 1421/1321/1387 1422/1322/1388 
f 1418/1318/1384 1417/1317/1383 1424/1324/1390 
f 1424/1324/1390 1425/1325/1391 1418/1318/1384 
f 1419/1319/1385 1418/1318/1384 1425/1325/1391 
f 1425/1325/1391 1426/1326/1392 1419/1319/1385 
f 1423/1323/1389 1420/1320/1386 1419/1319/1385 
f 1419/1319/1385 1426/1326/1392 1423/1323/1389 
f 1427/1327/1393 1425/1325/1391 1424/1324/1390 
f 1424/1324/1390 1428/1328/1394 1427/1327/1393 
f 1426/1326/1392 1425/1325/1391 1427/1327/1393 
f 1427/1327/1393 1429/1329/1395 1426/1326/1392 
f 1423/1323/1389 1426/1326/1392 1429/1329/1395 
f 1429/1329/1395 1430/1330/1396 1423/1323/1389 
f 1431/1331/1397 1422/1322/1388 1423/1323/1389 
f 1423/1323/1389 1430/1330/1396 1431/1331/1397 
f 1387/1287/1353 1422/1322/1388 1431/1331/1397 
f 1432/1332/1398 1431/1331/1397 1430/1330/1396 
f 1430/1330/1396 1433/1333/1399 1432/1332/1398 
f 1387/1287/1353 1431/1331/1397 1432/1332/1398 
f 1434/1334/1400 1435/1335/1401 1427/1327/1393 
f 1427/1327/1393 1428/1328/1394 1434/1334/1400 
f 1436/1336/1402 1429/1329/1395 1427/1327/1393 
f 1427/1327/1393 1435/1335/1401 1436/1336/1402 
f 1433/1333/1399 1430/1330/1396 1429/1329/1395 
f 1429/1329/1395 1436/1336/1402 1433/1333/1399 
f 1437/1337/1403 1438/1338/1404 1435/1335/1401 
f 1435/1335/1401 1434/1334/1400 1437/1337/1403 
f 1436/1336/1402 1435/1335/1401 1438/1338/1404 
f 1438/1338/1404 1439/1339/1405 1436/1336/1402 
f 1440/1340/1406 1433/1333/1399 1436/1336/1402 
f 1436/1336/1402 1439/1339/1405 1440/1340/1406 
f 1432/1332/1398 1433/1333/1399 1440/1340/1406 
f 1440/1340/1406 1441/1341/1407 1432/1332/1398 
f 1387/1287/1353 1432/1332/1398 1441/1341/1407 
f 1387/1287/1353 1441/1341/1407 1442/1342/1408 
f 1438/1338/1404 1437/1337/1403 1443/1343/1409 
f 1443/1343/1409 1444/1344/1410 1438/1338/1404 
f 1445/1345/1411 1439/1339/1405 1438/1338/1404 
f 1438/1338/1404 1444/1344/1410 1445/1345/1411 
f 1446/1346/1412 1440/1340/1406 1439/1339/1405 
f 1439/1339/1405 1445/1345/1411 1446/1346/1412 
f 1441/1341/1407 1440/1340/1406 1446/1346/1412 
f 1446/1346/1412 1442/1342/1408 1441/1341/1407 
f 1444/1344/1410 1443/1343/1409 1447/1347/1413 
f 1447/1347/1413 1448/1348/1414 1444/1344/1410 
f 1449/1349/1415 1445/1345/1411 1444/1344/1410 
f 1444/1344/1410 1448/1348/1414 1449/1349/1415 
f 1446/1346/1412 1445/1345/1411 1449/1349/1415 
f 1449/1349/1415 1450/1350/1416 1446/1346/1412 
f 1442/1342/1408 1446/1346/1412 1450/1350/1416 
f 1450/1350/1416 1451/1351/1417 1442/1342/1408 
f 1387/1287/1353 1442/1342/1408 1451/1351/1417 
f 1387/1287/1353 1451/1351/1417 1452/1352/1418 
f 1448/1348/1414 1447/1347/1413 1453/1353/1419 
f 1453/1353/1419 1454/1354/1420 1448/1348/1414 
f 1455/1355/1421 1449/1349/1415 1448/1348/1414 
f 1448/1348/1414 1454/1354/1420 1455/1355/1421 
f 1450/1350/1416 1449/1349/1415 1455/1355/1421 
f 1455/1355/1421 1456/1356/1422 1450/1350/1416 
f 1451/1351/1417 1450/1350/1416 1456/1356/1422 
f 1456/1356/1422 1452/1352/1418 1451/1351/1417 
f 1457/1357/1423 1455/1355/1421 1454/1354/1420 
f 1454/1354/1420 1458/1358/1424 1457/1357/1423 
f 1456/1356/1422 1455/1355/1421 1457/1357/1423 
f 1457/1357/1423 1459/1359/1425 1456/1356/1422 
f 1452/1352/1418 1456/1356/1422 1459/1359/1425 
f 1459/1359/1425 1460/1360/1426 1452/1352/1418 
f 1387/1287/1353 1452/1352/1418 1460/1360/1426 
f 1454/1354/1420 1453/1353/1419 1461/1361/1427 
f 1461/1361/1427 1458/1358/1424 1454/1354/1420 
f 1458/1358/1424 1461/1361/1427 1462/1362/1428 
f 1462/1362/1428 1463/1363/1429 1458/1358/1424 
f 1464/1364/1430 1457/1357/1423 1458/1358/1424 
f 1458/1358/1424 1463/1363/1429 1464/1364/1430 
f 1465/1365/1431 1459/1359/1425 1457/1357/1423 
f 1457/1357/1423 1464/1364/1430 1465/1365/1431 
f 1460/1360/1426 1459/1359/1425 1465/1365/1431 
f 1465/1365/1431 1466/1366/1432 1460/1360/1426 
f 1387/1287/1353 1460/1360/1426 1466/1366/1432 
f 1467/1367/1433 1465/1365/1431 1464/1364/1430 
f 1464/1364/1430 1468/1368/1434 1467/1367/1433 
f 1466/1366/1432 1465/1365/1431 1467/1367/1433 
f 1467/1367/1433 1469/1369/1435 1466/1366/1432 
f 1387/1287/1353 1466/1366/1432 1469/1369/1435 
f 1463/1363/1429 1462/1362/1428 1470/1370/1436 
f 1470/1370/1436 1471/1371/1437 1463/1363/1429 
f 1468/1368/1434 1464/1364/1430 1463/1363/1429 
f 1463/1363/1429 1471/1371/1437 1468/1368/1434 
f 1471/1371/1437 1470/1370/1436 1472/1372/1438 
f 1472/1372/1438 1473/1373/1439 1471/1371/1437 
f 1474/1374/1440 1468/1368/1434 1471/1371/1437 
f 1471/1371/1437 1473/1373/1439 1474/1374/1440 
f 1467/1367/1433 1468/1368/1434 1474/1374/1440 
f 1474/1374/1440 1475/1375/1441 1467/1367/1433 
f 1476/1376/1442 1469/1369/1435 1467/1367/1433 
f 1467/1367/1433 1475/1375/1441 1476/1376/1442 
f 1387/1287/1353 1469/1369/1435 1476/1376/1442 
f 1475/1375/1441 1474/1374/1440 1477/1377/1443 
f 1477/1377/1443 1478/1378/1444 1475/1375/1441 
f 1479/1379/1445 1476/1376/1442 1475/1375/1441 
f 1475/1375/1441 1478/1378/1444 1479/1379/1445 
f 1387/1287/1353 1476/1376/1442 1479/1379/1445 
f 1480/1380/1446 1473/1373/1439 1472/1372/1438 
f 1472/1372/1438 1481/1381/1447 1480/1380/1446 
f 1477/1377/1443 1474/1374/1440 1473/1373/1439 
f 1473/1373/1439 1480/1380/1446 1477/1377/1443 
f 1482/1382/1448 1480/1380/1446 1481/1381/1447 
f 1481/1381/1447 1483/1383/1449 1482/1382/1448 
f 1477/1377/1443 1480/1380/1446 1482/1382/1448 
f 1482/1382/1448 1484/1384/1450 1477/1377/1443 
f 1485/1385/1451 1478/1378/1444 1477/1377/1443 
f 1477/1377/1443 1484/1384/1450 1485/1385/1451 
f 1479/1379/1445 1478/1378/1444 1485/1385/1451 
f 1485/1385/1451 1486/1386/1452 1479/1379/1445 
f 1387/1287/1353 1479/1379/1445 1486/1386/1452 
f 1486/1386/1452 1485/1385/1451 1487/1387/1453 
f 1487/1387/1453 1488/1388/1454 1486/1386/1452 
f 1387/1287/1353 1486/1386/1452 1488/1388/1454 
f 1482/1382/1448 1483/1383/1449 1489/1389/1455 
f 1489/1389/1455 1490/1390/1456 1482/1382/1448 
f 1491/1391/1457 1484/1384/1450 1482/1382/1448 
f 1482/1382/1448 1490/1390/1456 1491/1391/1457 
f 1487/1387/1453 1485/1385/1451 1484/1384/1450 
f 1484/1384/1450 1491/1391/1457 1487/1387/1453 
f 1492/1392/1458 1493/1393/1459 1490/1390/1456 
f 1490/1390/1456 1489/1389/1455 1492/1392/1458 
f 1494/1394/1460 1491/1391/1457 1490/1390/1456 
f 1490/1390/1456 1493/1393/1459 1494/1394/1460 
f 1495/1395/1461 1487/1387/1453 1491/1391/1457 
f 1491/1391/1457 1494/1394/1460 1495/1395/1461 
f 1496/1396/1462 1488/1388/1454 1487/1387/1453 
f 1487/1387/1453 1495/1395/1461 1496/1396/1462 
f 1387/1287/1353 1488/1388/1454 1496/1396/1462 
f 1497/1397/1463 1496/1396/1462 1495/1395/1461 
f 1495/1395/1461 1498/1398/1464 1497/1397/1463 
f 1387/1287/1353 1496/1396/1462 1497/1397/1463 
f 1499/1399/1465 1500/1400/1466 1493/1393/1459 
f 1493/1393/1459 1492/1392/1458 1499/1399/1465 
f 1494/1394/1460 1493/1393/1459 1500/1400/1466 
f 1500/1400/1466 1501/1401/1467 1494/1394/1460 
f 1495/1395/1461 1494/1394/1460 1501/1401/1467 
f 1501/1401/1467 1498/1398/1464 1495/1395/1461 
f 1502/1402/1468 1500/1400/1466 1499/1399/1465 
f 1499/1399/1465 1503/1403/1469 1502/1402/1468 
f 1501/1401/1467 1500/1400/1466 1502/1402/1468 
f 1502/1402/1468 1504/1404/1470 1501/1401/1467 
f 1498/1398/1464 1501/1401/1467 1504/1404/1470 
f 1504/1404/1470 1505/1405/1471 1498/1398/1464 
f 1506/1406/1472 1497/1397/1463 1498/1398/1464 
f 1498/1398/1464 1505/1405/1471 1506/1406/1472 
f 1387/1287/1353 1497/1397/1463 1506/1406/1472 
f 1387/1287/1353 1506/1406/1472 1507/1407/1473 
f 1508/1408/1474 1502/1402/1468 1503/1403/1469 
f 1503/1403/1469 1509/1409/1475 1508/1408/1474 
f 1510/1410/1476 1504/1404/1470 1502/1402/1468 
f 1502/1402/1468 1508/1408/1474 1510/1410/1476 
f 1505/1405/1471 1504/1404/1470 1510/1410/1476 
f 1510/1410/1476 1511/1411/1477 1505/1405/1471 
f 1506/1406/1472 1505/1405/1471 1511/1411/1477 
f 1511/1411/1477 1507/1407/1473 1506/1406/1472 
f 1510/1410/1476 1508/1408/1474 1512/1412/1478 
f 1512/1412/1478 1513/1413/1479 1510/1410/1476 
f 1514/1414/1480 1511/1411/1477 1510/1410/1476 
f 1510/1410/1476 1513/1413/1479 1514/1414/1480 
f 1515/1415/1481 1507/1407/1473 1511/1411/1477 
f 1511/1411/1477 1514/1414/1480 1515/1415/1481 
f 1387/1287/1353 1507/1407/1473 1515/1415/1481 
f 1508/1408/1474 1509/1409/1475 1516/1416/1482 
f 1516/1416/1482 1512/1412/1478 1508/1408/1474 
f 1517/1417/1483 1512/1412/1478 1516/1416/1482 
f 1516/1416/1482 1518/1418/1484 1517/1417/1483 
f 1513/1413/1479 1512/1412/1478 1517/1417/1483 
f 1517/1417/1483 1519/1419/1485 1513/1413/1479 
f 1514/1414/1480 1513/1413/1479 1519/1419/1485 
f 1519/1419/1485 1520/1420/1486 1514/1414/1480 
f 1521/1421/1487 1515/1415/1481 1514/1414/1480 
f 1514/1414/1480 1520/1420/1486 1521/1421/1487 
f 1387/1287/1353 1515/1415/1481 1521/1421/1487 
f 1522/1422/1488 1519/1419/1485 1517/1417/1483 
f 1517/1417/1483 1523/1423/1489 1522/1422/1488 
f 1524/1424/1490 1520/1420/1486 1519/1419/1485 
f 1519/1419/1485 1522/1422/1488 1524/1424/1490 
f 1521/1421/1487 1520/1420/1486 1524/1424/1490 
f 1524/1424/1490 1525/1425/1491 1521/1421/1487 
f 1387/1287/1353 1521/1421/1487 1525/1425/1491 
f 1517/1417/1483 1518/1418/1484 1526/1426/1492 
f 1526/1426/1492 1523/1423/1489 1517/1417/1483 
f 1523/1423/1489 1526/1426/1492 1527/1427/1493 
f 1527/1427/1493 1528/1428/1494 1523/1423/1489 
f 1529/1429/1495 1522/1422/1488 1523/1423/1489 
f 1523/1423/1489 1528/1428/1494 1529/1429/1495 
f 1524/1424/1490 1522/1422/1488 1529/1429/1495 
f 1529/1429/1495 1530/1430/1496 1524/1424/1490 
f 1531/1431/1497 1525/1425/1491 1524/1424/1490 
f 1524/1424/1490 1530/1430/1496 1531/1431/1497 
f 1387/1287/1353 1525/1425/1491 1531/1431/1497 
f 1530/1430/1496 1529/1429/1495 1532/1432/1498 
f 1532/1432/1498 1533/1433/1499 1530/1430/1496 
f 1534/1434/1500 1443/1343/1409 1437/1337/1403 
f 1437/1337/1403 1535/1435/1501 1534/1434/1500 
f 1536/1436/1502 1531/1431/1497 1530/1430/1496 
f 1530/1430/1496 1533/1433/1499 1536/1436/1502 
f 1390/1290/1356 1537/1437/1503 1538/1438/1504 
f 1538/1438/1504 1391/1291/1357 1390/1290/1356 
f 1539/1439/1505 1540/1440/1506 1499/1399/1465 
f 1499/1399/1465 1492/1392/1458 1539/1439/1505 
f 1387/1287/1353 1531/1431/1497 1536/1436/1502 
f 1481/1381/1447 1541/1441/1507 1542/1442/1508 
f 1542/1442/1508 1483/1383/1449 1481/1381/1447 
f 1424/1324/1390 1543/1443/1509 1544/1444/1510 
f 1544/1444/1510 1428/1328/1394 1424/1324/1390 
f 1545/1445/1511 1546/1446/1512 1547/1447/1513 
f 1547/1447/1513 1548/1448/1514 1545/1445/1511 
f 1549/1449/1515 1550/1450/1516 1461/1361/1427 
f 1461/1361/1427 1453/1353/1419 1549/1449/1515 
f 1509/1409/1475 1551/1451/1517 1552/1452/1518 
f 1552/1452/1518 1516/1416/1482 1509/1409/1475 
f 1396/1296/1362 1391/1291/1357 1538/1438/1504 
f 1538/1438/1504 1553/1453/1519 1396/1296/1362 
f 1528/1428/1494 1527/1427/1493 1548/1448/1514 
f 1548/1448/1514 1554/1454/1520 1528/1428/1494 
f 1470/1370/1436 1555/1455/1521 1556/1456/1522 
f 1556/1456/1522 1472/1372/1438 1470/1370/1436 
f 1529/1429/1495 1528/1428/1494 1554/1454/1520 
f 1554/1454/1520 1532/1432/1498 1529/1429/1495 
f 1428/1328/1394 1544/1444/1510 1557/1457/1523 
f 1557/1457/1523 1434/1334/1400 1428/1328/1394 
f 1558/1458/1524 1559/1459/1525 1417/1317/1383 
f 1417/1317/1383 1416/1316/1382 1558/1458/1524 
f 1483/1383/1449 1542/1442/1508 1560/1460/1526 
f 1560/1460/1526 1489/1389/1455 1483/1383/1449 
f 1534/1434/1500 1561/1461/1527 1447/1347/1413 
f 1447/1347/1413 1443/1343/1409 1534/1434/1500 
f 1554/1454/1520 1548/1448/1514 1547/1447/1513 
f 1547/1447/1513 1562/1462/1528 1554/1454/1520 
f 1526/1426/1492 1563/1463/1529 1564/1464/1530 
f 1564/1464/1530 1527/1427/1493 1526/1426/1492 
f 1532/1432/1498 1554/1454/1520 1562/1462/1528 
f 1562/1462/1528 1565/1465/1531 1532/1432/1498 
f 1547/1447/1513 1546/1446/1512 1537/1437/1503 
f 1537/1437/1503 1390/1290/1356 1547/1447/1513 
f 1533/1433/1499 1532/1432/1498 1565/1465/1531 
f 1565/1465/1531 1566/1466/1532 1533/1433/1499 
f 1567/1467/1533 1568/1468/1534 1407/1307/1373 
f 1407/1307/1373 1406/1306/1372 1567/1467/1533 
f 1536/1436/1502 1533/1433/1499 1566/1466/1532 
f 1566/1466/1532 1569/1469/1535 1536/1436/1502 
f 1540/1440/1506 1570/1470/1536 1503/1403/1469 
f 1503/1403/1469 1499/1399/1465 1540/1440/1506 
f 1417/1317/1383 1559/1459/1525 1543/1443/1509 
f 1543/1443/1509 1424/1324/1390 1417/1317/1383 
f 1387/1287/1353 1536/1436/1502 1569/1469/1535 
f 1437/1337/1403 1434/1334/1400 1557/1457/1523 
f 1557/1457/1523 1535/1435/1501 1437/1337/1403 
f 1472/1372/1438 1556/1456/1522 1541/1441/1507 
f 1541/1441/1507 1481/1381/1447 1472/1372/1438 
f 1382/1282/1348 1566/1466/1532 1565/1465/1531 
f 1565/1465/1531 1383/1283/1349 1382/1282/1348 
f 1550/1450/1516 1571/1471/1537 1462/1362/1428 
f 1462/1362/1428 1461/1361/1427 1550/1450/1516 
f 1569/1469/1535 1566/1466/1532 1382/1282/1348 
f 1382/1282/1348 1386/1286/1352 1569/1469/1535 
f 1516/1416/1482 1552/1452/1518 1572/1472/1538 
f 1572/1472/1538 1518/1418/1484 1516/1416/1482 
f 1573/1473/1539 1398/1298/1364 1396/1296/1362 
f 1396/1296/1362 1553/1453/1519 1573/1473/1539 
f 1387/1287/1353 1569/1469/1535 1386/1286/1352 
f 1548/1448/1514 1527/1427/1493 1564/1464/1530 
f 1564/1464/1530 1545/1445/1511 1548/1448/1514 
f 1561/1461/1527 1549/1449/1515 1453/1353/1419 
f 1453/1353/1419 1447/1347/1413 1561/1461/1527 
f 1568/1468/1534 1558/1458/1524 1416/1316/1382 
f 1416/1316/1382 1407/1307/1373 1568/1468/1534 
f 1570/1470/1536 1551/1451/1517 1509/1409/1475 
f 1509/1409/1475 1503/1403/1469 1570/1470/1536 
f 1470/1370/1436 1462/1362/1428 1571/1471/1537 
f 1571/1471/1537 1555/1455/1521 1470/1370/1436 
f 1560/1460/1526 1539/1439/1505 1492/1392/1458 
f 1492/1392/1458 1489/1389/1455 1560/1460/1526 
f 1562/1462/1528 1547/1447/1513 1390/1290/1356 
f 1390/1290/1356 1389/1289/1355 1562/1462/1528 
f 1518/1418/1484 1572/1472/1538 1563/1463/1529 
f 1563/1463/1529 1526/1426/1492 1518/1418/1484 
f 1565/1465/1531 1562/1462/1528 1389/1289/1355 
f 1389/1289/1355 1383/1283/1349 1565/1465/1531 
f 1573/1473/1539 1567/1467/1533 1406/1306/1372 
f 1406/1306/1372 1398/1298/1364 1573/1473/1539 
f 1574/1474/1540 1575/1475/1541 1576/1476/1542 
f 1576/1476/1542 1577/1477/1543 1574/1474/1540 
f 1578/1478/1544 1579/1479/1545 1575/1475/1541 
f 1575/1475/1541 1574/1474/1540 1578/1478/1544 
f 1580/1480/1546 1579/1479/1545 1578/1478/1544 
f 1581/1481/1547 1582/1482/1548 1583/1483/1549 
f 1583/1483/1549 1584/1484/1550 1581/1481/1547 
f 1577/1477/1543 1576/1476/1542 1582/1482/1548 
f 1582/1482/1548 1581/1481/1547 1577/1477/1543 
f 1585/1485/1551 1577/1477/1543 1581/1481/1547 
f 1581/1481/1547 1586/1486/1552 1585/1485/1551 
f 1574/1474/1540 1577/1477/1543 1585/1485/1551 
f 1585/1485/1551 1587/1487/1553 1574/1474/1540 
f 1588/1488/1554 1578/1478/1544 1574/1474/1540 
f 1574/1474/1540 1587/1487/1553 1588/1488/1554 
f 1580/1480/1546 1578/1478/1544 1588/1488/1554 
f 1581/1481/1547 1584/1484/1550 1589/1489/1555 
f 1589/1489/1555 1586/1486/1552 1581/1481/1547 
f 1586/1486/1552 1589/1489/1555 1590/1490/1556 
f 1590/1490/1556 1591/1491/1557 1586/1486/1552 
f 1592/1492/1558 1585/1485/1551 1586/1486/1552 
f 1586/1486/1552 1591/1491/1557 1592/1492/1558 
f 1587/1487/1553 1585/1485/1551 1592/1492/1558 
f 1592/1492/1558 1593/1493/1559 1587/1487/1553 
f 1594/1494/1560 1588/1488/1554 1587/1487/1553 
f 1587/1487/1553 1593/1493/1559 1594/1494/1560 
f 1580/1480/1546 1588/1488/1554 1594/1494/1560 
f 1592/1492/1558 1591/1491/1557 1595/1495/1561 
f 1595/1495/1561 1596/1496/1562 1592/1492/1558 
f 1593/1493/1559 1592/1492/1558 1596/1496/1562 
f 1596/1496/1562 1597/1497/1563 1593/1493/1559 
f 1598/1498/1564 1594/1494/1560 1593/1493/1559 
f 1593/1493/1559 1597/1497/1563 1598/1498/1564 
f 1580/1480/1546 1594/1494/1560 1598/1498/1564 
f 1595/1495/1561 1591/1491/1557 1590/1490/1556 
f 1590/1490/1556 1599/1499/1565 1595/1495/1561 
f 1595/1495/1561 1599/1499/1565 1600/1500/1566 
f 1600/1500/1566 1601/1501/1567 1595/1495/1561 
f 1602/1502/1568 1596/1496/1562 1595/1495/1561 
f 1595/1495/1561 1601/1501/1567 1602/1502/1568 
f 1603/1503/1569 1597/1497/1563 1596/1496/1562 
f 1596/1496/1562 1602/1502/1568 1603/1503/1569 
f 1598/1498/1564 1597/1497/1563 1603/1503/1569 
f 1603/1503/1569 1604/1504/1570 1598/1498/1564 
f 1580/1480/1546 1598/1498/1564 1604/1504/1570 
f 1605/1505/1571 1603/1503/1569 1602/1502/1568 
f 1602/1502/1568 1606/1506/1572 1605/1505/1571 
f 1604/1504/1570 1603/1503/1569 1605/1505/1571 
f 1605/1505/1571 1607/1507/1573 1604/1504/1570 
f 1580/1480/1546 1604/1504/1570 1607/1507/1573 
f 1601/1501/1567 1600/1500/1566 1608/1508/1574 
f 1608/1508/1574 1609/1509/1575 1601/1501/1567 
f 1602/1502/1568 1601/1501/1567 1609/1509/1575 
f 1609/1509/1575 1606/1506/1572 1602/1502/1568 
f 1610/1510/1576 1609/1509/1575 1608/1508/1574 
f 1608/1508/1574 1611/1511/1577 1610/1510/1576 
f 1606/1506/1572 1609/1509/1575 1610/1510/1576 
f 1610/1510/1576 1612/1512/1578 1606/1506/1572 
f 1613/1513/1579 1605/1505/1571 1606/1506/1572 
f 1606/1506/1572 1612/1512/1578 1613/1513/1579 
f 1613/1513/1579 1614/1514/1580 1607/1507/1573 
f 1607/1507/1573 1605/1505/1571 1613/1513/1579 
f 1580/1480/1546 1607/1507/1573 1614/1514/1580 
f 1614/1514/1580 1613/1513/1579 1615/1515/1581 
f 1615/1515/1581 1616/1516/1582 1614/1514/1580 
f 1580/1480/1546 1614/1514/1580 1616/1516/1582 
f 1617/1517/1583 1610/1510/1576 1611/1511/1577 
f 1611/1511/1577 1618/1518/1584 1617/1517/1583 
f 1610/1510/1576 1617/1517/1583 1619/1519/1585 
f 1619/1519/1585 1612/1512/1578 1610/1510/1576 
f 1615/1515/1581 1613/1513/1579 1612/1512/1578 
f 1612/1512/1578 1619/1519/1585 1615/1515/1581 
f 1618/1518/1584 1620/1520/1586 1621/1521/1587 
f 1621/1521/1587 1617/1517/1583 1618/1518/1584 
f 1622/1522/1588 1619/1519/1585 1617/1517/1583 
f 1617/1517/1583 1621/1521/1587 1622/1522/1588 
f 1619/1519/1585 1622/1522/1588 1623/1523/1589 
f 1623/1523/1589 1615/1515/1581 1619/1519/1585 
f 1624/1524/1590 1616/1516/1582 1615/1515/1581 
f 1615/1515/1581 1623/1523/1589 1624/1524/1590 
f 1580/1480/1546 1616/1516/1582 1624/1524/1590 
f 1623/1523/1589 1625/1525/1591 1626/1526/1592 
f 1626/1526/1592 1624/1524/1590 1623/1523/1589 
f 1580/1480/1546 1624/1524/1590 1626/1526/1592 
f 1627/1527/1593 1621/1521/1587 1620/1520/1586 
f 1620/1520/1586 1628/1528/1594 1627/1527/1593 
f 1621/1521/1587 1627/1527/1593 1629/1529/1595 
f 1629/1529/1595 1622/1522/1588 1621/1521/1587 
f 1625/1525/1591 1623/1523/1589 1622/1522/1588 
f 1622/1522/1588 1629/1529/1595 1625/1525/1591 
f 1628/1528/1594 1630/1530/1596 1631/1531/1597 
f 1631/1531/1597 1627/1527/1593 1628/1528/1594 
f 1632/1532/1598 1629/1529/1595 1627/1527/1593 
f 1627/1527/1593 1631/1531/1597 1632/1532/1598 
f 1629/1529/1595 1632/1532/1598 1633/1533/1599 
f 1633/1533/1599 1625/1525/1591 1629/1529/1595 
f 1634/1534/1600 1626/1526/1592 1625/1525/1591 
f 1625/1525/1591 1633/1533/1599 1634/1534/1600 
f 1580/1480/1546 1626/1526/1592 1634/1534/1600 
f 1580/1480/1546 1634/1534/1600 1635/1535/1601 
f 1636/1536/1602 1631/1531/1597 1630/1530/1596 
f 1630/1530/1596 1637/1537/1603 1636/1536/1602 
f 1631/1531/1597 1636/1536/1602 1638/1538/1604 
f 1638/1538/1604 1632/1532/1598 1631/1531/1597 
f 1639/1539/1605 1633/1533/1599 1632/1532/1598 
f 1632/1532/1598 1638/1538/1604 1639/1539/1605 
f 1633/1533/1599 1639/1539/1605 1635/1535/1601 
f 1635/1535/1601 1634/1534/1600 1633/1533/1599 
f 1637/1537/1603 1640/1540/1606 1641/1541/1607 
f 1641/1541/1607 1636/1536/1602 1637/1537/1603 
f 1642/1542/1608 1638/1538/1604 1636/1536/1602 
f 1636/1536/1602 1641/1541/1607 1642/1542/1608 
f 1638/1538/1604 1642/1542/1608 1643/1543/1609 
f 1643/1543/1609 1639/1539/1605 1638/1538/1604 
f 1644/1544/1610 1635/1535/1601 1639/1539/1605 
f 1639/1539/1605 1643/1543/1609 1644/1544/1610 
f 1580/1480/1546 1635/1535/1601 1644/1544/1610 
f 1580/1480/1546 1644/1544/1610 1645/1545/1611 
f 1646/1546/1612 1641/1541/1607 1640/1540/1606 
f 1640/1540/1606 1647/1547/1613 1646/1546/1612 
f 1641/1541/1607 1646/1546/1612 1648/1548/1614 
f 1648/1548/1614 1642/1542/1608 1641/1541/1607 
f 1649/1549/1615 1643/1543/1609 1642/1542/1608 
f 1642/1542/1608 1648/1548/1614 1649/1549/1615 
f 1643/1543/1609 1649/1549/1615 1645/1545/1611 
f 1645/1545/1611 1644/1544/1610 1643/1543/1609 
f 1650/1550/1616 1648/1548/1614 1646/1546/1612 
f 1646/1546/1612 1651/1551/1617 1650/1550/1616 
f 1648/1548/1614 1650/1550/1616 1652/1552/1618 
f 1652/1552/1618 1649/1549/1615 1648/1548/1614 
f 1653/1553/1619 1645/1545/1611 1649/1549/1615 
f 1649/1549/1615 1652/1552/1618 1653/1553/1619 
f 1580/1480/1546 1645/1545/1611 1653/1553/1619 
f 1647/1547/1613 1654/1554/1620 1651/1551/1617 
f 1651/1551/1617 1646/1546/1612 1647/1547/1613 
f 1655/1555/1621 1651/1551/1617 1654/1554/1620 
f 1654/1554/1620 1656/1556/1622 1655/1555/1621 
f 1651/1551/1617 1655/1555/1621 1657/1557/1623 
f 1657/1557/1623 1650/1550/1616 1651/1551/1617 
f 1658/1558/1624 1652/1552/1618 1650/1550/1616 
f 1650/1550/1616 1657/1557/1623 1658/1558/1624 
f 1652/1552/1618 1658/1558/1624 1659/1559/1625 
f 1659/1559/1625 1653/1553/1619 1652/1552/1618 
f 1580/1480/1546 1653/1553/1619 1659/1559/1625 
f 1657/1557/1623 1660/1560/1626 1661/1561/1627 
f 1661/1561/1627 1658/1558/1624 1657/1557/1623 
f 1662/1559/1628 1659/1559/1625 1658/1558/1624 
f 1658/1558/1624 1661/1561/1627 1662/1559/1628 
f 1580/1480/1546 1659/1559/1625 1662/1559/1628 
f 1656/1556/1622 1663/1562/1629 1664/1563/1630 
f 1664/1563/1630 1655/1555/1621 1656/1556/1622 
f 1660/1560/1626 1657/1557/1623 1655/1555/1621 
f 1655/1555/1621 1664/1563/1630 1660/1560/1626 
f 1665/1564/1631 1664/1563/1630 1663/1562/1629 
f 1663/1562/1629 1666/1565/1632 1665/1564/1631 
f 1664/1563/1630 1665/1564/1631 1667/1566/1633 
f 1667/1566/1633 1660/1560/1626 1664/1563/1630 
f 1668/1567/1634 1661/1561/1627 1660/1560/1626 
f 1660/1560/1626 1667/1566/1633 1668/1567/1634 
f 1661/1561/1627 1668/1567/1634 1669/1568/1635 
f 1669/1568/1635 1662/1559/1628 1661/1561/1627 
f 1580/1480/1546 1662/1559/1628 1669/1568/1635 
f 1667/1566/1633 1670/1569/1636 1671/1570/1637 
f 1671/1570/1637 1668/1567/1634 1667/1566/1633 
f 1672/1571/1638 1669/1568/1635 1668/1567/1634 
f 1668/1567/1634 1671/1570/1637 1672/1571/1638 
f 1580/1480/1546 1669/1568/1635 1672/1571/1638 
f 1666/1565/1632 1673/1572/1639 1674/1573/1640 
f 1674/1573/1640 1665/1564/1631 1666/1565/1632 
f 1670/1569/1636 1667/1566/1633 1665/1564/1631 
f 1665/1564/1631 1674/1573/1640 1670/1569/1636 
f 1675/1574/1641 1674/1573/1640 1673/1572/1639 
f 1673/1572/1639 1676/1575/1642 1675/1574/1641 
f 1674/1573/1640 1675/1574/1641 1677/1576/1643 
f 1677/1576/1643 1670/1569/1636 1674/1573/1640 
f 1678/1577/1644 1671/1570/1637 1670/1569/1636 
f 1670/1569/1636 1677/1576/1643 1678/1577/1644 
f 1671/1570/1637 1678/1577/1644 1679/1578/1645 
f 1679/1578/1645 1672/1571/1638 1671/1570/1637 
f 1580/1480/1546 1672/1571/1638 1679/1578/1645 
f 1680/1579/1646 1679/1578/1645 1678/1577/1644 
f 1678/1577/1644 1681/1580/1647 1680/1579/1646 
f 1580/1480/1546 1679/1578/1645 1680/1579/1646 
f 1676/1575/1642 1682/1581/1648 1683/1582/1649 
f 1683/1582/1649 1675/1574/1641 1676/1575/1642 
f 1684/1583/1650 1677/1576/1643 1675/1574/1641 
f 1675/1574/1641 1683/1582/1649 1684/1583/1650 
f 1677/1576/1643 1684/1583/1650 1681/1580/1647 
f 1681/1580/1647 1678/1577/1644 1677/1576/1643 
f 1685/1584/1651 1683/1582/1649 1682/1581/1648 
f 1682/1581/1648 1686/1585/1652 1685/1584/1651 
f 1683/1582/1649 1685/1584/1651 1687/1586/1653 
f 1687/1586/1653 1684/1583/1650 1683/1582/1649 
f 1688/1587/1654 1681/1580/1647 1684/1583/1650 
f 1684/1583/1650 1687/1586/1653 1688/1587/1654 
f 1681/1580/1647 1688/1587/1654 1689/1588/1655 
f 1689/1588/1655 1680/1579/1646 1681/1580/1647 
f 1580/1480/1546 1680/1579/1646 1689/1588/1655 
f 1690/1589/1656 1689/1588/1655 1688/1587/1654 
f 1688/1587/1654 1691/1590/1657 1690/1589/1656 
f 1580/1480/1546 1689/1588/1655 1690/1589/1656 
f 1686/1585/1652 1692/1591/1658 1693/1592/1659 
f 1693/1592/1659 1685/1584/1651 1686/1585/1652 
f 1694/1593/1660 1687/1586/1653 1685/1584/1651 
f 1685/1584/1651 1693/1592/1659 1694/1593/1660 
f 1687/1586/1653 1694/1593/1660 1691/1590/1657 
f 1691/1590/1657 1688/1587/1654 1687/1586/1653 
f 1695/1594/1661 1693/1592/1659 1692/1591/1658 
f 1692/1591/1658 1696/1595/1662 1695/1594/1661 
f 1693/1592/1659 1695/1594/1661 1697/1596/1663 
f 1697/1596/1663 1694/1593/1660 1693/1592/1659 
f 1698/1597/1664 1691/1590/1657 1694/1593/1660 
f 1694/1593/1660 1697/1596/1663 1698/1597/1664 
f 1691/1590/1657 1698/1597/1664 1699/1598/1665 
f 1699/1598/1665 1690/1589/1656 1691/1590/1657 
f 1580/1480/1546 1690/1589/1656 1699/1598/1665 
f 1580/1480/1546 1699/1598/1665 1700/1599/1666 
f 1696/1595/1662 1701/1600/1667 1702/1601/1668 
f 1702/1601/1668 1695/1594/1661 1696/1595/1662 
f 1703/1602/1669 1697/1596/1663 1695/1594/1661 
f 1695/1594/1661 1702/1601/1668 1703/1602/1669 
f 1697/1596/1663 1703/1602/1669 1704/1603/1670 
f 1704/1603/1670 1698/1597/1664 1697/1596/1663 
f 1700/1599/1666 1699/1598/1665 1698/1597/1664 
f 1698/1597/1664 1704/1603/1670 1700/1599/1666 
f 1702/1601/1668 1705/1604/1671 1706/1605/1672 
f 1706/1605/1672 1703/1602/1669 1702/1601/1668 
f 1707/1606/1673 1704/1603/1670 1703/1602/1669 
f 1703/1602/1669 1706/1605/1672 1707/1606/1673 
f 1704/1603/1670 1707/1606/1673 1708/1607/1674 
f 1708/1607/1674 1700/1599/1666 1704/1603/1670 
f 1580/1480/1546 1700/1599/1666 1708/1607/1674 
f 1705/1604/1671 1702/1601/1668 1701/1600/1667 
f 1701/1600/1667 1709/1608/1675 1705/1604/1671 
f 1709/1608/1675 1710/1609/1676 1711/1610/1677 
f 1711/1610/1677 1705/1604/1671 1709/1608/1675 
f 1712/1611/1678 1706/1605/1672 1705/1604/1671 
f 1705/1604/1671 1711/1610/1677 1712/1611/1678 
f 1706/1605/1672 1712/1611/1678 1713/1612/1679 
f 1713/1612/1679 1707/1606/1673 1706/1605/1672 
f 1714/1513/1680 1708/1607/1674 1707/1606/1673 
f 1707/1606/1673 1713/1612/1679 1714/1513/1680 
f 1580/1480/1546 1708/1607/1674 1714/1513/1680 
f 1711/1610/1677 1715/1613/1681 1716/1614/1682 
f 1716/1614/1682 1712/1611/1678 1711/1610/1677 
f 1717/1615/1683 1713/1612/1679 1712/1611/1678 
f 1712/1611/1678 1716/1614/1682 1717/1615/1683 
f 1713/1612/1679 1717/1615/1683 1718/1616/1684 
f 1718/1616/1684 1714/1513/1680 1713/1612/1679 
f 1580/1480/1546 1714/1513/1680 1718/1616/1684 
f 1715/1613/1681 1711/1610/1677 1710/1609/1676 
f 1710/1609/1676 1719/1617/1685 1715/1613/1681 
f 1719/1617/1685 1720/1618/1686 1721/1619/1687 
f 1721/1619/1687 1715/1613/1681 1719/1617/1685 
f 1722/1620/1688 1716/1614/1682 1715/1613/1681 
f 1715/1613/1681 1721/1619/1687 1722/1620/1688 
f 1716/1614/1682 1722/1620/1688 1723/1621/1689 
f 1723/1621/1689 1717/1615/1683 1716/1614/1682 
f 1724/1622/1690 1718/1616/1684 1717/1615/1683 
f 1717/1615/1683 1723/1621/1689 1724/1622/1690 
f 1580/1480/1546 1718/1616/1684 1724/1622/1690 
f 1725/1623/1691 1723/1621/1689 1722/1620/1688 
f 1722/1620/1688 1726/1624/1692 1725/1623/1691 
f 1630/1530/1596 1727/1625/1693 1728/1626/1694 
f 1728/1626/1694 1637/1537/1603 1630/1530/1596 
f 1724/1622/1690 1723/1621/1689 1725/1623/1691 
f 1725/1623/1691 1729/1627/1695 1724/1622/1690 
f 1583/1483/1549 1730/1628/1696 1731/1629/1697 
f 1731/1629/1697 1584/1484/1550 1583/1483/1549 
f 1686/1585/1652 1732/1630/1698 1733/1631/1699 
f 1733/1631/1699 1692/1591/1658 1686/1585/1652 
f 1580/1480/1546 1724/1622/1690 1729/1627/1695 
f 1734/1632/1700 1735/1633/1701 1676/1575/1642 
f 1676/1575/1642 1673/1572/1639 1734/1632/1700 
f 1618/1518/1584 1736/1634/1702 1737/1635/1703 
f 1737/1635/1703 1620/1520/1586 1618/1518/1584 
f 1738/1636/1704 1739/1637/1705 1740/1638/1706 
f 1740/1638/1706 1741/1639/1707 1738/1636/1704 
f 1742/1640/1708 1654/1554/1620 1647/1547/1613 
f 1647/1547/1613 1743/1641/1709 1742/1640/1708 
f 1701/1600/1667 1744/1642/1710 1745/1643/1711 
f 1745/1643/1711 1709/1608/1675 1701/1600/1667 
f 1589/1489/1555 1584/1484/1550 1731/1629/1697 
f 1731/1629/1697 1746/1644/1712 1589/1489/1555 
f 1747/1645/1713 1721/1619/1687 1720/1618/1686 
f 1720/1618/1686 1741/1639/1707 1747/1645/1713 
f 1748/1646/1714 1749/1647/1715 1666/1565/1632 
f 1666/1565/1632 1663/1562/1629 1748/1646/1714 
f 1722/1620/1688 1721/1619/1687 1747/1645/1713 
f 1747/1645/1713 1726/1624/1692 1722/1620/1688 
f 1620/1520/1586 1737/1635/1703 1750/1648/1716 
f 1750/1648/1716 1628/1528/1594 1620/1520/1586 
f 1751/1649/1717 1752/1650/1718 1611/1511/1577 
f 1611/1511/1577 1608/1508/1574 1751/1649/1717 
f 1676/1575/1642 1735/1633/1701 1753/1651/1719 
f 1753/1651/1719 1682/1581/1648 1676/1575/1642 
f 1637/1537/1603 1728/1626/1694 1754/1652/1720 
f 1754/1652/1720 1640/1540/1606 1637/1537/1603 
f 1747/1645/1713 1741/1639/1707 1740/1638/1706 
f 1740/1638/1706 1755/1653/1721 1747/1645/1713 
f 1720/1618/1686 1719/1617/1685 1756/1654/1722 
f 1756/1654/1722 1757/1655/1723 1720/1618/1686 
f 1758/1656/1724 1726/1624/1692 1747/1645/1713 
f 1747/1645/1713 1755/1653/1721 1758/1656/1724 
f 1583/1483/1549 1740/1638/1706 1739/1637/1705 
f 1739/1637/1705 1730/1628/1696 1583/1483/1549 
f 1725/1623/1691 1726/1624/1692 1758/1656/1724 
f 1758/1656/1724 1759/1657/1725 1725/1623/1691 
f 1760/1658/1726 1761/1659/1727 1600/1500/1566 
f 1600/1500/1566 1599/1499/1565 1760/1658/1726 
f 1762/1660/1728 1729/1627/1695 1725/1623/1691 
f 1725/1623/1691 1759/1657/1725 1762/1660/1728 
f 1733/1631/1699 1763/1661/1729 1696/1595/1662 
f 1696/1595/1662 1692/1591/1658 1733/1631/1699 
f 1611/1511/1577 1752/1650/1718 1736/1634/1702 
f 1736/1634/1702 1618/1518/1584 1611/1511/1577 
f 1580/1480/1546 1729/1627/1695 1762/1660/1728 
f 1750/1648/1716 1727/1625/1693 1630/1530/1596 
f 1630/1530/1596 1628/1528/1594 1750/1648/1716 
f 1749/1647/1715 1734/1632/1700 1673/1572/1639 
f 1673/1572/1639 1666/1565/1632 1749/1647/1715 
f 1759/1657/1725 1758/1656/1724 1576/1476/1542 
f 1576/1476/1542 1575/1475/1541 1759/1657/1725 
f 1742/1640/1708 1764/1662/1730 1656/1556/1622 
f 1656/1556/1622 1654/1554/1620 1742/1640/1708 
f 1579/1479/1545 1762/1660/1728 1759/1657/1725 
f 1759/1657/1725 1575/1475/1541 1579/1479/1545 
f 1710/1609/1676 1709/1608/1675 1745/1643/1711 
f 1745/1643/1711 1765/1663/1731 1710/1609/1676 
f 1766/1664/1732 1590/1490/1556 1589/1489/1555 
f 1589/1489/1555 1746/1644/1712 1766/1664/1732 
f 1580/1480/1546 1762/1660/1728 1579/1479/1545 
f 1741/1639/1707 1720/1618/1686 1757/1655/1723 
f 1757/1655/1723 1738/1636/1704 1741/1639/1707 
f 1647/1547/1613 1640/1540/1606 1754/1652/1720 
f 1754/1652/1720 1743/1641/1709 1647/1547/1613 
f 1761/1659/1727 1751/1649/1717 1608/1508/1574 
f 1608/1508/1574 1600/1500/1566 1761/1659/1727 
f 1701/1600/1667 1696/1595/1662 1763/1661/1729 
f 1763/1661/1729 1744/1642/1710 1701/1600/1667 
f 1764/1662/1730 1748/1646/1714 1663/1562/1629 
f 1663/1562/1629 1656/1556/1622 1764/1662/1730 
f 1753/1651/1719 1732/1630/1698 1686/1585/1652 
f 1686/1585/1652 1682/1581/1648 1753/1651/1719 
f 1582/1482/1548 1755/1653/1721 1740/1638/1706 
f 1740/1638/1706 1583/1483/1549 1582/1482/1548 
f 1710/1609/1676 1765/1663/1731 1756/1654/1722 
f 1756/1654/1722 1719/1617/1685 1710/1609/1676 
f 1758/1656/1724 1755/1653/1721 1582/1482/1548 
f 1582/1482/1548 1576/1476/1542 1758/1656/1724 
f 1766/1664/1732 1760/1658/1726 1599/1499/1565 
f 1599/1499/1565 1590/1490/1556 1766/1664/1732 
f 1767/1665/1733 1768/1666/1734 1769/1667/1735 
f 1769/1667/1735 1770/1668/1736 1767/1665/1733 
f 1769/1667/1735 1768/1666/1734 1771/1669/1737 
f 1771/1669/1737 1772/1670/1738 1769/1667/1735 
f 1773/1671/1739 1772/1670/1738 1771/1669/1737 
f 1774/1672/1740 1775/1673/1741 1776/1674/1742 
f 1776/1674/1742 1777/1675/1743 1774/1672/1740 
f 1775/1673/1741 1767/1665/1733 1770/1668/1736 
f 1770/1668/1736 1776/1674/1742 1775/1673/1741 
f 1778/1676/1744 1776/1674/1742 1770/1668/1736 
f 1770/1668/1736 1779/1677/1745 1778/1676/1744 
f 1770/1668/1736 1769/1667/1735 1780/1678/1746 
f 1780/1678/1746 1779/1677/1745 1770/1668/1736 
f 1781/1679/1747 1780/1678/1746 1769/1667/1735 
f 1769/1667/1735 1772/1670/1738 1781/1679/1747 
f 1773/1671/1739 1781/1679/1747 1772/1670/1738 
f 1782/1680/1748 1777/1675/1743 1776/1674/1742 
f 1776/1674/1742 1778/1676/1744 1782/1680/1748 
f 1782/1680/1748 1778/1676/1744 1783/1681/1749 
f 1783/1681/1749 1784/1682/1750 1782/1680/1748 
f 1778/1676/1744 1779/1677/1745 1785/1683/1751 
f 1785/1683/1751 1783/1681/1749 1778/1676/1744 
f 1779/1677/1745 1780/1678/1746 1786/1684/1752 
f 1786/1684/1752 1785/1683/1751 1779/1677/1745 
f 1780/1678/1746 1781/1679/1747 1787/1685/1753 
f 1787/1685/1753 1786/1684/1752 1780/1678/1746 
f 1773/1671/1739 1787/1685/1753 1781/1679/1747 
f 1783/1681/1749 1785/1683/1751 1788/1686/1754 
f 1788/1686/1754 1789/1687/1755 1783/1681/1749 
f 1785/1683/1751 1786/1684/1752 1790/1688/1756 
f 1790/1688/1756 1788/1686/1754 1785/1683/1751 
f 1786/1684/1752 1787/1685/1753 1791/1689/1757 
f 1791/1689/1757 1790/1688/1756 1786/1684/1752 
f 1773/1671/1739 1791/1689/1757 1787/1685/1753 
f 1784/1682/1750 1783/1681/1749 1789/1687/1755 
f 1789/1687/1755 1792/1690/1758 1784/1682/1750 
f 1793/1691/1759 1794/1692/1760 1792/1690/1758 
f 1792/1690/1758 1789/1687/1755 1793/1691/1759 
f 1795/1693/1761 1793/1691/1759 1789/1687/1755 
f 1789/1687/1755 1788/1686/1754 1795/1693/1761 
f 1788/1686/1754 1790/1688/1756 1796/1694/1762 
f 1796/1694/1762 1795/1693/1761 1788/1686/1754 
f 1790/1688/1756 1791/1689/1757 1797/1695/1763 
f 1797/1695/1763 1796/1694/1762 1790/1688/1756 
f 1773/1671/1739 1797/1695/1763 1791/1689/1757 
f 1795/1693/1761 1796/1694/1762 1798/1696/1764 
f 1798/1696/1764 1799/1697/1765 1795/1693/1761 
f 1796/1694/1762 1797/1695/1763 1800/1698/1766 
f 1800/1698/1766 1798/1696/1764 1796/1694/1762 
f 1773/1671/1739 1800/1698/1766 1797/1695/1763 
f 1801/1699/1767 1802/1700/1768 1794/1692/1760 
f 1794/1692/1760 1793/1691/1759 1801/1699/1767 
f 1799/1697/1765 1801/1699/1767 1793/1691/1759 
f 1793/1691/1759 1795/1693/1761 1799/1697/1765 
f 1802/1700/1768 1801/1699/1767 1803/1701/1769 
f 1803/1701/1769 1804/1702/1770 1802/1700/1768 
f 1803/1701/1769 1801/1699/1767 1799/1697/1765 
f 1799/1697/1765 1805/1703/1771 1803/1701/1769 
f 1806/1704/1772 1805/1703/1771 1799/1697/1765 
f 1799/1697/1765 1798/1696/1764 1806/1704/1772 
f 1800/1698/1766 1807/1705/1773 1806/1704/1772 
f 1806/1704/1772 1798/1696/1764 1800/1698/1766 
f 1773/1671/1739 1807/1705/1773 1800/1698/1766 
f 1806/1704/1772 1807/1705/1773 1808/1706/1774 
f 1808/1706/1774 1809/1707/1775 1806/1704/1772 
f 1773/1671/1739 1808/1706/1774 1807/1705/1773 
f 1810/1708/1776 1811/1709/1777 1804/1702/1770 
f 1804/1702/1770 1803/1701/1769 1810/1708/1776 
f 1803/1701/1769 1805/1703/1771 1812/1710/1778 
f 1812/1710/1778 1810/1708/1776 1803/1701/1769 
f 1805/1703/1771 1806/1704/1772 1809/1707/1775 
f 1809/1707/1775 1812/1710/1778 1805/1703/1771 
f 1811/1709/1777 1810/1708/1776 1813/1711/1779 
f 1813/1711/1779 1814/1712/1780 1811/1709/1777 
f 1815/1713/1781 1813/1711/1779 1810/1708/1776 
f 1810/1708/1776 1812/1710/1778 1815/1713/1781 
f 1812/1710/1778 1809/1707/1775 1816/1714/1782 
f 1816/1714/1782 1815/1713/1781 1812/1710/1778 
f 1809/1707/1775 1808/1706/1774 1817/1715/1783 
f 1817/1715/1783 1816/1714/1782 1809/1707/1775 
f 1773/1671/1739 1817/1715/1783 1808/1706/1774 
f 1818/1716/1784 1819/1717/1785 1816/1714/1782 
f 1816/1714/1782 1817/1715/1783 1818/1716/1784 
f 1773/1671/1739 1818/1716/1784 1817/1715/1783 
f 1814/1712/1780 1813/1711/1779 1820/1718/1786 
f 1820/1718/1786 1821/1719/1787 1814/1712/1780 
f 1822/1720/1788 1820/1718/1786 1813/1711/1779 
f 1813/1711/1779 1815/1713/1781 1822/1720/1788 
f 1819/1717/1785 1822/1720/1788 1815/1713/1781 
f 1815/1713/1781 1816/1714/1782 1819/1717/1785 
f 1821/1719/1787 1820/1718/1786 1823/1721/1789 
f 1823/1721/1789 1824/1722/1790 1821/1719/1787 
f 1825/1723/1791 1823/1721/1789 1820/1718/1786 
f 1820/1718/1786 1822/1720/1788 1825/1723/1791 
f 1826/1724/1792 1825/1723/1791 1822/1720/1788 
f 1822/1720/1788 1819/1717/1785 1826/1724/1792 
f 1827/1725/1793 1826/1724/1792 1819/1717/1785 
f 1819/1717/1785 1818/1716/1784 1827/1725/1793 
f 1773/1671/1739 1827/1725/1793 1818/1716/1784 
f 1773/1671/1739 1828/1726/1794 1827/1725/1793 
f 1824/1722/1790 1823/1721/1789 1829/1727/1795 
f 1829/1727/1795 1830/1728/1796 1824/1722/1790 
f 1825/1723/1791 1831/1729/1797 1829/1727/1795 
f 1829/1727/1795 1823/1721/1789 1825/1723/1791 
f 1825/1723/1791 1826/1724/1792 1832/1730/1798 
f 1832/1730/1798 1831/1729/1797 1825/1723/1791 
f 1828/1726/1794 1832/1730/1798 1826/1724/1792 
f 1826/1724/1792 1827/1725/1793 1828/1726/1794 
f 1833/1731/1799 1830/1728/1796 1829/1727/1795 
f 1829/1727/1795 1834/1732/1800 1833/1731/1799 
f 1829/1727/1795 1831/1729/1797 1835/1733/1801 
f 1835/1733/1801 1834/1732/1800 1829/1727/1795 
f 1836/1734/1802 1835/1733/1801 1831/1729/1797 
f 1831/1729/1797 1832/1730/1798 1836/1734/1802 
f 1832/1730/1798 1828/1726/1794 1837/1735/1803 
f 1837/1735/1803 1836/1734/1802 1832/1730/1798 
f 1773/1671/1739 1837/1735/1803 1828/1726/1794 
f 1773/1671/1739 1838/1736/1804 1837/1735/1803 
f 1833/1731/1799 1834/1732/1800 1839/1737/1805 
f 1839/1737/1805 1840/1738/1806 1833/1731/1799 
f 1834/1732/1800 1835/1733/1801 1841/1739/1807 
f 1841/1739/1807 1839/1737/1805 1834/1732/1800 
f 1835/1733/1801 1836/1734/1802 1842/1740/1808 
f 1842/1740/1808 1841/1739/1807 1835/1733/1801 
f 1838/1736/1804 1842/1740/1808 1836/1734/1802 
f 1836/1734/1802 1837/1735/1803 1838/1736/1804 
f 1839/1737/1805 1841/1739/1807 1843/1741/1809 
f 1843/1741/1809 1844/1742/1810 1839/1737/1805 
f 1841/1739/1807 1842/1740/1808 1845/1743/1811 
f 1845/1743/1811 1843/1741/1809 1841/1739/1807 
f 1846/1744/1812 1845/1743/1811 1842/1740/1808 
f 1842/1740/1808 1838/1736/1804 1846/1744/1812 
f 1773/1671/1739 1846/1744/1812 1838/1736/1804 
f 1840/1738/1806 1839/1737/1805 1844/1742/1810 
f 1844/1742/1810 1847/1745/1813 1840/1738/1806 
f 1848/1746/1814 1849/1747/1815 1847/1745/1813 
f 1847/1745/1813 1844/1742/1810 1848/1746/1814 
f 1844/1742/1810 1843/1741/1809 1850/1748/1816 
f 1850/1748/1816 1848/1746/1814 1844/1742/1810 
f 1843/1741/1809 1845/1743/1811 1851/1749/1817 
f 1851/1749/1817 1850/1748/1816 1843/1741/1809 
f 1852/1750/1818 1851/1749/1817 1845/1743/1811 
f 1845/1743/1811 1846/1744/1812 1852/1750/1818 
f 1773/1671/1739 1852/1750/1818 1846/1744/1812 
f 1850/1748/1816 1851/1749/1817 1853/1751/1819 
f 1853/1751/1819 1854/1752/1820 1850/1748/1816 
f 1851/1749/1817 1852/1750/1818 1855/1753/1821 
f 1855/1753/1821 1853/1751/1819 1851/1749/1817 
f 1773/1671/1739 1855/1753/1821 1852/1750/1818 
f 1856/1754/1822 1857/1755/1823 1849/1747/1815 
f 1849/1747/1815 1848/1746/1814 1856/1754/1822 
f 1848/1746/1814 1850/1748/1816 1854/1752/1820 
f 1854/1752/1820 1856/1754/1822 1848/1746/1814 
f 1857/1755/1823 1856/1754/1822 1858/1756/1824 
f 1858/1756/1824 1859/1757/1825 1857/1755/1823 
f 1860/1758/1826 1858/1756/1824 1856/1754/1822 
f 1856/1754/1822 1854/1752/1820 1860/1758/1826 
f 1854/1752/1820 1853/1751/1819 1861/1759/1827 
f 1861/1759/1827 1860/1758/1826 1854/1752/1820 
f 1853/1751/1819 1855/1753/1821 1862/1760/1828 
f 1862/1760/1828 1861/1759/1827 1853/1751/1819 
f 1773/1671/1739 1862/1760/1828 1855/1753/1821 
f 1860/1758/1826 1861/1759/1827 1863/1761/1829 
f 1863/1761/1829 1864/1762/1830 1860/1758/1826 
f 1861/1759/1827 1862/1760/1828 1865/1763/1831 
f 1865/1763/1831 1863/1761/1829 1861/1759/1827 
f 1773/1671/1739 1865/1763/1831 1862/1760/1828 
f 1859/1757/1825 1858/1756/1824 1866/1764/1832 
f 1866/1764/1832 1867/1765/1833 1859/1757/1825 
f 1858/1756/1824 1860/1758/1826 1864/1762/1830 
f 1864/1762/1830 1866/1764/1832 1858/1756/1824 
f 1868/1766/1834 1869/1767/1835 1867/1765/1833 
f 1867/1765/1833 1866/1764/1832 1868/1766/1834 
f 1866/1764/1832 1864/1762/1830 1870/1768/1836 
f 1870/1768/1836 1868/1766/1834 1866/1764/1832 
f 1864/1762/1830 1863/1761/1829 1871/1769/1837 
f 1871/1769/1837 1870/1768/1836 1864/1762/1830 
f 1863/1761/1829 1865/1763/1831 1872/1770/1838 
f 1872/1770/1838 1871/1769/1837 1863/1761/1829 
f 1773/1671/1739 1872/1770/1838 1865/1763/1831 
f 1871/1769/1837 1872/1770/1838 1873/1771/1839 
f 1873/1771/1839 1874/1772/1840 1871/1769/1837 
f 1773/1671/1739 1873/1771/1839 1872/1770/1838 
f 1875/1773/1841 1876/1774/1842 1869/1767/1835 
f 1869/1767/1835 1868/1766/1834 1875/1773/1841 
f 1877/1775/1843 1875/1773/1841 1868/1766/1834 
f 1868/1766/1834 1870/1768/1836 1877/1775/1843 
f 1874/1772/1840 1877/1775/1843 1870/1768/1836 
f 1870/1768/1836 1871/1769/1837 1874/1772/1840 
f 1878/1776/1844 1879/1777/1845 1876/1774/1842 
f 1876/1774/1842 1875/1773/1841 1878/1776/1844 
f 1880/1778/1846 1878/1776/1844 1875/1773/1841 
f 1875/1773/1841 1877/1775/1843 1880/1778/1846 
f 1881/1779/1847 1880/1778/1846 1877/1775/1843 
f 1877/1775/1843 1874/1772/1840 1881/1779/1847 
f 1874/1772/1840 1873/1771/1839 1882/1780/1848 
f 1882/1780/1848 1881/1779/1847 1874/1772/1840 
f 1773/1671/1739 1882/1780/1848 1873/1771/1839 
f 1883/1781/1849 1881/1779/1847 1882/1780/1848 
f 1882/1780/1848 1884/1782/1850 1883/1781/1849 
f 1773/1671/1739 1884/1782/1850 1882/1780/1848 
f 1878/1776/1844 1885/1783/1851 1886/1784/1852 
f 1886/1784/1852 1879/1777/1845 1878/1776/1844 
f 1878/1776/1844 1880/1778/1846 1887/1785/1853 
f 1887/1785/1853 1885/1783/1851 1878/1776/1844 
f 1883/1781/1849 1887/1785/1853 1880/1778/1846 
f 1880/1778/1846 1881/1779/1847 1883/1781/1849 
f 1886/1784/1852 1885/1783/1851 1888/1786/1854 
f 1888/1786/1854 1889/1787/1855 1886/1784/1852 
f 1890/1788/1856 1888/1786/1854 1885/1783/1851 
f 1885/1783/1851 1887/1785/1853 1890/1788/1856 
f 1887/1785/1853 1883/1781/1849 1891/1789/1857 
f 1891/1789/1857 1890/1788/1856 1887/1785/1853 
f 1883/1781/1849 1884/1782/1850 1892/1790/1858 
f 1892/1790/1858 1891/1789/1857 1883/1781/1849 
f 1773/1671/1739 1892/1790/1858 1884/1782/1850 
f 1773/1671/1739 1893/1791/1859 1892/1790/1858 
f 1889/1787/1855 1888/1786/1854 1894/1792/1860 
f 1894/1792/1860 1895/1793/1861 1889/1787/1855 
f 1888/1786/1854 1890/1788/1856 1896/1794/1862 
f 1896/1794/1862 1894/1792/1860 1888/1786/1854 
f 1897/1795/1863 1896/1794/1862 1890/1788/1856 
f 1890/1788/1856 1891/1789/1857 1897/1795/1863 
f 1891/1789/1857 1892/1790/1858 1893/1791/1859 
f 1893/1791/1859 1897/1795/1863 1891/1789/1857 
f 1894/1792/1860 1896/1794/1862 1898/1796/1864 
f 1898/1796/1864 1899/1797/1865 1894/1792/1860 
f 1900/1798/1866 1898/1796/1864 1896/1794/1862 
f 1896/1794/1862 1897/1795/1863 1900/1798/1866 
f 1901/1799/1867 1900/1798/1866 1897/1795/1863 
f 1897/1795/1863 1893/1791/1859 1901/1799/1867 
f 1773/1671/1739 1901/1799/1867 1893/1791/1859 
f 1895/1793/1861 1894/1792/1860 1899/1797/1865 
f 1899/1797/1865 1902/1800/1868 1895/1793/1861 
f 1902/1800/1868 1899/1797/1865 1903/1801/1869 
f 1903/1801/1869 1904/1802/1870 1902/1800/1868 
f 1899/1797/1865 1898/1796/1864 1905/1803/1871 
f 1905/1803/1871 1903/1801/1869 1899/1797/1865 
f 1906/1804/1872 1905/1803/1871 1898/1796/1864 
f 1898/1796/1864 1900/1798/1866 1906/1804/1872 
f 1907/1805/1873 1906/1804/1872 1900/1798/1866 
f 1900/1798/1866 1901/1799/1867 1907/1805/1873 
f 1773/1671/1739 1907/1805/1873 1901/1799/1867 
f 1903/1801/1869 1905/1803/1871 1908/1806/1874 
f 1908/1806/1874 1909/1807/1875 1903/1801/1869 
f 1910/1808/1876 1908/1806/1874 1905/1803/1871 
f 1905/1803/1871 1906/1804/1872 1910/1808/1876 
f 1906/1804/1872 1907/1805/1873 1911/1809/1877 
f 1911/1809/1877 1910/1808/1876 1906/1804/1872 
f 1773/1671/1739 1911/1809/1877 1907/1805/1873 
f 1904/1802/1870 1903/1801/1869 1909/1807/1875 
f 1909/1807/1875 1912/1810/1878 1904/1802/1870 
f 1913/1811/1879 1914/1812/1880 1912/1810/1878 
f 1912/1810/1878 1909/1807/1875 1913/1811/1879 
f 1913/1811/1879 1909/1807/1875 1908/1806/1874 
f 1908/1806/1874 1915/1813/1881 1913/1811/1879 
f 1916/1814/1882 1915/1813/1881 1908/1806/1874 
f 1908/1806/1874 1910/1808/1876 1916/1814/1882 
f 1917/1815/1883 1916/1814/1882 1910/1808/1876 
f 1910/1808/1876 1911/1809/1877 1917/1815/1883 
f 1773/1671/1739 1917/1815/1883 1911/1809/1877 
f 1916/1814/1882 1918/1816/1884 1919/1817/1885 
f 1919/1817/1885 1915/1813/1881 1916/1814/1882 
f 1824/1722/1790 1830/1728/1796 1920/1818/1886 
f 1920/1818/1886 1921/1819/1887 1824/1722/1790 
f 1918/1816/1884 1916/1814/1882 1917/1815/1883 
f 1917/1815/1883 1922/1820/1888 1918/1816/1884 
f 1777/1675/1743 1923/1821/1889 1924/1822/1890 
f 1924/1822/1890 1774/1672/1740 1777/1675/1743 
f 1886/1784/1852 1925/1823/1891 1926/1824/1892 
f 1926/1824/1892 1879/1777/1845 1886/1784/1852 
f 1773/1671/1739 1922/1820/1888 1917/1815/1883 
f 1927/1825/1893 1867/1765/1833 1869/1767/1835 
f 1869/1767/1835 1928/1826/1894 1927/1825/1893 
f 1811/1709/1777 1814/1712/1780 1929/1827/1895 
f 1929/1827/1895 1930/1828/1896 1811/1709/1777 
f 1931/1829/1897 1932/1830/1898 1933/1831/1899 
f 1933/1831/1899 1934/1832/1900 1931/1829/1897 
f 1840/1738/1806 1847/1745/1813 1935/1833/1901 
f 1935/1833/1901 1936/1834/1902 1840/1738/1806 
f 1895/1793/1861 1902/1800/1868 1937/1835/1903 
f 1937/1835/1903 1938/1836/1904 1895/1793/1861 
f 1777/1675/1743 1782/1680/1748 1939/1837/1905 
f 1939/1837/1905 1923/1821/1889 1777/1675/1743 
f 1913/1811/1879 1940/1838/1906 1931/1829/1897 
f 1931/1829/1897 1914/1812/1880 1913/1811/1879 
f 1941/1839/1907 1942/1840/1908 1857/1755/1823 
f 1857/1755/1823 1859/1757/1825 1941/1839/1907 
f 1915/1813/1881 1919/1817/1885 1940/1838/1906 
f 1940/1838/1906 1913/1811/1879 1915/1813/1881 
f 1814/1712/1780 1821/1719/1787 1943/1841/1909 
f 1943/1841/1909 1929/1827/1895 1814/1712/1780 
f 1944/1842/1910 1945/1843/1911 1802/1700/1768 
f 1802/1700/1768 1804/1702/1770 1944/1842/1910 
f 1946/1844/1912 1928/1826/1894 1869/1767/1835 
f 1869/1767/1835 1876/1774/1842 1946/1844/1912 
f 1830/1728/1796 1833/1731/1799 1947/1845/1913 
f 1947/1845/1913 1920/1818/1886 1830/1728/1796 
f 1932/1830/1898 1931/1829/1897 1940/1838/1906 
f 1940/1838/1906 1948/1846/1914 1932/1830/1898 
f 1949/1847/1915 1912/1810/1878 1914/1812/1880 
f 1914/1812/1880 1950/1848/1916 1949/1847/1915 
f 1948/1846/1914 1940/1838/1906 1919/1817/1885 
f 1919/1817/1885 1951/1849/1917 1948/1846/1914 
f 1933/1831/1899 1932/1830/1898 1774/1672/1740 
f 1774/1672/1740 1924/1822/1890 1933/1831/1899 
f 1951/1849/1917 1919/1817/1885 1918/1816/1884 
f 1918/1816/1884 1952/1850/1918 1951/1849/1917 
f 1792/1690/1758 1794/1692/1760 1953/1851/1919 
f 1953/1851/1919 1954/1852/1920 1792/1690/1758 
f 1918/1816/1884 1922/1820/1888 1955/1853/1921 
f 1955/1853/1921 1952/1850/1918 1918/1816/1884 
f 1956/1854/1922 1925/1823/1891 1886/1784/1852 
f 1886/1784/1852 1889/1787/1855 1956/1854/1922 
f 1930/1828/1896 1944/1842/1910 1804/1702/1770 
f 1804/1702/1770 1811/1709/1777 1930/1828/1896 
f 1773/1671/1739 1955/1853/1921 1922/1820/1888 
f 1921/1819/1887 1943/1841/1909 1821/1719/1787 
f 1821/1719/1787 1824/1722/1790 1921/1819/1887 
f 1941/1839/1907 1859/1757/1825 1867/1765/1833 
f 1867/1765/1833 1927/1825/1893 1941/1839/1907 
f 1767/1665/1733 1951/1849/1917 1952/1850/1918 
f 1952/1850/1918 1768/1666/1734 1767/1665/1733 
f 1847/1745/1813 1849/1747/1815 1957/1855/1923 
f 1957/1855/1923 1935/1833/1901 1847/1745/1813 
f 1952/1850/1918 1955/1853/1921 1771/1669/1737 
f 1771/1669/1737 1768/1666/1734 1952/1850/1918 
f 1902/1800/1868 1904/1802/1870 1958/1856/1924 
f 1958/1856/1924 1937/1835/1903 1902/1800/1868 
f 1782/1680/1748 1784/1682/1750 1959/1857/1925 
f 1959/1857/1925 1939/1837/1905 1782/1680/1748 
f 1773/1671/1739 1771/1669/1737 1955/1853/1921 
f 1931/1829/1897 1934/1832/1900 1950/1848/1916 
f 1950/1848/1916 1914/1812/1880 1931/1829/1897 
f 1947/1845/1913 1833/1731/1799 1840/1738/1806 
f 1840/1738/1806 1936/1834/1902 1947/1845/1913 
f 1945/1843/1911 1953/1851/1919 1794/1692/1760 
f 1794/1692/1760 1802/1700/1768 1945/1843/1911 
f 1895/1793/1861 1938/1836/1904 1956/1854/1922 
f 1956/1854/1922 1889/1787/1855 1895/1793/1861 
f 1849/1747/1815 1857/1755/1823 1942/1840/1908 
f 1942/1840/1908 1957/1855/1923 1849/1747/1815 
f 1946/1844/1912 1876/1774/1842 1879/1777/1845 
f 1879/1777/1845 1926/1824/1892 1946/1844/1912 
f 1774/1672/1740 1932/1830/1898 1948/1846/1914 
f 1948/1846/1914 1775/1673/1741 1774/1672/1740 
f 1949/1847/1915 1958/1856/1924 1904/1802/1870 
f 1904/1802/1870 1912/1810/1878 1949/1847/1915 
f 1775/1673/1741 1948/1846/1914 1951/1849/1917 
f 1951/1849/1917 1767/1665/1733 1775/1673/1741 
f 1954/1852/1920 1959/1857/1925 1784/1682/1750 
f 1784/1682/1750 1792/1690/1758 1954/1852/1920 
f 1960/1858/1926 1961/1859/1927 1962/1860/1928 
f 1962/1860/1928 1963/1861/1929 1960/1858/1926 
f 1960/1858/1926 1963/1861/1929 1964/1862/1930 
f 1964/1862/1930 1965/1862/1931 1960/1858/1926 
f 1966/1863/1932 1965/1862/1931 1964/1862/1930 
f 1967/1864/1933 1968/1865/1934 1969/1866/1935 
f 1969/1866/1935 1970/1867/1936 1967/1864/1933 
f 1961/1859/1927 1969/1866/1935 1968/1865/1934 
f 1968/1865/1934 1962/1860/1928 1961/1859/1927 
f 1969/1866/1935 1961/1859/1927 1971/1868/1937 
f 1971/1868/1937 1972/1869/1938 1969/1866/1935 
f 1961/1859/1927 1960/1858/1926 1973/1870/1939 
f 1973/1870/1939 1971/1868/1937 1961/1859/1927 
f 1960/1858/1926 1965/1862/1931 1974/1871/1940 
f 1974/1871/1940 1973/1870/1939 1960/1858/1926 
f 1966/1863/1932 1974/1871/1940 1965/1862/1931 
f 1970/1867/1936 1969/1866/1935 1972/1869/1938 
f 1972/1869/1938 1975/1872/1941 1970/1867/1936 
f 1976/1873/1942 1977/1874/1943 1975/1872/1941 
f 1975/1872/1941 1972/1869/1938 1976/1873/1942 
f 1972/1869/1938 1971/1868/1937 1978/1875/1944 
f 1978/1875/1944 1976/1873/1942 1972/1869/1938 
f 1971/1868/1937 1973/1870/1939 1979/1876/1945 
f 1979/1876/1945 1978/1875/1944 1971/1868/1937 
f 1973/1870/1939 1974/1871/1940 1980/1877/1946 
f 1980/1877/1946 1979/1876/1945 1973/1870/1939 
f 1966/1863/1932 1980/1877/1946 1974/1871/1940 
f 1981/1878/1947 1982/1879/1948 1976/1873/1942 
f 1976/1873/1942 1978/1875/1944 1981/1878/1947 
f 1983/1880/1949 1981/1878/1947 1978/1875/1944 
f 1978/1875/1944 1979/1876/1945 1983/1880/1949 
f 1979/1876/1945 1980/1877/1946 1984/1881/1950 
f 1984/1881/1950 1983/1880/1949 1979/1876/1945 
f 1966/1863/1932 1984/1881/1950 1980/1877/1946 
f 1982/1879/1948 1985/1882/1951 1977/1874/1943 
f 1977/1874/1943 1976/1873/1942 1982/1879/1948 
f 1986/1883/1952 1987/1884/1953 1985/1882/1951 
f 1985/1882/1951 1982/1879/1948 1986/1883/1952 
f 1988/1885/1954 1986/1883/1952 1982/1879/1948 
f 1982/1879/1948 1981/1878/1947 1988/1885/1954 
f 1989/1886/1955 1988/1885/1954 1981/1878/1947 
f 1981/1878/1947 1983/1880/1949 1989/1886/1955 
f 1983/1880/1949 1984/1881/1950 1990/1887/1956 
f 1990/1887/1956 1989/1886/1955 1983/1880/1949 
f 1966/1863/1932 1990/1887/1956 1984/1881/1950 
f 1991/1888/1957 1992/1889/1958 1988/1885/1954 
f 1988/1885/1954 1989/1886/1955 1991/1888/1957 
f 1991/1888/1957 1989/1886/1955 1990/1887/1956 
f 1990/1887/1956 1993/1890/1959 1991/1888/1957 
f 1966/1863/1932 1993/1890/1959 1990/1887/1956 
f 1986/1883/1952 1994/1891/1960 1995/1892/1961 
f 1995/1892/1961 1987/1884/1953 1986/1883/1952 
f 1986/1883/1952 1988/1885/1954 1992/1889/1958 
f 1992/1889/1958 1994/1891/1960 1986/1883/1952 
f 1995/1892/1961 1994/1891/1960 1996/1893/1962 
f 1996/1893/1962 1997/1894/1963 1995/1892/1961 
f 1998/1895/1964 1996/1893/1962 1994/1891/1960 
f 1994/1891/1960 1992/1889/1958 1998/1895/1964 
f 1992/1889/1958 1991/1888/1957 1999/1896/1965 
f 1999/1896/1965 1998/1895/1964 1992/1889/1958 
f 1991/1888/1957 1993/1890/1959 2000/1897/1966 
f 2000/1897/1966 1999/1896/1965 1991/1888/1957 
f 1966/1863/1932 2000/1897/1966 1993/1890/1959 
f 1999/1896/1965 2000/1897/1966 2001/1898/1967 
f 2001/1898/1967 2002/1899/1968 1999/1896/1965 
f 1966/1863/1932 2001/1898/1967 2000/1897/1966 
f 1997/1894/1963 1996/1893/1962 2003/1900/1969 
f 2003/1900/1969 2004/1901/1970 1997/1894/1963 
f 1996/1893/1962 1998/1895/1964 2005/1902/1971 
f 2005/1902/1971 2003/1900/1969 1996/1893/1962 
f 2002/1899/1968 2005/1902/1971 1998/1895/1964 
f 1998/1895/1964 1999/1896/1965 2002/1899/1968 
f 2004/1901/1970 2003/1900/1969 2006/1903/1972 
f 2006/1903/1972 2007/1904/1973 2004/1901/1970 
f 2003/1900/1969 2005/1902/1971 2008/1905/1974 
f 2008/1905/1974 2006/1903/1972 2003/1900/1969 
f 2009/1906/1975 2008/1905/1974 2005/1902/1971 
f 2005/1902/1971 2002/1899/1968 2009/1906/1975 
f 2010/1907/1976 2009/1906/1975 2002/1899/1968 
f 2002/1899/1968 2001/1898/1967 2010/1907/1976 
f 1966/1863/1932 2010/1907/1976 2001/1898/1967 
f 2011/1908/1977 2012/1909/1978 2009/1906/1975 
f 2009/1906/1975 2010/1907/1976 2011/1908/1977 
f 1966/1863/1932 2011/1908/1977 2010/1907/1976 
f 2007/1904/1973 2006/1903/1972 2013/1910/1979 
f 2013/1910/1979 2014/1911/1980 2007/1904/1973 
f 2006/1903/1972 2008/1905/1974 2015/1912/1981 
f 2015/1912/1981 2013/1910/1979 2006/1903/1972 
f 2012/1909/1978 2015/1912/1981 2008/1905/1974 
f 2008/1905/1974 2009/1906/1975 2012/1909/1978 
f 2014/1911/1980 2013/1910/1979 2016/1913/1982 
f 2016/1913/1982 2017/1914/1983 2014/1911/1980 
f 2013/1910/1979 2015/1912/1981 2018/1915/1984 
f 2018/1915/1984 2016/1913/1982 2013/1910/1979 
f 2019/1916/1985 2018/1915/1984 2015/1912/1981 
f 2015/1912/1981 2012/1909/1978 2019/1916/1985 
f 2012/1909/1978 2011/1908/1977 2020/1917/1986 
f 2020/1917/1986 2019/1916/1985 2012/1909/1978 
f 1966/1863/1932 2020/1917/1986 2011/1908/1977 
f 1966/1863/1932 2021/1918/1987 2020/1917/1986 
f 2022/1919/1988 2023/1920/1989 2017/1914/1983 
f 2017/1914/1983 2016/1913/1982 2022/1919/1988 
f 2018/1915/1984 2024/1921/1990 2022/1919/1988 
f 2022/1919/1988 2016/1913/1982 2018/1915/1984 
f 2018/1915/1984 2019/1916/1985 2025/1922/1991 
f 2025/1922/1991 2024/1921/1990 2018/1915/1984 
f 2021/1918/1987 2025/1922/1991 2019/1916/1985 
f 2019/1916/1985 2020/1917/1986 2021/1918/1987 
f 2023/1920/1989 2022/1919/1988 2026/1923/1992 
f 2026/1923/1992 2027/1924/1993 2023/1920/1989 
f 2022/1919/1988 2024/1921/1990 2028/1925/1994 
f 2028/1925/1994 2026/1923/1992 2022/1919/1988 
f 2024/1921/1990 2025/1922/1991 2029/1926/1995 
f 2029/1926/1995 2028/1925/1994 2024/1921/1990 
f 2025/1922/1991 2021/1918/1987 2030/1927/1996 
f 2030/1927/1996 2029/1926/1995 2025/1922/1991 
f 1966/1863/1932 2030/1927/1996 2021/1918/1987 
f 1966/1863/1932 2031/1928/1997 2030/1927/1996 
f 2027/1924/1993 2026/1923/1992 2032/1929/1998 
f 2032/1929/1998 2033/1930/1999 2027/1924/1993 
f 2026/1923/1992 2028/1925/1994 2034/1931/2000 
f 2034/1931/2000 2032/1929/1998 2026/1923/1992 
f 2028/1925/1994 2029/1926/1995 2035/1932/2001 
f 2035/1932/2001 2034/1931/2000 2028/1925/1994 
f 2029/1926/1995 2030/1927/1996 2031/1928/1997 
f 2031/1928/1997 2035/1932/2001 2029/1926/1995 
f 2036/1933/2002 2037/1934/2003 2032/1929/1998 
f 2032/1929/1998 2034/1931/2000 2036/1933/2002 
f 2034/1931/2000 2035/1932/2001 2038/1935/2004 
f 2038/1935/2004 2036/1933/2002 2034/1931/2000 
f 2035/1932/2001 2031/1928/1997 2039/1936/2005 
f 2039/1936/2005 2038/1935/2004 2035/1932/2001 
f 1966/1863/1932 2039/1936/2005 2031/1928/1997 
f 2037/1934/2003 2040/1937/2006 2033/1930/1999 
f 2033/1930/1999 2032/1929/1998 2037/1934/2003 
f 2041/1938/2007 2042/1939/2008 2040/1937/2006 
f 2040/1937/2006 2037/1934/2003 2041/1938/2007 
f 2043/1940/2009 2041/1938/2007 2037/1934/2003 
f 2037/1934/2003 2036/1933/2002 2043/1940/2009 
f 2036/1933/2002 2038/1935/2004 2044/1941/2010 
f 2044/1941/2010 2043/1940/2009 2036/1933/2002 
f 2038/1935/2004 2039/1936/2005 2045/1942/2011 
f 2045/1942/2011 2044/1941/2010 2038/1935/2004 
f 1966/1863/1932 2045/1942/2011 2039/1936/2005 
f 2046/1943/2012 2043/1940/2009 2044/1941/2010 
f 2044/1941/2010 2047/1944/2013 2046/1943/2012 
f 2047/1944/2013 2044/1941/2010 2045/1942/2011 
f 2045/1942/2011 2048/1942/2014 2047/1944/2013 
f 1966/1863/1932 2048/1942/2014 2045/1942/2011 
f 2042/1939/2008 2041/1938/2007 2049/1945/2015 
f 2049/1945/2015 2050/1946/2016 2042/1939/2008 
f 2046/1943/2012 2049/1945/2015 2041/1938/2007 
f 2041/1938/2007 2043/1940/2009 2046/1943/2012 
f 2051/1947/2017 2052/1948/2018 2050/1946/2016 
f 2050/1946/2016 2049/1945/2015 2051/1947/2017 
f 2049/1945/2015 2046/1943/2012 2053/1949/2019 
f 2053/1949/2019 2051/1947/2017 2049/1945/2015 
f 2046/1943/2012 2047/1944/2013 2054/1950/2020 
f 2054/1950/2020 2053/1949/2019 2046/1943/2012 
f 2047/1944/2013 2048/1942/2014 2055/1951/2021 
f 2055/1951/2021 2054/1950/2020 2047/1944/2013 
f 1966/1863/1932 2055/1951/2021 2048/1942/2014 
f 2053/1949/2019 2054/1950/2020 2056/1952/2022 
f 2056/1952/2022 2057/1953/2023 2053/1949/2019 
f 2054/1950/2020 2055/1951/2021 2058/1954/2024 
f 2058/1954/2024 2056/1952/2022 2054/1950/2020 
f 1966/1863/1932 2058/1954/2024 2055/1951/2021 
f 2052/1948/2018 2051/1947/2017 2059/1955/2025 
f 2059/1955/2025 2060/1956/2026 2052/1948/2018 
f 2057/1953/2023 2059/1955/2025 2051/1947/2017 
f 2051/1947/2017 2053/1949/2019 2057/1953/2023 
f 2060/1956/2026 2059/1955/2025 2061/1957/2027 
f 2061/1957/2027 2062/1958/2028 2060/1956/2026 
f 2063/1959/2029 2061/1957/2027 2059/1955/2025 
f 2059/1955/2025 2057/1953/2023 2063/1959/2029 
f 2064/1960/2030 2063/1959/2029 2057/1953/2023 
f 2057/1953/2023 2056/1952/2022 2064/1960/2030 
f 2065/1961/2031 2064/1960/2030 2056/1952/2022 
f 2056/1952/2022 2058/1954/2024 2065/1961/2031 
f 1966/1863/1932 2065/1961/2031 2058/1954/2024 
f 2066/1962/2032 2067/1963/2033 2064/1960/2030 
f 2064/1960/2030 2065/1961/2031 2066/1962/2032 
f 1966/1863/1932 2066/1962/2032 2065/1961/2031 
f 2062/1958/2028 2061/1957/2027 2068/1964/2034 
f 2068/1964/2034 2069/1965/2035 2062/1958/2028 
f 2070/1966/2036 2068/1964/2034 2061/1957/2027 
f 2061/1957/2027 2063/1959/2029 2070/1966/2036 
f 2067/1963/2033 2070/1966/2036 2063/1959/2029 
f 2063/1959/2029 2064/1960/2030 2067/1963/2033 
f 2069/1965/2035 2068/1964/2034 2071/1967/2037 
f 2071/1967/2037 2072/1968/2038 2069/1965/2035 
f 2068/1964/2034 2070/1966/2036 2073/1969/2039 
f 2073/1969/2039 2071/1967/2037 2068/1964/2034 
f 2067/1963/2033 2074/1970/2040 2073/1969/2039 
f 2073/1969/2039 2070/1966/2036 2067/1963/2033 
f 2067/1963/2033 2066/1962/2032 2075/1971/2041 
f 2075/1971/2041 2074/1970/2040 2067/1963/2033 
f 1966/1863/1932 2075/1971/2041 2066/1962/2032 
f 2074/1970/2040 2075/1971/2041 2076/1972/2042 
f 2076/1972/2042 2077/1973/2043 2074/1970/2040 
f 1966/1863/1932 2076/1972/2042 2075/1971/2041 
f 2072/1968/2038 2071/1967/2037 2078/1974/2044 
f 2078/1974/2044 2079/1975/2045 2072/1968/2038 
f 2071/1967/2037 2073/1969/2039 2080/1976/2046 
f 2080/1976/2046 2078/1974/2044 2071/1967/2037 
f 2077/1973/2043 2080/1976/2046 2073/1969/2039 
f 2073/1969/2039 2074/1970/2040 2077/1973/2043 
f 2079/1975/2045 2078/1974/2044 2081/1977/2047 
f 2081/1977/2047 2082/1978/2048 2079/1975/2045 
f 2078/1974/2044 2080/1976/2046 2083/1979/2049 
f 2083/1979/2049 2081/1977/2047 2078/1974/2044 
f 2080/1976/2046 2077/1973/2043 2084/1980/2050 
f 2084/1980/2050 2083/1979/2049 2080/1976/2046 
f 2085/1981/2051 2084/1980/2050 2077/1973/2043 
f 2077/1973/2043 2076/1972/2042 2085/1981/2051 
f 1966/1863/1932 2085/1981/2051 2076/1972/2042 
f 1966/1863/1932 2086/1982/2052 2085/1981/2051 
f 2082/1978/2048 2081/1977/2047 2087/1983/2053 
f 2087/1983/2053 2088/1984/2054 2082/1978/2048 
f 2081/1977/2047 2083/1979/2049 2089/1985/2055 
f 2089/1985/2055 2087/1983/2053 2081/1977/2047 
f 2083/1979/2049 2084/1980/2050 2090/1986/2056 
f 2090/1986/2056 2089/1985/2055 2083/1979/2049 
f 2086/1982/2052 2090/1986/2056 2084/1980/2050 
f 2084/1980/2050 2085/1981/2051 2086/1982/2052 
f 2087/1983/2053 2089/1985/2055 2091/1987/2057 
f 2091/1987/2057 2092/1988/2058 2087/1983/2053 
f 2089/1985/2055 2090/1986/2056 2093/1989/2059 
f 2093/1989/2059 2091/1987/2057 2089/1985/2055 
f 2094/1990/2060 2093/1989/2059 2090/1986/2056 
f 2090/1986/2056 2086/1982/2052 2094/1990/2060 
f 1966/1863/1932 2094/1990/2060 2086/1982/2052 
f 2092/1988/2058 2095/1991/2061 2088/1984/2054 
f 2088/1984/2054 2087/1983/2053 2092/1988/2058 
f 2096/1992/2062 2097/1993/2063 2095/1991/2061 
f 2095/1991/2061 2092/1988/2058 2096/1992/2062 
f 2092/1988/2058 2091/1987/2057 2098/1994/2064 
f 2098/1994/2064 2096/1992/2062 2092/1988/2058 
f 2091/1987/2057 2093/1989/2059 2099/1995/2065 
f 2099/1995/2065 2098/1994/2064 2091/1987/2057 
f 2094/1990/2060 2100/1996/2066 2099/1995/2065 
f 2099/1995/2065 2093/1989/2059 2094/1990/2060 
f 1966/1863/1932 2100/1996/2066 2094/1990/2060 
f 2101/1997/2067 2096/1992/2062 2098/1994/2064 
f 2098/1994/2064 2102/1998/2068 2101/1997/2067 
f 2102/1998/2068 2098/1994/2064 2099/1995/2065 
f 2099/1995/2065 2103/1999/2069 2102/1998/2068 
f 2099/1995/2065 2100/1996/2066 2104/2000/2070 
f 2104/2000/2070 2103/1999/2069 2099/1995/2065 
f 1966/1863/1932 2104/2000/2070 2100/1996/2066 
f 2101/1997/2067 2105/2001/2071 2097/1993/2063 
f 2097/1993/2063 2096/1992/2062 2101/1997/2067 
f 2106/2002/2072 2107/2003/2073 2105/2001/2071 
f 2105/2001/2071 2101/1997/2067 2106/2002/2072 
f 2102/1998/2068 2108/2004/2074 2106/2002/2072 
f 2106/2002/2072 2101/1997/2067 2102/1998/2068 
f 2102/1998/2068 2103/1999/2069 2109/2005/2075 
f 2109/2005/2075 2108/2004/2074 2102/1998/2068 
f 2110/2006/2076 2109/2005/2075 2103/1999/2069 
f 2103/1999/2069 2104/2000/2070 2110/2006/2076 
f 1966/1863/1932 2110/2006/2076 2104/2000/2070 
f 2108/2004/2074 2109/2005/2075 2111/2007/2077 
f 2111/2007/2077 2112/2008/2078 2108/2004/2074 
f 2023/1920/1989 2113/2009/2079 2114/2010/2080 
f 2114/2010/2080 2017/1914/1983 2023/1920/1989 
f 2110/2006/2076 2115/2011/2081 2111/2007/2077 
f 2111/2007/2077 2109/2005/2075 2110/2006/2076 
f 1970/1867/1936 2116/2012/2082 2117/2013/2083 
f 2117/2013/2083 1967/1864/1933 1970/1867/1936 
f 2118/2014/2084 2072/1968/2038 2079/1975/2045 
f 2079/1975/2045 2119/2015/2085 2118/2014/2084 
f 1966/1863/1932 2115/2011/2081 2110/2006/2076 
f 2120/2016/2086 2060/1956/2026 2062/1958/2028 
f 2062/1958/2028 2121/2017/2087 2120/2016/2086 
f 2004/1901/1970 2007/1904/1973 2122/2018/2088 
f 2122/2018/2088 2123/2019/2089 2004/1901/1970 
f 2124/2020/2090 2125/2021/2091 2126/2022/2092 
f 2126/2022/2092 2127/2023/2093 2124/2020/2090 
f 2128/2024/2094 2129/2025/2095 2033/1930/1999 
f 2033/1930/1999 2040/1937/2006 2128/2024/2094 
f 2130/2026/2096 2088/1984/2054 2095/1991/2061 
f 2095/1991/2061 2131/2027/2097 2130/2026/2096 
f 1970/1867/1936 1975/1872/1941 2132/2028/2098 
f 2132/2028/2098 2116/2012/2082 1970/1867/1936 
f 2127/2023/2093 2107/2003/2073 2106/2002/2072 
f 2106/2002/2072 2133/2029/2099 2127/2023/2093 
f 2134/2030/2100 2050/1946/2016 2052/1948/2018 
f 2052/1948/2018 2135/2031/2101 2134/2030/2100 
f 2133/2029/2099 2106/2002/2072 2108/2004/2074 
f 2108/2004/2074 2112/2008/2078 2133/2029/2099 
f 2136/2032/2102 2122/2018/2088 2007/1904/1973 
f 2007/1904/1973 2014/1911/1980 2136/2032/2102 
f 2137/2033/2103 2138/2034/2104 1995/1892/1961 
f 1995/1892/1961 1997/1894/1963 2137/2033/2103 
f 2062/1958/2028 2069/1965/2035 2139/2035/2105 
f 2139/2035/2105 2121/2017/2087 2062/1958/2028 
f 2023/1920/1989 2027/1924/1993 2140/2036/2106 
f 2140/2036/2106 2113/2009/2079 2023/1920/1989 
f 2124/2020/2090 2127/2023/2093 2133/2029/2099 
f 2133/2029/2099 2141/2037/2107 2124/2020/2090 
f 2107/2003/2073 2142/2038/2108 2143/2039/2109 
f 2143/2039/2109 2105/2001/2071 2107/2003/2073 
f 2133/2029/2099 2112/2008/2078 2144/2040/2110 
f 2144/2040/2110 2141/2037/2107 2133/2029/2099 
f 2124/2020/2090 1967/1864/1933 2117/2013/2083 
f 2117/2013/2083 2125/2021/2091 2124/2020/2090 
f 2144/2040/2110 2112/2008/2078 2111/2007/2077 
f 2111/2007/2077 2145/2041/2111 2144/2040/2110 
f 2146/2042/2112 1985/1882/1951 1987/1884/1953 
f 1987/1884/1953 2147/2043/2113 2146/2042/2112 
f 2111/2007/2077 2115/2011/2081 2148/2044/2114 
f 2148/2044/2114 2145/2041/2111 2111/2007/2077 
f 2149/2045/2115 2119/2015/2085 2079/1975/2045 
f 2079/1975/2045 2082/1978/2048 2149/2045/2115 
f 2137/2033/2103 1997/1894/1963 2004/1901/1970 
f 2004/1901/1970 2123/2019/2089 2137/2033/2103 
f 1966/1863/1932 2148/2044/2114 2115/2011/2081 
f 2114/2010/2080 2136/2032/2102 2014/1911/1980 
f 2014/1911/1980 2017/1914/1983 2114/2010/2080 
f 2135/2031/2101 2052/1948/2018 2060/1956/2026 
f 2060/1956/2026 2120/2016/2086 2135/2031/2101 
f 1963/1861/1929 1962/1860/1928 2144/2040/2110 
f 2144/2040/2110 2145/2041/2111 1963/1861/1929 
f 2128/2024/2094 2040/1937/2006 2042/1939/2008 
f 2042/1939/2008 2150/2046/2116 2128/2024/2094 
f 2145/2041/2111 2148/2044/2114 1964/1862/1930 
f 1964/1862/1930 1963/1861/1929 2145/2041/2111 
f 2131/2027/2097 2095/1991/2061 2097/1993/2063 
f 2097/1993/2063 2151/2047/2117 2131/2027/2097 
f 1975/1872/1941 1977/1874/1943 2152/2048/2118 
f 2152/2048/2118 2132/2028/2098 1975/1872/1941 
f 1966/1863/1932 1964/1862/1930 2148/2044/2114 
f 2107/2003/2073 2127/2023/2093 2126/2022/2092 
f 2126/2022/2092 2142/2038/2108 2107/2003/2073 
f 2027/1924/1993 2033/1930/1999 2129/2025/2095 
f 2129/2025/2095 2140/2036/2106 2027/1924/1993 
f 2147/2043/2113 1987/1884/1953 1995/1892/1961 
f 1995/1892/1961 2138/2034/2104 2147/2043/2113 
f 2082/1978/2048 2088/1984/2054 2130/2026/2096 
f 2130/2026/2096 2149/2045/2115 2082/1978/2048 
f 2042/1939/2008 2050/1946/2016 2134/2030/2100 
f 2134/2030/2100 2150/2046/2116 2042/1939/2008 
f 2139/2035/2105 2069/1965/2035 2072/1968/2038 
f 2072/1968/2038 2118/2014/2084 2139/2035/2105 
f 2124/2020/2090 2141/2037/2107 1968/1865/1934 
f 1968/1865/1934 1967/1864/1933 2124/2020/2090 
f 2097/1993/2063 2105/2001/2071 2143/2039/2109 
f 2143/2039/2109 2151/2047/2117 2097/1993/2063 
f 1968/1865/1934 2141/2037/2107 2144/2040/2110 
f 2144/2040/2110 1962/1860/1928 1968/1865/1934 
f 2146/2042/2112 2152/2048/2118 1977/1874/1943 
f 1977/1874/1943 1985/1882/1951 2146/2042/2112 
f 601/505/573 2153/2049/2119 2154/2050/2120 
f 2154/2050/2120 602/506/574 601/505/573 
f 2155/2050/2121 2156/2049/2122 604/505/576 
f 604/505/576 603/506/575 2155/2050/2121 
f 2156/2049/2122 2155/2050/2121 2154/2050/2120 
f 2154/2050/2120 2153/2049/2119 2156/2049/2122 
f 604/505/576 2156/2049/2122 2153/2049/2119 
f 2153/2049/2119 601/505/573 604/505/576 
f 602/506/574 2154/2050/2120 2155/2050/2121 
f 2155/2050/2121 603/506/575 602/506/574 
f 2157/2051/2123 2158/2052/2124 2159/2053/2125 
f 2159/2053/2125 2160/2054/2126 2157/2051/2123 
f 2161/2055/2127 2158/2052/2124 2157/2051/2123 
f 2157/2051/2123 2162/2056/2128 2161/2055/2127 
f 2163/2057/2129 2161/2055/2127 2162/2056/2128 
f 2162/2056/2128 2164/2058/2130 2163/2057/2129 
f 2163/2057/2129 2164/2058/2130 2160/2054/2126 
f 2160/2054/2126 2159/2053/2125 2163/2057/2129 
f 2159/2053/2125 2158/2052/2124 2161/2055/2127 
f 2161/2055/2127 2163/2057/2129 2159/2053/2125 
f 2160/2054/2126 2164/2058/2130 2162/2056/2128 
f 2162/2056/2128 2157/2051/2123 2160/2054/2126 
f 2165/507/2121 2166/508/2122 606/508/576 
f 606/508/576 605/507/575 2165/507/2121 
f 2167/2059/2120 608/510/574 607/509/573 
f 607/509/573 2168/2060/2119 2167/2059/2120 
f 2166/508/2122 2165/507/2121 2167/2059/2120 
f 2167/2059/2120 2168/2060/2119 2166/508/2122 
f 606/508/576 2166/508/2122 2168/2060/2119 
f 2168/2060/2119 607/509/573 606/508/576 
f 605/507/575 608/510/574 2167/2059/2120 
f 2167/2059/2120 2165/507/2121 605/507/575 
f 2169/2061/2123 2170/2062/2124 2171/2063/2125 
f 2171/2063/2125 2172/2064/2126 2169/2061/2123 
f 2169/2061/2123 2173/2065/2128 2174/2066/2127 
f 2174/2066/2127 2170/2062/2124 2169/2061/2123 
f 2175/2067/2129 2174/2066/2127 2173/2065/2128 
f 2173/2065/2128 2176/2068/2130 2175/2067/2129 
f 2175/2067/2129 2176/2068/2130 2172/2064/2126 
f 2172/2064/2126 2171/2063/2125 2175/2067/2129 
f 2172/2064/2126 2176/2068/2130 2173/2065/2128 
f 2173/2065/2128 2169/2061/2123 2172/2064/2126 
f 2174/2066/2127 2175/2067/2129 2171/2063/2125 
f 2171/2063/2125 2170/2062/2124 2174/2066/2127 
# 2864 faces

