# 3ds Max Wavefront OBJ Exporter v0.99 - (c)2007 guruware
# File Created: 01.04.2025 22:42:02

mtllib lampara.mtl

#
# object lamp11
#

v  -0.0862 0.1146 -0.0950
v  0.0862 0.1146 -0.0950
v  0.0917 0.0666 -0.1010
v  -0.0917 0.0666 -0.1010
v  -0.0773 0.1211 0.0739
v  0.0773 0.1211 0.0739
v  0.0773 0.1211 -0.0739
v  -0.0773 0.1211 -0.0739
v  -0.0917 0.0666 0.1010
v  0.0917 0.0666 0.1010
v  0.0862 0.1146 0.0950
v  -0.0862 0.1146 0.0950
v  -0.1150 0.0111 -0.1100
v  0.1150 0.0111 -0.1100
v  0.1150 0.0111 0.1100
v  -0.1150 0.0111 0.1100
v  0.0994 0.1146 -0.0825
v  0.0994 0.1146 0.0825
v  0.1056 0.0666 0.0877
v  0.1056 0.0666 -0.0877
v  -0.0994 0.1146 0.0825
v  -0.0994 0.1146 -0.0825
v  -0.1056 0.0666 -0.0877
v  -0.1056 0.0666 0.0877
v  -0.0773 0.1274 -0.0739
v  0.0773 0.1274 -0.0739
v  0.0987 0.1274 -0.0944
v  -0.0987 0.1274 -0.0944
v  0.0773 0.1274 0.0739
v  0.0987 0.1274 0.0944
v  -0.0773 0.1274 0.0739
v  -0.0987 0.1274 0.0944
v  -0.1001 0.0583 -0.1003
v  0.1001 0.0583 -0.1003
v  0.1049 0.0531 -0.1003
v  -0.1049 0.0531 -0.1003
v  0.0941 0.1225 -0.0944
v  -0.0941 0.1225 -0.0944
v  -0.0941 0.1225 0.0944
v  0.0941 0.1225 0.0944
v  0.1001 0.0583 0.1003
v  0.1049 0.0531 0.1003
v  -0.1001 0.0583 0.1003
v  -0.1049 0.0531 0.1003
v  0.1049 0.0583 -0.0957
v  0.1049 0.0583 0.0957
v  0.0987 0.1225 0.0901
v  0.0987 0.1225 -0.0901
v  -0.1049 0.0583 0.0957
v  -0.1049 0.0583 -0.0957
v  -0.0987 0.1225 -0.0901
v  -0.0987 0.1225 0.0901
v  -0.1001 0.0583 -0.1041
v  0.1001 0.0583 -0.1041
v  0.0941 0.1225 -0.0980
v  -0.0941 0.1225 -0.0980
v  -0.0941 0.1225 0.0980
v  0.0941 0.1225 0.0980
v  0.1001 0.0583 0.1041
v  -0.1001 0.0583 0.1041
v  0.1089 0.0583 -0.0957
v  0.1089 0.0583 0.0957
v  0.1024 0.1225 0.0901
v  0.1024 0.1225 -0.0901
v  -0.1089 0.0583 0.0957
v  -0.1089 0.0583 -0.0957
v  -0.1024 0.1225 -0.0901
v  -0.1024 0.1225 0.0901
v  -0.0917 0.0666 -0.1041
v  0.0917 0.0666 -0.1041
v  0.0862 0.1146 -0.0980
v  -0.0862 0.1146 -0.0980
v  -0.0862 0.1146 0.0980
v  0.0862 0.1146 0.0980
v  0.0917 0.0666 0.1041
v  -0.0917 0.0666 0.1041
v  0.1089 0.0666 -0.0877
v  0.1089 0.0666 0.0877
v  0.1024 0.1146 0.0825
v  0.1024 0.1146 -0.0825
v  -0.1089 0.0666 0.0877
v  -0.1089 0.0666 -0.0877
v  -0.1024 0.1146 -0.0825
v  -0.1024 0.1146 0.0825
v  -0.1118 0.0531 0.1070
v  0.1118 0.0531 0.1070
v  0.1118 0.0531 -0.1070
v  -0.1118 0.0531 -0.1070
v  -0.0555 0.1118 -0.0599
v  -0.0552 0.1133 -0.0596
v  0.0018 0.1133 -0.0814
v  0.0018 0.1118 -0.0818
v  0.0589 0.1133 -0.0596
v  0.0592 0.1118 -0.0599
v  0.0040 1.2023 -0.0040
v  0.0001 1.2025 -0.0052
v  0.0001 1.2027 0.0000
v  0.0050 1.2025 0.0000
v  -0.0038 1.2023 -0.0040
v  -0.0049 1.2025 0.0000
v  -0.0038 1.2023 0.0041
v  0.0001 1.2025 0.0052
v  0.0040 1.2023 0.0041
v  0.0018 0.1133 0.0814
v  0.0018 0.1118 0.0818
v  0.0592 0.1118 0.0599
v  0.0589 0.1133 0.0596
v  -0.0552 0.1133 0.0596
v  -0.0555 0.1118 0.0599
v  -0.0761 0.1133 0.0000
v  -0.0765 0.1118 0.0000
v  0.0797 0.1133 0.0000
v  0.0801 0.1118 0.0000
v  0.0018 0.1457 -0.0725
v  0.0018 0.1544 -0.0637
v  0.0467 0.1547 -0.0469
v  0.0531 0.1458 -0.0535
v  -0.0494 0.1458 -0.0535
v  -0.0431 0.1547 -0.0469
v  -0.0400 0.1596 -0.0437
v  0.0018 0.1593 -0.0595
v  0.0436 0.1596 -0.0437
v  -0.0676 0.1457 0.0000
v  -0.0592 0.1544 0.0000
v  -0.0494 0.1458 0.0536
v  -0.0431 0.1547 0.0469
v  -0.0400 0.1596 0.0437
v  -0.0551 0.1593 0.0000
v  0.0018 0.1457 0.0725
v  0.0018 0.1544 0.0637
v  0.0531 0.1458 0.0536
v  0.0467 0.1547 0.0469
v  0.0436 0.1596 0.0437
v  0.0018 0.1593 0.0595
v  0.0712 0.1457 0.0000
v  0.0629 0.1544 0.0000
v  0.0587 0.1593 0.0000
v  0.0018 0.1666 -0.0554
v  0.0408 0.1668 -0.0407
v  -0.0371 0.1668 -0.0407
v  -0.0341 0.1811 -0.0375
v  0.0018 0.1810 -0.0512
v  0.0377 0.1811 -0.0375
v  -0.0512 0.1666 0.0000
v  -0.0371 0.1668 0.0407
v  -0.0341 0.1811 0.0375
v  -0.0472 0.1810 0.0000
v  0.0018 0.1666 0.0554
v  0.0408 0.1668 0.0407
v  0.0377 0.1811 0.0375
v  0.0018 0.1810 0.0512
v  0.0549 0.1666 0.0000
v  0.0508 0.1810 0.0000
v  0.0018 0.2062 -0.0472
v  0.0349 0.2062 -0.0345
v  -0.0312 0.2062 -0.0345
v  -0.0294 0.2280 -0.0326
v  0.0018 0.2280 -0.0453
v  0.0331 0.2280 -0.0326
v  -0.0433 0.2062 0.0000
v  -0.0312 0.2062 0.0345
v  -0.0294 0.2280 0.0326
v  -0.0415 0.2280 0.0000
v  0.0018 0.2062 0.0472
v  0.0349 0.2062 0.0345
v  0.0331 0.2280 0.0326
v  0.0018 0.2280 0.0453
v  0.0470 0.2062 0.0000
v  0.0452 0.2280 0.0000
v  0.0207 0.2307 -0.0196
v  0.0018 0.2307 -0.0262
v  0.0018 0.2449 -0.0305
v  0.0237 0.2449 -0.0228
v  -0.0170 0.2307 -0.0196
v  -0.0201 0.2449 -0.0228
v  -0.0238 0.2519 -0.0268
v  0.0018 0.2519 -0.0357
v  0.0274 0.2519 -0.0268
v  -0.0233 0.2307 0.0000
v  -0.0274 0.2449 0.0000
v  -0.0170 0.2307 0.0197
v  -0.0201 0.2449 0.0229
v  -0.0238 0.2519 0.0267
v  -0.0323 0.2519 0.0000
v  0.0018 0.2307 0.0262
v  0.0018 0.2449 0.0305
v  0.0207 0.2307 0.0197
v  0.0237 0.2449 0.0228
v  0.0274 0.2519 0.0267
v  0.0018 0.2519 0.0357
v  0.0269 0.2307 0.0000
v  0.0310 0.2449 0.0000
v  0.0360 0.2519 0.0000
v  0.0018 0.2559 -0.0374
v  0.0287 0.2559 -0.0280
v  -0.0250 0.2559 -0.0280
v  -0.0246 0.2585 -0.0276
v  0.0018 0.2585 -0.0369
v  0.0283 0.2585 -0.0276
v  -0.0340 0.2559 0.0000
v  -0.0250 0.2559 0.0280
v  -0.0246 0.2585 0.0276
v  -0.0335 0.2585 0.0000
v  0.0018 0.2559 0.0374
v  0.0287 0.2559 0.0281
v  0.0283 0.2585 0.0276
v  0.0018 0.2585 0.0369
v  0.0376 0.2559 0.0000
v  0.0371 0.2585 0.0000
v  0.0018 0.2612 -0.0353
v  0.0272 0.2612 -0.0265
v  -0.0235 0.2612 -0.0265
v  -0.0214 0.2656 -0.0243
v  0.0018 0.2656 -0.0323
v  0.0251 0.2656 -0.0243
v  -0.0320 0.2612 0.0000
v  -0.0235 0.2612 0.0265
v  -0.0214 0.2656 0.0243
v  -0.0292 0.2656 0.0000
v  0.0018 0.2612 0.0353
v  0.0272 0.2612 0.0265
v  0.0251 0.2656 0.0243
v  0.0018 0.2656 0.0323
v  0.0357 0.2612 0.0000
v  0.0328 0.2656 0.0000
v  0.0018 0.2727 -0.0280
v  0.0219 0.2727 -0.0210
v  -0.0183 0.2727 -0.0210
v  -0.0215 0.2740 -0.0243
v  -0.0216 0.2750 -0.0244
v  0.0018 0.2750 -0.0326
v  0.0018 0.2740 -0.0324
v  0.0252 0.2750 -0.0244
v  0.0251 0.2740 -0.0243
v  -0.0250 0.2727 0.0000
v  -0.0183 0.2727 0.0210
v  -0.0215 0.2740 0.0243
v  -0.0216 0.2750 0.0244
v  -0.0294 0.2750 0.0000
v  -0.0292 0.2740 0.0000
v  0.0018 0.2727 0.0280
v  0.0219 0.2727 0.0210
v  0.0251 0.2740 0.0243
v  0.0252 0.2750 0.0244
v  0.0018 0.2750 0.0326
v  0.0018 0.2740 0.0324
v  0.0287 0.2727 0.0000
v  0.0330 0.2750 0.0000
v  0.0329 0.2740 0.0000
v  0.0018 0.2840 -0.0339
v  0.0018 0.2950 -0.0319
v  0.0247 0.2950 -0.0239
v  0.0262 0.2840 -0.0254
v  -0.0225 0.2840 -0.0254
v  -0.0211 0.2950 -0.0239
v  -0.0216 0.3058 -0.0245
v  0.0018 0.3058 -0.0327
v  0.0253 0.3058 -0.0245
v  -0.0307 0.2840 0.0000
v  -0.0286 0.2950 0.0000
v  -0.0225 0.2840 0.0254
v  -0.0211 0.2950 0.0239
v  -0.0216 0.3058 0.0245
v  -0.0294 0.3058 0.0000
v  0.0018 0.2840 0.0339
v  0.0018 0.2950 0.0319
v  0.0262 0.2840 0.0254
v  0.0247 0.2950 0.0239
v  0.0253 0.3058 0.0245
v  0.0018 0.3058 0.0327
v  0.0343 0.2840 0.0000
v  0.0323 0.2950 0.0000
v  0.0331 0.3058 0.0000
v  0.0018 0.3144 -0.0350
v  0.0270 0.3144 -0.0262
v  -0.0233 0.3144 -0.0262
v  -0.0267 0.3141 -0.0295
v  -0.0270 0.3149 -0.0298
v  0.0018 0.3149 -0.0403
v  0.0018 0.3141 -0.0400
v  0.0306 0.3149 -0.0298
v  0.0304 0.3141 -0.0295
v  -0.0317 0.3144 0.0000
v  -0.0233 0.3144 0.0262
v  -0.0267 0.3141 0.0296
v  -0.0270 0.3149 0.0298
v  -0.0370 0.3149 0.0000
v  -0.0367 0.3141 0.0000
v  0.0018 0.3144 0.0350
v  0.0270 0.3144 0.0262
v  0.0304 0.3141 0.0296
v  0.0306 0.3149 0.0298
v  0.0018 0.3149 0.0403
v  0.0018 0.3141 0.0400
v  0.0354 0.3144 0.0000
v  0.0407 0.3149 0.0000
v  0.0403 0.3141 0.0000
v  0.0018 0.3218 -0.0428
v  0.0018 0.3285 -0.0437
v  0.0332 0.3285 -0.0325
v  0.0326 0.3218 -0.0319
v  -0.0289 0.3218 -0.0319
v  -0.0296 0.3285 -0.0325
v  -0.0284 0.3335 -0.0313
v  0.0018 0.3335 -0.0423
v  0.0320 0.3335 -0.0313
v  -0.0394 0.3218 0.0000
v  -0.0403 0.3285 0.0000
v  -0.0289 0.3218 0.0319
v  -0.0296 0.3285 0.0326
v  -0.0284 0.3335 0.0313
v  -0.0389 0.3335 0.0000
v  0.0018 0.3218 0.0429
v  0.0018 0.3285 0.0437
v  0.0326 0.3218 0.0319
v  0.0332 0.3285 0.0326
v  0.0320 0.3335 0.0313
v  0.0018 0.3335 0.0423
v  0.0431 0.3218 0.0000
v  0.0439 0.3285 0.0000
v  0.0425 0.3335 0.0000
v  0.0018 0.3339 -0.0371
v  0.0018 0.3346 -0.0367
v  0.0281 0.3346 -0.0275
v  0.0284 0.3339 -0.0278
v  -0.0248 0.3339 -0.0278
v  -0.0245 0.3346 -0.0275
v  0.0018 0.3406 -0.0329
v  -0.0218 0.3406 -0.0247
v  -0.0180 0.3485 -0.0207
v  0.0018 0.3485 -0.0276
v  0.0217 0.3485 -0.0207
v  0.0255 0.3406 -0.0247
v  -0.0337 0.3339 0.0000
v  -0.0333 0.3346 0.0000
v  -0.0248 0.3339 0.0278
v  -0.0245 0.3346 0.0275
v  -0.0297 0.3406 0.0000
v  -0.0218 0.3406 0.0247
v  -0.0180 0.3485 0.0207
v  -0.0247 0.3485 0.0000
v  0.0018 0.3339 0.0371
v  0.0018 0.3346 0.0367
v  0.0284 0.3339 0.0278
v  0.0281 0.3346 0.0275
v  0.0018 0.3406 0.0329
v  0.0255 0.3406 0.0247
v  0.0217 0.3485 0.0207
v  0.0018 0.3485 0.0277
v  0.0373 0.3339 0.0000
v  0.0369 0.3346 0.0000
v  0.0333 0.3406 0.0000
v  0.0284 0.3485 0.0000
v  0.0018 0.3572 -0.0238
v  0.0189 0.3572 -0.0178
v  -0.0152 0.3572 -0.0178
v  -0.0097 0.3588 -0.0120
v  -0.0096 0.3594 -0.0120
v  0.0018 0.3594 -0.0159
v  0.0018 0.3588 -0.0159
v  0.0133 0.3594 -0.0120
v  0.0133 0.3588 -0.0120
v  -0.0209 0.3572 0.0000
v  -0.0152 0.3572 0.0179
v  -0.0097 0.3588 0.0120
v  -0.0096 0.3594 0.0120
v  -0.0135 0.3594 0.0000
v  -0.0135 0.3588 0.0000
v  0.0018 0.3572 0.0238
v  0.0189 0.3572 0.0179
v  0.0133 0.3588 0.0120
v  0.0133 0.3594 0.0120
v  0.0018 0.3594 0.0159
v  0.0018 0.3588 0.0160
v  0.0246 0.3572 0.0000
v  0.0171 0.3594 0.0000
v  0.0171 0.3588 0.0000
v  0.0018 0.4623 -0.0151
v  0.0001 0.8489 -0.0074
v  0.0054 0.8489 -0.0055
v  0.0126 0.4623 -0.0113
v  -0.0090 0.4623 -0.0113
v  -0.0052 0.8489 -0.0055
v  -0.0126 0.4623 0.0000
v  -0.0070 0.8489 0.0000
v  -0.0090 0.4623 0.0114
v  -0.0052 0.8489 0.0056
v  0.0018 0.4623 0.0151
v  0.0001 0.8489 0.0074
v  0.0126 0.4623 0.0114
v  0.0054 0.8489 0.0056
v  0.0163 0.4623 0.0000
v  0.0072 0.8489 0.0000
v  0.0001 0.8741 -0.0073
v  0.0053 0.8741 -0.0054
v  -0.0052 0.8741 -0.0054
v  -0.0064 0.9141 -0.0068
v  0.0001 0.9141 -0.0093
v  0.0001 0.9139 -0.0092
v  -0.0064 0.9139 -0.0068
v  0.0066 0.9141 -0.0068
v  0.0066 0.9139 -0.0068
v  -0.0069 0.8741 0.0000
v  -0.0052 0.8741 0.0055
v  -0.0064 0.9139 0.0068
v  -0.0064 0.9141 0.0068
v  -0.0088 0.9141 0.0000
v  -0.0088 0.9139 0.0000
v  0.0001 0.8741 0.0073
v  0.0053 0.8741 0.0055
v  0.0066 0.9139 0.0068
v  0.0066 0.9141 0.0068
v  0.0001 0.9141 0.0093
v  0.0001 0.9139 0.0093
v  0.0071 0.8741 0.0000
v  0.0090 0.9141 0.0000
v  0.0089 0.9139 0.0000
v  0.0001 0.9175 -0.0099
v  0.0001 0.9281 -0.0116
v  0.0083 0.9281 -0.0086
v  0.0071 0.9175 -0.0073
v  -0.0069 0.9175 -0.0073
v  -0.0081 0.9281 -0.0086
v  -0.0093 0.9359 -0.0098
v  -0.0094 0.9363 -0.0098
v  0.0001 0.9364 -0.0133
v  0.0001 0.9360 -0.0132
v  0.0095 0.9363 -0.0098
v  0.0094 0.9359 -0.0098
v  -0.0094 0.9175 0.0000
v  -0.0110 0.9281 0.0000
v  -0.0069 0.9175 0.0073
v  -0.0081 0.9281 0.0086
v  -0.0093 0.9359 0.0098
v  -0.0094 0.9363 0.0099
v  -0.0126 0.9364 0.0000
v  -0.0125 0.9360 0.0000
v  0.0001 0.9175 0.0099
v  0.0001 0.9281 0.0116
v  0.0071 0.9175 0.0073
v  0.0083 0.9281 0.0086
v  0.0094 0.9359 0.0098
v  0.0095 0.9363 0.0099
v  0.0001 0.9364 0.0133
v  0.0001 0.9360 0.0132
v  0.0095 0.9175 0.0000
v  0.0112 0.9281 0.0000
v  0.0128 0.9364 0.0000
v  0.0127 0.9360 0.0000
v  0.0001 0.9364 -0.0210
v  0.0001 0.9371 -0.0211
v  0.0151 0.9370 -0.0157
v  0.0150 0.9364 -0.0156
v  -0.0149 0.9364 -0.0156
v  -0.0150 0.9370 -0.0157
v  -0.0155 0.9407 -0.0163
v  -0.0151 0.9430 -0.0158
v  0.0001 0.9430 -0.0213
v  0.0001 0.9407 -0.0219
v  0.0152 0.9430 -0.0158
v  0.0157 0.9407 -0.0163
v  -0.0200 0.9364 0.0000
v  -0.0202 0.9371 0.0000
v  -0.0149 0.9364 0.0156
v  -0.0150 0.9370 0.0157
v  -0.0209 0.9407 0.0000
v  -0.0155 0.9407 0.0163
v  -0.0151 0.9430 0.0158
v  -0.0203 0.9430 0.0000
v  0.0001 0.9364 0.0210
v  0.0001 0.9371 0.0212
v  0.0150 0.9364 0.0156
v  0.0151 0.9370 0.0157
v  0.0157 0.9407 0.0163
v  0.0152 0.9430 0.0158
v  0.0001 0.9430 0.0213
v  0.0001 0.9407 0.0219
v  0.0202 0.9364 0.0000
v  0.0203 0.9371 0.0000
v  0.0211 0.9407 0.0000
v  0.0205 0.9430 0.0000
v  0.0001 0.9450 -0.0192
v  0.0138 0.9450 -0.0143
v  -0.0136 0.9450 -0.0143
v  0.0001 0.9452 -0.0119
v  -0.0084 0.9452 -0.0088
v  -0.0071 0.9464 -0.0074
v  0.0001 0.9464 -0.0100
v  0.0072 0.9464 -0.0074
v  0.0085 0.9452 -0.0088
v  -0.0184 0.9450 0.0000
v  -0.0136 0.9450 0.0143
v  -0.0113 0.9452 0.0000
v  -0.0084 0.9452 0.0089
v  -0.0071 0.9464 0.0075
v  -0.0095 0.9464 0.0000
v  0.0001 0.9450 0.0193
v  0.0138 0.9450 0.0143
v  0.0001 0.9452 0.0119
v  0.0085 0.9452 0.0089
v  0.0072 0.9464 0.0075
v  0.0001 0.9464 0.0100
v  0.0185 0.9450 0.0000
v  0.0115 0.9452 0.0000
v  0.0097 0.9464 0.0000
v  0.0001 0.9469 -0.0075
v  0.0055 0.9469 -0.0056
v  -0.0053 0.9469 -0.0056
v  -0.0045 0.9469 -0.0047
v  0.0001 0.9469 -0.0065
v  0.0046 0.9469 -0.0048
v  -0.0071 0.9469 0.0000
v  -0.0053 0.9469 0.0056
v  -0.0045 0.9469 0.0048
v  -0.0061 0.9469 0.0000
v  0.0001 0.9469 0.0075
v  0.0055 0.9469 0.0056
v  0.0046 0.9469 0.0048
v  0.0001 0.9469 0.0065
v  0.0073 0.9469 0.0000
v  0.0063 0.9469 0.0000
v  0.0001 0.9463 -0.0072
v  0.0051 0.9464 -0.0053
v  -0.0050 0.9464 -0.0053
v  -0.0052 0.9465 -0.0055
v  0.0001 0.9465 -0.0074
v  0.0053 0.9465 -0.0055
v  -0.0068 0.9463 0.0000
v  -0.0050 0.9464 0.0053
v  -0.0052 0.9465 0.0055
v  -0.0071 0.9465 0.0000
v  0.0001 0.9463 0.0072
v  0.0051 0.9464 0.0053
v  0.0053 0.9465 0.0055
v  0.0001 0.9465 0.0075
v  0.0070 0.9463 0.0000
v  0.0072 0.9465 0.0000
v  0.0001 0.9477 -0.0075
v  0.0053 0.9476 -0.0055
v  -0.0052 0.9476 -0.0055
v  -0.0074 0.9498 -0.0078
v  0.0001 0.9498 -0.0106
v  0.0076 0.9498 -0.0078
v  -0.0071 0.9477 0.0000
v  -0.0052 0.9476 0.0055
v  -0.0074 0.9498 0.0078
v  -0.0101 0.9498 0.0000
v  0.0001 0.9477 0.0075
v  0.0053 0.9476 0.0055
v  0.0076 0.9498 0.0078
v  0.0001 0.9498 0.0106
v  0.0072 0.9477 0.0000
v  0.0102 0.9498 0.0000
v  0.0067 0.9512 -0.0069
v  0.0001 0.9512 -0.0092
v  0.0001 0.9513 -0.0096
v  0.0070 0.9513 -0.0072
v  -0.0065 0.9512 -0.0069
v  -0.0069 0.9513 -0.0072
v  -0.0183 0.9540 -0.0192
v  -0.0236 0.9586 -0.0247
v  0.0001 0.9586 -0.0330
v  0.0001 0.9540 -0.0256
v  0.0185 0.9540 -0.0192
v  0.0238 0.9586 -0.0247
v  -0.0087 0.9512 0.0000
v  -0.0092 0.9513 0.0000
v  -0.0065 0.9512 0.0069
v  -0.0069 0.9513 0.0072
v  -0.0183 0.9540 0.0192
v  -0.0236 0.9586 0.0247
v  -0.0315 0.9586 0.0000
v  -0.0245 0.9540 0.0000
v  0.0001 0.9512 0.0092
v  0.0001 0.9513 0.0097
v  0.0067 0.9512 0.0069
v  0.0070 0.9513 0.0072
v  0.0185 0.9540 0.0192
v  0.0238 0.9586 0.0247
v  0.0001 0.9586 0.0330
v  0.0001 0.9540 0.0256
v  0.0089 0.9512 0.0000
v  0.0093 0.9513 0.0000
v  0.0317 0.9586 0.0000
v  0.0246 0.9540 0.0000
v  0.0001 0.9663 -0.0363
v  0.0261 0.9663 -0.0272
v  -0.0260 0.9663 -0.0272
v  -0.0289 0.9821 -0.0302
v  0.0001 0.9821 -0.0403
v  0.0290 0.9821 -0.0302
v  -0.0347 0.9663 0.0000
v  -0.0260 0.9663 0.0272
v  -0.0289 0.9821 0.0302
v  -0.0385 0.9821 0.0000
v  0.0001 0.9663 0.0363
v  0.0261 0.9663 0.0272
v  0.0290 0.9821 0.0302
v  0.0001 0.9821 0.0403
v  0.0348 0.9663 0.0000
v  0.0387 0.9821 0.0000
v  0.0001 1.0108 -0.0464
v  0.0334 1.0108 -0.0348
v  -0.0333 1.0108 -0.0348
v  -0.0362 1.0395 -0.0379
v  0.0001 1.0395 -0.0505
v  0.0363 1.0395 -0.0379
v  -0.0444 1.0108 0.0000
v  -0.0333 1.0108 0.0348
v  -0.0362 1.0395 0.0379
v  -0.0483 1.0395 0.0000
v  0.0001 1.0108 0.0464
v  0.0334 1.0108 0.0348
v  0.0363 1.0395 0.0379
v  0.0001 1.0395 0.0505
v  0.0445 1.0108 0.0000
v  0.0484 1.0395 0.0000
v  0.0001 1.0552 -0.0516
v  0.0371 1.0552 -0.0387
v  -0.0370 1.0552 -0.0387
v  -0.0368 1.0624 -0.0385
v  0.0001 1.0624 -0.0514
v  0.0370 1.0624 -0.0385
v  -0.0493 1.0552 0.0000
v  -0.0370 1.0552 0.0387
v  -0.0368 1.0624 0.0386
v  -0.0491 1.0624 0.0000
v  0.0001 1.0552 0.0516
v  0.0371 1.0552 0.0387
v  0.0370 1.0624 0.0386
v  0.0001 1.0624 0.0514
v  0.0495 1.0552 0.0000
v  0.0493 1.0624 0.0000
v  0.0001 1.0653 -0.0495
v  0.0356 1.0653 -0.0371
v  -0.0355 1.0653 -0.0371
v  -0.0359 1.0660 -0.0375
v  0.0001 1.0660 -0.0500
v  0.0360 1.0660 -0.0375
v  -0.0473 1.0653 0.0000
v  -0.0355 1.0653 0.0372
v  -0.0359 1.0660 0.0375
v  -0.0478 1.0660 0.0000
v  0.0001 1.0653 0.0495
v  0.0356 1.0653 0.0372
v  0.0360 1.0660 0.0375
v  0.0001 1.0660 0.0501
v  0.0475 1.0653 0.0000
v  0.0480 1.0660 0.0000
v  0.0001 1.0662 -0.0516
v  0.0371 1.0662 -0.0387
v  -0.0370 1.0662 -0.0387
v  -0.0414 1.0662 -0.0433
v  0.0001 1.0662 -0.0577
v  0.0415 1.0662 -0.0433
v  -0.0493 1.0662 0.0000
v  -0.0370 1.0662 0.0387
v  -0.0414 1.0662 0.0433
v  -0.0552 1.0662 0.0000
v  0.0001 1.0662 0.0516
v  0.0371 1.0662 0.0387
v  0.0415 1.0662 0.0433
v  0.0001 1.0662 0.0577
v  0.0495 1.0662 0.0000
v  0.0553 1.0662 0.0000
v  0.0001 1.0662 -0.0720
v  0.0518 1.0662 -0.0540
v  -0.0516 1.0662 -0.0540
v  -0.0615 1.0665 -0.0643
v  0.0001 1.0665 -0.0857
v  0.0616 1.0665 -0.0643
v  -0.0688 1.0662 0.0000
v  -0.0516 1.0662 0.0540
v  -0.0615 1.0665 0.0643
v  -0.0820 1.0665 0.0000
v  0.0001 1.0662 0.0720
v  0.0518 1.0662 0.0540
v  0.0616 1.0665 0.0643
v  0.0001 1.0665 0.0857
v  0.0690 1.0662 0.0000
v  0.0822 1.0665 0.0000
v  0.0001 1.0673 -0.0903
v  0.0649 1.0673 -0.0677
v  -0.0648 1.0673 -0.0677
v  -0.0646 1.0689 -0.0675
v  0.0001 1.0689 -0.0900
v  0.0647 1.0689 -0.0675
v  -0.0864 1.0673 0.0000
v  -0.0648 1.0673 0.0677
v  -0.0646 1.0689 0.0676
v  -0.0861 1.0689 0.0000
v  0.0001 1.0673 0.0903
v  0.0649 1.0673 0.0677
v  0.0647 1.0689 0.0676
v  0.0001 1.0689 0.0901
v  0.0865 1.0673 0.0000
v  0.0863 1.0689 0.0000
v  0.0001 1.0714 -0.0892
v  0.0642 1.0714 -0.0669
v  -0.0640 1.0714 -0.0669
v  -0.0625 1.0740 -0.0653
v  -0.0620 1.0749 -0.0648
v  0.0001 1.0749 -0.0864
v  0.0001 1.0740 -0.0871
v  0.0621 1.0749 -0.0648
v  0.0626 1.0740 -0.0653
v  -0.0854 1.0714 0.0000
v  -0.0640 1.0714 0.0669
v  -0.0625 1.0740 0.0653
v  -0.0620 1.0749 0.0648
v  -0.0826 1.0749 0.0000
v  -0.0833 1.0740 0.0000
v  0.0001 1.0714 0.0893
v  0.0642 1.0714 0.0669
v  0.0626 1.0740 0.0653
v  0.0621 1.0749 0.0648
v  0.0001 1.0749 0.0864
v  0.0001 1.0740 0.0871
v  0.0855 1.0714 0.0000
v  0.0828 1.0749 0.0000
v  0.0835 1.0740 0.0000
v  0.0001 1.0773 -0.0887
v  0.0001 1.0782 -0.0874
v  0.0627 1.0782 -0.0654
v  0.0636 1.0773 -0.0663
v  -0.0634 1.0773 -0.0663
v  -0.0625 1.0782 -0.0654
v  -0.0545 1.0852 -0.0570
v  -0.0538 1.0858 -0.0562
v  0.0001 1.0858 -0.0752
v  0.0001 1.0852 -0.0762
v  0.0539 1.0858 -0.0562
v  0.0547 1.0852 -0.0570
v  -0.0849 1.0773 0.0000
v  -0.0836 1.0782 0.0000
v  -0.0634 1.0773 0.0664
v  -0.0625 1.0782 0.0654
v  -0.0545 1.0852 0.0570
v  -0.0538 1.0858 0.0562
v  -0.0719 1.0858 0.0000
v  -0.0729 1.0852 0.0000
v  0.0001 1.0773 0.0887
v  0.0001 1.0782 0.0874
v  0.0636 1.0773 0.0664
v  0.0627 1.0782 0.0654
v  0.0547 1.0852 0.0570
v  0.0539 1.0858 0.0562
v  0.0001 1.0858 0.0752
v  0.0001 1.0852 0.0763
v  0.0850 1.0773 0.0000
v  0.0838 1.0782 0.0000
v  0.0721 1.0858 0.0000
v  0.0731 1.0852 0.0000
v  0.0001 1.0831 -0.0731
v  0.0001 1.0836 -0.0723
v  0.0520 1.0836 -0.0542
v  0.0526 1.0831 -0.0548
v  -0.0524 1.0831 -0.0548
v  -0.0518 1.0836 -0.0542
v  -0.0497 1.0851 -0.0519
v  -0.0484 1.0861 -0.0506
v  0.0001 1.0861 -0.0675
v  0.0001 1.0851 -0.0692
v  0.0485 1.0861 -0.0506
v  0.0498 1.0851 -0.0519
v  -0.0699 1.0831 0.0000
v  -0.0691 1.0836 0.0000
v  -0.0524 1.0831 0.0549
v  -0.0518 1.0836 0.0542
v  -0.0662 1.0851 0.0000
v  -0.0497 1.0851 0.0520
v  -0.0484 1.0861 0.0506
v  -0.0645 1.0861 0.0000
v  0.0001 1.0831 0.0731
v  0.0001 1.0836 0.0723
v  0.0526 1.0831 0.0549
v  0.0520 1.0836 0.0542
v  0.0498 1.0851 0.0520
v  0.0485 1.0861 0.0506
v  0.0001 1.0861 0.0675
v  0.0001 1.0851 0.0693
v  0.0701 1.0831 0.0000
v  0.0693 1.0836 0.0000
v  0.0664 1.0851 0.0000
v  0.0647 1.0861 0.0000
v  0.0001 1.0874 -0.0669
v  0.0481 1.0874 -0.0501
v  -0.0479 1.0874 -0.0501
v  -0.0475 1.0905 -0.0496
v  0.0001 1.0905 -0.0662
v  0.0476 1.0905 -0.0496
v  -0.0640 1.0874 0.0000
v  -0.0479 1.0874 0.0502
v  -0.0475 1.0905 0.0497
v  -0.0633 1.0905 0.0000
v  0.0001 1.0874 0.0669
v  0.0481 1.0874 0.0502
v  0.0476 1.0905 0.0497
v  0.0001 1.0905 0.0662
v  0.0641 1.0874 0.0000
v  0.0635 1.0905 0.0000
v  0.0001 1.0969 -0.0642
v  0.0462 1.0969 -0.0482
v  -0.0461 1.0969 -0.0482
v  -0.0430 1.1049 -0.0449
v  0.0001 1.1049 -0.0599
v  0.0431 1.1049 -0.0449
v  -0.0614 1.0969 0.0000
v  -0.0461 1.0969 0.0482
v  -0.0430 1.1049 0.0450
v  -0.0573 1.1049 0.0000
v  0.0001 1.0969 0.0643
v  0.0462 1.0969 0.0482
v  0.0431 1.1049 0.0450
v  0.0001 1.1049 0.0600
v  0.0616 1.0969 0.0000
v  0.0575 1.1049 0.0000
v  0.0001 1.1128 -0.0523
v  0.0377 1.1128 -0.0392
v  -0.0375 1.1128 -0.0392
v  -0.0310 1.1202 -0.0324
v  0.0001 1.1202 -0.0432
v  0.0311 1.1202 -0.0324
v  -0.0500 1.1128 0.0000
v  -0.0375 1.1128 0.0393
v  -0.0310 1.1202 0.0324
v  -0.0413 1.1202 0.0000
v  0.0001 1.1128 0.0523
v  0.0377 1.1128 0.0393
v  0.0311 1.1202 0.0324
v  0.0001 1.1202 0.0432
v  0.0502 1.1128 0.0000
v  0.0415 1.1202 0.0000
v  0.0001 1.1264 -0.0345
v  0.0248 1.1264 -0.0258
v  -0.0247 1.1264 -0.0258
v  -0.0191 1.1326 -0.0201
v  0.0001 1.1326 -0.0268
v  0.0193 1.1326 -0.0201
v  -0.0329 1.1264 0.0000
v  -0.0247 1.1264 0.0259
v  -0.0191 1.1326 0.0201
v  -0.0256 1.1326 0.0000
v  0.0001 1.1264 0.0345
v  0.0248 1.1264 0.0259
v  0.0193 1.1326 0.0201
v  0.0001 1.1326 0.0268
v  0.0331 1.1264 0.0000
v  0.0257 1.1326 0.0000
v  0.0001 1.1402 -0.0209
v  0.0151 1.1402 -0.0156
v  -0.0149 1.1402 -0.0156
v  -0.0131 1.1477 -0.0137
v  -0.0128 1.1488 -0.0134
v  0.0001 1.1488 -0.0179
v  0.0001 1.1477 -0.0183
v  0.0130 1.1488 -0.0134
v  0.0132 1.1477 -0.0137
v  -0.0199 1.1402 0.0000
v  -0.0149 1.1402 0.0157
v  -0.0175 1.1477 0.0000
v  -0.0131 1.1477 0.0138
v  -0.0128 1.1488 0.0135
v  -0.0171 1.1488 0.0000
v  0.0001 1.1402 0.0209
v  0.0151 1.1402 0.0157
v  0.0132 1.1477 0.0138
v  0.0130 1.1488 0.0135
v  0.0001 1.1488 0.0180
v  0.0001 1.1477 0.0183
v  0.0201 1.1402 0.0000
v  0.0173 1.1488 0.0000
v  0.0176 1.1477 0.0000
v  0.0001 1.1483 -0.0222
v  0.0001 1.1498 -0.0224
v  0.0160 1.1498 -0.0165
v  0.0159 1.1483 -0.0163
v  -0.0157 1.1483 -0.0163
v  -0.0159 1.1498 -0.0165
v  -0.0182 1.1646 -0.0188
v  -0.0184 1.1658 -0.0190
v  0.0001 1.1658 -0.0259
v  0.0001 1.1646 -0.0256
v  0.0185 1.1658 -0.0190
v  0.0183 1.1646 -0.0188
v  -0.0214 1.1483 0.0000
v  -0.0216 1.1498 0.0000
v  -0.0157 1.1483 0.0163
v  -0.0159 1.1498 0.0165
v  -0.0182 1.1646 0.0189
v  -0.0184 1.1658 0.0191
v  -0.0249 1.1658 0.0000
v  -0.0246 1.1646 0.0000
v  0.0001 1.1483 0.0222
v  0.0001 1.1498 0.0225
v  0.0159 1.1483 0.0163
v  0.0160 1.1498 0.0165
v  0.0183 1.1646 0.0189
v  0.0185 1.1658 0.0191
v  0.0001 1.1658 0.0259
v  0.0001 1.1646 0.0256
v  0.0216 1.1483 0.0000
v  0.0218 1.1498 0.0000
v  0.0251 1.1658 0.0000
v  0.0248 1.1646 0.0000
v  0.0001 1.1667 -0.0217
v  0.0001 1.1676 -0.0219
v  0.0158 1.1676 -0.0164
v  0.0157 1.1667 -0.0163
v  -0.0155 1.1667 -0.0163
v  -0.0156 1.1676 -0.0164
v  -0.0236 1.1746 -0.0247
v  -0.0229 1.1810 -0.0240
v  0.0001 1.1810 -0.0319
v  0.0001 1.1746 -0.0330
v  0.0230 1.1810 -0.0240
v  0.0238 1.1746 -0.0247
v  -0.0207 1.1667 0.0000
v  -0.0209 1.1676 0.0000
v  -0.0155 1.1667 0.0163
v  -0.0156 1.1676 0.0164
v  -0.0315 1.1746 0.0000
v  -0.0236 1.1746 0.0248
v  -0.0229 1.1810 0.0240
v  -0.0305 1.1810 0.0000
v  0.0001 1.1667 0.0217
v  0.0001 1.1676 0.0219
v  0.0157 1.1667 0.0163
v  0.0158 1.1676 0.0164
v  0.0238 1.1746 0.0248
v  0.0230 1.1810 0.0240
v  0.0001 1.1810 0.0320
v  0.0001 1.1746 0.0331
v  0.0209 1.1667 0.0000
v  0.0210 1.1676 0.0000
v  0.0317 1.1746 0.0000
v  0.0307 1.1810 0.0000
v  0.0001 1.1860 -0.0269
v  0.0194 1.1860 -0.0201
v  -0.0192 1.1860 -0.0201
v  -0.0144 1.1896 -0.0151
v  0.0001 1.1896 -0.0201
v  0.0145 1.1896 -0.0151
v  -0.0257 1.1860 0.0000
v  -0.0192 1.1860 0.0202
v  -0.0144 1.1896 0.0151
v  -0.0192 1.1896 0.0000
v  0.0001 1.1860 0.0269
v  0.0194 1.1860 0.0202
v  0.0145 1.1896 0.0151
v  0.0001 1.1896 0.0201
v  0.0258 1.1860 0.0000
v  0.0193 1.1896 0.0000
v  0.0001 1.1898 -0.0140
v  0.0001 1.1922 -0.0098
v  0.0071 1.1922 -0.0073
v  0.0102 1.1898 -0.0105
v  -0.0100 1.1898 -0.0105
v  -0.0070 1.1922 -0.0073
v  -0.0051 1.1939 -0.0054
v  0.0001 1.1939 -0.0072
v  0.0053 1.1939 -0.0054
v  -0.0134 1.1898 0.0000
v  -0.0093 1.1922 0.0000
v  -0.0100 1.1898 0.0106
v  -0.0070 1.1922 0.0074
v  -0.0051 1.1939 0.0055
v  -0.0069 1.1939 0.0000
v  0.0001 1.1898 0.0141
v  0.0001 1.1922 0.0098
v  0.0102 1.1898 0.0106
v  0.0071 1.1922 0.0074
v  0.0053 1.1939 0.0055
v  0.0001 1.1939 0.0073
v  0.0135 1.1898 0.0000
v  0.0095 1.1922 0.0000
v  0.0070 1.1939 0.0000
v  0.0001 1.1942 -0.0073
v  0.0053 1.1942 -0.0055
v  -0.0052 1.1942 -0.0055
v  -0.0054 1.1955 -0.0057
v  -0.0063 1.1971 -0.0066
v  0.0001 1.1971 -0.0089
v  0.0001 1.1955 -0.0076
v  0.0055 1.1955 -0.0057
v  0.0065 1.1971 -0.0066
v  -0.0069 1.1942 0.0000
v  -0.0052 1.1942 0.0055
v  -0.0054 1.1955 0.0057
v  -0.0063 1.1971 0.0067
v  -0.0084 1.1971 0.0000
v  -0.0072 1.1955 0.0000
v  0.0001 1.1942 0.0073
v  0.0053 1.1942 0.0055
v  0.0055 1.1955 0.0057
v  0.0065 1.1971 0.0067
v  0.0001 1.1971 0.0089
v  0.0001 1.1955 0.0076
v  0.0071 1.1942 0.0000
v  0.0086 1.1971 0.0000
v  0.0073 1.1955 0.0000
v  0.0001 1.1991 -0.0093
v  0.0068 1.1991 -0.0070
v  -0.0066 1.1991 -0.0070
v  -0.0064 1.2009 -0.0067
v  0.0001 1.2009 -0.0090
v  0.0065 1.2009 -0.0067
v  -0.0088 1.1991 0.0000
v  -0.0066 1.1991 0.0070
v  -0.0064 1.2009 0.0067
v  -0.0085 1.2009 0.0000
v  0.0001 1.1991 0.0093
v  0.0068 1.1991 0.0070
v  0.0065 1.2009 0.0067
v  0.0001 1.2009 0.0090
v  0.0090 1.1991 0.0000
v  0.0087 1.2009 0.0000
v  0.0001 1.2020 -0.0079
v  0.0057 1.2020 -0.0059
v  -0.0056 1.2020 -0.0059
v  -0.0075 1.2020 0.0000
v  -0.0056 1.2020 0.0059
v  0.0001 1.2020 0.0079
v  0.0057 1.2020 0.0059
v  0.0076 1.2020 0.0000
v  -0.0050 0.9140 -0.0053
v  -0.0061 0.9138 -0.0065
v  0.0001 0.9138 -0.0088
v  0.0001 0.9140 -0.0071
v  0.0052 0.9140 -0.0053
v  0.0063 0.9138 -0.0065
v  -0.0050 0.9140 0.0053
v  -0.0061 0.9138 0.0065
v  -0.0084 0.9138 0.0000
v  -0.0067 0.9140 0.0000
v  0.0052 0.9140 0.0053
v  0.0063 0.9138 0.0065
v  0.0001 0.9138 0.0088
v  0.0001 0.9140 0.0071
v  0.0085 0.9138 0.0000
v  0.0069 0.9140 0.0000
v  0.0001 0.9509 -0.0095
v  -0.0067 0.9509 -0.0071
v  0.0069 0.9509 -0.0071
v  -0.0090 0.9509 0.0000
v  -0.0067 0.9509 0.0071
v  0.0001 0.9509 0.0095
v  0.0069 0.9509 0.0071
v  0.0092 0.9509 0.0000
v  -0.0050 0.9137 -0.0053
v  0.0001 0.9137 -0.0071
v  0.0052 0.9137 -0.0053
v  0.0069 0.9137 0.0000
v  0.0052 0.9137 0.0053
v  0.0001 0.9137 0.0071
v  -0.0050 0.9137 0.0053
v  -0.0067 0.9137 0.0000
v  -0.0179 0.2735 -0.0206
v  -0.0187 0.2736 -0.0215
v  0.0018 0.2736 -0.0287
v  0.0018 0.2735 -0.0275
v  0.0216 0.2735 -0.0207
v  0.0224 0.2736 -0.0215
v  -0.0179 0.2735 0.0207
v  -0.0187 0.2736 0.0215
v  -0.0256 0.2736 0.0000
v  -0.0245 0.2735 0.0000
v  0.0216 0.2735 0.0207
v  0.0224 0.2736 0.0215
v  0.0018 0.2736 0.0287
v  0.0018 0.2735 0.0276
v  0.0293 0.2736 0.0000
v  0.0282 0.2735 0.0000
v  0.0140 0.3587 -0.0127
v  0.0018 0.3587 -0.0169
v  -0.0103 0.3587 -0.0127
v  -0.0144 0.3587 0.0000
v  -0.0103 0.3587 0.0128
v  0.0018 0.3587 0.0170
v  0.0140 0.3587 0.0128
v  0.0181 0.3587 0.0000
v  -0.0093 0.3749 -0.0116
v  0.0018 0.3749 -0.0155
v  0.0130 0.3749 -0.0116
v  0.0167 0.3749 0.0000
v  0.0130 0.3749 0.0117
v  0.0018 0.3749 0.0155
v  -0.0093 0.3749 0.0117
v  -0.0130 0.3749 0.0000
v  -0.0141 0.3583 -0.0166
v  0.0018 0.3583 -0.0222
v  0.0018 0.3583 -0.0233
v  -0.0149 0.3583 -0.0174
v  -0.0205 0.3583 0.0000
v  -0.0194 0.3583 0.0000
v  -0.0141 0.3583 0.0167
v  -0.0149 0.3583 0.0174
v  0.0018 0.3583 0.0233
v  0.0018 0.3583 0.0222
v  0.0178 0.3583 0.0167
v  0.0185 0.3583 0.0174
v  0.0241 0.3583 0.0000
v  0.0231 0.3583 0.0000
v  0.0178 0.3583 -0.0166
v  0.0185 0.3583 -0.0174
v  -0.0067 0.9113 0.0000
v  -0.0067 0.9119 0.0000
v  -0.0050 0.9119 -0.0053
v  -0.0050 0.9113 -0.0053
v  0.0001 0.9119 -0.0071
v  0.0001 0.9113 -0.0071
v  0.0052 0.9119 -0.0053
v  0.0052 0.9113 -0.0053
v  0.0069 0.9119 0.0000
v  0.0069 0.9113 0.0000
v  0.0052 0.9119 0.0053
v  0.0052 0.9113 0.0053
v  0.0001 0.9119 0.0071
v  0.0001 0.9113 0.0071
v  -0.0050 0.9119 0.0053
v  -0.0050 0.9113 0.0053
v  -0.0087 0.8803 0.0000
v  -0.0087 0.8810 0.0000
v  -0.0064 0.8810 -0.0066
v  -0.0064 0.8803 -0.0067
v  0.0001 0.8810 -0.0091
v  0.0001 0.8803 -0.0091
v  0.0065 0.8810 -0.0066
v  0.0065 0.8803 -0.0067
v  0.0089 0.8810 0.0000
v  0.0089 0.8803 0.0000
v  0.0065 0.8810 0.0067
v  0.0065 0.8803 0.0067
v  0.0001 0.8810 0.0091
v  0.0001 0.8803 0.0091
v  -0.0064 0.8810 0.0067
v  -0.0064 0.8803 0.0067
v  0.0018 0.2308 -0.0279
v  -0.0181 0.2308 -0.0208
v  0.0218 0.2308 -0.0208
v  -0.0249 0.2308 0.0000
v  -0.0181 0.2308 0.0208
v  0.0018 0.2308 0.0280
v  0.0218 0.2308 0.0208
v  0.0286 0.2308 0.0000
v  0.0018 0.2311 -0.0411
v  -0.0266 0.2311 -0.0297
v  0.0302 0.2311 -0.0297
v  -0.0375 0.2311 0.0000
v  -0.0266 0.2311 0.0297
v  0.0018 0.2311 0.0411
v  0.0302 0.2311 0.0297
v  0.0412 0.2311 0.0000
v  0.0018 0.2312 -0.0450
v  -0.0291 0.2312 -0.0323
v  0.0328 0.2312 -0.0323
v  -0.0412 0.2312 0.0000
v  -0.0291 0.2312 0.0323
v  0.0018 0.2312 0.0450
v  0.0328 0.2312 0.0323
v  0.0449 0.2312 0.0000
v  -0.0498 0.1437 -0.0539
v  0.0018 0.1435 -0.0731
v  0.0534 0.1437 -0.0539
v  0.0718 0.1435 0.0000
v  0.0534 0.1437 0.0539
v  0.0018 0.1435 0.0731
v  -0.0498 0.1437 0.0539
v  -0.0681 0.1435 0.0000
v  0.0001 0.9364 -0.0136
v  0.0098 0.9363 -0.0101
v  -0.0096 0.9363 -0.0101
v  -0.0130 0.9364 0.0000
v  -0.0096 0.9363 0.0101
v  0.0001 0.9364 0.0136
v  0.0098 0.9363 0.0101
v  0.0131 0.9364 0.0000
v  0.0087 0.9451 -0.0090
v  0.0089 0.9451 -0.0092
v  0.0001 0.9450 -0.0125
v  0.0001 0.9450 -0.0121
v  -0.0088 0.9451 -0.0092
v  -0.0086 0.9451 -0.0090
v  -0.0119 0.9450 0.0000
v  -0.0116 0.9450 0.0000
v  -0.0086 0.9451 0.0090
v  -0.0088 0.9451 0.0093
v  0.0001 0.9450 0.0125
v  0.0001 0.9450 0.0122
v  0.0089 0.9451 0.0093
v  0.0087 0.9451 0.0090
v  0.0120 0.9450 0.0000
v  0.0117 0.9450 0.0000
v  -0.0092 0.9352 0.0097
v  -0.0124 0.9352 0.0000
v  0.0001 0.9352 0.0130
v  0.0093 0.9352 0.0097
v  0.0125 0.9352 0.0000
v  0.0093 0.9352 -0.0097
v  0.0001 0.9352 -0.0130
v  -0.0092 0.9352 -0.0097
v  -0.0128 0.9450 -0.0134
v  -0.0172 0.9450 0.0000
v  -0.0128 0.9450 0.0134
v  0.0001 0.9450 0.0181
v  0.0129 0.9450 0.0134
v  0.0174 0.9450 0.0000
v  0.0129 0.9450 -0.0134
v  0.0001 0.9450 -0.0181
v  -0.0192 0.9364 0.0000
v  -0.0143 0.9364 -0.0150
v  0.0001 0.9364 -0.0201
v  0.0144 0.9364 -0.0150
v  0.0194 0.9364 0.0000
v  0.0144 0.9364 0.0150
v  0.0001 0.9364 0.0202
v  -0.0143 0.9364 0.0150
v  0.0001 1.0754 -0.0868
v  0.0624 1.0754 -0.0651
v  -0.0623 1.0754 -0.0651
v  0.0001 1.0837 -0.0735
v  -0.0527 1.0837 -0.0551
v  0.0529 1.0837 -0.0551
v  -0.0831 1.0754 0.0000
v  -0.0623 1.0754 0.0651
v  -0.0703 1.0837 0.0000
v  -0.0527 1.0837 0.0551
v  0.0001 1.0754 0.0869
v  0.0624 1.0754 0.0651
v  0.0001 1.0837 0.0736
v  0.0529 1.0837 0.0551
v  0.0832 1.0754 0.0000
v  0.0705 1.0837 0.0000
v  0.0001 1.0767 -0.0881
v  0.0632 1.0767 -0.0659
v  -0.0631 1.0767 -0.0659
v  0.0001 1.0852 -0.0747
v  -0.0534 1.0852 -0.0559
v  0.0536 1.0852 -0.0559
v  -0.0843 1.0767 0.0000
v  -0.0631 1.0767 0.0660
v  -0.0714 1.0852 0.0000
v  -0.0534 1.0852 0.0559
v  0.0001 1.0767 0.0882
v  0.0632 1.0767 0.0660
v  0.0001 1.0852 0.0747
v  0.0536 1.0852 0.0559
v  0.0845 1.0767 0.0000
v  0.0716 1.0852 0.0000
v  -0.0583 1.0819 -0.0609
v  0.0001 1.0819 -0.0815
v  0.0584 1.0819 -0.0609
v  0.0781 1.0819 0.0000
v  0.0584 1.0819 0.0610
v  0.0001 1.0819 0.0815
v  -0.0583 1.0819 0.0610
v  -0.0780 1.0819 0.0000
v  -0.0165 1.1745 -0.0173
v  -0.0175 1.1745 -0.0183
v  0.0001 1.1745 -0.0245
v  0.0001 1.1745 -0.0230
v  0.0166 1.1745 -0.0173
v  0.0177 1.1745 -0.0183
v  -0.0165 1.1745 0.0173
v  -0.0175 1.1745 0.0184
v  -0.0234 1.1745 0.0000
v  -0.0220 1.1745 0.0000
v  0.0166 1.1745 0.0173
v  0.0177 1.1745 0.0184
v  0.0001 1.1745 0.0245
v  0.0001 1.1745 0.0231
v  0.0235 1.1745 0.0000
v  0.0221 1.1745 0.0000
v  0.0001 1.1897 -0.0151
v  -0.0108 1.1897 -0.0113
v  0.0109 1.1897 -0.0113
v  -0.0144 1.1897 0.0000
v  -0.0108 1.1897 0.0113
v  0.0001 1.1897 0.0151
v  0.0109 1.1897 0.0113
v  0.0145 1.1897 0.0000
v  -0.0164 1.1736 -0.0171
v  -0.0164 1.1741 -0.0172
v  0.0001 1.1741 -0.0230
v  0.0001 1.1736 -0.0229
v  0.0166 1.1741 -0.0172
v  0.0165 1.1736 -0.0171
v  0.0221 1.1741 0.0000
v  0.0220 1.1736 0.0000
v  0.0166 1.1741 0.0173
v  0.0165 1.1736 0.0172
v  0.0001 1.1741 0.0230
v  0.0001 1.1736 0.0229
v  -0.0164 1.1741 0.0172
v  -0.0164 1.1736 0.0172
v  -0.0219 1.1741 0.0000
v  -0.0218 1.1736 0.0000
v  -0.0226 1.1746 -0.0236
v  0.0001 1.1746 -0.0315
v  0.0227 1.1746 -0.0236
v  0.0302 1.1746 0.0000
v  0.0227 1.1746 0.0236
v  0.0001 1.1746 0.0315
v  -0.0226 1.1746 0.0236
v  -0.0301 1.1746 0.0000
v  -0.0545 0.9917 0.0000
v  -0.0558 0.9913 0.0049
v  -0.0548 0.9884 0.0050
v  -0.0535 0.9889 0.0000
v  -0.0434 0.9618 0.0000
v  -0.0491 0.9760 0.0000
v  -0.0504 0.9753 0.0052
v  -0.0446 0.9607 0.0052
v  -0.0359 0.9497 0.0000
v  -0.0369 0.9483 0.0052
v  -0.0268 0.9401 0.0000
v  -0.0275 0.9384 0.0052
v  -0.0178 0.9354 0.0000
v  -0.0183 0.9327 0.0050
v  -0.0165 0.9322 0.0000
v  -0.0170 0.9324 0.0000
v  -0.0173 0.9305 0.0032
v  -0.0167 0.9302 0.0032
v  -0.0057 0.9268 0.0000
v  -0.0058 0.9247 0.0032
v  0.0059 0.9247 0.0032
v  0.0058 0.9268 0.0000
v  0.0153 0.9294 0.0032
v  0.0150 0.9314 0.0000
v  0.0166 0.9347 0.0000
v  0.0171 0.9319 0.0050
v  0.0182 0.9325 0.0050
v  0.0176 0.9352 0.0000
v  0.0269 0.9401 0.0000
v  0.0277 0.9384 0.0052
v  0.0370 0.9483 0.0052
v  0.0361 0.9497 0.0000
v  0.0448 0.9607 0.0052
v  0.0436 0.9618 0.0000
v  0.0506 0.9753 0.0052
v  0.0492 0.9760 0.0000
v  0.0552 0.9891 0.0050
v  0.0539 0.9895 0.0000
v  0.0571 0.9927 0.0032
v  0.0562 0.9929 0.0000
v  0.0559 0.9913 0.0000
v  0.0567 0.9910 0.0032
v  0.0606 1.0229 0.0000
v  0.0596 1.0079 0.0000
v  0.0605 1.0079 0.0032
v  0.0615 1.0232 0.0032
v  0.0599 1.0428 0.0000
v  0.0594 1.0244 0.0000
v  0.0609 1.0247 0.0047
v  0.0614 1.0432 0.0047
v  -0.0574 1.0780 0.0000
v  -0.0588 1.0786 0.0047
v  -0.0588 1.0776 0.0047
v  -0.0574 1.0771 0.0000
v  -0.0605 1.0246 0.0000
v  -0.0615 1.0248 0.0032
v  -0.0613 1.0227 0.0032
v  -0.0604 1.0225 0.0000
v  -0.0594 1.0079 0.0000
v  -0.0604 1.0079 0.0032
v  -0.0571 0.9934 0.0032
v  -0.0562 0.9936 0.0000
v  -0.0588 0.9903 0.0061
v  -0.0578 0.9873 0.0062
v  -0.0533 0.9736 0.0064
v  -0.0472 0.9583 0.0064
v  -0.0390 0.9451 0.0064
v  -0.0291 0.9348 0.0064
v  -0.0194 0.9268 0.0062
v  -0.0179 0.9261 0.0040
v  -0.0173 0.9258 0.0040
v  -0.0060 0.9201 0.0040
v  0.0061 0.9201 0.0040
v  0.0158 0.9250 0.0040
v  0.0181 0.9256 0.0062
v  0.0193 0.9266 0.0062
v  0.0293 0.9348 0.0064
v  0.0392 0.9451 0.0064
v  0.0473 0.9583 0.0064
v  0.0534 0.9736 0.0064
v  0.0582 0.9880 0.0062
v  0.0587 0.9904 0.0040
v  0.0591 0.9921 0.0040
v  0.0626 1.0079 0.0040
v  0.0637 1.0237 0.0040
v  0.0641 1.0254 0.0059
v  0.0646 1.0441 0.0059
v  -0.0619 1.0798 0.0059
v  -0.0620 1.0789 0.0059
v  -0.0636 1.0254 0.0040
v  -0.0635 1.0232 0.0040
v  -0.0625 1.0079 0.0040
v  -0.0591 0.9929 0.0040
v  -0.0613 0.9896 0.0027
v  -0.0602 0.9865 0.0028
v  -0.0556 0.9722 0.0028
v  -0.0492 0.9563 0.0029
v  -0.0407 0.9426 0.0029
v  -0.0304 0.9318 0.0029
v  -0.0203 0.9220 0.0028
v  -0.0183 0.9226 0.0018
v  -0.0178 0.9223 0.0018
v  -0.0062 0.9165 0.0018
v  0.0063 0.9165 0.0018
v  0.0162 0.9214 0.0018
v  0.0190 0.9206 0.0028
v  0.0202 0.9217 0.0028
v  0.0306 0.9318 0.0029
v  0.0409 0.9426 0.0029
v  0.0494 0.9563 0.0028
v  0.0557 0.9722 0.0028
v  0.0606 0.9872 0.0028
v  0.0603 0.9900 0.0018
v  0.0607 0.9917 0.0018
v  0.0643 1.0079 0.0018
v  0.0654 1.0241 0.0018
v  0.0666 1.0260 0.0026
v  0.0673 1.0448 0.0026
v  -0.0645 1.0808 0.0026
v  -0.0646 1.0799 0.0026
v  -0.0653 1.0259 0.0018
v  -0.0652 1.0236 0.0018
v  -0.0641 1.0079 0.0018
v  -0.0607 0.9925 0.0018
v  -0.0613 0.9896 -0.0027
v  -0.0602 0.9865 -0.0027
v  -0.0556 0.9722 -0.0028
v  -0.0492 0.9563 -0.0028
v  -0.0407 0.9426 -0.0028
v  -0.0304 0.9318 -0.0028
v  -0.0203 0.9220 -0.0027
v  -0.0183 0.9226 -0.0018
v  -0.0178 0.9223 -0.0018
v  -0.0062 0.9165 -0.0018
v  0.0063 0.9165 -0.0017
v  0.0162 0.9214 -0.0017
v  0.0190 0.9206 -0.0027
v  0.0202 0.9217 -0.0027
v  0.0306 0.9318 -0.0028
v  0.0409 0.9426 -0.0028
v  0.0494 0.9563 -0.0028
v  0.0557 0.9722 -0.0028
v  0.0606 0.9872 -0.0027
v  0.0603 0.9900 -0.0017
v  0.0607 0.9917 -0.0017
v  0.0643 1.0079 -0.0017
v  0.0654 1.0241 -0.0017
v  0.0666 1.0260 -0.0026
v  0.0673 1.0448 -0.0026
v  -0.0645 1.0808 -0.0026
v  -0.0646 1.0799 -0.0026
v  -0.0653 1.0259 -0.0017
v  -0.0652 1.0236 -0.0018
v  -0.0641 1.0079 -0.0017
v  -0.0607 0.9925 -0.0018
v  -0.0588 0.9903 -0.0061
v  -0.0578 0.9873 -0.0061
v  -0.0533 0.9736 -0.0063
v  -0.0472 0.9583 -0.0063
v  -0.0390 0.9451 -0.0063
v  -0.0291 0.9348 -0.0063
v  -0.0194 0.9268 -0.0062
v  -0.0179 0.9261 -0.0039
v  -0.0173 0.9258 -0.0039
v  -0.0060 0.9201 -0.0039
v  0.0061 0.9201 -0.0039
v  0.0158 0.9250 -0.0039
v  0.0181 0.9256 -0.0061
v  0.0193 0.9266 -0.0061
v  0.0293 0.9348 -0.0063
v  0.0392 0.9451 -0.0063
v  0.0473 0.9583 -0.0063
v  0.0534 0.9736 -0.0063
v  0.0582 0.9880 -0.0061
v  0.0587 0.9904 -0.0039
v  0.0591 0.9921 -0.0039
v  0.0626 1.0079 -0.0039
v  0.0637 1.0237 -0.0039
v  0.0641 1.0254 -0.0058
v  0.0646 1.0441 -0.0058
v  -0.0619 1.0798 -0.0058
v  -0.0620 1.0789 -0.0058
v  -0.0636 1.0254 -0.0039
v  -0.0635 1.0232 -0.0039
v  -0.0625 1.0079 -0.0039
v  -0.0591 0.9929 -0.0039
v  -0.0558 0.9913 -0.0049
v  -0.0548 0.9884 -0.0049
v  -0.0504 0.9753 -0.0051
v  -0.0446 0.9607 -0.0051
v  -0.0369 0.9483 -0.0051
v  -0.0275 0.9384 -0.0052
v  -0.0183 0.9327 -0.0050
v  -0.0173 0.9305 -0.0032
v  -0.0167 0.9302 -0.0032
v  -0.0058 0.9247 -0.0032
v  0.0059 0.9247 -0.0032
v  0.0153 0.9294 -0.0032
v  0.0171 0.9319 -0.0049
v  0.0182 0.9325 -0.0050
v  0.0277 0.9384 -0.0052
v  0.0370 0.9483 -0.0051
v  0.0448 0.9607 -0.0051
v  0.0506 0.9753 -0.0051
v  0.0552 0.9891 -0.0049
v  0.0567 0.9910 -0.0032
v  0.0571 0.9927 -0.0032
v  0.0605 1.0079 -0.0032
v  0.0615 1.0232 -0.0032
v  0.0609 1.0247 -0.0047
v  0.0614 1.0432 -0.0047
v  -0.0588 1.0786 -0.0047
v  -0.0588 1.0776 -0.0047
v  -0.0615 1.0248 -0.0032
v  -0.0613 1.0227 -0.0032
v  -0.0604 1.0079 -0.0032
v  -0.0571 0.9934 -0.0032
v  -0.0566 0.9910 0.0032
v  -0.0557 0.9913 0.0000
v  -0.0164 0.9347 0.0000
v  -0.0169 0.9319 0.0050
v  -0.0586 0.9904 0.0040
v  -0.0180 0.9256 0.0062
v  -0.0601 0.9900 0.0018
v  -0.0188 0.9206 0.0028
v  -0.0601 0.9900 -0.0018
v  -0.0188 0.9206 -0.0027
v  -0.0586 0.9904 -0.0039
v  -0.0180 0.9256 -0.0061
v  -0.0566 0.9910 -0.0032
v  -0.0169 0.9319 -0.0049
v  0.0171 0.9324 0.0000
v  0.0174 0.9305 0.0032
v  0.0546 0.9917 0.0000
v  0.0560 0.9913 0.0049
v  0.0180 0.9261 0.0040
v  0.0590 0.9903 0.0061
v  0.0185 0.9226 0.0018
v  0.0614 0.9896 0.0027
v  0.0185 0.9226 -0.0017
v  0.0614 0.9896 -0.0027
v  0.0180 0.9261 -0.0039
v  0.0590 0.9903 -0.0061
v  0.0174 0.9305 -0.0032
v  0.0560 0.9913 -0.0049
v  0.0616 1.0248 0.0032
v  0.0607 1.0246 0.0000
v  0.0638 1.0254 0.0040
v  0.0655 1.0259 0.0018
v  0.0655 1.0259 -0.0018
v  0.0638 1.0254 -0.0039
v  0.0616 1.0248 -0.0032
v  -0.0593 1.0244 0.0000
v  -0.0607 1.0247 0.0047
v  -0.0639 1.0254 0.0059
v  -0.0665 1.0260 0.0026
v  -0.0665 1.0260 -0.0026
v  -0.0639 1.0254 -0.0058
v  -0.0607 1.0247 -0.0047
v  0.0598 1.0461 -0.0073
v  0.0575 1.0456 0.0000
v  0.0569 1.0526 0.0000
v  0.0593 1.0531 -0.0073
v  0.0653 1.0471 -0.0091
v  0.0647 1.0542 -0.0091
v  0.0697 1.0480 -0.0040
v  0.0691 1.0552 -0.0040
v  0.0697 1.0480 0.0040
v  0.0691 1.0552 0.0040
v  0.0647 1.0542 0.0091
v  0.0653 1.0471 0.0091
v  0.0593 1.0531 0.0073
v  0.0598 1.0461 0.0073
v  0.0609 1.0532 -0.0047
v  0.0595 1.0528 0.0000
v  0.0593 1.0553 0.0000
v  0.0607 1.0558 -0.0047
v  0.0642 1.0542 -0.0058
v  0.0640 1.0568 -0.0058
v  0.0668 1.0550 -0.0026
v  0.0666 1.0576 -0.0026
v  0.0668 1.0550 0.0026
v  0.0666 1.0576 0.0026
v  0.0640 1.0568 0.0059
v  0.0642 1.0542 0.0059
v  0.0607 1.0558 0.0047
v  0.0609 1.0532 0.0047
v  -0.0673 1.0466 0.0026
v  -0.0673 1.0466 -0.0026
v  -0.0672 1.0442 -0.0026
v  -0.0672 1.0442 0.0026
v  -0.0647 1.0459 0.0059
v  -0.0646 1.0435 0.0059
v  -0.0614 1.0450 0.0047
v  -0.0613 1.0426 0.0047
v  -0.0599 1.0446 0.0000
v  -0.0599 1.0422 0.0000
v  -0.0613 1.0426 -0.0047
v  -0.0614 1.0450 -0.0047
v  -0.0646 1.0435 -0.0058
v  -0.0647 1.0459 -0.0058
v  -0.0691 1.0530 0.0040
v  -0.0691 1.0530 -0.0040
v  -0.0696 1.0468 -0.0040
v  -0.0696 1.0468 0.0040
v  -0.0648 1.0521 0.0091
v  -0.0653 1.0459 0.0091
v  -0.0593 1.0510 0.0073
v  -0.0598 1.0448 0.0073
v  -0.0569 1.0505 0.0000
v  -0.0574 1.0444 0.0000
v  -0.0598 1.0448 -0.0073
v  -0.0593 1.0510 -0.0073
v  -0.0653 1.0459 -0.0091
v  -0.0648 1.0521 -0.0091
v  0.0615 1.0462 -0.0047
v  0.0600 1.0458 0.0000
v  0.0647 1.0471 -0.0058
v  0.0673 1.0478 -0.0026
v  0.0673 1.0478 0.0026
v  0.0647 1.0471 0.0059
v  0.0615 1.0462 0.0047
v  -0.0668 1.0529 -0.0026
v  -0.0668 1.0529 0.0026
v  -0.0642 1.0521 0.0059
v  -0.0609 1.0511 0.0047
v  -0.0595 1.0507 0.0000
v  -0.0609 1.0511 -0.0047
v  -0.0642 1.0521 -0.0058
v  0.0590 1.0780 -0.0047
v  0.0576 1.0774 0.0000
v  0.0575 1.0780 0.0000
v  0.0589 1.0786 -0.0047
v  0.0622 1.0792 -0.0058
v  0.0621 1.0798 -0.0058
v  0.0647 1.0802 -0.0026
v  0.0647 1.0808 -0.0026
v  0.0647 1.0802 0.0026
v  0.0647 1.0808 0.0026
v  0.0621 1.0798 0.0059
v  0.0622 1.0792 0.0059
v  0.0589 1.0786 0.0047
v  0.0590 1.0780 0.0047
v  -0.0659 1.0636 -0.0026
v  -0.0659 1.0636 0.0026
v  -0.0633 1.0627 0.0059
v  -0.0601 1.0617 0.0047
v  -0.0587 1.0612 0.0000
v  -0.0601 1.0617 -0.0047
v  -0.0633 1.0627 -0.0058
v  -0.0666 1.0556 -0.0026
v  -0.0666 1.0556 0.0026
v  -0.0640 1.0548 0.0059
v  -0.0607 1.0538 0.0047
v  -0.0593 1.0533 0.0000
v  -0.0607 1.0538 -0.0047
v  -0.0640 1.0548 -0.0058
v  0.0601 1.0635 -0.0047
v  0.0587 1.0630 0.0000
v  0.0633 1.0646 -0.0058
v  0.0659 1.0655 -0.0026
v  0.0659 1.0655 0.0026
v  0.0633 1.0646 0.0059
v  0.0601 1.0635 0.0047
v  0.0169 0.9302 -0.0032
v  0.0167 0.9322 0.0000
v  0.0175 0.9259 -0.0039
v  0.0180 0.9223 -0.0017
v  0.0180 0.9223 0.0018
v  0.0175 0.9259 0.0040
v  0.0169 0.9302 0.0032
v  -0.0143 0.9290 -0.0032
v  -0.0141 0.9310 0.0000
v  -0.0148 0.9246 -0.0039
v  -0.0152 0.9210 -0.0018
v  -0.0152 0.9210 0.0018
v  -0.0148 0.9246 0.0040
v  -0.0143 0.9290 0.0032
v  0.0001 1.1487 -0.0183
v  0.0132 1.1487 -0.0137
v  -0.0131 1.1487 -0.0137
v  0.0001 1.1667 -0.0221
v  -0.0158 1.1667 -0.0165
v  0.0159 1.1667 -0.0165
v  -0.0175 1.1487 0.0000
v  -0.0131 1.1487 0.0137
v  -0.0211 1.1667 0.0000
v  -0.0158 1.1667 0.0166
v  0.0001 1.1487 0.0183
v  0.0132 1.1487 0.0137
v  0.0001 1.1667 0.0221
v  0.0159 1.1667 0.0166
v  0.0176 1.1487 0.0000
v  0.0212 1.1667 0.0000
v  0.0001 1.1485 -0.0209
v  0.0150 1.1485 -0.0154
v  -0.0149 1.1485 -0.0154
v  0.0001 1.1661 -0.0246
v  -0.0175 1.1661 -0.0182
v  0.0177 1.1661 -0.0182
v  -0.0201 1.1485 0.0000
v  -0.0149 1.1485 0.0155
v  -0.0237 1.1661 0.0000
v  -0.0175 1.1661 0.0183
v  0.0001 1.1485 0.0210
v  0.0150 1.1485 0.0155
v  0.0001 1.1661 0.0247
v  0.0177 1.1661 0.0183
v  0.0203 1.1485 0.0000
v  0.0238 1.1661 0.0000
v  0.0170 1.1571 -0.0174
v  0.0229 1.1572 0.0000
v  0.0001 1.1571 -0.0236
v  -0.0169 1.1571 -0.0174
v  -0.0227 1.1572 0.0000
v  -0.0169 1.1571 0.0175
v  0.0001 1.1571 0.0236
v  0.0170 1.1571 0.0175
v  0.0001 0.9138 -0.0092
v  0.0065 0.9138 -0.0067
v  0.0089 0.9138 0.0000
v  0.0065 0.9138 0.0067
v  0.0001 0.9138 0.0092
v  -0.0064 0.9138 0.0067
v  -0.0088 0.9138 0.0000
v  -0.0064 0.9138 -0.0067
v  -0.0050 0.9132 -0.0053
v  0.0001 0.9132 -0.0071
v  -0.0067 0.9132 0.0000
v  -0.0050 0.9132 0.0053
v  0.0001 0.9132 0.0071
v  0.0052 0.9132 0.0053
v  0.0069 0.9132 0.0000
v  0.0052 0.9132 -0.0053
v  -0.0238 0.3148 -0.0267
v  0.0018 0.3148 -0.0357
v  0.0018 0.3149 -0.0352
v  -0.0234 0.3149 -0.0264
v  0.0274 0.3148 -0.0267
v  0.0271 0.3149 -0.0264
v  -0.0238 0.3148 0.0267
v  -0.0324 0.3148 0.0000
v  -0.0318 0.3149 0.0000
v  -0.0234 0.3149 0.0264
v  0.0274 0.3148 0.0267
v  0.0018 0.3148 0.0357
v  0.0018 0.3149 0.0352
v  0.0271 0.3149 0.0264
v  0.0360 0.3148 0.0000
v  0.0355 0.3149 0.0000
v  0.0018 0.3340 -0.0376
v  -0.0252 0.3340 -0.0282
v  0.0288 0.3340 -0.0282
v  -0.0342 0.3340 0.0000
v  -0.0252 0.3340 0.0282
v  0.0018 0.3340 0.0376
v  0.0288 0.3340 0.0282
v  0.0379 0.3340 0.0000
v  -0.0260 0.3143 -0.0289
v  0.0018 0.3143 -0.0390
v  0.0297 0.3143 -0.0289
v  -0.0260 0.3143 0.0289
v  -0.0357 0.3143 0.0000
v  0.0297 0.3143 0.0289
v  0.0018 0.3143 0.0390
v  0.0394 0.3143 0.0000
v  0.0018 0.3344 -0.0409
v  -0.0275 0.3344 -0.0304
v  0.0311 0.3344 -0.0304
v  -0.0376 0.3344 0.0000
v  -0.0275 0.3344 0.0304
v  0.0018 0.3344 0.0410
v  0.0311 0.3344 0.0304
v  0.0413 0.3344 0.0000
v  0.0018 0.3346 -0.0419
v  -0.0282 0.3346 -0.0310
v  0.0318 0.3346 -0.0310
v  -0.0386 0.3346 0.0000
v  -0.0282 0.3346 0.0311
v  0.0018 0.3346 0.0420
v  0.0318 0.3346 0.0311
v  0.0423 0.3346 0.0000
v  -0.0052 0.9113 -0.0054
v  -0.0069 0.9113 0.0000
v  -0.0070 0.8802 0.0000
v  -0.0052 0.8802 -0.0055
v  -0.0051 0.8802 -0.0054
v  -0.0069 0.8802 0.0000
v  0.0001 0.9113 -0.0073
v  0.0001 0.8802 -0.0074
v  0.0001 0.8802 -0.0073
v  0.0053 0.9113 -0.0054
v  0.0054 0.8802 -0.0055
v  0.0053 0.8802 -0.0054
v  0.0071 0.9113 0.0000
v  0.0072 0.8802 0.0000
v  0.0070 0.8802 0.0000
v  0.0053 0.9113 0.0055
v  0.0054 0.8802 0.0056
v  0.0053 0.8802 0.0054
v  0.0001 0.9113 0.0073
v  0.0001 0.8802 0.0074
v  0.0001 0.8802 0.0073
v  -0.0052 0.9113 0.0055
v  -0.0052 0.8802 0.0056
v  -0.0051 0.8802 0.0054
v  -0.0059 0.9113 -0.0062
v  -0.0080 0.9113 0.0000
v  -0.0082 0.8802 0.0000
v  -0.0060 0.8802 -0.0063
v  0.0001 0.9114 -0.0084
v  0.0001 0.8803 -0.0085
v  0.0061 0.9114 -0.0062
v  0.0062 0.8802 -0.0063
v  0.0082 0.9113 0.0000
v  0.0083 0.8802 0.0000
v  0.0061 0.9114 0.0062
v  0.0062 0.8803 0.0063
v  0.0001 0.9114 0.0084
v  0.0001 0.8803 0.0086
v  -0.0059 0.9113 0.0062
v  -0.0060 0.8802 0.0063
v  -0.0063 0.9114 -0.0066
v  -0.0086 0.9114 0.0000
v  0.0001 0.9114 -0.0089
v  0.0064 0.9114 -0.0066
v  0.0087 0.9114 0.0000
v  0.0064 0.9114 0.0066
v  0.0001 0.9114 0.0090
v  -0.0063 0.9114 0.0066
v  -0.0087 0.8962 0.0000
v  -0.0063 0.8962 -0.0066
v  -0.0063 0.8962 0.0066
v  0.0001 0.8962 0.0090
v  0.0065 0.8962 0.0066
v  0.0088 0.8962 0.0000
v  0.0065 0.8962 -0.0066
v  0.0001 0.8962 -0.0090
v  -0.0086 0.9105 0.0000
v  -0.0063 0.9105 -0.0066
v  -0.0063 0.9105 0.0066
v  0.0001 0.9105 0.0090
v  0.0064 0.9105 0.0066
v  0.0087 0.9105 0.0000
v  0.0064 0.9105 -0.0066
v  0.0001 0.9105 -0.0089
v  -0.0051 0.8797 -0.0054
v  0.0001 0.8797 -0.0073
v  -0.0069 0.8797 0.0000
v  -0.0051 0.8797 0.0054
v  0.0001 0.8797 0.0073
v  0.0053 0.8797 0.0054
v  0.0070 0.8797 0.0000
v  0.0053 0.8797 -0.0054
# 1859 vertices

vn 0.0000 0.1238 -0.9923
vn 0.0000 1.0000 0.0000
vn 0.0000 0.1238 0.9923
vn 0.0000 -1.0000 -0.0000
vn 0.9916 0.1293 -0.0000
vn -0.9916 0.1293 0.0000
vn 0.0000 -0.0000 1.0000
vn -1.0000 -0.0000 0.0000
vn 0.0000 0.0000 -1.0000
vn 1.0000 0.0000 -0.0000
vn -0.0007 0.0211 -0.9998
vn 0.0007 0.0211 -0.9998
vn 0.0006 0.0170 -0.9999
vn -0.0006 0.0170 -0.9999
vn 0.0007 0.0218 -0.9998
vn 0.0007 0.0222 -0.9998
vn -0.0007 0.0218 -0.9998
vn -0.0007 0.0222 -0.9998
vn -0.0007 0.0218 0.9998
vn 0.0007 0.0218 0.9998
vn 0.0007 0.0222 0.9998
vn -0.0007 0.0222 0.9998
vn 0.0007 0.0211 0.9998
vn 0.0006 0.0170 0.9999
vn -0.0007 0.0211 0.9998
vn -0.0006 0.0170 0.9999
vn 0.9998 0.0223 -0.0008
vn 0.9998 0.0223 0.0008
vn 0.9999 0.0170 0.0006
vn 0.9999 0.0170 -0.0006
vn 0.9997 0.0232 0.0008
vn 0.9998 0.0222 0.0008
vn 0.9997 0.0232 -0.0008
vn 0.9998 0.0222 -0.0008
vn -0.9998 0.0223 0.0008
vn -0.9998 0.0223 -0.0008
vn -0.9999 0.0170 -0.0006
vn -0.9999 0.0170 0.0006
vn -0.9997 0.0232 -0.0008
vn -0.9998 0.0222 -0.0008
vn -0.9997 0.0232 0.0008
vn -0.9998 0.0222 0.0008
vn 0.9958 0.0919 0.0002
vn -0.9958 0.0919 0.0000
vn 0.9958 0.0919 0.0004
vn -0.9958 0.0919 -0.0004
vn 0.0000 0.0879 0.9961
vn 0.0000 0.0879 -0.9961
vn 0.0000 -1.0000 0.0000
vn -0.0008 0.0252 -0.9997
vn 0.0008 0.0252 -0.9997
vn 0.0007 0.0224 -0.9997
vn -0.0007 0.0224 -0.9997
vn 0.0008 0.0257 -0.9997
vn 0.0009 0.0293 -0.9996
vn -0.0008 0.0257 -0.9997
vn -0.0009 0.0293 -0.9996
vn -0.0008 0.0257 0.9997
vn 0.0008 0.0257 0.9997
vn 0.0009 0.0293 0.9996
vn -0.0009 0.0293 0.9996
vn 0.0008 0.0252 0.9997
vn 0.0007 0.0224 0.9997
vn -0.0008 0.0252 0.9997
vn -0.0007 0.0224 0.9997
vn 0.9996 0.0267 -0.0008
vn 0.9996 0.0267 0.0009
vn 0.9997 0.0225 0.0007
vn 0.9997 0.0225 -0.0007
vn 0.9996 0.0274 0.0009
vn 0.9996 0.0294 0.0010
vn 0.9996 0.0274 -0.0008
vn 0.9996 0.0294 -0.0009
vn -0.9996 0.0266 0.0008
vn -0.9996 0.0266 -0.0009
vn -0.9997 0.0224 -0.0007
vn -0.9997 0.0224 0.0007
vn -0.9996 0.0273 -0.0009
vn -0.9996 0.0294 -0.0010
vn -0.9996 0.0273 0.0008
vn -0.9996 0.0294 0.0009
vn -0.9937 -0.1125 -0.0000
vn 0.9937 -0.1125 -0.0000
vn 0.0000 -0.1076 -0.9942
vn 0.0000 -0.1076 0.9942
vn 0.0000 0.0714 0.9974
vn 0.9972 0.0747 0.0000
vn 0.0000 0.0714 -0.9974
vn -0.9972 0.0747 0.0000
vn -0.6933 0.2647 -0.6703
vn -0.6963 0.2586 -0.6695
vn 0.0001 0.2550 -0.9669
vn 0.0000 0.2578 -0.9662
vn 0.6962 0.2596 -0.6692
vn 0.6940 0.2599 -0.6714
vn 0.0866 0.9929 -0.0820
vn 0.0000 0.9949 -0.1005
vn -0.0000 1.0000 0.0000
vn 0.1039 0.9946 -0.0000
vn -0.0865 0.9929 -0.0821
vn -0.1038 0.9946 -0.0001
vn -0.0865 0.9929 0.0818
vn 0.0000 0.9950 0.1002
vn 0.0867 0.9929 0.0818
vn 0.0000 0.2553 0.9669
vn 0.0000 0.2579 0.9662
vn 0.6939 0.2599 0.6715
vn 0.6962 0.2596 0.6693
vn -0.6961 0.2590 0.6696
vn -0.6933 0.2647 0.6703
vn -0.9696 0.2446 0.0000
vn -0.9670 0.2546 0.0000
vn 0.9693 0.2457 -0.0000
vn 0.9693 0.2457 0.0000
vn 0.0000 0.6332 -0.7740
vn -0.0000 0.6961 -0.7179
vn 0.5139 0.7045 -0.4894
vn 0.5526 0.6379 -0.5363
vn -0.5524 0.6392 -0.5350
vn -0.5132 0.7047 -0.4898
vn -0.5817 0.5938 -0.5559
vn -0.0000 0.5843 -0.8115
vn 0.5806 0.5946 -0.5562
vn -0.7854 0.6190 0.0000
vn -0.7329 0.6804 0.0000
vn -0.5523 0.6387 0.5357
vn -0.5135 0.7046 0.4897
vn -0.5813 0.5938 0.5563
vn -0.8242 0.5662 -0.0000
vn -0.0000 0.6327 0.7744
vn -0.0000 0.6959 0.7181
vn 0.5525 0.6379 0.5365
vn 0.5142 0.7044 0.4893
vn 0.5802 0.5947 0.5565
vn 0.0000 0.5844 0.8115
vn 0.7867 0.6173 -0.0000
vn 0.7332 0.6800 0.0000
vn 0.8234 0.5675 -0.0000
vn -0.0000 0.3721 -0.9282
vn 0.6690 0.3780 -0.6400
vn -0.6683 0.3781 -0.6406
vn -0.7055 0.2148 -0.6754
vn -0.0000 0.2115 -0.9774
vn 0.7054 0.2147 -0.6755
vn -0.9344 0.3563 0.0000
vn -0.6684 0.3784 0.6404
vn -0.7054 0.2148 0.6755
vn -0.9793 0.2025 0.0000
vn 0.0000 0.3725 0.9280
vn 0.6690 0.3783 0.6398
vn 0.7053 0.2148 0.6756
vn 0.0000 0.2115 0.9774
vn 0.9344 0.3561 0.0000
vn 0.9793 0.2022 0.0000
vn 0.0001 0.1349 -0.9909
vn 0.7158 0.1362 -0.6849
vn -0.7158 0.1367 -0.6848
vn -0.7187 0.1053 -0.6873
vn 0.0002 0.1047 -0.9945
vn 0.7190 0.1051 -0.6871
vn -0.9915 0.1297 0.0000
vn -0.7158 0.1368 0.6848
vn -0.7186 0.1050 0.6874
vn -0.9949 0.1006 -0.0000
vn -0.0000 0.1349 0.9909
vn 0.7158 0.1361 0.6849
vn 0.7187 0.1048 0.6874
vn -0.0000 0.1042 0.9946
vn 0.9917 0.1287 0.0000
vn 0.9950 0.1003 0.0000
vn 0.6921 -0.2966 -0.6581
vn 0.0000 -0.2876 -0.9578
vn 0.0000 -0.4342 -0.9008
vn 0.6446 -0.4525 -0.6162
vn -0.6916 -0.2968 -0.6585
vn -0.6447 -0.4520 -0.6166
vn -0.6121 -0.5268 -0.5897
vn 0.0000 -0.5175 -0.8557
vn 0.6116 -0.5271 -0.5900
vn -0.9614 -0.2750 -0.0000
vn -0.9095 -0.4157 -0.0000
vn -0.6913 -0.2955 0.6594
vn -0.6450 -0.4506 0.6172
vn -0.6125 -0.5265 0.5896
vn -0.8651 -0.5016 -0.0000
vn 0.0003 -0.2847 0.9586
vn 0.0003 -0.4321 0.9018
vn 0.6918 -0.2946 0.6593
vn 0.6452 -0.4512 0.6165
vn 0.6117 -0.5283 0.5889
vn -0.0000 -0.5182 0.8553
vn 0.9615 -0.2746 -0.0000
vn 0.9089 -0.4169 0.0000
vn 0.8644 -0.5028 -0.0000
vn 0.0001 -0.1665 -0.9860
vn 0.7097 -0.1720 -0.6832
vn -0.7090 -0.1713 -0.6840
vn -0.6725 0.3629 -0.6451
vn 0.0000 0.3568 -0.9342
vn 0.6733 0.3611 -0.6452
vn -0.9865 -0.1637 -0.0000
vn -0.7096 -0.1737 0.6828
vn -0.6722 0.3604 0.6468
vn -0.9392 0.3434 0.0000
vn -0.0004 -0.1708 0.9853
vn 0.7081 -0.1745 0.6842
vn 0.6735 0.3614 0.6448
vn -0.0002 0.3550 0.9349
vn 0.9863 -0.1647 0.0000
vn 0.9399 0.3415 0.0000
vn -0.0000 0.5354 -0.8446
vn 0.6031 0.5485 -0.5792
vn -0.6037 0.5482 -0.5788
vn -0.5998 0.5540 -0.5774
vn 0.0000 0.5394 -0.8421
vn 0.6004 0.5541 -0.5766
vn -0.8545 0.5195 -0.0000
vn -0.6033 0.5485 0.5789
vn -0.6004 0.5538 0.5770
vn -0.8529 0.5222 -0.0000
vn -0.0000 0.5359 0.8443
vn 0.6027 0.5488 0.5793
vn 0.6009 0.5540 0.5762
vn 0.0000 0.5391 0.8422
vn 0.8542 0.5200 0.0000
vn 0.8528 0.5222 -0.0000
vn 0.0000 0.5209 -0.8536
vn 0.6127 0.5354 -0.5813
vn -0.6136 0.5346 -0.5811
vn -0.7147 -0.1462 -0.6839
vn -0.7144 -0.1510 -0.6833
vn 0.0000 -0.1452 -0.9894
vn -0.0000 -0.1481 -0.9890
vn 0.7143 -0.1514 -0.6833
vn 0.7130 -0.1616 -0.6823
vn -0.8635 0.5044 -0.0000
vn -0.6136 0.5338 0.5818
vn -0.7120 -0.1400 0.6880
vn -0.7150 -0.1509 0.6826
vn -0.9901 -0.1402 0.0000
vn -0.9920 -0.1266 -0.0000
vn 0.0001 0.5199 0.8542
vn 0.6127 0.5348 0.5819
vn 0.7104 -0.1553 0.6865
vn 0.7149 -0.1513 0.6826
vn 0.0000 -0.1450 0.9894
vn 0.0000 -0.1402 0.9901
vn 0.8627 0.5057 -0.0000
vn 0.9900 -0.1410 0.0000
vn 0.9879 -0.1549 -0.0000
vn -0.0000 0.0343 -0.9994
vn 0.0000 0.0580 -0.9983
vn 0.7221 0.0618 -0.6890
vn 0.7209 0.0356 -0.6921
vn -0.7209 0.0356 -0.6922
vn -0.7221 0.0619 -0.6890
vn -0.7111 -0.1742 -0.6812
vn 0.0001 -0.1654 -0.9862
vn 0.7112 -0.1733 -0.6813
vn -0.9994 0.0334 0.0000
vn -0.9983 0.0577 0.0000
vn -0.7207 0.0355 0.6923
vn -0.7222 0.0620 0.6889
vn -0.7112 -0.1747 0.6810
vn -0.9870 -0.1609 -0.0000
vn -0.0000 0.0340 0.9994
vn -0.0000 0.0579 0.9983
vn 0.7208 0.0354 0.6922
vn 0.7223 0.0617 0.6889
vn 0.7111 -0.1737 0.6813
vn -0.0000 -0.1662 0.9861
vn 0.9994 0.0334 0.0000
vn 0.9984 0.0573 -0.0000
vn 0.9872 -0.1594 -0.0000
vn 0.0000 -0.2627 -0.9649
vn 0.6948 -0.2722 -0.6657
vn -0.6947 -0.2726 -0.6657
vn -0.6658 -0.3857 -0.6386
vn -0.6722 -0.3666 -0.6433
vn -0.0001 -0.3590 -0.9333
vn -0.0000 -0.3761 -0.9266
vn 0.6712 -0.3685 -0.6432
vn 0.6687 -0.3814 -0.6382
vn -0.9672 -0.2542 0.0000
vn -0.6947 -0.2725 0.6657
vn -0.6676 -0.3787 0.6410
vn -0.6723 -0.3676 0.6426
vn -0.9389 -0.3443 -0.0001
vn -0.9311 -0.3648 -0.0000
vn -0.0000 -0.2622 0.9650
vn 0.6951 -0.2718 0.6656
vn 0.6705 -0.3742 0.6406
vn 0.6714 -0.3693 0.6426
vn 0.0000 -0.3607 0.9327
vn -0.0000 -0.3628 0.9319
vn 0.9675 -0.2529 0.0000
vn 0.9377 -0.3475 0.0000
vn 0.9336 -0.3583 0.0001
vn 0.0002 -0.2435 -0.9699
vn 0.0001 0.0506 -0.9987
vn 0.7182 0.0506 -0.6940
vn 0.6967 -0.2473 -0.6734
vn -0.6961 -0.2483 -0.6737
vn -0.7181 0.0484 -0.6943
vn -0.6873 0.3028 -0.6602
vn 0.0000 0.2960 -0.9552
vn 0.6883 0.3018 -0.6597
vn -0.9719 -0.2356 0.0001
vn -0.9989 0.0468 -0.0000
vn -0.6964 -0.2492 0.6730
vn -0.7173 0.0493 0.6951
vn -0.6897 0.3018 0.6583
vn -0.9591 0.2829 -0.0000
vn -0.0000 -0.2450 0.9695
vn -0.0001 0.0522 0.9986
vn 0.6972 -0.2486 0.6724
vn 0.7169 0.0514 0.6953
vn 0.6906 0.3021 0.6572
vn -0.0001 0.2948 0.9556
vn 0.9721 -0.2345 0.0000
vn 0.9987 0.0503 0.0000
vn 0.9593 0.2824 -0.0000
vn -0.0000 0.5479 -0.8365
vn -0.0000 0.5377 -0.8431
vn 0.6001 0.5501 -0.5807
vn 0.5945 0.5566 -0.5804
vn -0.5938 0.5582 -0.5795
vn -0.5996 0.5515 -0.5799
vn 0.0000 0.5421 -0.8403
vn -0.5998 0.5560 -0.5754
vn -0.6214 0.5103 -0.5945
vn 0.0000 0.4936 -0.8697
vn 0.6223 0.5093 -0.5944
vn 0.6008 0.5544 -0.5759
vn -0.8531 0.5218 -0.0000
vn -0.8541 0.5201 0.0000
vn -0.5990 0.5536 0.5786
vn -0.5992 0.5509 0.5809
vn -0.8508 0.5256 -0.0000
vn -0.6009 0.5556 0.5746
vn -0.6225 0.5093 0.5941
vn -0.8789 0.4771 -0.0000
vn -0.0001 0.5402 0.8415
vn -0.0001 0.5366 0.8439
vn 0.6014 0.5503 0.5792
vn 0.5996 0.5495 0.5819
vn -0.0000 0.5418 0.8405
vn 0.6019 0.5542 0.5750
vn 0.6234 0.5083 0.5941
vn -0.0000 0.4929 0.8701
vn 0.8551 0.5185 0.0000
vn 0.8555 0.5178 0.0000
vn 0.8524 0.5228 -0.0000
vn 0.8798 0.4754 -0.0000
vn 0.0000 0.4119 -0.9112
vn 0.6550 0.4260 -0.6241
vn -0.6562 0.4240 -0.6242
vn -0.7317 0.0492 -0.6798
vn -0.7198 0.0310 -0.6935
vn -0.0001 0.0296 -0.9996
vn -0.0000 0.0247 -0.9997
vn 0.7217 0.0308 -0.6916
vn 0.7216 0.0286 -0.6917
vn -0.9179 0.3969 -0.0000
vn -0.6547 0.4247 0.6253
vn -0.7346 0.0457 0.6770
vn -0.7198 0.0308 0.6934
vn -0.9996 0.0286 0.0000
vn -0.9983 0.0578 -0.0000
vn 0.0000 0.4130 0.9107
vn 0.6536 0.4266 0.6252
vn 0.7245 0.0251 0.6888
vn 0.7217 0.0309 0.6916
vn 0.0000 0.0296 0.9996
vn 0.0000 0.0207 0.9998
vn 0.9163 0.4005 -0.0000
vn 0.9996 0.0285 0.0000
vn 0.9994 0.0345 -0.0000
vn 0.0007 0.0163 -0.9999
vn -0.0009 0.0193 -0.9998
vn 0.7217 0.0231 -0.6918
vn 0.7225 0.0194 -0.6911
vn -0.7211 0.0145 -0.6927
vn -0.7225 0.0169 -0.6912
vn -0.9999 0.0122 0.0000
vn -0.9999 0.0142 0.0000
vn -0.7216 0.0145 0.6922
vn -0.7230 0.0169 0.6906
vn 0.0007 0.0163 0.9999
vn -0.0009 0.0193 0.9998
vn 0.7230 0.0194 0.6906
vn 0.7222 0.0231 0.6913
vn 0.9998 0.0191 0.0000
vn 0.9997 0.0228 -0.0000
vn 0.0000 0.0043 -1.0000
vn 0.7224 0.0044 -0.6915
vn -0.7226 0.0045 -0.6913
vn -0.7095 -0.1905 -0.6785
vn -0.0000 -0.1863 -0.9825
vn -0.0000 -0.2101 -0.9777
vn -0.7027 -0.2054 -0.6812
vn 0.7095 -0.1912 -0.6783
vn 0.7024 -0.2090 -0.6805
vn -1.0000 0.0041 -0.0000
vn -0.7230 0.0045 0.6908
vn -0.7041 -0.2088 0.6788
vn -0.7097 -0.1908 0.6781
vn -0.9836 -0.1804 -0.0000
vn -0.9821 -0.1884 0.0000
vn -0.0000 0.0043 1.0000
vn 0.7228 0.0044 0.6911
vn 0.7038 -0.2122 0.6780
vn 0.7098 -0.1915 0.6779
vn 0.0000 -0.1868 0.9824
vn 0.0000 -0.2175 0.9761
vn 1.0000 0.0040 0.0000
vn 0.9833 -0.1819 -0.0000
vn 0.9813 -0.1925 0.0000
vn 0.0000 -0.1640 -0.9865
vn 0.0000 -0.1786 -0.9839
vn 0.7098 -0.1830 -0.6802
vn 0.7123 -0.1681 -0.6814
vn -0.7123 -0.1681 -0.6814
vn -0.7097 -0.1832 -0.6803
vn -0.7053 -0.2016 -0.6796
vn -0.7105 -0.1913 -0.6772
vn -0.0000 -0.1876 -0.9822
vn -0.0000 -0.1982 -0.9802
vn 0.7117 -0.2010 -0.6731
vn 0.7036 -0.2064 -0.6799
vn -0.9874 -0.1579 -0.0000
vn -0.9853 -0.1710 0.0000
vn -0.7127 -0.1680 0.6810
vn -0.7099 -0.1832 0.6800
vn -0.7086 -0.2025 0.6760
vn -0.7039 -0.1973 0.6824
vn -0.9830 -0.1837 0.0000
vn -0.9821 -0.1882 -0.0000
vn 0.0000 -0.1640 0.9865
vn 0.0000 -0.1785 0.9839
vn 0.7127 -0.1681 0.6810
vn 0.7101 -0.1831 0.6799
vn 0.7064 -0.2052 0.6774
vn 0.7085 -0.2012 0.6764
vn 0.0002 -0.1881 0.9821
vn 0.0001 -0.1974 0.9803
vn 0.9874 -0.1580 -0.0000
vn 0.9853 -0.1707 0.0000
vn 0.9808 -0.1949 -0.0000
vn 0.0000 -0.2037 -0.9790
vn 0.0000 -0.2113 -0.9774
vn 0.7066 -0.2167 -0.6737
vn 0.7066 -0.2142 -0.6744
vn -0.7069 -0.2154 -0.6737
vn -0.7061 -0.2169 -0.6740
vn -0.7197 -0.0254 -0.6939
vn -0.6258 0.4966 -0.6015
vn 0.0000 0.4951 -0.8689
vn 0.0000 -0.0244 -0.9997
vn 0.6264 0.4961 -0.6013
vn 0.7193 -0.0255 -0.6942
vn -0.9780 -0.2087 0.0000
vn -0.9792 -0.2028 -0.0000
vn -0.7073 -0.2224 0.6710
vn -0.7059 -0.2172 0.6742
vn -0.9997 -0.0228 -0.0000
vn -0.7202 -0.0258 0.6932
vn -0.6264 0.4958 0.6015
vn -0.8767 0.4810 -0.0002
vn -0.0002 -0.2171 0.9762
vn -0.0001 -0.2117 0.9773
vn 0.7076 -0.2233 0.6704
vn 0.7060 -0.2167 0.6742
vn 0.7201 -0.0255 0.6934
vn 0.6268 0.4955 0.6014
vn 0.0000 0.4941 0.8694
vn -0.0001 -0.0248 0.9997
vn 0.9785 -0.2061 -0.0000
vn 0.9793 -0.2024 -0.0000
vn 0.9997 -0.0229 -0.0000
vn 0.8772 0.4802 0.0000
vn -0.0000 0.7139 -0.7003
vn 0.5018 0.7234 -0.4742
vn -0.5014 0.7237 -0.4742
vn -0.0001 0.8412 -0.5407
vn -0.3800 0.8484 -0.3685
vn -0.3037 0.9079 -0.2888
vn -0.0001 0.9082 -0.4184
vn 0.3043 0.9078 -0.2885
vn 0.3800 0.8476 -0.3702
vn -0.7151 0.6990 0.0002
vn -0.5010 0.7241 0.4740
vn -0.5586 0.8294 0.0001
vn -0.3802 0.8471 0.3713
vn -0.3035 0.9083 0.2877
vn -0.4293 0.9031 -0.0000
vn 0.0000 0.7148 0.6993
vn 0.5016 0.7237 0.4739
vn -0.0000 0.8391 0.5440
vn 0.3806 0.8466 0.3722
vn 0.3042 0.9081 0.2878
vn -0.0000 0.9087 0.4175
vn 0.7160 0.6981 0.0000
vn 0.5607 0.8280 0.0001
vn 0.4300 0.9028 0.0000
vn 0.0001 0.9872 -0.1592
vn 0.1141 0.9876 -0.1077
vn -0.1141 0.9876 -0.1079
vn 0.5546 0.6492 0.5206
vn 0.0001 0.6409 0.7676
vn -0.5542 0.6508 0.5189
vn -0.1650 0.9863 -0.0000
vn -0.1141 0.9876 0.1077
vn 0.5515 0.6512 -0.5213
vn 0.7870 0.6169 -0.0004
vn 0.0001 0.9873 0.1591
vn 0.1141 0.9876 0.1076
vn -0.5523 0.6533 -0.5178
vn -0.0000 0.6442 -0.7648
vn 0.1648 0.9863 0.0000
vn -0.7872 0.6167 0.0001
vn 0.0001 -0.9373 0.3486
vn -0.2177 -0.9513 0.2182
vn 0.2168 -0.9518 0.2170
vn -0.7135 -0.1586 -0.6824
vn -0.0000 -0.1684 -0.9857
vn 0.7136 -0.1592 -0.6822
vn 0.3638 -0.9315 -0.0004
vn 0.2146 -0.9530 -0.2137
vn -0.7124 -0.1619 0.6829
vn -0.9867 -0.1626 0.0000
vn 0.0001 -0.9390 -0.3439
vn -0.2147 -0.9523 -0.2169
vn 0.7125 -0.1626 0.6826
vn -0.0000 -0.1745 0.9847
vn -0.3656 -0.9308 -0.0001
vn 0.9865 -0.1639 0.0000
vn 0.0000 -0.7335 -0.6797
vn 0.4885 -0.7400 -0.4622
vn -0.4882 -0.7402 -0.4623
vn -0.3955 -0.8324 -0.3883
vn -0.0000 -0.8260 -0.5637
vn 0.3961 -0.8322 -0.3881
vn -0.6987 -0.7154 -0.0000
vn -0.4887 -0.7396 0.4628
vn -0.3965 -0.8320 0.3880
vn -0.5803 -0.8144 0.0000
vn 0.0000 -0.7316 0.6817
vn 0.4890 -0.7394 0.4628
vn 0.3971 -0.8318 0.3878
vn -0.0000 -0.8252 0.5649
vn 0.6986 -0.7155 -0.0000
vn 0.5807 -0.8141 0.0000
vn 0.1911 -0.9646 -0.1816
vn 0.0001 -0.9615 -0.2747
vn 0.0000 -0.9859 -0.1671
vn 0.1173 -0.9869 -0.1105
vn -0.1915 -0.9646 -0.1813
vn -0.1173 -0.9869 -0.1105
vn -0.2755 -0.9248 -0.2623
vn -0.5780 -0.6000 -0.5531
vn -0.0002 -0.6003 -0.7998
vn -0.0001 -0.9258 -0.3780
vn 0.2757 -0.9248 -0.2621
vn 0.5777 -0.6000 -0.5534
vn -0.2820 -0.9594 0.0000
vn -0.1744 -0.9847 -0.0000
vn -0.1909 -0.9650 0.1799
vn -0.1174 -0.9869 0.1105
vn -0.2756 -0.9248 0.2622
vn -0.5780 -0.6003 0.5528
vn -0.8095 -0.5871 0.0000
vn -0.3890 -0.9212 -0.0000
vn 0.0000 -0.9625 0.2713
vn 0.0000 -0.9859 0.1671
vn 0.1901 -0.9652 0.1796
vn 0.1174 -0.9869 0.1105
vn 0.2758 -0.9248 0.2622
vn 0.5780 -0.6003 0.5527
vn -0.0000 -0.6008 0.7994
vn 0.0000 -0.9258 0.3780
vn 0.2810 -0.9597 -0.0001
vn 0.1744 -0.9847 -0.0000
vn 0.8094 -0.5872 -0.0000
vn 0.3892 -0.9212 -0.0000
vn -0.0000 -0.2888 -0.9574
vn 0.6900 -0.2968 -0.6601
vn -0.6897 -0.2971 -0.6603
vn -0.7037 -0.2276 -0.6731
vn -0.0000 -0.2202 -0.9755
vn 0.7038 -0.2276 -0.6730
vn -0.9606 -0.2780 -0.0000
vn -0.6898 -0.2971 0.6603
vn -0.7038 -0.2275 0.6730
vn -0.9774 -0.2113 -0.0000
vn 0.0000 -0.2891 0.9573
vn 0.6899 -0.2971 0.6601
vn 0.7039 -0.2276 0.6729
vn -0.0001 -0.2201 0.9755
vn 0.9606 -0.2780 -0.0000
vn 0.9774 -0.2113 -0.0000
vn 0.0000 -0.1719 -0.9851
vn 0.7106 -0.1776 -0.6808
vn -0.7106 -0.1775 -0.6808
vn -0.7166 -0.1180 -0.6874
vn -0.0000 -0.1141 -0.9935
vn 0.7167 -0.1179 -0.6873
vn -0.9863 -0.1647 0.0000
vn -0.7108 -0.1774 0.6807
vn -0.7167 -0.1180 0.6873
vn -0.9940 -0.1095 0.0000
vn -0.0000 -0.1718 0.9851
vn 0.7107 -0.1775 0.6807
vn 0.7168 -0.1179 0.6872
vn -0.0000 -0.1140 0.9935
vn 0.9863 -0.1649 0.0000
vn 0.9940 -0.1093 0.0000
vn 0.0000 -0.0381 -0.9993
vn 0.7215 -0.0395 -0.6913
vn -0.7215 -0.0395 -0.6913
vn -0.7085 0.1841 -0.6812
vn 0.0000 0.1831 -0.9831
vn 0.7090 0.1834 -0.6810
vn -0.9993 -0.0365 -0.0000
vn -0.7216 -0.0397 0.6912
vn -0.7087 0.1838 0.6812
vn -0.9840 0.1779 0.0000
vn -0.0000 -0.0385 0.9993
vn 0.7215 -0.0398 0.6912
vn 0.7091 0.1831 0.6810
vn 0.0000 0.1826 0.9832
vn 0.9993 -0.0366 -0.0000
vn 0.9843 0.1767 0.0000
vn -0.0000 0.3479 -0.9375
vn 0.6780 0.3579 -0.6421
vn -0.6779 0.3574 -0.6425
vn -0.2180 -0.9530 -0.2102
vn -0.0000 -0.9432 -0.3322
vn 0.2188 -0.9526 -0.2113
vn -0.9424 0.3344 -0.0000
vn -0.6773 0.3581 0.6426
vn -0.2184 -0.9532 0.2091
vn -0.3478 -0.9376 -0.0000
vn 0.0000 0.3482 0.9374
vn 0.6775 0.3586 0.6421
vn 0.2190 -0.9528 0.2102
vn 0.0000 -0.9438 0.3305
vn 0.9424 0.3345 -0.0000
vn 0.3495 -0.9369 0.0000
vn -0.0000 -0.9998 -0.0184
vn 0.0109 -0.9999 -0.0107
vn -0.0109 -0.9999 -0.0107
vn -0.0198 -0.9998 -0.0000
vn -0.0108 -0.9999 0.0107
vn -0.0000 -0.9998 0.0184
vn 0.0108 -0.9999 0.0107
vn 0.0198 -0.9998 -0.0000
vn 0.0000 -0.9999 -0.0133
vn 0.0099 -0.9999 -0.0093
vn -0.0099 -0.9999 -0.0093
vn -0.0608 -0.9965 -0.0577
vn 0.0000 -0.9968 -0.0802
vn 0.0608 -0.9965 -0.0577
vn -0.0137 -0.9999 -0.0000
vn -0.0099 -0.9999 0.0093
vn -0.0608 -0.9965 0.0577
vn -0.0824 -0.9966 -0.0000
vn 0.0000 -0.9999 0.0132
vn 0.0099 -0.9999 0.0093
vn 0.0609 -0.9965 0.0577
vn 0.0000 -0.9968 0.0803
vn 0.0137 -0.9999 -0.0000
vn 0.0824 -0.9966 -0.0000
vn 0.0000 -0.8319 -0.5549
vn 0.4092 -0.8222 -0.3957
vn -0.4097 -0.8223 -0.3950
vn -0.6964 0.2545 -0.6710
vn 0.0000 0.2469 -0.9690
vn 0.6973 0.2546 -0.6701
vn -0.5672 -0.8236 -0.0000
vn -0.4101 -0.8218 0.3955
vn -0.6967 0.2549 0.6706
vn -0.9712 0.2382 -0.0000
vn -0.0000 -0.8315 0.5555
vn 0.4103 -0.8217 0.3955
vn 0.6964 0.2548 0.6709
vn -0.0000 0.2474 0.9689
vn 0.5675 -0.8234 0.0000
vn 0.9712 0.2383 0.0000
vn 0.0000 0.4820 -0.8762
vn 0.6298 0.4871 -0.6050
vn -0.6297 0.4883 -0.6042
vn -0.5486 0.6526 -0.5226
vn -0.5496 0.6540 -0.5198
vn 0.0000 0.6393 -0.7689
vn -0.0000 0.6384 -0.7697
vn 0.5496 0.6536 -0.5203
vn 0.5497 0.6515 -0.5228
vn -0.8838 0.4678 0.0000
vn -0.6298 0.4878 0.6045
vn -0.5488 0.6524 0.5227
vn -0.5486 0.6559 0.5186
vn -0.7806 0.6250 -0.0000
vn -0.7824 0.6228 -0.0000
vn -0.0000 0.4816 0.8764
vn 0.6300 0.4874 0.6047
vn 0.5499 0.6513 0.5229
vn 0.5486 0.6554 0.5191
vn 0.0000 0.6430 0.7659
vn -0.0000 0.6379 0.7701
vn 0.8844 0.4667 0.0000
vn 0.7816 0.6238 0.0000
vn 0.7839 0.6209 -0.0000
vn 0.0000 0.8201 -0.5722
vn -0.0000 0.8413 -0.5405
vn 0.3797 0.8487 -0.3682
vn 0.3994 0.8287 -0.3922
vn -0.3989 0.8298 -0.3903
vn -0.3793 0.8489 -0.3681
vn -0.3722 0.8584 -0.3529
vn -0.3463 0.8800 -0.3252
vn 0.0000 0.8742 -0.4855
vn -0.0000 0.8511 -0.5250
vn 0.3459 0.8801 -0.3251
vn 0.3721 0.8585 -0.3528
vn -0.5880 0.8089 0.0000
vn -0.5570 0.8305 -0.0001
vn -0.4022 0.8280 0.3906
vn -0.3794 0.8485 0.3688
vn -0.3723 0.8585 0.3525
vn -0.3467 0.8794 0.3264
vn -0.5053 0.8629 -0.0004
vn -0.5415 0.8407 0.0001
vn -0.0000 0.8175 0.5759
vn 0.0000 0.8408 0.5414
vn 0.4022 0.8272 0.3924
vn 0.3799 0.8483 0.3689
vn 0.3723 0.8586 0.3524
vn 0.3467 0.8793 0.3265
vn 0.0000 0.8730 0.4877
vn -0.0000 0.8512 0.5249
vn 0.5905 0.8070 -0.0000
vn 0.5576 0.8301 -0.0000
vn 0.5053 0.8629 0.0000
vn 0.5414 0.8408 -0.0001
vn -0.0000 0.8959 -0.4443
vn -0.0000 0.8959 -0.4442
vn 0.3098 0.9023 -0.2999
vn 0.3060 0.9026 -0.3028
vn -0.3065 0.9027 -0.3020
vn -0.3095 0.9023 -0.3000
vn -0.3245 0.8939 -0.3093
vn -0.4716 0.7578 -0.4509
vn 0.0000 0.7362 -0.6767
vn 0.0000 0.8861 -0.4636
vn 0.4714 0.7583 -0.4504
vn 0.3244 0.8939 -0.3093
vn -0.4587 0.8886 0.0000
vn -0.4597 0.8881 0.0000
vn -0.3066 0.9031 0.3006
vn -0.3092 0.9024 0.3002
vn -0.4797 0.8774 -0.0001
vn -0.3243 0.8940 0.3092
vn -0.4708 0.7592 0.4493
vn -0.6940 0.7200 0.0004
vn -0.0000 0.8971 0.4419
vn -0.0000 0.8959 0.4442
vn 0.3061 0.9030 0.3013
vn 0.3095 0.9023 0.3001
vn 0.3242 0.8940 0.3092
vn 0.4708 0.7595 0.4488
vn -0.0000 0.7388 0.6739
vn 0.0000 0.8862 0.4632
vn 0.4587 0.8886 -0.0000
vn 0.4599 0.8880 0.0000
vn 0.4795 0.8776 -0.0001
vn 0.6932 0.7208 0.0004
vn 0.0000 0.2832 -0.9591
vn 0.6900 0.2943 -0.6613
vn -0.6898 0.2938 -0.6617
vn -0.6941 0.2743 -0.6656
vn -0.0000 0.2665 -0.9638
vn 0.6939 0.2747 -0.6656
vn -0.9633 0.2684 -0.0002
vn -0.6911 0.2914 0.6614
vn -0.6936 0.2738 0.6663
vn -0.9669 0.2551 0.0000
vn -0.0000 0.2790 0.9603
vn 0.6912 0.2916 0.6612
vn 0.6935 0.2744 0.6662
vn -0.0000 0.2659 0.9640
vn 0.9632 0.2688 -0.0004
vn 0.9667 0.2558 0.0002
vn -0.0000 0.3908 -0.9205
vn 0.6611 0.3997 -0.6350
vn -0.6610 0.4001 -0.6349
vn -0.5839 0.5876 -0.5602
vn -0.0000 0.5791 -0.8153
vn 0.5843 0.5872 -0.5602
vn -0.9259 0.3777 0.0000
vn -0.6613 0.4003 0.6344
vn -0.5840 0.5874 0.5603
vn -0.8257 0.5641 0.0000
vn -0.0000 0.3911 0.9203
vn 0.6613 0.4000 0.6345
vn 0.5843 0.5870 0.5603
vn -0.0000 0.5788 0.8155
vn 0.9262 0.3771 -0.0001
vn 0.8262 0.5634 0.0001
vn 0.0000 0.7274 -0.6862
vn 0.4883 0.7372 -0.4671
vn -0.4882 0.7372 -0.4671
vn -0.4323 0.8016 -0.4131
vn 0.0000 0.7922 -0.6103
vn 0.4323 0.8017 -0.4128
vn -0.7011 0.7131 -0.0000
vn -0.4882 0.7373 0.4670
vn -0.4324 0.8016 0.4128
vn -0.6266 0.7793 0.0001
vn 0.0000 0.7275 0.6861
vn 0.4882 0.7373 0.4669
vn 0.4324 0.8018 0.4126
vn 0.0000 0.7922 0.6102
vn 0.7011 0.7131 -0.0000
vn 0.6263 0.7796 -0.0000
vn -0.0000 0.8034 -0.5955
vn 0.4192 0.8148 -0.4005
vn -0.4192 0.8148 -0.4005
vn -0.4882 0.7376 -0.4664
vn -0.0000 0.7211 -0.6928
vn 0.4886 0.7373 -0.4665
vn -0.6127 0.7903 -0.0000
vn -0.4194 0.8147 0.4004
vn -0.4882 0.7376 0.4665
vn -0.7095 0.7047 -0.0000
vn 0.0000 0.8033 0.5956
vn 0.4193 0.8147 0.4004
vn 0.4886 0.7373 0.4666
vn 0.0000 0.7207 0.6932
vn 0.6126 0.7904 -0.0000
vn 0.7099 0.7043 0.0000
vn 0.0000 0.5154 -0.8570
vn 0.6120 0.5339 -0.5835
vn -0.6119 0.5335 -0.5839
vn -0.6822 0.3341 -0.6504
vn -0.6818 0.3365 -0.6495
vn -0.0000 0.3212 -0.9470
vn -0.0001 0.3234 -0.9462
vn 0.6850 0.3303 -0.6493
vn 0.6819 0.3344 -0.6506
vn -0.8678 0.4969 0.0000
vn -0.6121 0.5335 0.5837
vn -0.9503 0.3112 0.0001
vn -0.6825 0.3347 0.6498
vn -0.6806 0.3408 0.6485
vn -0.9484 0.3172 -0.0006
vn 0.0000 0.5149 0.8573
vn 0.6121 0.5338 0.5835
vn 0.6822 0.3350 0.6499
vn 0.6839 0.3346 0.6483
vn 0.0000 0.3287 0.9444
vn -0.0001 0.3244 0.9459
vn 0.8674 0.4976 -0.0000
vn 0.9515 0.3076 -0.0006
vn 0.9502 0.3117 0.0002
vn 0.0000 -0.1669 -0.9860
vn 0.0000 -0.1667 -0.9860
vn 0.7088 -0.1701 -0.6846
vn 0.7099 -0.1691 -0.6837
vn -0.7095 -0.1684 -0.6843
vn -0.7089 -0.1695 -0.6847
vn -0.6939 -0.2541 -0.6737
vn -0.6952 -0.2525 -0.6730
vn -0.0000 -0.2452 -0.9695
vn 0.0001 -0.2482 -0.9687
vn 0.6947 -0.2464 -0.6757
vn 0.6945 -0.2530 -0.6736
vn -0.9876 -0.1569 -0.0000
vn -0.9874 -0.1585 -0.0000
vn -0.7094 -0.1669 0.6848
vn -0.7094 -0.1694 0.6841
vn -0.6946 -0.2544 0.6729
vn -0.6936 -0.2553 0.6737
vn -0.9707 -0.2403 0.0001
vn -0.9710 -0.2392 0.0000
vn 0.0001 -0.1649 0.9863
vn 0.0001 -0.1667 0.9860
vn 0.7097 -0.1676 0.6842
vn 0.7094 -0.1701 0.6840
vn 0.6951 -0.2533 0.6728
vn 0.6931 -0.2492 0.6764
vn -0.0000 -0.2489 0.9685
vn 0.0001 -0.2487 0.9686
vn 0.9873 -0.1587 0.0000
vn 0.9872 -0.1596 -0.0000
vn 0.9730 -0.2310 0.0001
vn 0.9713 -0.2377 0.0000
vn 0.0000 -0.1683 -0.9857
vn 0.0001 -0.1657 -0.9862
vn 0.7121 -0.1727 -0.6805
vn 0.7123 -0.1773 -0.6791
vn -0.7138 -0.1740 -0.6784
vn -0.7120 -0.1724 -0.6807
vn -0.7102 0.1690 -0.6834
vn -0.6496 0.4331 -0.6249
vn -0.0000 0.4330 -0.9014
vn 0.0000 0.1638 -0.9865
vn 0.6494 0.4335 -0.6248
vn 0.7105 0.1703 -0.6828
vn -0.9869 -0.1611 -0.0000
vn -0.9871 -0.1602 -0.0000
vn -0.7128 -0.1779 0.6784
vn -0.7124 -0.1741 0.6798
vn -0.9878 0.1558 0.0000
vn -0.7105 0.1693 0.6830
vn -0.6499 0.4330 0.6246
vn -0.9073 0.4204 -0.0000
vn 0.0000 -0.1764 0.9843
vn 0.0001 -0.1687 0.9857
vn 0.7113 -0.1812 0.6791
vn 0.7126 -0.1744 0.6796
vn 0.7112 0.1697 0.6822
vn 0.6497 0.4331 0.6248
vn 0.0001 0.4328 0.9015
vn 0.0001 0.1638 0.9865
vn 0.9862 -0.1658 -0.0000
vn 0.9870 -0.1609 -0.0000
vn 0.9875 0.1575 -0.0001
vn 0.9070 0.4212 0.0001
vn 0.0000 0.7841 -0.6206
vn 0.4438 0.7894 -0.4241
vn -0.4437 0.7895 -0.4239
vn -0.3363 0.8866 -0.3175
vn 0.0000 0.8793 -0.4762
vn 0.3366 0.8864 -0.3177
vn -0.6351 0.7724 0.0000
vn -0.4438 0.7896 0.4238
vn -0.3363 0.8869 0.3166
vn -0.4917 0.8707 0.0000
vn 0.0000 0.7844 0.6203
vn 0.4438 0.7895 0.4239
vn 0.3366 0.8868 0.3167
vn 0.0000 0.8800 0.4749
vn 0.6353 0.7723 0.0000
vn 0.4919 0.8706 -0.0001
vn -0.0000 0.8670 -0.4983
vn 0.0000 0.8586 -0.5127
vn 0.3604 0.8672 -0.3435
vn 0.3461 0.8745 -0.3397
vn -0.3460 0.8746 -0.3398
vn -0.3603 0.8673 -0.3436
vn -0.4297 0.8059 -0.4074
vn 0.0000 0.7938 -0.6082
vn 0.4294 0.8068 -0.4059
vn -0.5154 0.8570 0.0001
vn -0.5304 0.8477 -0.0001
vn -0.3460 0.8745 0.3399
vn -0.3610 0.8671 0.3431
vn -0.4304 0.8057 0.4069
vn -0.6255 0.7802 0.0001
vn 0.0000 0.8664 0.4993
vn 0.0001 0.8581 0.5135
vn 0.3464 0.8743 0.3400
vn 0.3611 0.8670 0.3434
vn 0.4299 0.8067 0.4055
vn 0.0000 0.7950 0.6067
vn 0.5154 0.8570 0.0000
vn 0.5302 0.8479 0.0000
vn 0.6233 0.7820 -0.0000
vn 0.0000 -0.2051 -0.9788
vn 0.7088 -0.2073 -0.6742
vn -0.7093 -0.2070 -0.6738
vn -0.6205 -0.5123 -0.5938
vn -0.6590 -0.4073 -0.6323
vn -0.0000 -0.4024 -0.9155
vn 0.0000 -0.4929 -0.8701
vn 0.6203 -0.5135 -0.5929
vn 0.6595 -0.4068 -0.6321
vn -0.9825 -0.1865 -0.0000
vn -0.7085 -0.2057 0.6751
vn -0.6210 -0.5147 0.5911
vn -0.6591 -0.4063 0.6329
vn -0.9205 -0.3907 0.0002
vn -0.8800 -0.4749 -0.0000
vn -0.0000 -0.2027 0.9792
vn 0.7080 -0.2060 0.6755
vn 0.6208 -0.5160 0.5903
vn 0.6595 -0.4051 0.6332
vn 0.0002 -0.4005 0.9163
vn 0.0000 -0.4975 0.8675
vn 0.9823 -0.1874 -0.0000
vn 0.9207 -0.3903 0.0002
vn 0.8783 -0.4781 0.0000
vn -0.0000 -0.0227 -0.9997
vn 0.7203 -0.0218 -0.6933
vn -0.7206 -0.0222 -0.6930
vn -0.6551 0.4161 -0.6307
vn -0.0000 0.4149 -0.9099
vn 0.6556 0.4154 -0.6306
vn -0.9998 -0.0191 -0.0004
vn -0.7212 -0.0181 0.6925
vn -0.6568 0.4157 0.6291
vn -0.9149 0.4037 0.0003
vn 0.0003 -0.0156 0.9999
vn 0.7217 -0.0175 0.6919
vn 0.6573 0.4143 0.6295
vn 0.0002 0.4135 0.9105
vn 0.9998 -0.0183 -0.0002
vn 0.9153 0.4027 0.0000
vn 0.0000 0.8859 -0.4639
vn 0.3446 0.8798 -0.3275
vn -0.3440 0.8800 -0.3275
vn -0.4763 0.8793 0.0000
vn -0.3450 0.8791 0.3288
vn 0.0000 0.8843 0.4670
vn 0.3457 0.8789 0.3287
vn 0.4768 0.8790 -0.0000
vn 0.0792 -0.9940 0.0749
vn 0.0785 -0.9940 0.0760
vn 0.0000 -0.9938 0.1116
vn -0.0000 -0.9937 0.1123
vn -0.0797 -0.9940 0.0751
vn -0.0782 -0.9940 0.0761
vn 0.0792 -0.9940 -0.0748
vn 0.0787 -0.9940 -0.0760
vn 0.1164 -0.9932 -0.0000
vn 0.1161 -0.9932 -0.0000
vn -0.0797 -0.9940 -0.0750
vn -0.0784 -0.9940 -0.0761
vn 0.0000 -0.9937 -0.1119
vn -0.0000 -0.9937 -0.1121
vn -0.1162 -0.9932 -0.0000
vn -0.1169 -0.9931 -0.0000
vn -0.2539 0.6374 -0.7275
vn -0.2560 0.6511 -0.7145
vn -0.2560 0.6512 -0.7144
vn 0.2539 0.6388 -0.7263
vn 0.2564 0.6513 -0.7142
vn 0.2564 0.6512 -0.7143
vn -0.7278 0.6447 0.2338
vn -0.7304 0.6391 0.2409
vn -0.7304 0.6390 0.2411
vn -0.7304 0.6413 -0.2350
vn -0.7303 0.6391 -0.2415
vn -0.7303 0.6391 -0.2413
vn 0.2480 0.6636 0.7058
vn 0.2574 0.6498 0.7152
vn 0.2575 0.6497 0.7153
vn -0.2480 0.6623 0.7071
vn -0.2571 0.6496 0.7155
vn -0.2571 0.6497 0.7154
vn 0.7291 0.6429 -0.2346
vn 0.7313 0.6379 -0.2412
vn 0.7314 0.6378 -0.2414
vn 0.7265 0.6463 0.2334
vn 0.7316 0.6378 0.2409
vn 0.7315 0.6380 0.2408
vn -0.7215 0.0029 -0.6924
vn -0.7226 0.0000 -0.6912
vn -0.0000 0.0007 -1.0000
vn 0.7227 0.0000 -0.6911
vn 0.7227 0.0000 -0.6912
vn 1.0000 0.0001 -0.0000
vn 0.7230 -0.0000 0.6909
vn 0.7231 0.0005 0.6907
vn 0.0000 0.0014 1.0000
vn -0.7229 -0.0000 0.6910
vn -0.7220 0.0034 0.6919
vn -1.0000 0.0000 -0.0000
vn -1.0000 0.0042 0.0000
vn -0.7302 0.6387 -0.2425
vn -0.7309 0.6381 0.2422
vn -0.2587 0.6474 0.7169
vn 0.2591 0.6473 0.7169
vn 0.7324 0.6364 0.2421
vn 0.7318 0.6370 -0.2424
vn 0.2568 0.6534 -0.7122
vn -0.2564 0.6535 -0.7122
vn -0.0731 -0.9949 -0.0690
vn -0.0741 -0.9948 -0.0702
vn -0.0000 -0.9944 -0.1061
vn -0.0000 -0.9946 -0.1039
vn 0.0720 -0.9950 -0.0686
vn 0.0746 -0.9947 -0.0702
vn -0.0732 -0.9949 0.0690
vn -0.0741 -0.9948 0.0702
vn -0.1102 -0.9939 -0.0000
vn -0.1089 -0.9941 0.0000
vn 0.0721 -0.9950 0.0686
vn 0.0746 -0.9947 0.0701
vn 0.0000 -0.9944 0.1061
vn 0.0000 -0.9946 0.1039
vn 0.1106 -0.9939 -0.0000
vn 0.1070 -0.9943 -0.0000
vn 0.0493 0.9977 -0.0470
vn 0.0499 0.9976 -0.0470
vn -0.0000 0.9975 -0.0710
vn 0.0000 0.9974 -0.0718
vn -0.0508 0.9976 -0.0476
vn -0.0496 0.9977 -0.0472
vn -0.0743 0.9972 -0.0000
vn -0.0753 0.9972 0.0000
vn -0.0505 0.9976 0.0468
vn -0.0496 0.9977 0.0473
vn 0.0000 0.9975 0.0711
vn 0.0000 0.9975 0.0706
vn 0.0491 0.9977 0.0463
vn 0.0498 0.9976 0.0471
vn 0.0744 0.9972 -0.0000
vn 0.0731 0.9973 -0.0000
vn -0.6121 0.5302 -0.5867
vn -0.0001 0.5132 -0.8583
vn 0.6066 0.5409 -0.5827
vn 0.8508 0.5255 0.0000
vn 0.6062 0.5437 0.5805
vn 0.0001 0.5177 0.8556
vn -0.6117 0.5326 0.5849
vn -0.8648 0.5022 -0.0000
vn -0.0728 -0.9948 -0.0719
vn -0.0000 -0.9943 -0.1065
vn 0.0729 -0.9947 -0.0724
vn 0.1113 -0.9938 0.0000
vn 0.0729 -0.9947 0.0723
vn -0.0000 -0.9943 0.1065
vn -0.0728 -0.9948 0.0718
vn -0.1104 -0.9939 0.0000
vn -0.7214 0.0088 -0.6925
vn -0.0001 0.0085 -1.0000
vn 0.7222 0.0090 -0.6916
vn 1.0000 0.0083 0.0000
vn 0.7225 0.0090 0.6913
vn 0.0000 0.0085 1.0000
vn -0.7217 0.0087 0.6921
vn -1.0000 0.0080 -0.0000
vn -0.0492 0.9976 -0.0481
vn -0.0000 0.9974 -0.0716
vn -0.0000 0.9973 -0.0734
vn -0.0504 0.9976 -0.0484
vn -0.0749 0.9972 0.0000
vn -0.0744 0.9972 0.0000
vn -0.0494 0.9976 0.0481
vn -0.0504 0.9976 0.0485
vn -0.0000 0.9973 0.0736
vn 0.0000 0.9974 0.0718
vn 0.0496 0.9976 0.0483
vn 0.0505 0.9975 0.0494
vn 0.0761 0.9971 0.0000
vn 0.0750 0.9972 0.0000
vn 0.0495 0.9976 -0.0484
vn 0.0506 0.9975 -0.0493
vn -0.6586 0.4243 -0.6215
vn 0.0000 0.4252 -0.9051
vn 0.6498 0.4416 -0.6187
vn 0.9073 0.4205 -0.0000
vn 0.6505 0.4572 0.6065
vn 0.0000 0.4479 0.8941
vn -0.6596 0.4400 0.6094
vn -0.9207 0.3903 -0.0000
vn -1.0000 0.0024 -0.0000
vn -1.0000 0.0037 -0.0000
vn -0.7220 0.0027 -0.6919
vn -0.7219 0.0016 -0.6920
vn -0.0000 0.0015 -1.0000
vn -0.0000 0.0006 -1.0000
vn 0.7222 0.0045 -0.6917
vn 0.7216 0.0016 -0.6923
vn 1.0000 0.0065 0.0000
vn 1.0000 0.0024 0.0000
vn 0.7228 0.0048 0.6910
vn 0.7220 0.0026 0.6918
vn -0.0000 0.0023 1.0000
vn -0.0000 0.0024 1.0000
vn -0.7226 0.0031 0.6913
vn -0.7223 0.0026 0.6916
vn -1.0000 0.0044 -0.0005
vn -1.0000 0.0043 0.0000
vn -0.7182 0.0046 -0.6958
vn -0.7184 0.0055 -0.6956
vn -0.0000 0.0047 -1.0000
vn -0.0001 0.0059 -1.0000
vn 0.7186 0.0049 -0.6954
vn 0.7188 0.0061 -0.6952
vn 1.0000 0.0047 -0.0003
vn 1.0000 0.0042 -0.0009
vn 0.7189 0.0049 0.6951
vn 0.7191 0.0029 0.6949
vn -0.0002 0.0046 1.0000
vn -0.0002 0.0037 1.0000
vn -0.7185 0.0046 0.6955
vn -0.7188 0.0043 0.6952
vn -0.0000 0.9997 0.0230
vn -0.0000 0.9997 0.0243
vn 0.0175 0.9997 0.0165
vn 0.0163 0.9997 0.0153
vn -0.0163 0.9997 0.0153
vn -0.0175 0.9997 0.0165
vn 0.0164 0.9997 -0.0156
vn 0.0244 0.9997 0.0000
vn 0.0254 0.9997 -0.0000
vn 0.0175 0.9997 -0.0165
vn -0.0000 0.9997 -0.0234
vn -0.0000 0.9997 -0.0243
vn -0.0175 0.9997 -0.0165
vn -0.0164 0.9997 -0.0155
vn -0.0244 0.9997 0.0000
vn -0.0254 0.9997 0.0000
vn 0.0000 0.9995 0.0321
vn 0.0232 0.9995 0.0223
vn -0.0232 0.9995 0.0223
vn 0.0333 0.9994 0.0000
vn 0.0232 0.9995 -0.0223
vn 0.0000 0.9995 -0.0321
vn -0.0232 0.9995 -0.0223
vn -0.0332 0.9994 0.0000
vn -0.0000 0.9990 0.0449
vn 0.0321 0.9990 0.0317
vn -0.0320 0.9990 0.0315
vn 0.0469 0.9989 0.0000
vn 0.0321 0.9990 -0.0317
vn -0.0000 0.9990 -0.0449
vn -0.0320 0.9990 -0.0315
vn -0.0466 0.9989 0.0000
vn -0.7187 0.1058 -0.6872
vn 0.0002 0.1046 -0.9945
vn 0.7175 0.1046 -0.6886
vn 0.9946 0.1033 0.0000
vn 0.7184 0.1072 0.6873
vn 0.0000 0.1065 0.9943
vn -0.7189 0.1061 0.6869
vn -0.9947 0.1024 -0.0000
vn -0.6990 0.2586 -0.6667
vn 0.0001 0.2548 -0.9670
vn 0.6988 0.2595 -0.6665
vn 0.9693 0.2458 -0.0000
vn 0.6989 0.2595 0.6665
vn 0.0000 0.2548 0.9670
vn -0.6992 0.2586 0.6665
vn -0.9697 0.2443 -0.0000
vn 0.0000 -1.0000 -0.0032
vn 0.0000 -1.0000 -0.0028
vn 0.0014 -1.0000 -0.0012
vn 0.0019 -1.0000 -0.0014
vn -0.0015 -1.0000 -0.0013
vn -0.0014 -1.0000 -0.0013
vn -0.0033 -1.0000 0.0000
vn -0.0029 -1.0000 0.0000
vn -0.0014 -1.0000 0.0013
vn -0.0014 -1.0000 0.0012
vn -0.0000 -1.0000 0.0032
vn -0.0000 -1.0000 0.0028
vn 0.0019 -1.0000 0.0014
vn 0.0014 -1.0000 0.0012
vn 0.0042 -1.0000 -0.0000
vn 0.0030 -1.0000 -0.0000
vn 0.0001 1.0000 -0.0001
vn 0.0014 1.0000 -0.0012
vn -0.0000 1.0000 -0.0033
vn -0.0000 1.0000 -0.0016
vn -0.0014 1.0000 -0.0012
vn -0.0006 1.0000 -0.0002
vn -0.0035 1.0000 0.0000
vn -0.0039 1.0000 0.0001
vn -0.0017 1.0000 0.0014
vn -0.0014 1.0000 0.0013
vn -0.0000 1.0000 0.0033
vn -0.0000 1.0000 0.0038
vn 0.0014 1.0000 0.0013
vn 0.0013 1.0000 0.0015
vn 0.0035 1.0000 0.0001
vn 0.0029 1.0000 0.0003
vn -0.7050 -0.2073 0.6783
vn -0.9811 -0.1934 0.0000
vn -0.0000 -0.2025 0.9793
vn 0.7052 -0.2072 0.6780
vn 0.9812 -0.1931 0.0000
vn 0.7055 -0.2071 -0.6778
vn -0.0000 -0.2025 -0.9793
vn -0.7052 -0.2072 -0.6780
vn -0.3827 0.8466 0.3700
vn -0.5531 0.8331 0.0002
vn -0.0000 0.8368 0.5476
vn 0.3835 0.8465 0.3692
vn 0.5550 0.8319 0.0001
vn 0.3679 0.8547 -0.3662
vn -0.0001 0.8520 -0.5235
vn -0.3620 0.8571 -0.3665
vn -0.0013 1.0000 -0.0013
vn -0.0033 1.0000 0.0000
vn -0.0013 1.0000 0.0013
vn 0.0000 1.0000 0.0032
vn 0.0013 1.0000 0.0013
vn 0.0034 1.0000 0.0000
vn 0.0014 1.0000 -0.0013
vn 0.0000 1.0000 -0.0032
vn -0.0030 -1.0000 0.0000
vn -0.0014 -1.0000 -0.0014
vn 0.0000 -1.0000 -0.0029
vn 0.0013 -1.0000 -0.0013
vn 0.0029 -1.0000 -0.0000
vn 0.0013 -1.0000 0.0013
vn -0.0000 -1.0000 0.0029
vn -0.0014 -1.0000 0.0014
vn -0.0016 -1.0000 -0.0017
vn -0.0000 -1.0000 -0.0032
vn 0.0013 -1.0000 -0.0016
vn 0.0026 -1.0000 -0.0000
vn 0.0013 -1.0000 0.0016
vn -0.0016 -1.0000 0.0016
vn -0.0030 1.0000 -0.0000
vn -0.0011 1.0000 0.0012
vn -0.0000 1.0000 0.0028
vn 0.0012 1.0000 0.0012
vn 0.0031 1.0000 -0.0000
vn 0.0014 1.0000 -0.0014
vn -0.0000 1.0000 -0.0030
vn 0.0000 -0.6633 -0.7484
vn -0.0000 -0.6633 -0.7484
vn 0.2533 -0.6415 -0.7241
vn 0.2525 -0.6411 -0.7247
vn -0.2522 -0.6425 -0.7236
vn -0.2532 -0.6417 -0.7239
vn 0.2703 0.5704 0.7756
vn 0.2703 0.5744 0.7726
vn 0.2703 0.5745 0.7726
vn -0.2697 0.5731 0.7738
vn -0.2705 0.5740 0.7729
vn -0.7572 -0.6532 -0.0010
vn -0.7613 -0.6484 0.0006
vn -0.7397 -0.6297 -0.2372
vn -0.7364 -0.6343 -0.2353
vn -0.7356 -0.6354 0.2350
vn -0.7397 -0.6297 0.2371
vn 0.7901 0.5587 -0.2524
vn 0.7885 0.5607 -0.2529
vn 0.7898 0.5591 0.2524
vn 0.7886 0.5604 0.2530
vn 0.0000 -0.6671 0.7450
vn 0.0000 -0.6638 0.7479
vn -0.2531 -0.6422 0.7236
vn -0.2509 -0.6471 0.7199
vn 0.2517 -0.6443 0.7222
vn 0.2531 -0.6421 0.7236
vn -0.2704 0.5703 -0.7756
vn -0.2706 0.5732 -0.7734
vn -0.2706 0.5733 -0.7734
vn 0.2709 0.5676 -0.7774
vn 0.2705 0.5737 -0.7732
vn 0.2705 0.5736 -0.7732
vn 0.7679 -0.6405 -0.0001
vn 0.7624 -0.6471 -0.0000
vn 0.7403 -0.6289 0.2374
vn 0.7462 -0.6216 0.2384
vn 0.7454 -0.6225 -0.2383
vn 0.7405 -0.6287 -0.2375
vn -0.7887 0.5608 0.2521
vn -0.7890 0.5598 0.2531
vn -0.7890 0.5598 0.2532
vn -0.7890 0.5604 -0.2521
vn -0.7889 0.5601 -0.2530
vn -0.0000 -0.6663 -0.7457
vn 0.2530 -0.6448 -0.7213
vn -0.2530 -0.6446 -0.7214
vn 0.2722 0.5693 0.7758
vn 0.2723 0.5690 0.7759
vn -0.2724 0.5687 0.7762
vn -0.2723 0.5688 0.7760
vn -0.7595 -0.6505 -0.0003
vn -0.7374 -0.6324 -0.2371
vn -0.7377 -0.6321 0.2371
vn 0.7902 0.5577 -0.2541
vn 0.7904 0.5574 -0.2542
vn 0.7903 0.5574 0.2543
vn 0.7902 0.5577 0.2542
vn -0.0000 -0.6665 0.7455
vn -0.2529 -0.6450 0.7211
vn 0.2530 -0.6449 0.7212
vn -0.2717 0.5714 -0.7744
vn 0.2716 0.5717 -0.7742
vn 0.2716 0.5718 -0.7741
vn 0.7599 -0.6500 -0.0003
vn 0.7380 -0.6317 0.2373
vn 0.7383 -0.6313 -0.2374
vn -0.7904 0.5574 0.2543
vn -0.7905 0.5572 0.2544
vn -0.7905 0.5572 -0.2543
vn -0.7904 0.5574 -0.2542
vn -0.0000 -0.6715 -0.7410
vn 0.2522 -0.6499 -0.7169
vn -0.2523 -0.6497 -0.7171
vn 0.2755 0.5578 0.7829
vn -0.2753 0.5589 0.7822
vn -0.7541 -0.6567 0.0000
vn -0.7326 -0.6384 -0.2362
vn -0.7330 -0.6379 0.2363
vn 0.7942 0.5510 -0.2561
vn 0.7936 0.5518 0.2561
vn -0.0000 -0.6726 0.7400
vn -0.2517 -0.6516 0.7156
vn 0.2521 -0.6503 0.7166
vn -0.2736 0.5668 -0.7771
vn 0.2738 0.5656 -0.7779
vn 0.7582 -0.6520 0.0012
vn 0.7365 -0.6335 0.2374
vn 0.7366 -0.6332 -0.2375
vn -0.7927 0.5533 0.2559
vn -0.7932 0.5525 -0.2559
vn -0.3738 0.8559 -0.3573
vn -0.0000 0.8481 -0.5299
vn 0.3738 0.8560 -0.3571
vn 0.5465 0.8375 0.0000
vn 0.3737 0.8560 0.3571
vn 0.0000 0.8482 0.5297
vn -0.3737 0.8560 0.3571
vn -0.5466 0.8374 0.0000
vn -0.0092 -0.9999 -0.0087
vn -0.0091 -0.9999 -0.0086
vn -0.0000 -0.9999 -0.0130
vn -0.0000 -0.9999 -0.0132
vn 0.0092 -0.9999 -0.0087
vn 0.0091 -0.9999 -0.0086
vn -0.0092 -0.9999 0.0086
vn -0.0091 -0.9999 0.0086
vn -0.0136 -0.9999 0.0000
vn 0.0092 -0.9999 0.0086
vn 0.0091 -0.9999 0.0086
vn -0.0000 -0.9999 0.0130
vn 0.0136 -0.9999 -0.0000
vn -0.0147 0.9998 -0.0138
vn 0.0000 0.9998 -0.0210
vn 0.0000 0.9998 -0.0213
vn -0.0149 0.9998 -0.0141
vn 0.0147 0.9998 -0.0139
vn 0.0149 0.9998 -0.0141
vn -0.0147 0.9998 0.0138
vn -0.0218 0.9998 -0.0000
vn -0.0223 0.9998 0.0000
vn -0.0149 0.9998 0.0141
vn 0.0147 0.9998 0.0139
vn 0.0000 0.9998 0.0210
vn 0.0000 0.9998 0.0213
vn 0.0150 0.9998 0.0141
vn 0.0218 0.9998 0.0000
vn 0.0223 0.9998 0.0000
vn -0.7106 -0.1727 -0.6821
vn -0.7064 -0.1880 -0.6824
vn -0.0002 -0.1892 -0.9819
vn -0.0002 -0.1673 -0.9859
vn 0.7043 -0.1890 -0.6843
vn 0.7106 -0.1740 -0.6818
vn 0.9870 -0.1605 0.0000
vn 0.7123 -0.1668 0.6818
vn 0.7100 -0.1734 0.6825
vn -0.0000 -0.1533 0.9882
vn -0.0001 -0.1672 0.9859
vn -0.7113 -0.1653 0.6832
vn -0.7101 -0.1727 0.6826
vn -0.9867 -0.1626 -0.0000
vn -0.9872 -0.1595 0.0000
vn -0.0089 -0.9999 -0.0087
vn 0.0000 -0.9999 -0.0130
vn 0.0089 -0.9999 -0.0087
vn 0.0135 -0.9999 0.0000
vn 0.0089 -0.9999 0.0087
vn 0.0000 -0.9999 0.0129
vn -0.0089 -0.9999 0.0087
vn -0.0135 -0.9999 0.0000
vn -0.0088 -0.9999 -0.0088
vn -0.0000 -0.9999 -0.0129
vn 0.0088 -0.9999 -0.0086
vn 0.0134 -0.9999 0.0000
vn 0.0088 -0.9999 0.0086
vn 0.0000 -0.9999 0.0128
vn -0.0087 -0.9999 0.0088
vn -0.0000 0.9998 -0.0213
vn -0.0146 0.9998 -0.0145
vn -0.0146 0.9998 0.0145
vn 0.0146 0.9998 0.0145
vn 0.0223 0.9998 -0.0000
vn 0.0146 0.9998 -0.0145
vn 0.9092 0.3114 0.2763
vn 0.9092 0.3111 0.2766
vn 0.8582 0.4252 0.2875
vn 0.9006 0.3340 0.2782
vn 0.9000 0.3355 0.2783
vn 0.8538 0.4334 0.2884
vn 0.7594 0.5747 0.3050
vn 0.7518 0.5840 0.3063
vn 0.5966 0.7204 0.3538
vn 0.5854 0.7274 0.3580
vn 0.4556 0.7918 0.4068
vn 0.4551 0.7906 0.4096
vn 0.3878 0.7725 0.5029
vn 0.3881 0.7725 0.5027
vn 0.1858 0.8259 0.5323
vn 0.1613 0.8298 0.5342
vn -0.1705 0.8285 0.5334
vn -0.1951 0.8243 0.5314
vn -0.3880 0.7721 0.5034
vn -0.3880 0.7721 0.5033
vn -0.4446 0.7630 0.4692
vn -0.4551 0.7904 0.4102
vn -0.4555 0.7914 0.4078
vn -0.5949 0.7212 0.3550
vn -0.5835 0.7282 0.3594
vn -0.7521 0.5841 0.3052
vn -0.7598 0.5747 0.3039
vn -0.8542 0.4336 0.2871
vn -0.8586 0.4253 0.2863
vn -0.9003 0.3353 0.2776
vn -0.9009 0.3338 0.2775
vn -0.9093 0.3113 0.2760
vn -0.9388 0.2092 0.2735
vn -0.9390 0.2088 0.2734
vn -0.9582 0.0646 0.2788
vn -0.9507 0.1399 0.2768
vn -0.9512 0.1363 0.2770
vn -0.9582 0.0645 0.2788
vn -0.9568 0.0267 0.2895
vn -0.9569 0.0267 0.2893
vn 0.9523 -0.0799 0.2946
vn 0.9525 -0.0747 0.2953
vn 0.9525 -0.0746 0.2953
vn 0.9576 0.0650 0.2807
vn 0.9574 0.0637 0.2816
vn 0.9500 0.1386 0.2798
vn 0.9505 0.1348 0.2799
vn 0.9380 0.2090 0.2764
vn 0.3294 0.1226 0.9362
vn 0.3350 0.1245 0.9339
vn 0.3293 0.1226 0.9362
vn 0.3003 0.1453 0.9427
vn 0.3230 0.1246 0.9382
vn 0.3219 0.1251 0.9385
vn 0.2928 0.1532 0.9438
vn 0.2532 0.1871 0.9491
vn 0.2429 0.1945 0.9504
vn 0.1930 0.2033 0.9599
vn 0.1816 0.2005 0.9627
vn 0.1556 0.1918 0.9690
vn 0.1531 0.1879 0.9702
vn 0.0816 0.1626 0.9833
vn 0.0817 0.1625 0.9833
vn 0.0390 0.1650 0.9855
vn 0.0293 0.1654 0.9858
vn -0.0312 0.1653 0.9858
vn -0.0409 0.1648 0.9855
vn -0.0817 0.1626 0.9833
vn -0.0818 0.1626 0.9833
vn -0.1429 0.1669 0.9756
vn -0.1542 0.1887 0.9699
vn -0.1560 0.1921 0.9689
vn -0.1924 0.2032 0.9600
vn -0.1810 0.2004 0.9629
vn -0.2427 0.1943 0.9505
vn -0.2530 0.1868 0.9493
vn -0.2924 0.1528 0.9440
vn -0.2999 0.1451 0.9429
vn -0.3220 0.1251 0.9384
vn -0.3233 0.1245 0.9381
vn -0.3295 0.1228 0.9361
vn -0.3446 0.0783 0.9355
vn -0.3444 0.0768 0.9357
vn -0.3463 0.0233 0.9378
vn -0.3454 0.0523 0.9370
vn -0.3456 0.0477 0.9372
vn -0.3462 0.0233 0.9379
vn -0.3437 0.0102 0.9390
vn -0.3439 0.0102 0.9390
vn -0.3435 0.0102 0.9391
vn 0.3369 -0.0283 0.9411
vn 0.3361 -0.0268 0.9414
vn 0.3361 -0.0267 0.9414
vn 0.3452 0.0228 0.9383
vn 0.3461 0.0231 0.9379
vn 0.3462 0.0231 0.9379
vn 0.3463 0.0521 0.9367
vn 0.3463 0.0475 0.9369
vn 0.3460 0.0770 0.9351
vn -0.7629 -0.2455 0.5981
vn -0.7654 -0.2471 0.5942
vn -0.7139 -0.3487 0.6072
vn -0.7562 -0.2726 0.5948
vn -0.7549 -0.2759 0.5950
vn -0.7046 -0.3627 0.6099
vn -0.6210 -0.4637 0.6319
vn -0.6062 -0.4784 0.6353
vn -0.5132 -0.5239 0.6798
vn -0.4982 -0.5226 0.6919
vn -0.4526 -0.5139 0.7287
vn -0.4465 -0.5070 0.7373
vn -0.2469 -0.4910 0.8355
vn -0.2493 -0.4907 0.8349
vn -0.2466 -0.4910 0.8355
vn -0.1183 -0.5075 0.8535
vn -0.0932 -0.5097 0.8553
vn 0.0986 -0.5094 0.8549
vn 0.1243 -0.5070 0.8529
vn 0.2468 -0.4911 0.8354
vn 0.2469 -0.4911 0.8354
vn 0.4127 -0.4658 0.7828
vn 0.4476 -0.5073 0.7364
vn 0.4526 -0.5132 0.7292
vn 0.5123 -0.5235 0.6809
vn 0.4971 -0.5219 0.6932
vn 0.6069 -0.4787 0.6345
vn 0.6218 -0.4640 0.6309
vn 0.7052 -0.3629 0.6091
vn 0.7143 -0.3490 0.6066
vn 0.7550 -0.2755 0.5950
vn 0.7564 -0.2722 0.5948
vn 0.7657 -0.2472 0.5938
vn 0.7817 -0.1779 0.5977
vn 0.7831 -0.1747 0.5969
vn 0.7831 -0.1747 0.5968
vn 0.7940 -0.0535 0.6055
vn 0.7898 -0.1177 0.6020
vn 0.7903 -0.1110 0.6025
vn 0.7865 -0.0252 0.6171
vn 0.7869 -0.0254 0.6165
vn 0.7863 -0.0251 0.6173
vn -0.7786 0.0651 0.6241
vn -0.7777 0.0632 0.6254
vn -0.7777 0.0631 0.6255
vn -0.7946 -0.0528 0.6048
vn -0.7942 -0.0532 0.6054
vn -0.7941 -0.0532 0.6054
vn -0.7896 -0.1171 0.6023
vn -0.7902 -0.1104 0.6028
vn -0.7829 -0.1740 0.5974
vn -0.9504 -0.3112 -0.0000
vn -0.9501 -0.3121 -0.0000
vn -0.9390 -0.3439 -0.0000
vn -0.8936 -0.4489 -0.0000
vn -0.7932 -0.6089 -0.0000
vn -0.7116 -0.7026 -0.0000
vn -0.6970 -0.7171 -0.0000
vn -0.4551 -0.8904 -0.0000
vn -0.4499 -0.8931 -0.0000
vn -0.2064 -0.9785 -0.0000
vn 0.2168 -0.9762 -0.0000
vn 0.2169 -0.9762 -0.0000
vn 0.4490 -0.8935 -0.0000
vn 0.6974 -0.7167 -0.0000
vn 0.6975 -0.7166 -0.0000
vn 0.7115 -0.7027 -0.0000
vn 0.7931 -0.6091 -0.0000
vn 0.8935 -0.4490 -0.0000
vn 0.9393 -0.3430 -0.0000
vn 0.9502 -0.3116 0.0000
vn 0.9756 -0.2195 -0.0000
vn 0.9760 -0.2176 -0.0000
vn 0.9897 -0.1434 -0.0000
vn 0.9977 -0.0671 -0.0000
vn 0.9994 -0.0336 -0.0000
vn 0.9994 -0.0333 -0.0000
vn -0.9966 0.0824 0.0000
vn -0.9967 0.0816 0.0000
vn -0.9979 -0.0655 -0.0000
vn -0.9978 -0.0667 -0.0000
vn -0.9898 -0.1426 -0.0000
vn -0.9762 -0.2170 -0.0000
vn -0.7646 -0.2461 -0.5957
vn -0.7626 -0.2441 -0.5990
vn -0.7541 -0.2757 -0.5960
vn -0.7555 -0.2722 -0.5959
vn -0.7136 -0.3493 -0.6072
vn -0.7044 -0.3633 -0.6098
vn -0.6216 -0.4642 -0.6310
vn -0.6070 -0.4786 -0.6345
vn -0.5137 -0.5241 -0.6794
vn -0.4984 -0.5228 -0.6916
vn -0.4519 -0.5143 -0.7289
vn -0.4454 -0.5074 -0.7376
vn -0.2487 -0.4897 -0.8356
vn -0.2464 -0.4900 -0.8362
vn -0.2461 -0.4900 -0.8363
vn -0.0927 -0.5092 -0.8557
vn -0.1179 -0.5069 -0.8539
vn 0.1247 -0.5072 -0.8528
vn 0.0990 -0.5094 -0.8548
vn 0.2471 -0.4917 -0.8350
vn 0.2472 -0.4917 -0.8350
vn 0.4474 -0.5078 -0.7362
vn 0.4130 -0.4657 -0.7827
vn 0.4523 -0.5138 -0.7290
vn 0.6073 -0.4795 -0.6334
vn 0.4975 -0.5227 -0.6923
vn 0.5129 -0.5243 -0.6797
vn 0.6221 -0.4648 -0.6301
vn 0.7048 -0.3630 -0.6095
vn 0.7139 -0.3490 -0.6070
vn 0.7546 -0.2752 -0.5957
vn 0.7560 -0.2718 -0.5955
vn 0.7654 -0.2467 -0.5944
vn 0.7836 -0.1748 -0.5962
vn 0.7822 -0.1780 -0.5971
vn 0.7908 -0.1111 -0.6019
vn 0.7902 -0.1178 -0.6014
vn 0.7945 -0.0536 -0.6049
vn 0.7945 -0.0538 -0.6049
vn 0.7846 -0.0254 -0.6194
vn 0.7843 -0.0251 -0.6199
vn 0.7841 -0.0250 -0.6202
vn -0.7754 0.0630 -0.6283
vn -0.7764 0.0650 -0.6269
vn -0.7754 0.0629 -0.6283
vn -0.7940 -0.0532 -0.6056
vn -0.7943 -0.0514 -0.6053
vn -0.7940 -0.0533 -0.6056
vn -0.7826 -0.1738 -0.5977
vn -0.7901 -0.1104 -0.6030
vn -0.7895 -0.1170 -0.6025
vn 0.3343 0.1245 -0.9342
vn 0.3285 0.1231 -0.9365
vn 0.3284 0.1231 -0.9365
vn 0.3226 0.1254 -0.9382
vn 0.3234 0.1249 -0.9380
vn 0.3026 0.1462 -0.9418
vn 0.2953 0.1545 -0.9428
vn 0.2554 0.1890 -0.9482
vn 0.2446 0.1962 -0.9496
vn 0.1941 0.2042 -0.9595
vn 0.1828 0.2011 -0.9624
vn 0.1564 0.1917 -0.9689
vn 0.1531 0.1877 -0.9702
vn 0.0841 0.1672 -0.9823
vn 0.0832 0.1670 -0.9824
vn 0.0831 0.1670 -0.9824
vn 0.0302 0.1701 -0.9850
vn 0.0402 0.1696 -0.9847
vn -0.0421 0.1696 -0.9846
vn -0.0321 0.1701 -0.9849
vn -0.0841 0.1673 -0.9823
vn -0.1532 0.1878 -0.9702
vn -0.1341 0.1666 -0.9769
vn -0.1562 0.1911 -0.9690
vn -0.2439 0.1957 -0.9499
vn -0.1818 0.2001 -0.9628
vn -0.1931 0.2033 -0.9599
vn -0.2546 0.1884 -0.9485
vn -0.2948 0.1541 -0.9430
vn -0.3024 0.1461 -0.9419
vn -0.3239 0.1258 -0.9377
vn -0.3250 0.1254 -0.9374
vn -0.3306 0.1239 -0.9356
vn -0.3307 0.1240 -0.9356
vn -0.3534 0.0788 -0.9321
vn -0.3536 0.0803 -0.9319
vn -0.3542 0.0489 -0.9339
vn -0.3541 0.0536 -0.9337
vn -0.3546 0.0239 -0.9347
vn -0.3379 0.0096 -0.9411
vn -0.3375 0.0096 -0.9413
vn -0.3372 0.0096 -0.9414
vn 0.3279 -0.0262 -0.9443
vn 0.3288 -0.0276 -0.9440
vn 0.3279 -0.0261 -0.9444
vn 0.3552 0.0237 -0.9345
vn 0.3542 0.0234 -0.9349
vn 0.3553 0.0237 -0.9345
vn 0.3550 0.0790 -0.9315
vn 0.3554 0.0487 -0.9334
vn 0.3554 0.0534 -0.9332
vn 0.9088 0.3117 -0.2775
vn 0.9089 0.3112 -0.2776
vn 0.8997 0.3353 -0.2794
vn 0.9003 0.3339 -0.2793
vn 0.8580 0.4249 -0.2886
vn 0.8536 0.4332 -0.2895
vn 0.7590 0.5746 -0.3062
vn 0.7513 0.5840 -0.3074
vn 0.5963 0.7201 -0.3548
vn 0.5852 0.7271 -0.3591
vn 0.4555 0.7913 -0.4079
vn 0.4548 0.7902 -0.4108
vn 0.3870 0.7704 -0.5067
vn 0.3872 0.7705 -0.5063
vn 0.3872 0.7706 -0.5063
vn 0.1610 0.8280 -0.5372
vn 0.1856 0.8240 -0.5353
vn -0.1946 0.8223 -0.5348
vn -0.1699 0.8264 -0.5368
vn -0.3872 0.7701 -0.5069
vn -0.4548 0.7904 -0.4104
vn -0.4388 0.7657 -0.4703
vn -0.4554 0.7913 -0.4079
vn -0.7516 0.5841 -0.3064
vn -0.5835 0.7280 -0.3599
vn -0.5947 0.7210 -0.3556
vn -0.7594 0.5747 -0.3052
vn -0.8538 0.4333 -0.2884
vn -0.8583 0.4250 -0.2876
vn -0.9000 0.3352 -0.2787
vn -0.9006 0.3337 -0.2786
vn -0.9090 0.3113 -0.2772
vn -0.9382 0.2090 -0.2759
vn -0.9384 0.2087 -0.2754
vn -0.9505 0.1361 -0.2793
vn -0.9500 0.1398 -0.2792
vn -0.9575 0.0646 -0.2811
vn -0.9575 0.0645 -0.2811
vn -0.9568 0.0266 -0.2894
vn -0.9568 0.0266 -0.2895
vn 0.9526 -0.0747 -0.2948
vn 0.9524 -0.0799 -0.2942
vn 0.9526 -0.0746 -0.2948
vn 0.9567 0.0637 -0.2840
vn 0.9570 0.0649 -0.2828
vn 0.9567 0.0637 -0.2841
vn 0.9373 0.2088 -0.2791
vn 0.9498 0.1347 -0.2825
vn 0.9493 0.1384 -0.2824
vn -0.3120 0.9501 -0.0069
vn -0.3050 0.9523 -0.0057
vn -0.3225 0.9466 -0.0000
vn 0.9754 -0.2204 0.0001
vn 0.9754 -0.2204 -0.0001
vn 0.9814 -0.1896 -0.0306
vn 0.9819 -0.1868 -0.0297
vn -0.3028 0.9530 0.0038
vn -0.3015 0.9535 0.0021
vn 0.9852 -0.1711 0.0120
vn 0.9853 -0.1706 0.0108
vn -0.3203 0.9473 0.0044
vn -0.3154 0.9489 0.0070
vn 0.9777 -0.2087 0.0245
vn 0.9773 -0.2105 0.0231
vn -0.3202 0.9473 -0.0044
vn -0.3154 0.9489 -0.0069
vn 0.9772 -0.2111 -0.0230
vn 0.9776 -0.2088 -0.0248
vn -0.3027 0.9531 -0.0037
vn -0.3014 0.9535 -0.0020
vn 0.9852 -0.1712 -0.0121
vn 0.9853 -0.1707 -0.0108
vn -0.3120 0.9500 0.0069
vn -0.3050 0.9523 0.0057
vn 0.9819 -0.1868 0.0298
vn 0.9814 -0.1894 0.0306
vn -0.9754 -0.2204 0.0001
vn -0.9822 -0.1861 -0.0255
vn -0.9816 -0.1890 -0.0266
vn -0.9754 -0.2204 -0.0001
vn 0.3127 0.9498 -0.0069
vn 0.3230 0.9464 0.0000
vn 0.3230 0.9464 -0.0000
vn 0.3057 0.9521 -0.0061
vn -0.9851 -0.1715 0.0158
vn -0.9850 -0.1720 0.0171
vn 0.3031 0.9530 0.0032
vn 0.3019 0.9534 0.0015
vn -0.9769 -0.2121 0.0266
vn -0.9765 -0.2138 0.0251
vn 0.3159 0.9488 0.0067
vn 0.3214 0.9469 0.0042
vn -0.9768 -0.2122 -0.0268
vn -0.9764 -0.2143 -0.0250
vn 0.3163 0.9486 -0.0068
vn 0.3216 0.9469 -0.0043
vn -0.9851 -0.1715 -0.0158
vn -0.9849 -0.1721 -0.0171
vn 0.3032 0.9529 -0.0033
vn 0.3020 0.9533 -0.0016
vn -0.9822 -0.1861 0.0255
vn -0.9817 -0.1887 0.0266
vn 0.3056 0.9521 0.0060
vn 0.3126 0.9499 0.0069
vn 0.1647 -0.9859 0.0286
vn 0.1889 -0.9817 0.0251
vn 0.1209 -0.9927 0.0000
vn 0.1209 -0.9927 -0.0000
vn 0.2026 -0.9792 -0.0132
vn 0.2070 -0.9783 -0.0068
vn 0.1345 -0.9908 -0.0177
vn 0.1514 -0.9881 -0.0263
vn 0.1343 -0.9908 0.0178
vn 0.1511 -0.9882 0.0264
vn 0.2027 -0.9792 0.0131
vn 0.2070 -0.9783 0.0070
vn 0.1646 -0.9859 -0.0286
vn 0.1892 -0.9816 -0.0251
vn -0.1648 -0.9859 0.0286
vn -0.1211 -0.9926 0.0000
vn -0.1211 -0.9926 -0.0001
vn -0.1889 -0.9817 0.0251
vn -0.2021 -0.9793 -0.0134
vn -0.2065 -0.9784 -0.0071
vn -0.1503 -0.9883 -0.0264
vn -0.1337 -0.9909 -0.0178
vn -0.1503 -0.9883 0.0266
vn -0.1334 -0.9909 0.0179
vn -0.2022 -0.9793 0.0133
vn -0.2065 -0.9784 0.0071
vn -0.1891 -0.9816 -0.0251
vn -0.1648 -0.9859 -0.0287
vn -0.9462 -0.0750 -0.3149
vn -0.3100 -0.0250 -0.9504
vn 0.7528 0.0618 -0.6553
vn 0.9966 0.0819 0.0000
vn 0.7527 0.0618 0.6555
vn -0.3126 -0.0251 0.9495
vn -0.9465 -0.0742 0.3141
vn -0.9513 -0.0786 -0.2982
vn -0.9518 -0.0749 -0.2973
vn -0.9519 -0.0747 -0.2972
vn -0.3265 -0.0287 -0.9448
vn -0.3265 -0.0267 -0.9448
vn -0.3265 -0.0264 -0.9448
vn 0.7723 0.0611 -0.6323
vn 0.7725 0.0624 -0.6320
vn 0.7725 0.0625 -0.6319
vn 0.9970 0.0769 0.0000
vn 0.9967 0.0811 0.0000
vn 0.7748 0.0626 0.6291
vn 0.7746 0.0612 0.6295
vn 0.7748 0.0627 0.6291
vn -0.3343 -0.0265 0.9421
vn -0.3334 -0.0265 0.9424
vn -0.3344 -0.0264 0.9420
vn -0.9518 -0.0746 0.2976
vn -0.9514 -0.0777 0.2982
vn -0.9518 -0.0745 0.2976
vn -0.9992 -0.0406 -0.0000
vn -0.9992 -0.0399 -0.0000
vn -0.7841 -0.0303 0.6199
vn -0.7865 -0.0305 0.6169
vn -0.7866 -0.0305 0.6167
vn 0.3417 0.0120 0.9397
vn 0.3440 0.0125 0.9389
vn 0.3442 0.0125 0.9388
vn 0.9560 0.0302 0.2918
vn 0.9566 0.0324 0.2895
vn 0.9567 0.0325 0.2894
vn 0.9565 0.0324 -0.2900
vn 0.9559 0.0302 -0.2920
vn 0.9565 0.0325 -0.2900
vn 0.3391 0.0122 -0.9407
vn 0.3366 0.0116 -0.9416
vn 0.3393 0.0122 -0.9406
vn -0.7842 -0.0304 -0.6198
vn -0.7818 -0.0304 -0.6227
vn -0.7843 -0.0304 -0.6196
vn -0.9967 0.0814 0.0000
vn -0.7530 0.0606 0.6552
vn 0.3128 -0.0249 0.9495
vn 0.9464 -0.0746 0.3142
vn 0.9464 -0.0746 -0.3143
vn 0.3099 -0.0247 -0.9505
vn -0.7529 0.0609 -0.6553
vn 0.1472 -0.9885 -0.0347
vn 0.0986 -0.9951 0.0001
vn 0.1653 -0.9857 -0.0322
vn -0.1550 0.9871 0.0392
vn -0.1749 0.9839 0.0366
vn -0.1010 0.9949 0.0000
vn -0.1010 0.9949 -0.0000
vn 0.1861 -0.9824 0.0173
vn 0.1896 -0.9818 0.0120
vn -0.1986 0.9799 -0.0183
vn -0.2027 0.9792 -0.0120
vn 0.1236 -0.9919 0.0304
vn 0.1129 -0.9933 0.0236
vn -0.1173 0.9928 -0.0259
vn -0.1293 0.9910 -0.0334
vn 0.1239 -0.9918 -0.0305
vn 0.1128 -0.9933 -0.0234
vn -0.1172 0.9928 0.0257
vn -0.1297 0.9910 0.0335
vn 0.1860 -0.9824 -0.0170
vn 0.1894 -0.9818 -0.0119
vn -0.1985 0.9799 0.0182
vn -0.2025 0.9792 0.0120
vn 0.1651 -0.9857 0.0324
vn 0.1469 -0.9885 0.0349
vn -0.1547 0.9872 -0.0393
vn -0.1748 0.9839 -0.0366
vn 0.1163 0.9929 -0.0252
vn 0.1278 0.9913 -0.0325
vn 0.1282 0.9912 0.0326
vn 0.1162 0.9929 0.0250
vn -0.1127 -0.9934 -0.0227
vn -0.1236 -0.9919 -0.0296
vn -0.1233 -0.9919 0.0295
vn -0.1128 -0.9934 0.0228
vn 0.1949 0.9807 0.0179
vn 0.1987 0.9800 0.0120
vn -0.1841 -0.9828 -0.0163
vn -0.1875 -0.9822 -0.0110
vn 0.1721 0.9844 -0.0352
vn 0.1527 0.9876 -0.0378
vn -0.1458 -0.9887 0.0341
vn -0.1638 -0.9860 0.0317
vn 0.1007 0.9949 -0.0001
vn 0.1007 0.9949 -0.0000
vn -0.0985 -0.9951 -0.0000
vn -0.0985 -0.9951 0.0000
vn 0.1529 0.9875 0.0377
vn 0.1724 0.9844 0.0350
vn -0.1460 -0.9887 -0.0342
vn -0.1638 -0.9860 -0.0317
vn 0.1949 0.9806 -0.0181
vn 0.1988 0.9800 -0.0121
vn -0.1842 -0.9828 0.0163
vn -0.1877 -0.9822 0.0110
vn -0.9527 -0.0744 -0.2947
vn -0.9527 -0.0772 -0.2938
vn -0.3288 -0.0256 -0.9441
vn -0.3286 -0.0259 -0.9441
vn -0.3344 -0.0168 -0.9423
vn 0.7748 0.0628 -0.6291
vn 0.7760 0.0632 -0.6275
vn 0.9967 0.0815 0.0000
vn 0.9962 0.0872 0.0000
vn 0.7782 0.0638 0.6247
vn 0.7771 0.0630 0.6262
vn -0.3363 -0.0293 0.9413
vn -0.3367 -0.0269 0.9412
vn -0.9523 -0.0813 0.2943
vn -0.9525 -0.0746 0.2952
vn -0.7770 0.0629 0.6264
vn -0.7767 0.0629 0.6267
vn 0.3354 -0.0265 0.9417
vn 0.3351 -0.0264 0.9418
vn 0.9524 -0.0741 0.2959
vn 0.9523 -0.0741 0.2959
vn 0.9524 -0.0742 -0.2956
vn 0.3277 -0.0262 -0.9444
vn -0.7746 0.0627 -0.6293
vn -0.7744 0.0627 -0.6295
vn -0.9967 0.0812 0.0000
vn -0.7750 0.0626 0.6288
vn -0.7750 0.0625 0.6289
vn 0.3335 -0.0263 0.9424
vn 0.3334 -0.0264 0.9424
vn 0.9519 -0.0744 0.2973
vn 0.9519 -0.0745 0.2974
vn 0.9519 -0.0742 -0.2973
vn 0.9519 -0.0743 -0.2974
vn 0.3276 -0.0264 -0.9445
vn 0.3277 -0.0264 -0.9444
vn -0.7727 0.0624 -0.6317
vn -0.9525 -0.0741 -0.2955
vn -0.9525 -0.0740 -0.2956
vn -0.3279 -0.0260 -0.9444
vn -0.3276 -0.0260 -0.9444
vn 0.7741 0.0628 -0.6300
vn 0.7739 0.0628 -0.6302
vn 0.9967 0.0817 0.0000
vn 0.7762 0.0630 0.6273
vn 0.7764 0.0630 0.6271
vn -0.3358 -0.0266 0.9415
vn -0.3361 -0.0267 0.9414
vn -0.9523 -0.0740 0.2960
vn -0.9523 -0.0741 0.2959
vn -0.9578 0.0614 -0.2807
vn -0.3544 0.0248 -0.9348
vn 0.7944 -0.0569 -0.6047
vn 0.9977 -0.0674 -0.0000
vn 0.7945 -0.0552 0.6047
vn -0.3459 0.0231 0.9380
vn -0.9584 0.0611 0.2788
vn -0.9764 -0.2160 -0.0000
vn -0.7831 -0.1731 0.5974
vn 0.3454 0.0770 0.9353
vn 0.9379 0.2097 0.2764
vn 0.9373 0.2091 -0.2788
vn 0.3544 0.0790 -0.9318
vn -0.7823 -0.1729 -0.5985
vn -0.9087 0.3124 -0.2768
vn -0.3363 0.1256 -0.9333
vn 0.7647 -0.2423 -0.5970
vn 0.9509 -0.3094 0.0000
vn 0.7646 -0.2445 0.5964
vn -0.3344 0.1263 0.9339
vn -0.9091 0.3128 0.2752
vn -0.3872 0.7701 -0.5070
vn -0.3868 0.7702 -0.5071
vn -0.0842 0.1673 -0.9823
vn -0.0840 0.1673 -0.9823
vn 0.2476 -0.4915 -0.8350
vn 0.2471 -0.4916 -0.8350
vn 0.4498 -0.8931 -0.0000
vn 0.2473 -0.4909 0.8354
vn 0.2469 -0.4910 0.8354
vn -0.3882 0.7722 0.5030
vn -0.3879 0.7723 0.5031
vn 0.3871 0.7705 -0.5064
vn 0.3872 0.7705 -0.5064
vn 0.0839 0.1670 -0.9824
vn 0.0838 0.1670 -0.9824
vn -0.2459 -0.4899 -0.8364
vn -0.2458 -0.4899 -0.8364
vn -0.4485 -0.8938 -0.0000
vn -0.2463 -0.4910 0.8356
vn -0.2464 -0.4909 0.8356
vn 0.0817 0.1627 0.9833
vn 0.3878 0.7721 0.5035
vn -0.9992 -0.0398 -0.0000
vn -0.7869 -0.0305 0.6164
vn 0.3444 0.0126 0.9387
vn 0.9567 0.0327 0.2891
vn 0.9566 0.0328 -0.2897
vn 0.3396 0.0123 -0.9405
vn -0.7846 -0.0304 -0.6193
vn -0.9566 0.0267 -0.2902
vn -0.3340 0.0096 -0.9425
vn 0.7812 -0.0233 -0.6239
vn 0.9995 -0.0310 -0.0000
vn 0.7834 -0.0234 0.6210
vn -0.3419 0.0104 0.9397
vn -0.9565 0.0269 0.2906
vn -0.9968 0.0798 0.0000
vn -0.7744 0.0621 0.6297
vn 0.3325 -0.0269 0.9427
vn 0.9514 -0.0768 0.2982
vn 0.9516 -0.0752 -0.2981
vn 0.3284 -0.0262 -0.9442
vn -0.7721 0.0619 -0.6325
vn 0.9861 -0.1661 0.0000
vn 0.7169 -0.1629 0.6779
vn 0.7125 -0.1832 -0.6773
vn -0.0002 -0.1885 -0.9821
vn -0.7072 -0.1984 -0.6786
vn -0.9846 -0.1751 -0.0000
vn -0.7167 -0.1696 0.6765
vn -0.0000 -0.1444 0.9895
vn -0.0000 -0.9940 0.1090
vn -0.0736 -0.9947 0.0718
vn -0.0726 -0.9949 0.0694
vn -0.0001 -0.9943 0.1068
vn 0.0734 -0.9947 0.0716
vn 0.0719 -0.9950 0.0691
vn 0.0000 0.9723 -0.2337
vn -0.1578 0.9755 -0.1536
vn -0.1617 0.9745 -0.1553
vn 0.0000 0.9707 -0.2405
vn 0.1581 0.9754 -0.1537
vn 0.1613 0.9747 -0.1550
vn 0.1064 -0.9943 0.0000
vn 0.1051 -0.9945 0.0000
vn 0.0734 -0.9947 -0.0714
vn 0.0722 -0.9949 -0.0699
vn -0.2289 0.9734 0.0000
vn -0.1576 0.9755 0.1533
vn -0.1583 0.9757 0.1514
vn -0.2329 0.9725 -0.0001
vn -0.0000 -0.9941 -0.1088
vn 0.0000 -0.9942 -0.1074
vn -0.0736 -0.9947 -0.0715
vn -0.0725 -0.9949 -0.0700
vn 0.0000 0.9725 0.2330
vn 0.1579 0.9755 0.1535
vn 0.1580 0.9758 0.1511
vn 0.0000 0.9732 0.2301
vn -0.1069 -0.9943 0.0000
vn -0.1057 -0.9944 0.0000
vn 0.2294 0.9733 0.0000
vn 0.2321 0.9727 -0.0000
vn 0.0000 -0.9930 0.1178
vn -0.0800 -0.9937 0.0783
vn 0.0799 -0.9937 0.0782
vn -0.0000 0.9745 -0.2244
vn -0.1517 0.9773 -0.1479
vn 0.1524 0.9772 -0.1481
vn 0.1146 -0.9934 -0.0000
vn 0.0796 -0.9938 -0.0780
vn -0.2204 0.9754 0.0000
vn -0.1519 0.9772 0.1482
vn -0.0000 -0.9931 -0.1172
vn -0.0797 -0.9937 -0.0782
vn -0.0000 0.9743 0.2251
vn 0.1526 0.9771 0.1484
vn -0.1148 -0.9934 -0.0000
vn 0.2213 0.9752 0.0000
vn 0.0000 -0.9918 0.1281
vn -0.0869 -0.9926 0.0847
vn 0.0869 -0.9926 0.0847
vn -0.0000 0.9768 -0.2139
vn -0.1454 0.9791 -0.1420
vn 0.1455 0.9789 -0.1432
vn 0.1244 -0.9922 -0.0000
vn 0.0865 -0.9927 -0.0844
vn -0.2101 0.9777 0.0000
vn -0.1460 0.9790 0.1422
vn -0.0000 -0.9919 -0.1272
vn -0.0866 -0.9927 -0.0843
vn -0.0000 0.9766 0.2152
vn 0.1461 0.9788 0.1434
vn -0.1244 -0.9922 -0.0000
vn 0.2113 0.9774 -0.0000
vn 0.7029 -0.2170 -0.6774
vn 0.9791 -0.2031 -0.0000
vn -0.0001 -0.2118 -0.9773
vn -0.7027 -0.2168 -0.6776
vn -0.7030 -0.2167 0.6774
vn -0.0000 -0.2119 0.9773
vn 0.7031 -0.2170 0.6772
vn -0.3835 0.7715 -0.5076
vn -0.3845 0.7736 0.5036
vn -0.0810 0.1627 0.9833
vn 0.2442 -0.4917 0.8359
vn 0.4457 -0.8952 -0.0000
vn 0.2444 -0.4922 -0.8354
vn -0.0834 0.1674 -0.9824
vn 0.4413 0.7658 -0.4678
vn 0.4433 0.7654 0.4665
vn 0.1401 0.1676 0.9759
vn -0.4117 -0.4680 0.7819
vn -0.6957 -0.7183 -0.0001
vn -0.4093 -0.4690 -0.7826
vn 0.1361 0.1672 -0.9765
vn 0.0000 -0.1994 -0.9799
vn 0.7199 -0.1885 -0.6680
vn 0.9863 -0.1652 -0.0000
vn 0.7162 -0.1993 0.6688
vn 0.0000 -0.2243 0.9745
vn -0.7144 -0.2158 0.6657
vn -0.9803 -0.1974 0.0000
vn -0.7182 -0.2053 -0.6649
vn 0.0779 -0.9940 0.0772
vn 0.0000 -0.9940 0.1098
vn 0.1173 -0.9931 -0.0000
vn 0.0782 -0.9939 -0.0780
vn 0.0000 -0.9938 -0.1114
vn -0.0776 -0.9941 -0.0764
vn -0.1142 -0.9935 -0.0000
vn -0.0774 -0.9941 0.0757
vn -0.7232 0.0036 -0.6906
vn -0.0000 0.0016 -1.0000
vn -1.0000 0.0049 -0.0000
vn -0.7233 0.0039 0.6906
vn 0.0000 0.0023 1.0000
vn 0.7224 0.0043 0.6915
vn 1.0000 0.0058 -0.0000
vn 0.7223 0.0040 -0.6915
vn 0.1199 -0.9860 0.1162
vn -0.0001 -0.9841 0.1775
vn -0.0000 -0.9842 0.1773
vn 0.1181 -0.9864 0.1147
vn -0.1200 -0.9859 0.1163
vn -0.1167 -0.9867 0.1129
vn 0.1198 -0.9860 -0.1162
vn 0.1742 -0.9847 0.0000
vn 0.1711 -0.9853 0.0000
vn 0.1175 -0.9865 -0.1139
vn -0.1200 -0.9859 -0.1162
vn -0.0001 -0.9841 -0.1774
vn -0.0000 -0.9845 -0.1753
vn -0.1161 -0.9869 -0.1122
vn -0.1739 -0.9848 -0.0000
vn -0.1665 -0.9860 0.0000
vn 0.0000 0.9907 0.1358
vn 0.0911 0.9919 0.0886
vn 0.0904 0.9921 0.0872
vn -0.0000 0.9909 0.1343
vn -0.0913 0.9919 0.0886
vn -0.0896 0.9923 0.0858
vn 0.1319 0.9913 0.0001
vn 0.0908 0.9920 -0.0880
vn 0.0901 0.9921 -0.0869
vn 0.1317 0.9913 0.0001
vn -0.0001 0.9909 -0.1348
vn -0.0911 0.9919 -0.0882
vn -0.0893 0.9923 -0.0853
vn -0.0000 0.9910 -0.1339
vn -0.1322 0.9912 0.0000
vn -0.1281 0.9918 0.0001
vn 0.1241 -0.9848 0.1216
vn 0.0001 -0.9829 0.1839
vn -0.1246 -0.9847 0.1222
vn 0.1238 -0.9849 -0.1212
vn 0.1797 -0.9837 -0.0000
vn -0.1244 -0.9847 -0.1219
vn 0.0000 -0.9831 -0.1831
vn -0.1810 -0.9835 -0.0000
vn 0.0000 0.9897 0.1431
vn 0.0965 0.9908 0.0945
vn -0.0967 0.9908 0.0944
vn 0.1388 0.9903 0.0000
vn 0.0958 0.9911 -0.0928
vn 0.0000 0.9900 -0.1408
vn -0.0960 0.9910 -0.0931
vn -0.1391 0.9903 0.0000
vn 0.1342 -0.9827 0.1277
vn 0.0001 -0.9804 0.1969
vn -0.1358 -0.9824 0.1284
vn 0.1331 -0.9829 -0.1269
vn 0.1905 -0.9817 -0.0000
vn -0.1349 -0.9826 -0.1278
vn -0.0000 -0.9810 -0.1942
vn -0.1944 -0.9809 -0.0001
vn -0.0000 0.9875 0.1576
vn 0.1081 0.9889 0.1024
vn -0.1074 0.9889 0.1024
vn 0.1533 0.9882 0.0001
vn 0.1035 0.9894 -0.1018
vn -0.0000 0.9884 -0.1521
vn -0.1035 0.9894 -0.1018
vn -0.1526 0.9883 0.0001
vn -0.0000 -0.3069 -0.9518
vn 0.6826 -0.2898 -0.6709
vn -0.6819 -0.2846 -0.6738
vn -0.9730 -0.2309 0.0000
vn -0.6862 -0.2700 0.6755
vn -0.0000 -0.2812 0.9597
vn 0.6868 -0.2753 0.6727
vn 0.9708 -0.2398 0.0000
vn -0.0001 0.3098 -0.9508
vn 0.6828 0.3104 -0.6613
vn -0.6868 0.3111 -0.6569
vn -0.9592 0.2828 -0.0001
vn -0.6844 0.2930 0.6676
vn -0.0001 0.2841 0.9588
vn 0.6807 0.2942 0.6709
vn 0.9595 0.2819 -0.0001
vn 0.0029 1.0000 0.0030
vn 0.0042 1.0000 0.0000
vn 0.0047 1.0000 0.0000
vn 0.0035 1.0000 0.0037
vn -0.0042 -1.0000 -0.0000
vn -0.0030 -1.0000 -0.0030
vn -0.0028 -1.0000 -0.0031
vn -0.0041 -1.0000 -0.0000
vn -0.0001 1.0000 0.0047
vn -0.0003 1.0000 0.0070
vn 0.0000 -1.0000 -0.0047
vn -0.0000 -1.0000 -0.0050
vn -0.0031 1.0000 0.0031
vn -0.0054 1.0000 0.0052
vn 0.0031 -1.0000 -0.0031
vn 0.0030 -1.0000 -0.0031
vn -0.0045 1.0000 0.0000
vn -0.0079 1.0000 0.0000
vn 0.0046 -1.0000 0.0000
vn 0.0043 -1.0000 -0.0000
vn -0.0031 1.0000 -0.0031
vn -0.0054 1.0000 -0.0052
vn 0.0033 -1.0000 0.0032
vn 0.0030 -1.0000 0.0032
vn -0.0001 1.0000 -0.0047
vn -0.0003 1.0000 -0.0069
vn 0.0001 -1.0000 0.0048
vn -0.0000 -1.0000 0.0050
vn 0.0029 1.0000 -0.0030
vn 0.0035 1.0000 -0.0037
vn -0.0030 -1.0000 0.0030
vn -0.0028 -1.0000 0.0031
vn 0.0032 1.0000 0.0033
vn -0.0046 -1.0000 0.0000
vn -0.0032 -1.0000 -0.0031
vn 0.0000 1.0000 0.0048
vn 0.0001 -1.0000 -0.0049
vn -0.0033 1.0000 0.0031
vn 0.0035 -1.0000 -0.0034
vn -0.0047 1.0000 0.0000
vn 0.0050 -1.0000 -0.0000
vn -0.0033 1.0000 -0.0031
vn 0.0034 -1.0000 0.0033
vn 0.0000 1.0000 -0.0048
vn 0.0032 1.0000 -0.0033
vn -0.0032 -1.0000 0.0032
vn 0.0037 1.0000 0.0037
vn 0.0053 1.0000 -0.0000
vn -0.0051 -1.0000 0.0000
vn -0.0034 -1.0000 -0.0032
vn 0.0001 1.0000 0.0051
vn 0.0001 -1.0000 -0.0051
vn -0.0036 1.0000 0.0032
vn 0.0039 -1.0000 -0.0037
vn -0.0053 1.0000 -0.0000
vn 0.0056 -1.0000 -0.0001
vn -0.0036 1.0000 -0.0032
vn 0.0035 -1.0000 0.0033
vn 0.0001 1.0000 -0.0051
vn 0.0000 -1.0000 0.0047
vn 0.0037 1.0000 -0.0037
vn -0.0034 -1.0000 0.0033
vn -1.0000 0.0044 -0.0000
vn -0.7186 0.0047 0.6954
vn -0.0002 0.0047 1.0000
vn 0.7188 0.0048 0.6952
vn 1.0000 0.0045 -0.0002
vn 0.7184 0.0047 -0.6956
vn 0.0000 0.0047 -1.0000
vn -1.0000 0.0045 -0.0000
vn -1.0000 0.0056 0.0000
vn -0.7182 0.0055 -0.6959
vn -0.7181 0.0047 -0.6960
vn -0.7187 0.0054 0.6953
vn -0.7186 0.0048 0.6954
vn 0.7187 0.0046 0.6953
vn 0.7187 0.0047 0.6953
vn 1.0000 0.0043 0.0000
vn 1.0000 0.0042 -0.0000
vn 0.7182 0.0048 -0.6958
vn 0.7181 0.0046 -0.6959
vn -0.0001 0.0049 -1.0000
vn 0.0000 0.0046 -1.0000
vn -0.7227 0.0044 -0.6911
vn -0.7219 0.0044 -0.6919
vn 0.0000 0.0042 -1.0000
vn -1.0000 0.0035 -0.0000
vn -1.0000 0.0040 -0.0000
vn -0.7222 0.0035 0.6917
vn -0.7229 0.0045 0.6909
vn 0.0000 0.0029 1.0000
vn -0.0000 0.0044 1.0000
vn 0.7225 0.0056 0.6913
vn 1.0000 0.0077 0.0000
vn 1.0000 0.0046 0.0000
vn 0.7223 0.0065 -0.6916
vn 0.7226 0.0046 -0.6913
# 2412 vertex normals

vt -0.1308 -0.0792 0.0000
vt -0.1308 -0.7454 0.0000
vt 0.0546 -0.7664 0.0000
vt 0.0546 -0.0582 0.0000
vt -0.2844 0.5862 0.0000
vt -0.2844 -0.0108 0.0000
vt 0.2867 -0.0108 0.0000
vt 0.2867 0.5862 0.0000
vt -0.3406 -0.0582 0.0000
vt -0.3406 -0.7664 0.0000
vt -0.1553 -0.7454 0.0000
vt -0.1553 -0.0792 0.0000
vt -1.0467 -0.7823 0.0000
vt -1.0467 -1.6707 0.0000
vt -0.1968 -1.6707 0.0000
vt -0.1968 -0.7823 0.0000
vt -0.7524 1.0935 0.0000
vt -0.7524 1.7308 0.0000
vt -0.9378 1.7509 0.0000
vt -0.9378 1.0735 0.0000
vt -0.5424 1.0935 0.0000
vt -0.5424 1.7308 0.0000
vt -0.7278 1.7509 0.0000
vt -0.7278 1.0735 0.0000
vt 1.4310 -0.1110 0.0000
vt 1.4310 -0.7080 0.0000
vt 1.5100 -0.7906 0.0000
vt 1.5100 -0.0284 0.0000
vt 0.8599 -0.7080 0.0000
vt 0.7809 -0.7906 0.0000
vt 0.8599 -0.1110 0.0000
vt 0.7809 -0.0284 0.0000
vt 0.3689 0.5862 0.0000
vt 0.3689 -0.0108 0.0000
vt 0.3930 -0.0108 0.0000
vt 0.3930 0.5862 0.0000
vt 0.4234 0.5360 0.0000
vt 0.4234 -0.0351 0.0000
vt 0.4474 -0.0351 0.0000
vt 0.4474 0.5360 0.0000
vt 0.3385 -0.0108 0.0000
vt 0.3385 0.5862 0.0000
vt 0.3145 0.5862 0.0000
vt 0.3145 -0.0108 0.0000
vt 0.4778 0.5360 0.0000
vt 0.4778 -0.0351 0.0000
vt 0.5018 -0.0351 0.0000
vt 0.5018 0.5360 0.0000
vt 1.7015 -0.8790 0.0000
vt 1.7015 -1.6522 0.0000
vt 1.7215 -1.6707 0.0000
vt 1.7215 -0.8605 0.0000
vt 1.4533 -1.6293 0.0000
vt 1.4345 -1.6467 0.0000
vt 1.4533 -0.9019 0.0000
vt 1.4345 -0.8845 0.0000
vt 2.0216 -0.9019 0.0000
vt 2.0216 -1.6293 0.0000
vt 2.0404 -1.6467 0.0000
vt 2.0404 -0.8845 0.0000
vt 1.7734 -1.6522 0.0000
vt 1.7534 -1.6707 0.0000
vt 1.7734 -0.8790 0.0000
vt 1.7534 -0.8605 0.0000
vt 2.0923 -1.6530 0.0000
vt 2.0923 -0.9134 0.0000
vt 2.0723 -0.8957 0.0000
vt 2.0723 -1.6707 0.0000
vt 2.3405 -0.9353 0.0000
vt 2.3593 -0.9186 0.0000
vt 2.3405 -1.6311 0.0000
vt 2.3593 -1.6478 0.0000
vt 2.1783 -0.8620 0.0000
vt 2.1783 -0.1224 0.0000
vt 2.1583 -0.1047 0.0000
vt 2.1583 -0.8797 0.0000
vt 2.4265 -0.1443 0.0000
vt 2.4453 -0.1276 0.0000
vt 2.4265 -0.8401 0.0000
vt 2.4453 -0.8568 0.0000
vt 2.1191 -0.1066 0.0000
vt 2.1191 -0.8797 0.0000
vt 2.1338 -0.8797 0.0000
vt 2.1338 -0.1066 0.0000
vt 0.3685 1.0195 0.0000
vt 0.3833 1.0195 0.0000
vt 0.3594 1.2677 0.0000
vt 0.3456 1.2677 0.0000
vt 0.0929 -0.7664 0.0000
vt 0.0929 -0.0390 0.0000
vt 0.0791 -0.0390 0.0000
vt 0.0791 -0.7664 0.0000
vt 0.4316 1.2677 0.0000
vt 0.4078 1.0195 0.0000
vt 0.4225 1.0195 0.0000
vt 0.4455 1.2677 0.0000
vt 0.1174 -0.0390 0.0000
vt 0.1174 -0.7663 0.0000
vt 0.1313 -0.7664 0.0000
vt 0.1313 -0.0390 0.0000
vt 0.4939 1.2175 0.0000
vt 0.4700 0.9693 0.0000
vt 0.4848 0.9693 0.0000
vt 0.5077 1.2175 0.0000
vt 2.0946 -0.8797 0.0000
vt 2.0946 -0.1066 0.0000
vt 2.0799 -0.1066 0.0000
vt 2.0799 -0.8797 0.0000
vt 0.5552 0.9693 0.0000
vt 0.5700 0.9693 0.0000
vt 0.5461 1.2175 0.0000
vt 0.5323 1.2175 0.0000
vt 0.7564 -0.7906 0.0000
vt 0.7564 -0.0510 0.0000
vt 0.7410 -0.0510 0.0000
vt 0.7410 -0.7906 0.0000
vt 0.6185 0.9693 0.0000
vt 0.6339 0.9693 0.0000
vt 0.6090 1.2175 0.0000
vt 0.5945 1.2175 0.0000
vt -1.1305 0.3598 0.0000
vt -1.1305 1.0555 0.0000
vt -1.1450 1.0555 0.0000
vt -1.1450 0.3598 0.0000
vt 0.6790 0.9693 0.0000
vt 0.7039 1.2175 0.0000
vt 0.6885 1.2175 0.0000
vt 0.6645 0.9693 0.0000
vt 0.7011 -0.0510 0.0000
vt 0.7011 -0.7906 0.0000
vt 0.7165 -0.7906 0.0000
vt 0.7165 -0.0510 0.0000
vt 0.7499 1.1810 0.0000
vt 0.7345 1.1810 0.0000
vt 0.7594 0.9328 0.0000
vt 0.7739 0.9328 0.0000
vt -1.1840 1.0555 0.0000
vt -1.1840 0.3598 0.0000
vt -1.1695 0.3598 0.0000
vt -1.1695 1.0555 0.0000
vt 0.8294 1.1810 0.0000
vt 0.8045 0.9328 0.0000
vt 0.8199 0.9328 0.0000
vt 0.8439 1.1810 0.0000
vt 2.0230 -0.1039 0.0000
vt 2.0230 -0.8120 0.0000
vt 2.0554 -0.8446 0.0000
vt 2.0554 -0.0714 0.0000
vt 1.8377 -0.7911 0.0000
vt 1.8072 -0.8217 0.0000
vt 1.8377 -0.1249 0.0000
vt 1.8072 -0.0943 0.0000
vt 1.7523 -0.1249 0.0000
vt 1.7523 -0.7911 0.0000
vt 1.7827 -0.8217 0.0000
vt 1.7827 -0.0943 0.0000
vt 1.5669 -0.8121 0.0000
vt 1.5345 -0.8446 0.0000
vt 1.5669 -0.1039 0.0000
vt 1.5345 -0.0714 0.0000
vt 0.4608 -0.7595 0.0000
vt 0.4608 -0.0821 0.0000
vt 0.4284 -0.0510 0.0000
vt 0.4284 -0.7906 0.0000
vt 0.6462 -0.1022 0.0000
vt 0.6766 -0.0729 0.0000
vt 0.6462 -0.7395 0.0000
vt 0.6766 -0.7687 0.0000
vt 0.1881 -0.7353 0.0000
vt 0.1881 -0.0578 0.0000
vt 0.1558 -0.0267 0.0000
vt 0.1558 -0.7664 0.0000
vt 0.3735 -0.0779 0.0000
vt 0.4040 -0.0487 0.0000
vt 0.3735 -0.7152 0.0000
vt 0.4040 -0.7444 0.0000
vt -0.3771 -0.0582 0.0000
vt -0.3771 -0.7664 0.0000
vt -0.3651 -0.7664 0.0000
vt -0.3651 -0.0582 0.0000
vt 1.2725 1.1528 0.0000
vt 1.2956 1.3382 0.0000
vt 1.2844 1.3382 0.0000
vt 1.2606 1.1528 0.0000
vt -0.4288 1.0735 0.0000
vt -0.4288 1.7397 0.0000
vt -0.4400 1.7397 0.0000
vt -0.4400 1.0735 0.0000
vt 1.2123 1.3382 0.0000
vt 1.2010 1.3382 0.0000
vt 1.2241 1.1528 0.0000
vt 1.2361 1.1528 0.0000
vt -0.4011 0.6239 0.0000
vt -0.4011 -0.0423 0.0000
vt -0.3899 -0.0423 0.0000
vt -0.3899 0.6239 0.0000
vt 1.1527 1.3382 0.0000
vt 1.1415 1.3382 0.0000
vt 1.1646 1.1528 0.0000
vt 1.1765 1.1528 0.0000
vt -0.4015 -0.7664 0.0000
vt -0.4015 -0.0582 0.0000
vt -0.4135 -0.0582 0.0000
vt -0.4135 -0.7664 0.0000
vt 1.0938 1.1957 0.0000
vt 1.1170 1.3811 0.0000
vt 1.1057 1.3811 0.0000
vt 1.0819 1.1957 0.0000
vt -0.5178 1.7509 0.0000
vt -0.5178 1.0735 0.0000
vt -0.5053 1.0735 0.0000
vt -0.5053 1.7509 0.0000
vt 1.0449 1.3811 0.0000
vt 1.0208 1.1957 0.0000
vt 1.0325 1.1957 0.0000
vt 1.0574 1.3811 0.0000
vt -0.3622 0.5950 0.0000
vt -0.3622 -0.0423 0.0000
vt -0.3505 -0.0423 0.0000
vt -0.3505 0.5950 0.0000
vt 0.9714 1.3811 0.0000
vt 0.9596 1.3811 0.0000
vt 0.9838 1.1957 0.0000
vt 0.9963 1.1957 0.0000
vt -0.4664 1.0735 0.0000
vt -0.4664 1.7509 0.0000
vt -0.4789 1.7509 0.0000
vt -0.4789 1.0735 0.0000
vt 0.9109 1.1957 0.0000
vt 0.9351 1.3811 0.0000
vt 0.9234 1.3811 0.0000
vt 0.8985 1.1957 0.0000
vt -0.3116 -0.0423 0.0000
vt -0.3116 0.5950 0.0000
vt -0.3233 0.5950 0.0000
vt -0.3233 -0.0423 0.0000
vt 0.8622 1.1969 0.0000
vt 0.8740 1.1969 0.0000
vt 0.8498 1.3823 0.0000
vt 0.8373 1.3823 0.0000
vt 0.2056 -0.8066 0.0000
vt 0.2056 -1.6707 0.0000
vt 0.2314 -1.6438 0.0000
vt 0.2314 -0.8335 0.0000
vt 1.0322 -1.6707 0.0000
vt 1.0064 -1.6438 0.0000
vt 1.0322 -0.8066 0.0000
vt 1.0064 -0.8335 0.0000
vt -0.1678 -0.7823 0.0000
vt -0.1678 -1.6707 0.0000
vt -0.0057 -1.6586 0.0000
vt -0.0057 -0.7944 0.0000
vt 1.0612 -0.8209 0.0000
vt 1.0612 -1.6707 0.0000
vt 1.2232 -1.6591 0.0000
vt 1.2232 -0.8325 0.0000
vt 0.1810 -1.6707 0.0000
vt 0.1810 -0.7823 0.0000
vt 0.0189 -0.7944 0.0000
vt 0.0189 -1.6586 0.0000
vt 1.2478 -0.8209 0.0000
vt 1.2478 -1.6707 0.0000
vt 1.4099 -1.6591 0.0000
vt 1.4099 -0.8325 0.0000
vt 1.8545 0.4061 0.0000
vt 1.8556 0.4001 0.0000
vt 2.0759 0.4001 0.0000
vt 2.0759 0.4061 0.0000
vt 2.2963 0.4001 0.0000
vt 2.2973 0.4061 0.0000
vt 0.9575 1.4472 0.0000
vt 0.9425 1.4516 0.0000
vt 0.9425 1.4316 0.0000
vt 0.9617 1.4316 0.0000
vt 0.9275 1.4472 0.0000
vt 0.9233 1.4316 0.0000
vt 0.9275 1.4159 0.0000
vt 0.9425 1.4115 0.0000
vt 0.9575 1.4159 0.0000
vt 2.2238 0.4279 0.0000
vt 2.2238 0.4220 0.0000
vt 2.4453 0.4220 0.0000
vt 2.4442 0.4279 0.0000
vt 2.0035 0.4279 0.0000
vt 2.0024 0.4220 0.0000
vt 0.8745 -0.0125 0.0000
vt 0.8804 -0.0113 0.0000
vt 0.8804 0.2189 0.0000
vt 0.8745 0.2189 0.0000
vt 0.8804 0.4490 0.0000
vt 0.8745 0.4502 0.0000
vt 1.3645 -0.0125 0.0000
vt 1.3704 -0.0113 0.0000
vt 1.3704 0.2188 0.0000
vt 1.3645 0.2188 0.0000
vt 1.3704 0.4490 0.0000
vt 1.3645 0.4502 0.0000
vt 2.0759 0.2752 0.0000
vt 2.0759 0.2413 0.0000
vt 2.2494 0.2401 0.0000
vt 2.2738 0.2747 0.0000
vt 1.8779 0.2747 0.0000
vt 1.9025 0.2401 0.0000
vt 1.9144 0.2213 0.0000
vt 2.0759 0.2225 0.0000
vt 2.2373 0.2213 0.0000
vt 1.0053 0.2189 0.0000
vt 1.0392 0.2189 0.0000
vt 1.0404 0.4002 0.0000
vt 1.0059 0.4257 0.0000
vt 1.0059 0.0120 0.0000
vt 1.0404 0.0376 0.0000
vt 1.0593 0.0501 0.0000
vt 1.0581 0.2189 0.0000
vt 1.0593 0.3875 0.0000
vt 2.2238 0.5528 0.0000
vt 2.2238 0.5867 0.0000
vt 2.0504 0.5879 0.0000
vt 2.0258 0.5534 0.0000
vt 2.4217 0.5534 0.0000
vt 2.3973 0.5879 0.0000
vt 2.3852 0.6068 0.0000
vt 2.2238 0.6056 0.0000
vt 2.0623 0.6068 0.0000
vt 1.4953 0.2188 0.0000
vt 1.5293 0.2188 0.0000
vt 1.5305 0.4001 0.0000
vt 1.4959 0.4257 0.0000
vt 1.4959 0.0120 0.0000
vt 1.5305 0.0375 0.0000
vt 1.5493 0.0502 0.0000
vt 1.5481 0.2188 0.0000
vt 1.5493 0.3876 0.0000
vt 2.0759 0.1943 0.0000
vt 2.2263 0.1934 0.0000
vt 1.9255 0.1934 0.0000
vt 1.9371 0.1382 0.0000
vt 2.0759 0.1386 0.0000
vt 2.2145 0.1382 0.0000
vt 1.0863 0.2189 0.0000
vt 1.0871 0.3760 0.0000
vt 1.0871 0.0617 0.0000
vt 1.1424 0.0739 0.0000
vt 1.1419 0.2189 0.0000
vt 1.1424 0.3637 0.0000
vt 2.2238 0.6338 0.0000
vt 2.0734 0.6346 0.0000
vt 2.3742 0.6346 0.0000
vt 2.3625 0.6899 0.0000
vt 2.2238 0.6894 0.0000
vt 2.0850 0.6899 0.0000
vt 1.5763 0.2188 0.0000
vt 1.5772 0.3760 0.0000
vt 1.5772 0.0617 0.0000
vt 1.6324 0.0739 0.0000
vt 1.6319 0.2188 0.0000
vt 1.6324 0.3638 0.0000
vt 2.0759 0.0415 0.0000
vt 2.2037 0.0413 0.0000
vt 1.9481 0.0413 0.0000
vt 1.9554 -0.0429 0.0000
vt 2.0759 -0.0429 0.0000
vt 2.1965 -0.0429 0.0000
vt 1.2391 0.2189 0.0000
vt 1.2393 0.3522 0.0000
vt 1.2393 0.0854 0.0000
vt 1.3235 0.0928 0.0000
vt 1.3234 0.2189 0.0000
vt 1.3235 0.3448 0.0000
vt 2.2238 0.7866 0.0000
vt 2.0960 0.7868 0.0000
vt 2.3516 0.7868 0.0000
vt 2.3444 0.8710 0.0000
vt 2.2238 0.8709 0.0000
vt 2.1033 0.8710 0.0000
vt 1.7291 0.2188 0.0000
vt 1.7293 0.3523 0.0000
vt 1.7293 0.0855 0.0000
vt 1.8135 0.0930 0.0000
vt 1.8134 0.2188 0.0000
vt 1.8135 0.3449 0.0000
vt 2.1207 0.9454 0.0000
vt 2.1207 1.0181 0.0000
vt 2.0659 1.0181 0.0000
vt 2.0659 0.9337 0.0000
vt 2.1207 1.0910 0.0000
vt 2.0659 1.1027 0.0000
vt 2.0389 1.1171 0.0000
vt 2.0389 1.0181 0.0000
vt 2.0389 0.9193 0.0000
vt 1.5123 1.0985 0.0000
vt 1.5123 1.0226 0.0000
vt 1.5671 1.0226 0.0000
vt 1.5671 1.1109 0.0000
vt 1.5123 0.9465 0.0000
vt 1.5671 0.9343 0.0000
vt 1.5941 0.9193 0.0000
vt 1.5941 1.0226 0.0000
vt 1.5941 1.1261 0.0000
vt 2.1501 1.0760 0.0000
vt 2.1501 1.0032 0.0000
vt 2.2049 1.0032 0.0000
vt 2.2049 1.0877 0.0000
vt 2.1501 0.9304 0.0000
vt 2.2049 0.9187 0.0000
vt 2.2319 0.9043 0.0000
vt 2.2319 1.0032 0.0000
vt 2.2319 1.1021 0.0000
vt 1.3178 1.0989 0.0000
vt 1.3178 1.0227 0.0000
vt 1.3726 1.0227 0.0000
vt 1.3726 1.1109 0.0000
vt 1.3178 0.9468 0.0000
vt 1.3726 0.9345 0.0000
vt 1.3996 0.9193 0.0000
vt 1.3996 1.0227 0.0000
vt 1.3996 1.1260 0.0000
vt 2.0233 1.0181 0.0000
vt 2.0233 0.9144 0.0000
vt 2.0233 1.1219 0.0000
vt 2.0133 1.1204 0.0000
vt 2.0133 1.0181 0.0000
vt 2.0133 0.9158 0.0000
vt 1.6097 1.0226 0.0000
vt 1.6097 1.1310 0.0000
vt 1.6097 0.9144 0.0000
vt 1.6197 0.9158 0.0000
vt 1.6197 1.0226 0.0000
vt 1.6197 1.1294 0.0000
vt 2.2475 1.0032 0.0000
vt 2.2475 1.1069 0.0000
vt 2.2475 0.8994 0.0000
vt 2.2575 0.9009 0.0000
vt 2.2575 1.0032 0.0000
vt 2.2575 1.1054 0.0000
vt 1.4152 1.0227 0.0000
vt 1.4152 1.1311 0.0000
vt 1.4152 0.9144 0.0000
vt 1.4252 0.9160 0.0000
vt 1.4252 1.0227 0.0000
vt 1.4252 1.1295 0.0000
vt 2.0031 1.0181 0.0000
vt 2.0031 0.9202 0.0000
vt 2.0031 1.1161 0.0000
vt 1.9860 1.1078 0.0000
vt 1.9860 1.0181 0.0000
vt 1.9860 0.9284 0.0000
vt 1.6299 1.0226 0.0000
vt 1.6299 1.1249 0.0000
vt 1.6299 0.9203 0.0000
vt 1.6469 0.9289 0.0000
vt 1.6469 1.0226 0.0000
vt 1.6469 1.1164 0.0000
vt 2.2677 1.0032 0.0000
vt 2.2677 1.1011 0.0000
vt 2.2677 0.9052 0.0000
vt 2.2847 0.9134 0.0000
vt 2.2847 1.0032 0.0000
vt 2.2847 1.0928 0.0000
vt 1.4355 1.0227 0.0000
vt 1.4355 1.1250 0.0000
vt 1.4355 0.9205 0.0000
vt 1.4525 0.9290 0.0000
vt 1.4525 1.0227 0.0000
vt 1.4525 1.1164 0.0000
vt 1.9584 1.0181 0.0000
vt 1.9584 0.9405 0.0000
vt 1.9584 1.0958 0.0000
vt 1.7977 1.3344 0.0000
vt 1.7939 1.3348 0.0000
vt 1.7939 1.2444 0.0000
vt 1.7977 1.2444 0.0000
vt 1.7939 1.1541 0.0000
vt 1.7977 1.1545 0.0000
vt 1.6745 1.0226 0.0000
vt 1.6745 1.1036 0.0000
vt 1.6745 0.9415 0.0000
vt 2.2226 1.1307 0.0000
vt 2.2264 1.1304 0.0000
vt 2.2264 1.2247 0.0000
vt 2.2226 1.2247 0.0000
vt 2.2264 1.3190 0.0000
vt 2.2226 1.3186 0.0000
vt 2.3123 1.0032 0.0000
vt 2.3123 1.0809 0.0000
vt 2.3123 0.9256 0.0000
vt 1.4568 1.1546 0.0000
vt 1.4606 1.1542 0.0000
vt 1.4606 1.2445 0.0000
vt 1.4568 1.2445 0.0000
vt 1.4606 1.3350 0.0000
vt 1.4568 1.3346 0.0000
vt 1.4801 1.0227 0.0000
vt 1.4801 1.1038 0.0000
vt 1.4801 0.9417 0.0000
vt 2.0399 1.1457 0.0000
vt 2.0437 1.1453 0.0000
vt 2.0437 1.2396 0.0000
vt 2.0399 1.2396 0.0000
vt 2.0437 1.3339 0.0000
vt 2.0399 1.3336 0.0000
vt 1.7591 1.2444 0.0000
vt 1.7163 1.2444 0.0000
vt 1.7163 1.1561 0.0000
vt 1.7591 1.1503 0.0000
vt 1.7591 1.3386 0.0000
vt 1.7163 1.3328 0.0000
vt 1.6748 1.3350 0.0000
vt 1.6748 1.2444 0.0000
vt 1.6748 1.1539 0.0000
vt 2.2613 1.2247 0.0000
vt 2.3040 1.2247 0.0000
vt 2.3040 1.3169 0.0000
vt 2.2613 1.3228 0.0000
vt 2.2613 1.1265 0.0000
vt 2.3040 1.1324 0.0000
vt 2.3456 1.1299 0.0000
vt 2.3456 1.2247 0.0000
vt 2.3456 1.3194 0.0000
vt 1.4955 1.2445 0.0000
vt 1.5382 1.2445 0.0000
vt 1.5382 1.3330 0.0000
vt 1.4955 1.3387 0.0000
vt 1.4955 1.1505 0.0000
vt 1.5382 1.1562 0.0000
vt 1.5798 1.1540 0.0000
vt 1.5798 1.2445 0.0000
vt 1.5798 1.3352 0.0000
vt 2.0786 1.2396 0.0000
vt 2.1213 1.2396 0.0000
vt 2.1213 1.3319 0.0000
vt 2.0786 1.3378 0.0000
vt 2.0786 1.1415 0.0000
vt 2.1213 1.1474 0.0000
vt 2.1629 1.1449 0.0000
vt 2.1629 1.2396 0.0000
vt 2.1629 1.3344 0.0000
vt 1.6416 1.2444 0.0000
vt 1.6416 1.1473 0.0000
vt 1.6416 1.3416 0.0000
vt 1.1792 1.1258 0.0000
vt 1.1760 1.1268 0.0000
vt 1.1761 1.0155 0.0000
vt 1.1793 1.0155 0.0000
vt 1.1760 0.9043 0.0000
vt 1.1792 0.9053 0.0000
vt 2.3787 1.2247 0.0000
vt 2.3787 1.3260 0.0000
vt 2.3787 1.1233 0.0000
vt -0.1367 1.0128 0.0000
vt -0.1334 1.0118 0.0000
vt -0.1334 1.1270 0.0000
vt -0.1366 1.1270 0.0000
vt -0.1334 1.2422 0.0000
vt -0.1367 1.2411 0.0000
vt 1.6129 1.2445 0.0000
vt 1.6129 1.3418 0.0000
vt 1.6129 1.1474 0.0000
vt 1.2090 0.9053 0.0000
vt 1.2122 0.9043 0.0000
vt 1.2122 1.0155 0.0000
vt 1.2089 1.0155 0.0000
vt 1.2122 1.1268 0.0000
vt 1.2090 1.1258 0.0000
vt 2.1960 1.2396 0.0000
vt 2.1960 1.3410 0.0000
vt 2.1960 1.1383 0.0000
vt -0.0278 1.0038 0.0000
vt -0.0245 1.0028 0.0000
vt -0.0245 1.1179 0.0000
vt -0.0277 1.1179 0.0000
vt -0.0245 1.2331 0.0000
vt -0.0278 1.2321 0.0000
vt 1.1495 1.0155 0.0000
vt 1.1236 1.0155 0.0000
vt 1.1236 0.8943 0.0000
vt 1.1495 0.8968 0.0000
vt 1.1495 1.1343 0.0000
vt 1.1236 1.1369 0.0000
vt 1.1042 1.1324 0.0000
vt 1.1041 1.0155 0.0000
vt 1.1042 0.8988 0.0000
vt -0.1068 1.1270 0.0000
vt -0.0811 1.1270 0.0000
vt -0.0810 1.2526 0.0000
vt -0.1069 1.2501 0.0000
vt -0.1069 1.0038 0.0000
vt -0.0810 1.0012 0.0000
vt -0.0616 1.0060 0.0000
vt -0.0616 1.1270 0.0000
vt -0.0616 1.2479 0.0000
vt 1.2388 1.0155 0.0000
vt 1.2646 1.0155 0.0000
vt 1.2646 1.1369 0.0000
vt 1.2387 1.1343 0.0000
vt 1.2387 0.8968 0.0000
vt 1.2646 0.8943 0.0000
vt 1.2841 0.8988 0.0000
vt 1.2841 1.0155 0.0000
vt 1.2841 1.1324 0.0000
vt 0.0020 1.2411 0.0000
vt 0.0021 1.1179 0.0000
vt 0.0278 1.1179 0.0000
vt 0.0279 1.2438 0.0000
vt 0.0020 0.9948 0.0000
vt 0.0279 0.9924 0.0000
vt 0.0473 0.9970 0.0000
vt 0.0473 1.1179 0.0000
vt 0.0473 1.2389 0.0000
vt -0.8780 2.0803 0.0000
vt -0.8780 2.0786 0.0000
vt -0.7765 2.0431 0.0000
vt -0.7752 2.0445 0.0000
vt -0.9810 2.0445 0.0000
vt -0.9798 2.0431 0.0000
vt -0.8780 2.0640 0.0000
vt -0.9694 2.0323 0.0000
vt -0.9548 2.0170 0.0000
vt -0.8780 2.0438 0.0000
vt -0.8012 2.0170 0.0000
vt -0.7868 2.0323 0.0000
vt 1.7067 1.0219 0.0000
vt 1.7094 1.0219 0.0000
vt 1.7094 1.1281 0.0000
vt 1.7067 1.1295 0.0000
vt 1.7067 0.9144 0.0000
vt 1.7094 0.9157 0.0000
vt 1.7323 1.0219 0.0000
vt 1.7323 0.9267 0.0000
vt 1.7632 0.9418 0.0000
vt 1.7632 1.0219 0.0000
vt 1.7632 1.1020 0.0000
vt 1.7323 1.1172 0.0000
vt -0.8780 1.7936 0.0000
vt -0.8780 1.7953 0.0000
vt -0.9798 1.8307 0.0000
vt -0.9810 1.8294 0.0000
vt -0.7752 1.8294 0.0000
vt -0.7765 1.8307 0.0000
vt -0.8780 1.8097 0.0000
vt -0.7868 1.8417 0.0000
vt -0.8012 1.8568 0.0000
vt -0.8780 1.8300 0.0000
vt -0.9548 1.8568 0.0000
vt -0.9694 1.8417 0.0000
vt 1.8312 1.0219 0.0000
vt 1.8339 1.0219 0.0000
vt 1.8339 1.1282 0.0000
vt 1.8312 1.1295 0.0000
vt 1.8312 0.9144 0.0000
vt 1.8339 0.9158 0.0000
vt 1.8568 1.0219 0.0000
vt 1.8568 0.9266 0.0000
vt 1.8876 0.9419 0.0000
vt 1.8876 1.0219 0.0000
vt 1.8876 1.1020 0.0000
vt 1.8568 1.1172 0.0000
vt -0.0193 1.3454 0.0000
vt -0.0528 1.3454 0.0000
vt -0.0528 1.2795 0.0000
vt -0.0193 1.2685 0.0000
vt -0.0193 1.4221 0.0000
vt -0.0528 1.4113 0.0000
vt -1.5297 0.3438 0.0000
vt -1.5295 0.3415 0.0000
vt -1.4852 0.3415 0.0000
vt -1.4852 0.3438 0.0000
vt -1.4409 0.3415 0.0000
vt -1.4409 0.3438 0.0000
vt 1.7967 1.0219 0.0000
vt 1.7967 1.0906 0.0000
vt 1.7967 0.9529 0.0000
vt -1.3195 -1.6707 0.0000
vt -1.3195 -1.6684 0.0000
vt -1.3659 -1.6684 0.0000
vt -1.3659 -1.6707 0.0000
vt -1.4122 -1.6684 0.0000
vt -1.4122 -1.6707 0.0000
vt -0.1188 1.3454 0.0000
vt -0.0853 1.3454 0.0000
vt -0.0853 1.4113 0.0000
vt -0.1188 1.4221 0.0000
vt -0.1188 1.2685 0.0000
vt -0.0853 1.2795 0.0000
vt -1.1990 -1.6707 0.0000
vt -1.1990 -1.6684 0.0000
vt -1.2434 -1.6684 0.0000
vt -1.2434 -1.6707 0.0000
vt -1.2876 -1.6684 0.0000
vt -1.2878 -1.6707 0.0000
vt 1.9211 1.0219 0.0000
vt 1.9211 1.0909 0.0000
vt 1.9211 0.9533 0.0000
vt -1.0784 -1.6707 0.0000
vt -1.0784 -1.6684 0.0000
vt -1.1247 -1.6684 0.0000
vt -1.1247 -1.6707 0.0000
vt -1.1711 -1.6684 0.0000
vt -1.1711 -1.6707 0.0000
vt -1.4852 -0.0561 0.0000
vt -1.4920 -1.5495 0.0000
vt -1.4716 -1.5495 0.0000
vt -1.4435 -0.0561 0.0000
vt -1.5272 -0.0561 0.0000
vt -1.5125 -1.5495 0.0000
vt -1.4096 -1.2709 0.0000
vt -1.3659 -1.2709 0.0000
vt -1.3659 0.2226 0.0000
vt -1.3873 0.2226 0.0000
vt -1.3220 -1.2709 0.0000
vt -1.3444 0.2226 0.0000
vt -1.2853 -1.2709 0.0000
vt -1.2434 -1.2709 0.0000
vt -1.2501 0.2226 0.0000
vt -1.2706 0.2226 0.0000
vt -1.2016 -1.2709 0.0000
vt -1.2297 0.2226 0.0000
vt -1.1686 -1.2709 0.0000
vt -1.1247 -1.2709 0.0000
vt -1.1247 0.2226 0.0000
vt -1.1462 0.2226 0.0000
vt -1.0810 -1.2709 0.0000
vt -1.1033 0.2226 0.0000
vt -1.4920 -1.6471 0.0000
vt -1.4718 -1.6471 0.0000
vt -1.5122 -1.6471 0.0000
vt -0.7010 2.6598 0.0000
vt -0.6758 2.6598 0.0000
vt -0.6758 2.6605 0.0000
vt -0.7008 2.6605 0.0000
vt -0.6506 2.6598 0.0000
vt -0.6508 2.6605 0.0000
vt -1.3659 0.3202 0.0000
vt -1.3869 0.3202 0.0000
vt -1.3447 0.3202 0.0000
vt -0.5469 2.5602 0.0000
vt -0.5468 2.5609 0.0000
vt -0.5731 2.5609 0.0000
vt -0.5731 2.5602 0.0000
vt -0.5994 2.5609 0.0000
vt -0.5993 2.5602 0.0000
vt -1.2501 0.3202 0.0000
vt -1.2703 0.3202 0.0000
vt -1.2299 0.3202 0.0000
vt -0.4486 2.5603 0.0000
vt -0.4484 2.5611 0.0000
vt -0.4736 2.5611 0.0000
vt -0.4736 2.5603 0.0000
vt -0.4987 2.5611 0.0000
vt -0.4986 2.5603 0.0000
vt -1.1247 0.3202 0.0000
vt -1.1458 0.3202 0.0000
vt -1.1037 0.3202 0.0000
vt -0.3447 2.5603 0.0000
vt -0.3445 2.5611 0.0000
vt -0.3708 2.5611 0.0000
vt -0.3708 2.5603 0.0000
vt -0.3971 2.5611 0.0000
vt -0.3970 2.5603 0.0000
vt -0.6758 2.6466 0.0000
vt -0.6758 2.6058 0.0000
vt -0.6441 2.6059 0.0000
vt -0.6487 2.6466 0.0000
vt -0.7029 2.6466 0.0000
vt -0.7076 2.6059 0.0000
vt -0.7120 2.5755 0.0000
vt -0.7122 2.5740 0.0000
vt -0.6758 2.5739 0.0000
vt -0.6758 2.5754 0.0000
vt -0.6394 2.5740 0.0000
vt -0.6396 2.5755 0.0000
vt -0.6013 2.5740 0.0000
vt -0.5731 2.5741 0.0000
vt -0.5731 2.6148 0.0000
vt -0.6062 2.6148 0.0000
vt -0.5448 2.5740 0.0000
vt -0.5399 2.6148 0.0000
vt -0.5353 2.6452 0.0000
vt -0.5350 2.6467 0.0000
vt -0.5731 2.6468 0.0000
vt -0.5731 2.6453 0.0000
vt -0.6111 2.6467 0.0000
vt -0.6109 2.6452 0.0000
vt -0.4736 2.5743 0.0000
vt -0.4736 2.6150 0.0000
vt -0.5053 2.6149 0.0000
vt -0.5007 2.5742 0.0000
vt -0.4465 2.5742 0.0000
vt -0.4418 2.6149 0.0000
vt -0.4374 2.6453 0.0000
vt -0.4371 2.6469 0.0000
vt -0.4736 2.6469 0.0000
vt -0.4736 2.6454 0.0000
vt -0.5100 2.6469 0.0000
vt -0.5098 2.6453 0.0000
vt -0.3991 2.5742 0.0000
vt -0.3708 2.5743 0.0000
vt -0.3708 2.6150 0.0000
vt -0.4040 2.6149 0.0000
vt -0.3426 2.5742 0.0000
vt -0.3377 2.6149 0.0000
vt -0.3330 2.6453 0.0000
vt -0.3328 2.6469 0.0000
vt -0.3708 2.6469 0.0000
vt -0.3708 2.6454 0.0000
vt -0.4089 2.6469 0.0000
vt -0.4087 2.6453 0.0000
vt -1.4880 2.4492 0.0000
vt -1.4907 2.4492 0.0000
vt -1.4906 2.3911 0.0000
vt -1.4880 2.3915 0.0000
vt -1.4880 2.5069 0.0000
vt -1.4906 2.5073 0.0000
vt -1.5047 2.5095 0.0000
vt -1.5138 2.5077 0.0000
vt -1.5137 2.4492 0.0000
vt -1.5047 2.4492 0.0000
vt -1.5138 2.3907 0.0000
vt -1.5047 2.3890 0.0000
vt -1.4054 2.4520 0.0000
vt -1.4027 2.4520 0.0000
vt -1.4028 2.5126 0.0000
vt -1.4054 2.5122 0.0000
vt -1.4054 2.3917 0.0000
vt -1.4028 2.3912 0.0000
vt -1.3887 2.4520 0.0000
vt -1.3887 2.3890 0.0000
vt -1.3797 2.3908 0.0000
vt -1.3797 2.4520 0.0000
vt -1.3796 2.5130 0.0000
vt -1.3887 2.5149 0.0000
vt -1.5296 2.5857 0.0000
vt -1.5270 2.5857 0.0000
vt -1.5270 2.6438 0.0000
vt -1.5297 2.6434 0.0000
vt -1.5297 2.5280 0.0000
vt -1.5270 2.5276 0.0000
vt -1.5129 2.5254 0.0000
vt -1.5039 2.5272 0.0000
vt -1.5040 2.5857 0.0000
vt -1.5129 2.5857 0.0000
vt -1.5039 2.6442 0.0000
vt -1.5129 2.6460 0.0000
vt -1.4634 2.4519 0.0000
vt -1.4607 2.4519 0.0000
vt -1.4608 2.5127 0.0000
vt -1.4635 2.5122 0.0000
vt -1.4635 2.3917 0.0000
vt -1.4608 2.3913 0.0000
vt -1.4467 2.4519 0.0000
vt -1.4467 2.3890 0.0000
vt -1.4377 2.3909 0.0000
vt -1.4378 2.4519 0.0000
vt -1.4377 2.5131 0.0000
vt -1.4467 2.5149 0.0000
vt 0.2563 1.4505 0.0000
vt 0.2563 1.4426 0.0000
vt 0.3091 1.4234 0.0000
vt 0.3148 1.4293 0.0000
vt 0.1978 1.4293 0.0000
vt 0.2034 1.4234 0.0000
vt 0.2563 1.4142 0.0000
vt 0.2235 1.4023 0.0000
vt 0.2287 1.3970 0.0000
vt 0.2563 1.4068 0.0000
vt 0.2838 1.3970 0.0000
vt 0.2890 1.4024 0.0000
vt -1.3720 2.4519 0.0000
vt -1.3719 2.5071 0.0000
vt -1.3719 2.3967 0.0000
vt 0.2122 1.3682 0.0000
vt 0.2235 1.3340 0.0000
vt 0.2287 1.3394 0.0000
vt 0.2193 1.3682 0.0000
vt 0.2563 1.2859 0.0000
vt 0.2563 1.2939 0.0000
vt 0.2034 1.3130 0.0000
vt 0.1978 1.3071 0.0000
vt 0.3148 1.3071 0.0000
vt 0.3091 1.3130 0.0000
vt 0.2563 1.3222 0.0000
vt 0.2890 1.3340 0.0000
vt 0.2838 1.3394 0.0000
vt 0.2563 1.3296 0.0000
vt -1.4300 2.4519 0.0000
vt -1.4299 2.5072 0.0000
vt -1.4299 2.3968 0.0000
vt 0.3003 1.3682 0.0000
vt 0.2932 1.3682 0.0000
vt 0.2563 1.3973 0.0000
vt 0.2770 1.3899 0.0000
vt 0.2355 1.3899 0.0000
vt 0.2386 1.3866 0.0000
vt 0.2563 1.3933 0.0000
vt 0.2739 1.3866 0.0000
vt 0.2284 1.3682 0.0000
vt 0.2355 1.3465 0.0000
vt 0.2386 1.3498 0.0000
vt 0.2322 1.3682 0.0000
vt 0.2563 1.3391 0.0000
vt 0.2770 1.3465 0.0000
vt 0.2739 1.3498 0.0000
vt 0.2563 1.3431 0.0000
vt 0.2840 1.3682 0.0000
vt 0.2803 1.3682 0.0000
vt 1.3065 1.3580 0.0000
vt 1.3065 1.3553 0.0000
vt 1.3261 1.3626 0.0000
vt 1.3241 1.3647 0.0000
vt 1.2888 1.3647 0.0000
vt 1.2869 1.3626 0.0000
vt 1.2862 1.3619 0.0000
vt 1.3065 1.3543 0.0000
vt 1.3268 1.3619 0.0000
vt 1.2825 1.3830 0.0000
vt 1.2799 1.3830 0.0000
vt 1.2889 1.4015 0.0000
vt 1.2869 1.4035 0.0000
vt 1.2862 1.4043 0.0000
vt 1.2789 1.3830 0.0000
vt 1.3065 1.4082 0.0000
vt 1.3065 1.4109 0.0000
vt 1.3241 1.4015 0.0000
vt 1.3261 1.4035 0.0000
vt 1.3268 1.4043 0.0000
vt 1.3065 1.4118 0.0000
vt 1.3305 1.3830 0.0000
vt 1.3331 1.3830 0.0000
vt 1.3340 1.3830 0.0000
vt 1.2039 1.3830 0.0000
vt 1.1994 1.3830 0.0000
vt 1.1996 1.3628 0.0000
vt 1.2040 1.3628 0.0000
vt 1.2040 1.4034 0.0000
vt 1.1996 1.4034 0.0000
vt 1.1912 1.4120 0.0000
vt 1.1912 1.3830 0.0000
vt 1.1912 1.3541 0.0000
vt 1.0923 1.4272 0.0000
vt 1.0969 1.4272 0.0000
vt 1.0966 1.4484 0.0000
vt 1.0923 1.4484 0.0000
vt 1.0923 1.4060 0.0000
vt 1.0966 1.4060 0.0000
vt 1.1050 1.3970 0.0000
vt 1.1050 1.4272 0.0000
vt 1.1050 1.4574 0.0000
vt 1.2323 1.3830 0.0000
vt 1.2369 1.3830 0.0000
vt 1.2367 1.4034 0.0000
vt 1.2323 1.4034 0.0000
vt 1.2323 1.3628 0.0000
vt 1.2367 1.3628 0.0000
vt 1.2450 1.3541 0.0000
vt 1.2450 1.3830 0.0000
vt 1.2450 1.4120 0.0000
vt 1.1390 1.3843 0.0000
vt 1.1436 1.3843 0.0000
vt 1.1433 1.4056 0.0000
vt 1.1389 1.4056 0.0000
vt 1.1389 1.3632 0.0000
vt 1.1433 1.3632 0.0000
vt 1.1517 1.3541 0.0000
vt 1.1517 1.3843 0.0000
vt 1.1517 1.4146 0.0000
vt -0.2342 2.2310 0.0000
vt -0.2596 2.2222 0.0000
vt -0.2596 2.2204 0.0000
vt -0.2329 2.2297 0.0000
vt -0.2852 2.2310 0.0000
vt -0.2864 2.2297 0.0000
vt -0.3307 2.1834 0.0000
vt -0.3513 2.1621 0.0000
vt -0.2596 2.1302 0.0000
vt -0.2596 2.1587 0.0000
vt -0.1886 2.1834 0.0000
vt -0.1681 2.1620 0.0000
vt -0.2937 2.2577 0.0000
vt -0.2954 2.2577 0.0000
vt -0.2852 2.2843 0.0000
vt -0.2864 2.2856 0.0000
vt 1.9027 0.4661 0.0000
vt 1.9240 0.4837 0.0000
vt 1.8285 0.4837 0.0000
vt 1.8285 0.4661 0.0000
vt 1.7542 0.4661 0.0000
vt 1.7330 0.4837 0.0000
vt -0.2596 2.2932 0.0000
vt -0.2596 2.2950 0.0000
vt -0.2342 2.2843 0.0000
vt -0.2329 2.2856 0.0000
vt -0.1886 2.3319 0.0000
vt -0.1681 2.3532 0.0000
vt -0.2596 2.3852 0.0000
vt -0.2596 2.3567 0.0000
vt -0.3307 2.3319 0.0000
vt -0.3513 2.3532 0.0000
vt -0.2257 2.2577 0.0000
vt -0.2240 2.2577 0.0000
vt 1.5794 0.4661 0.0000
vt 1.6008 0.4837 0.0000
vt 1.5052 0.4837 0.0000
vt 1.5052 0.4661 0.0000
vt 1.4309 0.4661 0.0000
vt 1.4096 0.4837 0.0000
vt 1.2797 0.8784 0.0000
vt 1.1882 0.8784 0.0000
vt 1.1882 0.8484 0.0000
vt 1.2888 0.8484 0.0000
vt 1.0965 0.8784 0.0000
vt 1.0875 0.8484 0.0000
vt 1.0763 0.7874 0.0000
vt 1.1881 0.7874 0.0000
vt 1.2999 0.7874 0.0000
vt 1.8285 0.5136 0.0000
vt 1.7234 0.5136 0.0000
vt 1.9337 0.5136 0.0000
vt 1.9453 0.5746 0.0000
vt 1.8285 0.5746 0.0000
vt 1.7118 0.5746 0.0000
vt 0.7859 0.5045 0.0000
vt 0.8775 0.5045 0.0000
vt 0.8775 0.5345 0.0000
vt 0.7768 0.5345 0.0000
vt 0.9690 0.5045 0.0000
vt 0.9781 0.5345 0.0000
vt 0.9893 0.5955 0.0000
vt 0.8775 0.5955 0.0000
vt 0.7656 0.5955 0.0000
vt 1.5052 0.5136 0.0000
vt 1.4000 0.5136 0.0000
vt 1.6103 0.5136 0.0000
vt 1.6219 0.5746 0.0000
vt 1.5052 0.5746 0.0000
vt 1.3884 0.5746 0.0000
vt 1.1882 0.6766 0.0000
vt 1.3169 0.6766 0.0000
vt 1.0594 0.6766 0.0000
vt 1.0481 0.5658 0.0000
vt 1.1882 0.5658 0.0000
vt 1.3282 0.5658 0.0000
vt 1.8285 0.6855 0.0000
vt 1.6940 0.6855 0.0000
vt 1.9630 0.6855 0.0000
vt 1.9748 0.7963 0.0000
vt 1.8285 0.7963 0.0000
vt 1.6822 0.7963 0.0000
vt 0.8775 0.7064 0.0000
vt 0.7487 0.7064 0.0000
vt 1.0062 0.7064 0.0000
vt 1.0175 0.8171 0.0000
vt 0.8775 0.8171 0.0000
vt 0.7374 0.8171 0.0000
vt 1.5052 0.6855 0.0000
vt 1.3707 0.6855 0.0000
vt 1.6396 0.6855 0.0000
vt 1.6515 0.7963 0.0000
vt 1.5052 0.7963 0.0000
vt 1.3588 0.7963 0.0000
vt 1.1882 0.5051 0.0000
vt 1.3312 0.5051 0.0000
vt 1.0450 0.5051 0.0000
vt 1.0456 0.4775 0.0000
vt 1.1882 0.4775 0.0000
vt 1.3307 0.4775 0.0000
vt 1.8285 0.8570 0.0000
vt 1.6791 0.8570 0.0000
vt 1.9780 0.8570 0.0000
vt 1.9774 0.8846 0.0000
vt 1.8285 0.8846 0.0000
vt 1.6796 0.8846 0.0000
vt 0.8775 0.8778 0.0000
vt 0.7343 0.8778 0.0000
vt 1.0205 0.8778 0.0000
vt 1.0200 0.9054 0.0000
vt 0.8775 0.9054 0.0000
vt 0.7349 0.9054 0.0000
vt 1.5052 0.8570 0.0000
vt 1.3557 0.8570 0.0000
vt 1.6546 0.8570 0.0000
vt 1.6540 0.8846 0.0000
vt 1.5052 0.8846 0.0000
vt 1.3562 0.8846 0.0000
vt 1.1882 0.4661 0.0000
vt 1.3255 0.4661 0.0000
vt 1.0508 0.4661 0.0000
vt -0.9094 0.5651 0.0000
vt -0.9108 0.5636 0.0000
vt -0.7720 0.5154 0.0000
vt -0.7720 0.5173 0.0000
vt -0.6332 0.5636 0.0000
vt -0.6346 0.5651 0.0000
vt 1.8285 0.8960 0.0000
vt 1.6850 0.8960 0.0000
vt 1.9721 0.8960 0.0000
vt 1.9735 0.8985 0.0000
vt 1.8285 0.8985 0.0000
vt 1.6835 0.8985 0.0000
vt 0.8775 0.9168 0.0000
vt 0.7401 0.9168 0.0000
vt 1.0149 0.9168 0.0000
vt -0.6346 0.8522 0.0000
vt -0.6332 0.8537 0.0000
vt -0.7720 0.9020 0.0000
vt -0.7720 0.9000 0.0000
vt -0.9108 0.8537 0.0000
vt -0.9094 0.8522 0.0000
vt 1.5052 0.8960 0.0000
vt 1.3616 0.8960 0.0000
vt 1.6487 0.8960 0.0000
vt 1.6502 0.8985 0.0000
vt 1.5052 0.8985 0.0000
vt 1.3601 0.8985 0.0000
vt -0.7720 0.5094 0.0000
vt -0.6289 0.5592 0.0000
vt -0.9151 0.5592 0.0000
vt -0.9321 0.5414 0.0000
vt -0.7720 0.4856 0.0000
vt -0.6119 0.5414 0.0000
vt -0.9571 0.7086 0.0000
vt -0.9628 0.7086 0.0000
vt -0.9151 0.8582 0.0000
vt -0.9321 0.8759 0.0000
vt -0.9855 0.7086 0.0000
vt -0.7720 0.9079 0.0000
vt -0.6289 0.8582 0.0000
vt -0.6119 0.8759 0.0000
vt -0.7720 0.9316 0.0000
vt -0.5869 0.7086 0.0000
vt -0.5812 0.7086 0.0000
vt -0.5585 0.7086 0.0000
vt -0.7720 0.4306 0.0000
vt -0.5723 0.5001 0.0000
vt -0.9717 0.5001 0.0000
vt -1.0098 0.4603 0.0000
vt -0.7720 0.3775 0.0000
vt -0.5342 0.4603 0.0000
vt -1.0383 0.7086 0.0000
vt -0.9717 0.9172 0.0000
vt -1.0098 0.9571 0.0000
vt -1.0891 0.7086 0.0000
vt -0.7720 0.9867 0.0000
vt -0.5723 0.9172 0.0000
vt -0.5342 0.9571 0.0000
vt -0.7720 1.0398 0.0000
vt -0.5058 0.7086 0.0000
vt -0.4549 0.7086 0.0000
vt -0.7720 0.3598 0.0000
vt -0.5215 0.4470 0.0000
vt -1.0226 0.4470 0.0000
vt 0.7732 0.4886 0.0000
vt 0.7670 0.4879 0.0000
vt 0.7670 0.2380 0.0000
vt 0.7732 0.2380 0.0000
vt 0.7670 -0.0117 0.0000
vt 0.7732 -0.0125 0.0000
vt -1.1061 0.7086 0.0000
vt -1.0226 0.9703 0.0000
vt 0.5323 -0.0351 0.0000
vt 0.5384 -0.0344 0.0000
vt 0.5384 0.2266 0.0000
vt 0.5323 0.2266 0.0000
vt 0.5384 0.4875 0.0000
vt 0.5323 0.4882 0.0000
vt -0.7720 1.0575 0.0000
vt -0.5215 0.9703 0.0000
vt 0.8045 -0.0125 0.0000
vt 0.8106 -0.0117 0.0000
vt 0.8106 0.2380 0.0000
vt 0.8045 0.2380 0.0000
vt 0.8106 0.4879 0.0000
vt 0.8045 0.4886 0.0000
vt -0.4380 0.7086 0.0000
vt 0.6334 -0.0351 0.0000
vt 0.6395 -0.0343 0.0000
vt 0.6395 0.2265 0.0000
vt 0.6334 0.2265 0.0000
vt 0.6395 0.4875 0.0000
vt 0.6334 0.4882 0.0000
vt 0.7573 0.2380 0.0000
vt 0.7573 -0.0095 0.0000
vt 0.7573 0.4856 0.0000
vt 0.7473 0.4797 0.0000
vt 0.7440 0.4777 0.0000
vt 0.7440 0.2380 0.0000
vt 0.7473 0.2380 0.0000
vt 0.7440 -0.0016 0.0000
vt 0.7473 -0.0036 0.0000
vt 0.5481 0.2266 0.0000
vt 0.5481 0.4852 0.0000
vt 0.5481 -0.0320 0.0000
vt 0.5581 -0.0258 0.0000
vt 0.5614 -0.0237 0.0000
vt 0.5614 0.2266 0.0000
vt 0.5581 0.2266 0.0000
vt 0.5614 0.4769 0.0000
vt 0.5581 0.4789 0.0000
vt 0.8203 0.2380 0.0000
vt 0.8203 0.4856 0.0000
vt 0.8203 -0.0095 0.0000
vt 0.8304 -0.0036 0.0000
vt 0.8337 -0.0016 0.0000
vt 0.8337 0.2380 0.0000
vt 0.8304 0.2380 0.0000
vt 0.8337 0.4777 0.0000
vt 0.8304 0.4796 0.0000
vt 0.6492 0.2265 0.0000
vt 0.6492 0.4852 0.0000
vt 0.6492 -0.0320 0.0000
vt 0.6593 -0.0258 0.0000
vt 0.6625 -0.0237 0.0000
vt 0.6625 0.2265 0.0000
vt 0.6593 0.2265 0.0000
vt 0.6625 0.4769 0.0000
vt 0.6593 0.4789 0.0000
vt -1.2477 1.7589 0.0000
vt -1.2477 1.7539 0.0000
vt -1.0059 1.6688 0.0000
vt -1.0024 1.6725 0.0000
vt -1.4931 1.6725 0.0000
vt -1.4896 1.6687 0.0000
vt -1.4586 1.6364 0.0000
vt -1.4557 1.6333 0.0000
vt -1.2477 1.7066 0.0000
vt -1.2477 1.7107 0.0000
vt -1.0398 1.6333 0.0000
vt -1.0369 1.6364 0.0000
vt 0.5709 0.2266 0.0000
vt 0.5744 0.2266 0.0000
vt 0.5744 0.4792 0.0000
vt 0.5709 0.4829 0.0000
vt 0.5709 -0.0297 0.0000
vt 0.5744 -0.0261 0.0000
vt -1.4586 1.1959 0.0000
vt -1.4557 1.1990 0.0000
vt -1.5258 1.4162 0.0000
vt -1.5297 1.4162 0.0000
vt -1.2477 1.0735 0.0000
vt -1.2477 1.0784 0.0000
vt -1.4896 1.1635 0.0000
vt -1.4931 1.1599 0.0000
vt -1.0024 1.1599 0.0000
vt -1.0059 1.1635 0.0000
vt -1.0369 1.1959 0.0000
vt -1.0398 1.1990 0.0000
vt -1.2477 1.1257 0.0000
vt -1.2477 1.1216 0.0000
vt 0.6720 0.2266 0.0000
vt 0.6755 0.2266 0.0000
vt 0.6755 0.4792 0.0000
vt 0.6720 0.4829 0.0000
vt 0.6720 -0.0297 0.0000
vt 0.6755 -0.0260 0.0000
vt -0.9696 1.4162 0.0000
vt -0.9658 1.4162 0.0000
vt -1.2477 1.6986 0.0000
vt -1.2477 1.6954 0.0000
vt -1.0473 1.6255 0.0000
vt -1.0449 1.6281 0.0000
vt -1.4506 1.6281 0.0000
vt -1.4482 1.6255 0.0000
vt -1.4399 1.6169 0.0000
vt -1.4349 1.6117 0.0000
vt -1.2477 1.6769 0.0000
vt -1.2477 1.6837 0.0000
vt -1.0606 1.6117 0.0000
vt -1.0556 1.6169 0.0000
vt -1.5182 1.4162 0.0000
vt -1.5150 1.4162 0.0000
vt -1.4506 1.2043 0.0000
vt -1.4482 1.2067 0.0000
vt 0.4637 0.7527 0.0000
vt 0.4637 0.5519 0.0000
vt 0.4678 0.5572 0.0000
vt 0.4678 0.7527 0.0000
vt 0.4678 0.9482 0.0000
vt 0.4637 0.9533 0.0000
vt -1.2477 1.1337 0.0000
vt -1.2477 1.1370 0.0000
vt -1.0449 1.2043 0.0000
vt -1.0473 1.2067 0.0000
vt -1.0556 1.2155 0.0000
vt -1.0606 1.2207 0.0000
vt -1.2477 1.1555 0.0000
vt -1.2477 1.1485 0.0000
vt -1.4349 1.2207 0.0000
vt -1.4399 1.2155 0.0000
vt -0.9773 1.4162 0.0000
vt -0.9804 1.4162 0.0000
vt 0.1930 0.8028 0.0000
vt 0.1930 0.6021 0.0000
vt 0.1971 0.6073 0.0000
vt 0.1971 0.8028 0.0000
vt 0.1971 0.9983 0.0000
vt 0.1930 1.0035 0.0000
vt 0.1685 0.7893 0.0000
vt 0.1635 0.7893 0.0000
vt 0.1635 0.6038 0.0000
vt 0.1685 0.6021 0.0000
vt 0.1685 0.9765 0.0000
vt 0.1635 0.9748 0.0000
vt 0.1515 0.9730 0.0000
vt 0.1515 0.7893 0.0000
vt 0.1515 0.6056 0.0000
vt 0.4729 0.7527 0.0000
vt 0.4729 0.9464 0.0000
vt 0.4729 0.5589 0.0000
vt 0.4848 0.5608 0.0000
vt 0.4848 0.7527 0.0000
vt 0.4848 0.9445 0.0000
vt -0.3401 0.7981 0.0000
vt -0.3350 0.7981 0.0000
vt -0.3350 0.9836 0.0000
vt -0.3401 0.9853 0.0000
vt -0.3401 0.6109 0.0000
vt -0.3350 0.6126 0.0000
vt -0.3231 0.6144 0.0000
vt -0.3231 0.7981 0.0000
vt -0.3231 0.9818 0.0000
vt 0.2022 0.8028 0.0000
vt 0.2022 0.9966 0.0000
vt 0.2022 0.6090 0.0000
vt 0.2141 0.6110 0.0000
vt 0.2141 0.8028 0.0000
vt 0.2141 0.9947 0.0000
vt 0.1269 0.7893 0.0000
vt 0.1269 0.6111 0.0000
vt 0.1269 0.9675 0.0000
vt 0.0961 0.9556 0.0000
vt 0.0961 0.7893 0.0000
vt 0.0961 0.6230 0.0000
vt 0.5094 0.7527 0.0000
vt 0.5094 0.9388 0.0000
vt 0.5094 0.5665 0.0000
vt 0.5402 0.5789 0.0000
vt 0.5402 0.7527 0.0000
vt 0.5402 0.9263 0.0000
vt -0.2985 0.7981 0.0000
vt -0.2985 0.9763 0.0000
vt -0.2985 0.6199 0.0000
vt -0.2677 0.6318 0.0000
vt -0.2677 0.7981 0.0000
vt -0.2677 0.9644 0.0000
vt 0.2387 0.8028 0.0000
vt 0.2387 0.9890 0.0000
vt 0.2387 0.6167 0.0000
vt 0.2696 0.6292 0.0000
vt 0.2696 0.8028 0.0000
vt 0.2696 0.9766 0.0000
vt 0.0654 0.7893 0.0000
vt 0.0654 0.6441 0.0000
vt 0.0654 0.9345 0.0000
vt 0.0370 0.9092 0.0000
vt 0.0370 0.7893 0.0000
vt 0.0370 0.6694 0.0000
vt 0.5709 0.7527 0.0000
vt 0.5709 0.9043 0.0000
vt 0.5709 0.6010 0.0000
vt 0.5993 0.6274 0.0000
vt 0.5993 0.7527 0.0000
vt 0.5993 0.8779 0.0000
vt -0.2369 0.7981 0.0000
vt -0.2369 0.9433 0.0000
vt -0.2369 0.6529 0.0000
vt -0.2085 0.6782 0.0000
vt -0.2085 0.7981 0.0000
vt -0.2085 0.9180 0.0000
vt 0.3003 0.8028 0.0000
vt 0.3003 0.9545 0.0000
vt 0.3003 0.6512 0.0000
vt 0.3287 0.6776 0.0000
vt 0.3287 0.8028 0.0000
vt 0.3287 0.9281 0.0000
vt 0.0131 0.7893 0.0000
vt 0.0131 0.6937 0.0000
vt 0.0131 0.8849 0.0000
vt -0.0111 0.8636 0.0000
vt -0.0111 0.7893 0.0000
vt -0.0111 0.7150 0.0000
vt 0.6232 0.7527 0.0000
vt 0.6232 0.8525 0.0000
vt 0.6232 0.6528 0.0000
vt 0.6474 0.6750 0.0000
vt 0.6474 0.7527 0.0000
vt 0.6474 0.8302 0.0000
vt -0.1847 0.7981 0.0000
vt -0.1847 0.8937 0.0000
vt -0.1847 0.7025 0.0000
vt -0.1605 0.7238 0.0000
vt -0.1605 0.7981 0.0000
vt -0.1605 0.8724 0.0000
vt 0.3526 0.8028 0.0000
vt 0.3526 0.9027 0.0000
vt 0.3526 0.7030 0.0000
vt 0.3767 0.7253 0.0000
vt 0.3767 0.8028 0.0000
vt 0.3767 0.8804 0.0000
vt -0.0405 0.7893 0.0000
vt -0.0405 0.7314 0.0000
vt -0.0405 0.8472 0.0000
vt -0.0695 0.8401 0.0000
vt -0.0735 0.8391 0.0000
vt -0.0735 0.7893 0.0000
vt -0.0695 0.7893 0.0000
vt -0.0735 0.7395 0.0000
vt -0.0695 0.7385 0.0000
vt 0.6768 0.7527 0.0000
vt 0.6768 0.8131 0.0000
vt 0.6768 0.6921 0.0000
vt 0.7058 0.7527 0.0000
vt 0.7058 0.6996 0.0000
vt 0.7099 0.7006 0.0000
vt 0.7099 0.7527 0.0000
vt 0.7099 0.8046 0.0000
vt 0.7058 0.8057 0.0000
vt -0.1311 0.7981 0.0000
vt -0.1311 0.8560 0.0000
vt -0.1311 0.7402 0.0000
vt -0.1021 0.7473 0.0000
vt -0.0980 0.7483 0.0000
vt -0.0980 0.7981 0.0000
vt -0.1021 0.7981 0.0000
vt -0.0980 0.8479 0.0000
vt -0.1021 0.8489 0.0000
vt 0.4061 0.8028 0.0000
vt 0.4061 0.8634 0.0000
vt 0.4061 0.7424 0.0000
vt 0.4392 0.7508 0.0000
vt 0.4392 0.8028 0.0000
vt 0.4351 0.8028 0.0000
vt 0.4351 0.7498 0.0000
vt 0.4392 0.8548 0.0000
vt 0.4351 0.8559 0.0000
vt -0.3276 2.4724 0.0000
vt -0.3333 2.4724 0.0000
vt -0.3333 2.4107 0.0000
vt -0.3277 2.4114 0.0000
vt -0.3277 2.5335 0.0000
vt -0.3333 2.5342 0.0000
vt -0.3906 2.5429 0.0000
vt -0.3953 2.5437 0.0000
vt -0.3952 2.4724 0.0000
vt -0.3906 2.4724 0.0000
vt -0.3953 2.4013 0.0000
vt -0.3906 2.4020 0.0000
vt -0.2109 2.4748 0.0000
vt -0.2053 2.4748 0.0000
vt -0.2054 2.5385 0.0000
vt -0.2110 2.5377 0.0000
vt -0.2110 2.4118 0.0000
vt -0.2054 2.4111 0.0000
vt -0.1480 2.4020 0.0000
vt -0.1433 2.4011 0.0000
vt -0.1433 2.4748 0.0000
vt -0.1479 2.4748 0.0000
vt -0.1433 2.5484 0.0000
vt -0.1480 2.5476 0.0000
vt -0.4874 2.4724 0.0000
vt -0.4818 2.4724 0.0000
vt -0.4818 2.5342 0.0000
vt -0.4874 2.5335 0.0000
vt -0.4874 2.4114 0.0000
vt -0.4818 2.4107 0.0000
vt -0.4244 2.4020 0.0000
vt -0.4198 2.4013 0.0000
vt -0.4198 2.4724 0.0000
vt -0.4245 2.4724 0.0000
vt -0.4198 2.5437 0.0000
vt -0.4244 2.5429 0.0000
vt -0.3031 2.4747 0.0000
vt -0.2975 2.4747 0.0000
vt -0.2975 2.5384 0.0000
vt -0.3031 2.5377 0.0000
vt -0.3031 2.4118 0.0000
vt -0.2975 2.4111 0.0000
vt -0.2355 2.4011 0.0000
vt -0.2355 2.4747 0.0000
vt -0.2401 2.4747 0.0000
vt -0.2402 2.4020 0.0000
vt -0.2355 2.5484 0.0000
vt -0.2402 2.5475 0.0000
vt -1.2631 2.4529 0.0000
vt -1.2662 2.4529 0.0000
vt -1.2662 2.3923 0.0000
vt -1.2631 2.3927 0.0000
vt -1.2631 2.5132 0.0000
vt -1.2662 2.5136 0.0000
vt 0.8128 1.3801 0.0000
vt 0.7882 1.3772 0.0000
vt 0.7882 1.2885 0.0000
vt 0.8128 1.2885 0.0000
vt 0.7882 1.1998 0.0000
vt 0.8128 1.1969 0.0000
vt -1.0861 2.4709 0.0000
vt -1.0830 2.4709 0.0000
vt -1.0830 2.5342 0.0000
vt -1.0861 2.5337 0.0000
vt -1.0861 2.4079 0.0000
vt -1.0830 2.4075 0.0000
vt 1.3885 1.2428 0.0000
vt 1.3885 1.1471 0.0000
vt 1.4131 1.1501 0.0000
vt 1.4131 1.2428 0.0000
vt 1.4131 1.3354 0.0000
vt 1.3885 1.3385 0.0000
vt -1.3474 2.4529 0.0000
vt -1.3443 2.4529 0.0000
vt -1.3443 2.5136 0.0000
vt -1.3474 2.5132 0.0000
vt -1.3474 2.3927 0.0000
vt -1.3443 2.3923 0.0000
vt 0.7391 1.1969 0.0000
vt 0.7637 1.1998 0.0000
vt 0.7637 1.2885 0.0000
vt 0.7391 1.2885 0.0000
vt 0.7637 1.3772 0.0000
vt 0.7391 1.3801 0.0000
vt -1.1405 2.4709 0.0000
vt -1.1374 2.4709 0.0000
vt -1.1374 2.5343 0.0000
vt -1.1405 2.5339 0.0000
vt -1.1405 2.4080 0.0000
vt -1.1374 2.4076 0.0000
vt 1.3201 1.2427 0.0000
vt 1.3201 1.1471 0.0000
vt 1.3448 1.1501 0.0000
vt 1.3448 1.2427 0.0000
vt 1.3448 1.3354 0.0000
vt 1.3201 1.3384 0.0000
vt 0.9739 1.1798 0.0000
vt 0.9739 1.1601 0.0000
vt 1.0484 1.1341 0.0000
vt 1.0626 1.1489 0.0000
vt 0.8852 1.1489 0.0000
vt 0.8993 1.1341 0.0000
vt 0.9181 1.1146 0.0000
vt 0.9739 1.1340 0.0000
vt 1.0297 1.1146 0.0000
vt 1.4323 1.2428 0.0000
vt 1.4323 1.3206 0.0000
vt 1.4323 1.1649 0.0000
vt 0.8745 1.0563 0.0000
vt 0.8993 0.9784 0.0000
vt 0.9181 0.9980 0.0000
vt 0.8995 1.0563 0.0000
vt 0.9739 0.9328 0.0000
vt 0.9739 0.9524 0.0000
vt 0.8852 0.9636 0.0000
vt 1.0626 0.9636 0.0000
vt 1.0484 0.9784 0.0000
vt 1.0297 0.9980 0.0000
vt 0.9739 0.9785 0.0000
vt 1.3640 1.2427 0.0000
vt 1.3640 1.3207 0.0000
vt 1.3640 1.1649 0.0000
vt 1.0733 1.0563 0.0000
vt 1.0483 1.0563 0.0000
vt 0.9739 1.1106 0.0000
vt 0.9739 1.0942 0.0000
vt 1.0011 1.0847 0.0000
vt 1.0128 1.0969 0.0000
vt 0.9349 1.0969 0.0000
vt 0.9467 1.0847 0.0000
vt 0.9537 1.0773 0.0000
vt 0.9739 1.0843 0.0000
vt 0.9940 1.0773 0.0000
vt 0.0811 1.5049 0.0000
vt 0.0905 1.5049 0.0000
vt 0.0905 1.5333 0.0000
vt 0.0811 1.5456 0.0000
vt 0.0811 1.4642 0.0000
vt 0.0905 1.4765 0.0000
vt 0.0972 1.4838 0.0000
vt 0.0972 1.5049 0.0000
vt 0.0972 1.5259 0.0000
vt 0.9739 1.0021 0.0000
vt 0.9739 1.0183 0.0000
vt 0.9467 1.0279 0.0000
vt 0.9349 1.0156 0.0000
vt 1.0128 1.0156 0.0000
vt 1.0011 1.0279 0.0000
vt 0.9940 1.0352 0.0000
vt 0.9739 1.0282 0.0000
vt 0.9537 1.0352 0.0000
vt 0.1589 1.5070 0.0000
vt 0.1683 1.5070 0.0000
vt 0.1683 1.5355 0.0000
vt 0.1589 1.5477 0.0000
vt 0.1589 1.4664 0.0000
vt 0.1683 1.4786 0.0000
vt 0.1749 1.4860 0.0000
vt 0.1749 1.5070 0.0000
vt 0.1749 1.5281 0.0000
vt 1.6559 1.3839 0.0000
vt 1.6549 1.3839 0.0000
vt 1.6549 1.3636 0.0000
vt 1.6559 1.3637 0.0000
vt 1.6559 1.4040 0.0000
vt 1.6549 1.4042 0.0000
vt 1.6499 1.4049 0.0000
vt 1.6435 1.4085 0.0000
vt 1.6435 1.3839 0.0000
vt 1.6499 1.3839 0.0000
vt 1.6499 1.3629 0.0000
vt 1.6435 1.3593 0.0000
vt 0.0982 1.5049 0.0000
vt 0.0982 1.5261 0.0000
vt 0.0982 1.4837 0.0000
vt 0.1032 1.4829 0.0000
vt 0.1096 1.4791 0.0000
vt 0.1096 1.5049 0.0000
vt 0.1032 1.5049 0.0000
vt 0.1032 1.5269 0.0000
vt 0.1096 1.5306 0.0000
vt 1.6834 1.3837 0.0000
vt 1.6844 1.3837 0.0000
vt 1.6844 1.4041 0.0000
vt 1.6834 1.4039 0.0000
vt 1.6834 1.3636 0.0000
vt 1.6844 1.3635 0.0000
vt 1.6894 1.3628 0.0000
vt 1.6958 1.3591 0.0000
vt 1.6958 1.3837 0.0000
vt 1.6894 1.3837 0.0000
vt 1.6894 1.4048 0.0000
vt 1.6958 1.4084 0.0000
vt 0.1760 1.5070 0.0000
vt 0.1760 1.5283 0.0000
vt 0.1760 1.4859 0.0000
vt 0.1810 1.4851 0.0000
vt 0.1874 1.4813 0.0000
vt 0.1874 1.5070 0.0000
vt 0.1810 1.5070 0.0000
vt 0.1810 1.5290 0.0000
vt 0.1874 1.5328 0.0000
vt 1.6359 1.3839 0.0000
vt 1.6359 1.3581 0.0000
vt 1.6359 1.4098 0.0000
vt 1.6290 1.4087 0.0000
vt 1.6290 1.3839 0.0000
vt 1.6290 1.3590 0.0000
vt 0.1173 1.5049 0.0000
vt 0.1173 1.5319 0.0000
vt 0.1173 1.4779 0.0000
vt 0.1242 1.4789 0.0000
vt 0.1242 1.5049 0.0000
vt 0.1242 1.5309 0.0000
vt 1.7035 1.3837 0.0000
vt 1.7035 1.4096 0.0000
vt 1.7035 1.3579 0.0000
vt 1.7104 1.3589 0.0000
vt 1.7104 1.3837 0.0000
vt 1.7104 1.4086 0.0000
vt 0.1950 1.5070 0.0000
vt 0.1950 1.5340 0.0000
vt 0.1950 1.4800 0.0000
vt 0.2019 1.4811 0.0000
vt 0.2019 1.5070 0.0000
vt 0.2019 1.5330 0.0000
vt 0.9425 1.4662 0.0000
vt 0.9425 1.4620 0.0000
vt 0.9643 1.4544 0.0000
vt 0.9673 1.4576 0.0000
vt 0.9176 1.4576 0.0000
vt 0.9207 1.4544 0.0000
vt 0.1283 1.5049 0.0000
vt 0.1283 1.5277 0.0000
vt 0.1283 1.4821 0.0000
vt 0.9134 1.4316 0.0000
vt 0.9207 1.4088 0.0000
vt 0.9425 1.3970 0.0000
vt 0.9425 1.4011 0.0000
vt 0.9176 1.4056 0.0000
vt 0.9673 1.4056 0.0000
vt 0.9643 1.4088 0.0000
vt 0.2060 1.5070 0.0000
vt 0.2060 1.5299 0.0000
vt 0.2060 1.4842 0.0000
vt 0.9716 1.4316 0.0000
vt 0.3133 1.4861 0.0000
vt 0.3090 1.4817 0.0000
vt 0.3330 1.4726 0.0000
vt 0.3330 1.4793 0.0000
vt 0.3527 1.4861 0.0000
vt 0.3570 1.4817 0.0000
vt 0.3133 1.5273 0.0000
vt 0.3090 1.5317 0.0000
vt 0.3003 1.5067 0.0000
vt 0.3068 1.5067 0.0000
vt 0.3527 1.5273 0.0000
vt 0.3570 1.5317 0.0000
vt 0.3330 1.5409 0.0000
vt 0.3330 1.5342 0.0000
vt 0.3657 1.5067 0.0000
vt 0.3593 1.5067 0.0000
vt 1.1856 1.3830 0.0000
vt 1.1868 1.3830 0.0000
vt 1.1868 1.4092 0.0000
vt 1.1856 1.4085 0.0000
vt 1.1856 1.3576 0.0000
vt 1.1868 1.3568 0.0000
vt 1.1107 1.4006 0.0000
vt 1.1107 1.4272 0.0000
vt 1.1095 1.4272 0.0000
vt 1.1095 1.3998 0.0000
vt 1.1107 1.4539 0.0000
vt 1.1095 1.4546 0.0000
vt 1.2507 1.3830 0.0000
vt 1.2495 1.3830 0.0000
vt 1.2495 1.3568 0.0000
vt 1.2507 1.3576 0.0000
vt 1.2507 1.4085 0.0000
vt 1.2495 1.4092 0.0000
vt 1.1573 1.3577 0.0000
vt 1.1573 1.3843 0.0000
vt 1.1562 1.3843 0.0000
vt 1.1562 1.3570 0.0000
vt 1.1573 1.4110 0.0000
vt 1.1562 1.4118 0.0000
vt 2.1746 1.3969 0.0000
vt 2.1734 1.3969 0.0000
vt 2.1734 1.3772 0.0000
vt 2.1746 1.3772 0.0000
vt 2.1734 1.3575 0.0000
vt 2.1746 1.3575 0.0000
vt 2.1047 1.3575 0.0000
vt 2.1058 1.3575 0.0000
vt 2.1058 1.3781 0.0000
vt 2.1047 1.3781 0.0000
vt 2.1058 1.3987 0.0000
vt 2.1047 1.3987 0.0000
vt 2.2213 1.3575 0.0000
vt 2.2225 1.3575 0.0000
vt 2.2225 1.3772 0.0000
vt 2.2213 1.3772 0.0000
vt 2.2225 1.3969 0.0000
vt 2.2213 1.3969 0.0000
vt 2.1436 1.3574 0.0000
vt 2.1447 1.3574 0.0000
vt 2.1447 1.3781 0.0000
vt 2.1436 1.3781 0.0000
vt 2.1447 1.3987 0.0000
vt 2.1436 1.3987 0.0000
vt -0.1649 2.2577 0.0000
vt -0.3544 2.2577 0.0000
vt 0.1248 1.0649 0.0000
vt 0.1217 1.0618 0.0000
vt 0.2012 1.0340 0.0000
vt 0.2012 1.0383 0.0000
vt 0.2775 1.0649 0.0000
vt 0.2807 1.0618 0.0000
vt 0.1248 1.2245 0.0000
vt 0.1217 1.2277 0.0000
vt 0.0952 1.1447 0.0000
vt 0.0993 1.1447 0.0000
vt 0.2775 1.2245 0.0000
vt 0.2807 1.2277 0.0000
vt 0.2012 1.2555 0.0000
vt 0.2012 1.2512 0.0000
vt 0.3071 1.1447 0.0000
vt 0.3030 1.1447 0.0000
vt 0.6729 1.3697 0.0000
vt 0.6757 1.3725 0.0000
vt 0.6285 1.3888 0.0000
vt 0.6285 1.3849 0.0000
vt 0.5841 1.3697 0.0000
vt 0.5815 1.3725 0.0000
vt 0.5656 1.3233 0.0000
vt 0.5694 1.3233 0.0000
vt 0.5841 1.2769 0.0000
vt 0.5815 1.2740 0.0000
vt 0.6285 1.2578 0.0000
vt 0.6285 1.2617 0.0000
vt 0.6729 1.2769 0.0000
vt 0.6757 1.2740 0.0000
vt 0.6914 1.3233 0.0000
vt 0.6876 1.3233 0.0000
vt 1.9556 1.0945 0.0000
vt 1.9556 1.0181 0.0000
vt 1.9556 0.9418 0.0000
vt 1.4829 0.9429 0.0000
vt 1.4829 1.0227 0.0000
vt 1.4829 1.1026 0.0000
vt 2.3151 0.9268 0.0000
vt 2.3151 1.0032 0.0000
vt 2.3151 1.0796 0.0000
vt 1.6773 0.9428 0.0000
vt 1.6773 1.0226 0.0000
vt 1.6773 1.1024 0.0000
vt 0.1112 1.0508 0.0000
vt 0.2012 1.0195 0.0000
vt 0.2911 1.0508 0.0000
vt 0.3211 1.1447 0.0000
vt 0.2911 1.2387 0.0000
vt 0.2012 1.2700 0.0000
vt 0.1112 1.2387 0.0000
vt 0.0811 1.1447 0.0000
vt -1.5283 0.2817 0.0000
vt -1.4852 0.2817 0.0000
vt -1.4422 0.2817 0.0000
vt -1.0797 -1.6086 0.0000
vt -1.1247 -1.6086 0.0000
vt -1.1697 -1.6086 0.0000
vt -1.2003 -1.6086 0.0000
vt -1.2434 -1.6086 0.0000
vt -1.2864 -1.6086 0.0000
vt -1.3209 -1.6086 0.0000
vt -1.3659 -1.6086 0.0000
vt -1.4108 -1.6086 0.0000
vt 0.5669 1.3876 0.0000
vt 0.6285 1.4090 0.0000
vt 0.6285 1.4132 0.0000
vt 0.5639 1.3906 0.0000
vt 0.5424 1.3233 0.0000
vt 0.5465 1.3233 0.0000
vt 0.5669 1.2589 0.0000
vt 0.5639 1.2559 0.0000
vt 0.6285 1.2334 0.0000
vt 0.6285 1.2375 0.0000
vt 0.6901 1.2589 0.0000
vt 0.6930 1.2559 0.0000
vt 0.7146 1.3233 0.0000
vt 0.7106 1.3233 0.0000
vt 0.6901 1.3876 0.0000
vt 0.6930 1.3906 0.0000
vt -0.0568 1.4100 0.0000
vt -0.0568 1.3454 0.0000
vt -0.0568 1.2809 0.0000
vt 1.9251 0.9546 0.0000
vt 1.9251 1.0219 0.0000
vt 1.9251 1.0893 0.0000
vt -0.0813 1.2809 0.0000
vt -0.0813 1.3454 0.0000
vt -0.0813 1.4100 0.0000
vt 1.8007 0.9546 0.0000
vt 1.8007 1.0219 0.0000
vt 1.8007 1.0892 0.0000
vt 2.1345 1.3781 0.0000
vt 2.1365 1.3781 0.0000
vt 2.1365 1.3987 0.0000
vt 2.1345 1.3987 0.0000
vt 2.1836 1.3969 0.0000
vt 2.1816 1.3969 0.0000
vt 2.1816 1.3772 0.0000
vt 2.1836 1.3772 0.0000
vt 2.1816 1.3574 0.0000
vt 2.1836 1.3574 0.0000
vt 2.0956 1.3574 0.0000
vt 2.0976 1.3574 0.0000
vt 2.0976 1.3781 0.0000
vt 2.0956 1.3781 0.0000
vt 2.0976 1.3987 0.0000
vt 2.0956 1.3987 0.0000
vt 2.2123 1.3574 0.0000
vt 2.2143 1.3574 0.0000
vt 2.2143 1.3772 0.0000
vt 2.2123 1.3772 0.0000
vt 2.2143 1.3969 0.0000
vt 2.2123 1.3969 0.0000
vt 2.1345 1.3574 0.0000
vt 2.1365 1.3574 0.0000
vt -1.4488 2.5309 0.0000
vt -1.4487 2.5338 0.0000
vt -1.4745 2.5338 0.0000
vt -1.4745 2.5309 0.0000
vt -1.3967 2.6529 0.0000
vt -1.3967 2.6500 0.0000
vt -1.3717 2.6500 0.0000
vt -1.3717 2.6529 0.0000
vt -1.3468 2.6500 0.0000
vt -1.3468 2.6529 0.0000
vt -1.2674 2.5328 0.0000
vt -1.2675 2.5357 0.0000
vt -1.2932 2.5357 0.0000
vt -1.2931 2.5328 0.0000
vt -1.3189 2.5357 0.0000
vt -1.3189 2.5328 0.0000
vt -1.1912 2.5506 0.0000
vt -1.1912 2.5535 0.0000
vt -1.2162 2.5535 0.0000
vt -1.2162 2.5506 0.0000
vt -1.2411 2.5535 0.0000
vt -1.2411 2.5506 0.0000
vt -1.4230 2.5309 0.0000
vt -1.4230 2.5338 0.0000
vt -0.5310 2.0418 0.0000
vt -0.5310 2.0485 0.0000
vt -0.6081 2.0210 0.0000
vt -0.6038 2.0164 0.0000
vt -0.4582 2.0164 0.0000
vt -0.4540 2.0210 0.0000
vt -0.6038 1.8644 0.0000
vt -0.6281 1.9405 0.0000
vt -0.6343 1.9405 0.0000
vt -0.6081 1.8601 0.0000
vt -0.5310 1.8392 0.0000
vt -0.5310 1.8326 0.0000
vt -0.4540 1.8601 0.0000
vt -0.4582 1.8644 0.0000
vt -0.4341 1.9405 0.0000
vt -0.4277 1.9405 0.0000
vt -0.5310 2.0995 0.0000
vt -0.6408 2.0551 0.0000
vt -0.4213 2.0551 0.0000
vt -0.6831 1.9405 0.0000
vt -0.6408 1.8259 0.0000
vt -0.5310 1.7816 0.0000
vt -0.4213 1.8259 0.0000
vt -0.3789 1.9405 0.0000
vt -0.5310 2.1142 0.0000
vt -0.6504 2.0654 0.0000
vt -0.4115 2.0654 0.0000
vt -0.6973 1.9405 0.0000
vt -0.6504 1.8157 0.0000
vt -0.5310 1.7668 0.0000
vt -0.4115 1.8157 0.0000
vt -0.3646 1.9405 0.0000
vt 1.9565 -0.0555 0.0000
vt 2.0759 -0.0555 0.0000
vt 2.1954 -0.0555 0.0000
vt 1.8260 0.0940 0.0000
vt 1.8260 0.2188 0.0000
vt 1.8260 0.3437 0.0000
vt 2.3433 0.8835 0.0000
vt 2.2238 0.8835 0.0000
vt 2.1044 0.8835 0.0000
vt 1.3360 0.0940 0.0000
vt 1.3360 0.2189 0.0000
vt 1.3360 0.3437 0.0000
vt 1.8764 0.2829 0.0000
vt 2.0759 0.2834 0.0000
vt 2.2752 0.2829 0.0000
vt 1.4877 0.0106 0.0000
vt 1.4872 0.2188 0.0000
vt 1.4877 0.4271 0.0000
vt 2.2238 0.5446 0.0000
vt 2.4232 0.5451 0.0000
vt 2.0243 0.5451 0.0000
vt 0.9976 0.0105 0.0000
vt 0.9971 0.2189 0.0000
vt 0.9976 0.4272 0.0000
vt 0.0829 1.3158 0.0000
vt 0.0829 1.3145 0.0000
vt 0.1203 1.3280 0.0000
vt 0.1193 1.3291 0.0000
vt 0.0465 1.3291 0.0000
vt 0.0454 1.3280 0.0000
vt 0.0338 1.3671 0.0000
vt 0.0325 1.3671 0.0000
vt 0.0465 1.4052 0.0000
vt 0.0454 1.4062 0.0000
vt 0.0829 1.4183 0.0000
vt 0.0829 1.4197 0.0000
vt 0.1193 1.4051 0.0000
vt 0.1203 1.4062 0.0000
vt 0.1319 1.3671 0.0000
vt 0.1332 1.3671 0.0000
vt 0.2897 1.4031 0.0000
vt 0.2905 1.4040 0.0000
vt 0.2563 1.4164 0.0000
vt 0.2563 1.4152 0.0000
vt 0.2220 1.4040 0.0000
vt 0.2228 1.4031 0.0000
vt 0.2101 1.3682 0.0000
vt 0.2113 1.3682 0.0000
vt 0.2228 1.3333 0.0000
vt 0.2220 1.3324 0.0000
vt 0.2563 1.3200 0.0000
vt 0.2563 1.3213 0.0000
vt 0.2905 1.3324 0.0000
vt 0.2897 1.3333 0.0000
vt 0.3024 1.3682 0.0000
vt 0.3012 1.3682 0.0000
vt -0.5357 2.6423 0.0000
vt -0.5731 2.6423 0.0000
vt -0.4736 2.6425 0.0000
vt -0.5093 2.6424 0.0000
vt -0.4378 2.6424 0.0000
vt -0.3708 2.6425 0.0000
vt -0.4082 2.6424 0.0000
vt -0.3335 2.6424 0.0000
vt -0.6758 2.5784 0.0000
vt -0.6400 2.5784 0.0000
vt -0.7116 2.5784 0.0000
vt -0.6104 2.6423 0.0000
vt 0.2066 1.4200 0.0000
vt 0.1894 1.3682 0.0000
vt 0.2066 1.3164 0.0000
vt 0.2563 1.2984 0.0000
vt 0.3059 1.3164 0.0000
vt 0.3231 1.3682 0.0000
vt 0.3059 1.4200 0.0000
vt 0.2563 1.4380 0.0000
vt 0.0083 1.3671 0.0000
vt 0.0275 1.3093 0.0000
vt 0.0829 1.2892 0.0000
vt 0.1382 1.3093 0.0000
vt 0.1574 1.3671 0.0000
vt 0.1382 1.4249 0.0000
vt 0.0829 1.4449 0.0000
vt 0.0275 1.4249 0.0000
vt 0.0052 1.3671 0.0000
vt 0.0252 1.3068 0.0000
vt 0.0829 1.2859 0.0000
vt 0.1406 1.3068 0.0000
vt 0.1606 1.3671 0.0000
vt 0.1406 1.4273 0.0000
vt 0.0829 1.4483 0.0000
vt 0.0252 1.4273 0.0000
vt 0.1850 1.3682 0.0000
vt 0.3274 1.3682 0.0000
vt 0.7420 0.2380 0.0000
vt 0.7420 -0.0027 0.0000
vt 0.7420 0.4789 0.0000
vt -1.2477 1.7003 0.0000
vt -1.4516 1.6291 0.0000
vt -1.0438 1.6291 0.0000
vt 0.5634 0.2266 0.0000
vt 0.5634 0.4781 0.0000
vt 0.5634 -0.0250 0.0000
vt -1.5198 1.4162 0.0000
vt -1.4516 1.2032 0.0000
vt 0.8356 0.2380 0.0000
vt 0.8356 0.4789 0.0000
vt 0.8356 -0.0027 0.0000
vt -1.2477 1.1320 0.0000
vt -1.0438 1.2032 0.0000
vt 0.6645 0.2265 0.0000
vt 0.6645 0.4781 0.0000
vt 0.6645 -0.0250 0.0000
vt -0.9757 1.4162 0.0000
vt 0.7367 0.2380 0.0000
vt 0.7367 -0.0059 0.0000
vt 0.7367 0.4821 0.0000
vt -1.2477 1.7048 0.0000
vt -1.4545 1.6321 0.0000
vt -1.0410 1.6321 0.0000
vt 0.5687 0.2266 0.0000
vt 0.5687 0.4814 0.0000
vt 0.5687 -0.0283 0.0000
vt -1.5240 1.4162 0.0000
vt -1.4545 1.2002 0.0000
vt 0.8409 0.2380 0.0000
vt 0.8409 0.4821 0.0000
vt 0.8409 -0.0059 0.0000
vt -1.2477 1.1276 0.0000
vt -1.0410 1.2002 0.0000
vt 0.6698 0.2265 0.0000
vt 0.6698 0.4814 0.0000
vt 0.6698 -0.0282 0.0000
vt -0.9714 1.4162 0.0000
vt 0.7345 0.2380 0.0000
vt 0.7345 -0.0073 0.0000
vt 0.7345 0.4835 0.0000
vt 0.8432 0.2380 0.0000
vt 0.8432 0.4835 0.0000
vt 0.8432 -0.0073 0.0000
vt -1.4731 1.6516 0.0000
vt -1.2477 1.7310 0.0000
vt -1.0223 1.6516 0.0000
vt 0.6898 -0.0089 0.0000
vt 0.6898 0.2266 0.0000
vt 0.6898 0.4621 0.0000
vt -1.0223 1.1807 0.0000
vt -1.2477 1.1013 0.0000
vt -1.4731 1.1807 0.0000
vt 0.5887 -0.0089 0.0000
vt 0.5887 0.2266 0.0000
vt 0.5887 0.4620 0.0000
vt -0.5684 2.1909 0.0000
vt -0.5724 2.1868 0.0000
vt -0.5045 2.1631 0.0000
vt -0.5045 2.1687 0.0000
vt -0.4406 2.1909 0.0000
vt -0.4366 2.1868 0.0000
vt -0.5684 2.3244 0.0000
vt -0.5724 2.3286 0.0000
vt -0.5951 2.2577 0.0000
vt -0.5898 2.2577 0.0000
vt -0.4406 2.3244 0.0000
vt -0.4366 2.3286 0.0000
vt -0.5045 2.3523 0.0000
vt -0.5045 2.3467 0.0000
vt -0.4140 2.2577 0.0000
vt -0.4193 2.2577 0.0000
vt 0.9739 1.1146 0.0000
vt 0.9320 1.1000 0.0000
vt 1.0158 1.1000 0.0000
vt 0.9220 1.0563 0.0000
vt 0.9181 1.0563 0.0000
vt 0.9320 1.0126 0.0000
vt 0.9739 0.9980 0.0000
vt 1.0158 1.0126 0.0000
vt 1.0258 1.0563 0.0000
vt 1.0297 1.0563 0.0000
vt -1.2897 2.5164 0.0000
vt -1.2916 2.5166 0.0000
vt -1.2916 2.4529 0.0000
vt -1.2897 2.4529 0.0000
vt -1.2916 2.3892 0.0000
vt -1.2897 2.3894 0.0000
vt -1.1139 2.4046 0.0000
vt -1.1120 2.4043 0.0000
vt -1.1120 2.4709 0.0000
vt -1.1139 2.4709 0.0000
vt -1.1120 2.5375 0.0000
vt -1.1139 2.5373 0.0000
vt -1.3208 2.3894 0.0000
vt -1.3189 2.3892 0.0000
vt -1.3189 2.4529 0.0000
vt -1.3208 2.4529 0.0000
vt -1.3189 2.5166 0.0000
vt -1.3208 2.5164 0.0000
vt -1.0595 2.4044 0.0000
vt -1.0576 2.4043 0.0000
vt -1.0576 2.4709 0.0000
vt -1.0595 2.4709 0.0000
vt -1.0576 2.5374 0.0000
vt -1.0595 2.5371 0.0000
vt -0.5919 2.1664 0.0000
vt -0.5045 2.1360 0.0000
vt -0.4171 2.1664 0.0000
vt -0.3880 2.2577 0.0000
vt -0.4171 2.3490 0.0000
vt -0.5045 2.3794 0.0000
vt -0.5919 2.3490 0.0000
vt -0.6211 2.2577 0.0000
vt -0.5961 2.1620 0.0000
vt -0.5045 2.1302 0.0000
vt -0.4129 2.1620 0.0000
vt -0.3824 2.2577 0.0000
vt -0.4129 2.3534 0.0000
vt -0.5045 2.3853 0.0000
vt -0.5961 2.3534 0.0000
vt -0.6267 2.2577 0.0000
vt -0.9915 1.4162 0.0000
vt -1.5039 1.4162 0.0000
vt 2.3645 1.1054 0.0000
vt 2.3455 1.1038 0.0000
vt 2.3454 1.0926 0.0000
vt 2.3645 1.0945 0.0000
vt 2.3645 0.9900 0.0000
vt 2.3645 1.0448 0.0000
vt 2.3447 1.0418 0.0000
vt 2.3446 0.9857 0.0000
vt 2.3645 0.9430 0.0000
vt 2.3446 0.9375 0.0000
vt 2.3645 0.9060 0.0000
vt 2.3445 0.8994 0.0000
vt 2.0456 1.3665 0.0000
vt 2.0456 1.4013 0.0000
vt 2.0256 1.4043 0.0000
vt 2.0263 1.3684 0.0000
vt -0.5130 2.5364 0.0000
vt -0.5119 2.5384 0.0000
vt -0.5195 2.5394 0.0000
vt -0.5205 2.5373 0.0000
vt -0.5338 2.4947 0.0000
vt -0.5417 2.4951 0.0000
vt -0.5417 2.4497 0.0000
vt -0.5338 2.4501 0.0000
vt -0.5236 2.4138 0.0000
vt -0.5160 2.4147 0.0000
vt 1.9756 1.4043 0.0000
vt 1.9565 1.4024 0.0000
vt 1.9564 1.3982 0.0000
vt 1.9756 1.4002 0.0000
vt 2.4253 1.1279 0.0000
vt 2.4453 1.1214 0.0000
vt 2.4452 1.1594 0.0000
vt 2.4253 1.1650 0.0000
vt 2.4452 1.2076 0.0000
vt 2.4253 1.2119 0.0000
vt 2.4451 1.2638 0.0000
vt 2.4253 1.2667 0.0000
vt 2.4444 1.3171 0.0000
vt 2.4253 1.3189 0.0000
vt -1.1650 2.4105 0.0000
vt -1.1773 2.4114 0.0000
vt -1.1773 2.4051 0.0000
vt -1.1650 2.4041 0.0000
vt -1.1773 2.5274 0.0000
vt -1.1774 2.4694 0.0000
vt -1.1650 2.4694 0.0000
vt -1.1650 2.5283 0.0000
vt -0.1262 2.6354 0.0000
vt -0.1262 2.5644 0.0000
vt -0.1081 2.5655 0.0000
vt -0.1081 2.6369 0.0000
vt -0.9818 2.6607 0.0000
vt -1.0000 2.6628 0.0000
vt -1.0000 2.6592 0.0000
vt -0.9818 2.6571 0.0000
vt -1.2263 2.5185 0.0000
vt -1.2386 2.5195 0.0000
vt -1.2386 2.5113 0.0000
vt -1.2263 2.5104 0.0000
vt -1.2263 2.4542 0.0000
vt -1.2386 2.4542 0.0000
vt -1.2386 2.3981 0.0000
vt -1.2263 2.3990 0.0000
vt -1.5143 2.3619 0.0000
vt -1.5181 2.3730 0.0000
vt -1.5297 2.3694 0.0000
vt -1.5258 2.3577 0.0000
vt -1.4748 2.2549 0.0000
vt -1.4971 2.3111 0.0000
vt -1.5082 2.3046 0.0000
vt -1.4847 2.2455 0.0000
vt -1.4449 2.2068 0.0000
vt -1.4531 2.1947 0.0000
vt -1.4088 2.1687 0.0000
vt -1.4150 2.1546 0.0000
vt -1.3730 2.1466 0.0000
vt -1.3774 2.1238 0.0000
vt -0.5364 2.5418 0.0000
vt -0.5374 2.5396 0.0000
vt -0.5594 2.4959 0.0000
vt -0.5594 2.4490 0.0000
vt -0.5407 2.4117 0.0000
vt -1.3422 2.1434 0.0000
vt -1.3381 2.1193 0.0000
vt -1.3337 2.1229 0.0000
vt -1.3380 2.1460 0.0000
vt -1.3012 2.1687 0.0000
vt -1.2951 2.1546 0.0000
vt -1.2569 2.1947 0.0000
vt -1.2651 2.2068 0.0000
vt -1.2254 2.2455 0.0000
vt -1.2353 2.2549 0.0000
vt -1.2018 2.3046 0.0000
vt -1.2129 2.3111 0.0000
vt -1.1833 2.3604 0.0000
vt -1.1949 2.3644 0.0000
vt -0.8767 2.4064 0.0000
vt -0.8691 2.4041 0.0000
vt -0.8676 2.4107 0.0000
vt -0.8753 2.4127 0.0000
vt -0.8582 2.5306 0.0000
vt -0.8622 2.4716 0.0000
vt -0.8541 2.4716 0.0000
vt -0.8500 2.5326 0.0000
vt -0.2358 2.6357 0.0000
vt -0.2378 2.5644 0.0000
vt -0.2254 2.5670 0.0000
vt -0.2232 2.6391 0.0000
vt -1.0725 2.6596 0.0000
vt -1.0847 2.6644 0.0000
vt -1.0850 2.6608 0.0000
vt -1.0728 2.6560 0.0000
vt -0.9201 2.5369 0.0000
vt -0.9284 2.5392 0.0000
vt -0.9278 2.5307 0.0000
vt -0.9196 2.5287 0.0000
vt -0.9158 2.4716 0.0000
vt -0.9238 2.4716 0.0000
vt -0.9109 2.4136 0.0000
vt -0.9033 2.4155 0.0000
vt -0.7340 2.3845 0.0000
vt -0.7472 2.3815 0.0000
vt -0.7471 2.3695 0.0000
vt -0.7339 2.3728 0.0000
vt -0.7332 2.2606 0.0000
vt -0.7332 2.3197 0.0000
vt -0.7469 2.3145 0.0000
vt -0.7468 2.2530 0.0000
vt -0.7332 2.2099 0.0000
vt -0.7467 2.2002 0.0000
vt -0.7332 2.1697 0.0000
vt -0.7467 2.1584 0.0000
vt -1.4199 2.1433 0.0000
vt -1.3809 2.1053 0.0000
vt -0.5499 2.5436 0.0000
vt -0.5510 2.5414 0.0000
vt -0.5981 2.4959 0.0000
vt -0.6066 2.4965 0.0000
vt -0.6066 2.4484 0.0000
vt -0.5981 2.4490 0.0000
vt -0.5736 2.4484 0.0000
vt -0.5544 2.4101 0.0000
vt -1.3348 2.0998 0.0000
vt -1.3302 2.1043 0.0000
vt -0.7044 2.1850 0.0000
vt -0.6910 2.1736 0.0000
vt -0.6909 2.2154 0.0000
vt -0.7044 2.2251 0.0000
vt -0.6908 2.2682 0.0000
vt -0.7044 2.2758 0.0000
vt -0.6908 2.3297 0.0000
vt -0.7044 2.3349 0.0000
vt -0.6905 2.3874 0.0000
vt -0.7037 2.3907 0.0000
vt -0.7699 2.4022 0.0000
vt -0.7614 2.4004 0.0000
vt -0.7614 2.4072 0.0000
vt -0.7699 2.4088 0.0000
vt -0.7699 2.5308 0.0000
vt -0.7699 2.4698 0.0000
vt -0.7614 2.4698 0.0000
vt -0.7614 2.5324 0.0000
vt -0.3078 2.6364 0.0000
vt -0.3078 2.5644 0.0000
vt -0.2951 2.5665 0.0000
vt -0.2951 2.6392 0.0000
vt -1.1180 2.6607 0.0000
vt -1.1307 2.6646 0.0000
vt -1.1307 2.6609 0.0000
vt -1.1180 2.6571 0.0000
vt -0.7944 2.5410 0.0000
vt -0.8029 2.5428 0.0000
vt -0.8029 2.5341 0.0000
vt -0.7944 2.5325 0.0000
vt -0.7944 2.4735 0.0000
vt -0.8029 2.4735 0.0000
vt -0.8029 2.4139 0.0000
vt -0.7944 2.4154 0.0000
vt -0.7682 2.3816 0.0000
vt -0.7683 2.3695 0.0000
vt -0.7686 2.3145 0.0000
vt -0.7686 2.2530 0.0000
vt -0.7686 2.2002 0.0000
vt -0.7687 2.1584 0.0000
vt -0.7684 2.1205 0.0000
vt -0.7470 2.1205 0.0000
vt -0.6066 2.5436 0.0000
vt -0.6202 2.5436 0.0000
vt -0.6202 2.5414 0.0000
vt -0.6066 2.5414 0.0000
vt -0.6202 2.4965 0.0000
vt -0.6201 2.4484 0.0000
vt -0.6201 2.4101 0.0000
vt -0.6066 2.4101 0.0000
vt -0.6906 2.1302 0.0000
vt -0.6693 2.1302 0.0000
vt -0.6693 2.1346 0.0000
vt -0.6907 2.1346 0.0000
vt -0.6690 2.1736 0.0000
vt -0.6690 2.2154 0.0000
vt -0.6690 2.2682 0.0000
vt -0.6691 2.3297 0.0000
vt -0.6694 2.3874 0.0000
vt -0.7478 2.4004 0.0000
vt -0.7478 2.4072 0.0000
vt -0.7478 2.4698 0.0000
vt -0.7478 2.5324 0.0000
vt -0.2750 2.5665 0.0000
vt -0.2750 2.6392 0.0000
vt -1.1508 2.6646 0.0000
vt -1.1508 2.6609 0.0000
vt -0.8165 2.5428 0.0000
vt -0.8165 2.5341 0.0000
vt -0.8165 2.4735 0.0000
vt -0.8165 2.4139 0.0000
vt -0.7813 2.3845 0.0000
vt -0.7815 2.3728 0.0000
vt -0.7822 2.3197 0.0000
vt -0.7822 2.2606 0.0000
vt -0.7822 2.2099 0.0000
vt -0.7822 2.1697 0.0000
vt -1.0458 2.3447 0.0000
vt -1.0408 2.3334 0.0000
vt -1.0032 2.3642 0.0000
vt -1.0068 2.3827 0.0000
vt -0.6768 2.5580 0.0000
vt -0.6904 2.5561 0.0000
vt -0.6893 2.5540 0.0000
vt -0.6757 2.5558 0.0000
vt -0.6287 2.4959 0.0000
vt -0.6287 2.4490 0.0000
vt -0.6724 2.4245 0.0000
vt -0.6532 2.4627 0.0000
vt -0.6673 2.4633 0.0000
vt -0.6860 2.4261 0.0000
vt -0.9569 2.3837 0.0000
vt -0.9615 2.3882 0.0000
vt -0.9648 2.3687 0.0000
vt -0.9604 2.3651 0.0000
vt -0.6554 2.1850 0.0000
vt -0.6554 2.2251 0.0000
vt -0.6554 2.2758 0.0000
vt -0.6554 2.3349 0.0000
vt -0.6562 2.3907 0.0000
vt -0.7393 2.4022 0.0000
vt -0.7393 2.4088 0.0000
vt -0.7393 2.4698 0.0000
vt -0.7393 2.5308 0.0000
vt -0.2625 2.5644 0.0000
vt -0.2625 2.6364 0.0000
vt -1.1633 2.6607 0.0000
vt -1.1633 2.6571 0.0000
vt -0.8250 2.5410 0.0000
vt -0.8250 2.5325 0.0000
vt -0.8250 2.4735 0.0000
vt -0.8250 2.4154 0.0000
vt -1.1556 2.1186 0.0000
vt -1.1439 2.1149 0.0000
vt -1.1402 2.1261 0.0000
vt -1.1517 2.1303 0.0000
vt -1.1341 2.1834 0.0000
vt -1.1230 2.1769 0.0000
vt -1.1007 2.2331 0.0000
vt -1.1106 2.2425 0.0000
vt -1.0708 2.2812 0.0000
vt -1.0790 2.2932 0.0000
vt -1.0347 2.3193 0.0000
vt -0.9988 2.3413 0.0000
vt -0.7073 2.5538 0.0000
vt -0.7062 2.5517 0.0000
vt -0.6673 2.5102 0.0000
vt -0.6850 2.5095 0.0000
vt -0.6850 2.4641 0.0000
vt -0.7031 2.4282 0.0000
vt -0.9689 2.3445 0.0000
vt -0.9647 2.3420 0.0000
vt -0.8835 2.2932 0.0000
vt -0.9217 2.3334 0.0000
vt -0.9279 2.3193 0.0000
vt -0.8918 2.2812 0.0000
vt -0.8520 2.2425 0.0000
vt -0.8619 2.2331 0.0000
vt -0.8285 2.1834 0.0000
vt -0.8396 2.1769 0.0000
vt -0.8099 2.1276 0.0000
vt -0.8215 2.1236 0.0000
vt -0.9710 2.5326 0.0000
vt -0.9725 2.5392 0.0000
vt -0.9801 2.5369 0.0000
vt -0.9787 2.5306 0.0000
vt -0.9574 2.4716 0.0000
vt -0.9655 2.4716 0.0000
vt -0.9615 2.4127 0.0000
vt -0.9533 2.4107 0.0000
vt -0.1787 2.6481 0.0000
vt -0.1911 2.6507 0.0000
vt -0.1891 2.5794 0.0000
vt -0.1765 2.5760 0.0000
vt -1.0384 2.5588 0.0000
vt -1.0381 2.5551 0.0000
vt -1.0258 2.5599 0.0000
vt -1.0261 2.5635 0.0000
vt -1.0312 2.4126 0.0000
vt -1.0317 2.4041 0.0000
vt -1.0234 2.4064 0.0000
vt -1.0229 2.4146 0.0000
vt -1.0143 2.5297 0.0000
vt -1.0272 2.4716 0.0000
vt -1.0191 2.4716 0.0000
vt -1.0066 2.5277 0.0000
vt 2.3834 1.1038 0.0000
vt 2.3836 1.0926 0.0000
vt 2.3844 1.0418 0.0000
vt 2.3844 0.9857 0.0000
vt 2.3844 0.9375 0.0000
vt 2.3845 0.8994 0.0000
vt 2.0656 1.4043 0.0000
vt 2.0648 1.3684 0.0000
vt -0.7148 2.5528 0.0000
vt -0.7138 2.5507 0.0000
vt -0.6929 2.5091 0.0000
vt -0.6929 2.4645 0.0000
vt -0.7107 2.4290 0.0000
vt 1.9948 1.3982 0.0000
vt 1.9948 1.4024 0.0000
vt 2.4054 1.1594 0.0000
vt 2.4053 1.1214 0.0000
vt 2.4054 1.2076 0.0000
vt 2.4054 1.2638 0.0000
vt 2.4063 1.3171 0.0000
vt -1.1896 2.4105 0.0000
vt -1.1896 2.4041 0.0000
vt -1.1896 2.4694 0.0000
vt -1.1896 2.5283 0.0000
vt -0.1444 2.5655 0.0000
vt -0.1444 2.6369 0.0000
vt -0.9637 2.6592 0.0000
vt -0.9637 2.6628 0.0000
vt -1.2141 2.5113 0.0000
vt -1.2141 2.5195 0.0000
vt -1.2141 2.3981 0.0000
vt -1.2141 2.4542 0.0000
vt 1.7559 1.3693 0.0000
vt 1.7589 1.3626 0.0000
vt 1.7641 1.3816 0.0000
vt 1.7593 1.3816 0.0000
vt 1.4972 1.4039 0.0000
vt 1.4972 1.4126 0.0000
vt 1.4781 1.4017 0.0000
vt 1.4849 1.3963 0.0000
vt 1.7483 1.3663 0.0000
vt 1.7472 1.3579 0.0000
vt 1.4734 1.3775 0.0000
vt 1.4819 1.3794 0.0000
vt 1.7422 1.3748 0.0000
vt 1.7378 1.3710 0.0000
vt 1.4904 1.3659 0.0000
vt 1.4865 1.3581 0.0000
vt 1.7422 1.3884 0.0000
vt 1.7378 1.3921 0.0000
vt 1.5078 1.3581 0.0000
vt 1.5040 1.3659 0.0000
vt 1.7483 1.3969 0.0000
vt 1.7472 1.4052 0.0000
vt 1.5210 1.3775 0.0000
vt 1.5125 1.3794 0.0000
vt 1.7559 1.3938 0.0000
vt 1.7589 1.4005 0.0000
vt 1.5095 1.3963 0.0000
vt 1.5163 1.4017 0.0000
vt 1.5749 1.4039 0.0000
vt 1.5872 1.3963 0.0000
vt 1.5941 1.4017 0.0000
vt 1.5749 1.4126 0.0000
vt 1.8004 1.3728 0.0000
vt 1.7971 1.3851 0.0000
vt 1.7923 1.3851 0.0000
vt 1.7975 1.3661 0.0000
vt 1.5902 1.3794 0.0000
vt 1.5988 1.3775 0.0000
vt 1.8080 1.3698 0.0000
vt 1.8091 1.3614 0.0000
vt 1.5817 1.3659 0.0000
vt 1.5856 1.3581 0.0000
vt 1.8184 1.3746 0.0000
vt 1.8141 1.3783 0.0000
vt 1.5681 1.3659 0.0000
vt 1.5643 1.3581 0.0000
vt 1.8184 1.3956 0.0000
vt 1.8141 1.3919 0.0000
vt 1.5596 1.3794 0.0000
vt 1.5512 1.3775 0.0000
vt 1.8080 1.4004 0.0000
vt 1.8091 1.4087 0.0000
vt 1.5627 1.3963 0.0000
vt 1.5558 1.4017 0.0000
vt 1.7975 1.4040 0.0000
vt 1.8004 1.3973 0.0000
vt 1.8553 1.3963 0.0000
vt 1.8522 1.4022 0.0000
vt 1.8467 1.3840 0.0000
vt 1.8516 1.3840 0.0000
vt 1.8635 1.3993 0.0000
vt 1.8646 1.4067 0.0000
vt 1.8701 1.3908 0.0000
vt 1.8745 1.3941 0.0000
vt 1.8701 1.3772 0.0000
vt 1.8745 1.3740 0.0000
vt 1.8635 1.3687 0.0000
vt 1.8646 1.3614 0.0000
vt 1.8553 1.3718 0.0000
vt 1.8522 1.3659 0.0000
vt 1.9204 1.3963 0.0000
vt 1.9241 1.3840 0.0000
vt 1.9290 1.3840 0.0000
vt 1.9235 1.4022 0.0000
vt 1.9122 1.3993 0.0000
vt 1.9111 1.4067 0.0000
vt 1.9012 1.3941 0.0000
vt 1.9056 1.3908 0.0000
vt 1.9012 1.3740 0.0000
vt 1.9056 1.3772 0.0000
vt 1.9122 1.3687 0.0000
vt 1.9111 1.3614 0.0000
vt 1.9235 1.3659 0.0000
vt 1.9204 1.3718 0.0000
vt 1.3663 1.4106 0.0000
vt 1.3645 1.3825 0.0000
vt 1.3914 1.3825 0.0000
vt 1.3934 1.4106 0.0000
vt 2.2745 1.3698 0.0000
vt 2.2534 1.3740 0.0000
vt 2.2512 1.3469 0.0000
vt 2.2723 1.3425 0.0000
vt 0.3956 1.4907 0.0000
vt 0.3923 1.4711 0.0000
vt 0.4196 1.4711 0.0000
vt 0.4232 1.4907 0.0000
vt 0.3956 1.5217 0.0000
vt 0.4232 1.5217 0.0000
vt 0.4196 1.5414 0.0000
vt 0.3923 1.5414 0.0000
vt 2.3056 1.3695 0.0000
vt 2.3078 1.3425 0.0000
vt 2.3290 1.3466 0.0000
vt 2.3267 1.3740 0.0000
vt 1.3663 1.3544 0.0000
vt 1.3934 1.3544 0.0000
vt -0.7744 2.5568 0.0000
vt -0.7563 2.5551 0.0000
vt -0.7563 2.5650 0.0000
vt -0.7744 2.5667 0.0000
vt -0.8475 2.6541 0.0000
vt -0.8601 2.6580 0.0000
vt -0.8609 2.6480 0.0000
vt -0.8484 2.6441 0.0000
vt -0.9050 2.5582 0.0000
vt -0.8925 2.5551 0.0000
vt -0.8925 2.5651 0.0000
vt -0.9050 2.5683 0.0000
vt -0.9251 2.5582 0.0000
vt -0.9251 2.5683 0.0000
vt -0.9378 2.5651 0.0000
vt -0.9378 2.5551 0.0000
vt -0.8142 2.5687 0.0000
vt -0.8134 2.5587 0.0000
vt -0.8009 2.5626 0.0000
vt -0.8017 2.5726 0.0000
vt -0.7381 2.5568 0.0000
vt -0.7381 2.5667 0.0000
vt -0.0495 1.5198 0.0000
vt -0.0697 1.5198 0.0000
vt -0.0697 1.5106 0.0000
vt -0.0495 1.5106 0.0000
vt -0.0369 1.5170 0.0000
vt -0.0369 1.5079 0.0000
vt 0.0004 1.5423 0.0000
vt -0.0122 1.5458 0.0000
vt -0.0119 1.5367 0.0000
vt 0.0007 1.5333 0.0000
vt 0.2549 1.5441 0.0000
vt 0.2367 1.5457 0.0000
vt 0.2367 1.5367 0.0000
vt 0.2549 1.5352 0.0000
vt 0.2730 1.5367 0.0000
vt 0.2730 1.5457 0.0000
vt 0.0348 1.4733 0.0000
vt 0.0345 1.4642 0.0000
vt 0.0471 1.4677 0.0000
vt 0.0474 1.4767 0.0000
vt -0.0822 1.5170 0.0000
vt -0.0822 1.5079 0.0000
vt 0.4820 1.4907 0.0000
vt 0.4820 1.5217 0.0000
vt 0.4578 1.5217 0.0000
vt 0.4578 1.4907 0.0000
vt 0.4785 1.4711 0.0000
vt 0.4545 1.4711 0.0000
vt 2.3831 1.3670 0.0000
vt 2.3620 1.3714 0.0000
vt 2.3601 1.3474 0.0000
vt 2.3813 1.3433 0.0000
vt 1.4426 1.3862 0.0000
vt 1.4445 1.4143 0.0000
vt 1.4208 1.4143 0.0000
vt 1.4189 1.3862 0.0000
vt 1.4208 1.3581 0.0000
vt 1.4445 1.3581 0.0000
vt 2.4222 1.3673 0.0000
vt 2.4241 1.3433 0.0000
vt 2.4453 1.3477 0.0000
vt 2.4434 1.3714 0.0000
vt 0.4785 1.5414 0.0000
vt 0.4545 1.5414 0.0000
vt 0.5244 1.4880 0.0000
vt 0.5189 1.5062 0.0000
vt 0.5089 1.5062 0.0000
vt 0.5181 1.4781 0.0000
vt 0.6022 1.4825 0.0000
vt 0.5959 1.4925 0.0000
vt 0.5867 1.4644 0.0000
vt 0.5967 1.4643 0.0000
vt 0.5370 1.4836 0.0000
vt 0.5393 1.4711 0.0000
vt 0.6148 1.4869 0.0000
vt 0.6170 1.4995 0.0000
vt 0.5562 1.4907 0.0000
vt 0.5471 1.4961 0.0000
vt 0.6248 1.4744 0.0000
vt 0.6338 1.4798 0.0000
vt 0.5562 1.5217 0.0000
vt 0.5471 1.5162 0.0000
vt 0.6248 1.4543 0.0000
vt 0.6338 1.4488 0.0000
vt 0.5370 1.5289 0.0000
vt 0.5393 1.5414 0.0000
vt 0.6148 1.4416 0.0000
vt 0.6170 1.4291 0.0000
vt 0.5181 1.5343 0.0000
vt 0.5244 1.5243 0.0000
vt 0.6022 1.4462 0.0000
vt 0.5959 1.4362 0.0000
vt 0.6735 1.4744 0.0000
vt 0.6645 1.4798 0.0000
vt 0.6645 1.4488 0.0000
vt 0.6735 1.4543 0.0000
vt 0.7513 1.4412 0.0000
vt 0.7423 1.4467 0.0000
vt 0.7423 1.4157 0.0000
vt 0.7513 1.4211 0.0000
vt 0.6835 1.4416 0.0000
vt 0.6813 1.4291 0.0000
vt 0.7614 1.4539 0.0000
vt 0.7591 1.4664 0.0000
vt 0.7024 1.4362 0.0000
vt 0.6961 1.4462 0.0000
vt 0.7740 1.4493 0.0000
vt 0.7803 1.4593 0.0000
vt 0.7116 1.4643 0.0000
vt 0.7017 1.4644 0.0000
vt 0.7796 1.4312 0.0000
vt 0.7895 1.4312 0.0000
vt 0.6961 1.4825 0.0000
vt 0.7024 1.4925 0.0000
vt 0.7740 1.4130 0.0000
vt 0.7803 1.4030 0.0000
vt 0.6835 1.4869 0.0000
vt 0.6813 1.4995 0.0000
vt 0.7614 1.4085 0.0000
vt 0.7591 1.3960 0.0000
vt -0.7744 2.6526 0.0000
vt -0.7563 2.6504 0.0000
vt -0.7563 2.6526 0.0000
vt -0.7744 2.6548 0.0000
vt -0.8553 2.5573 0.0000
vt -0.8676 2.5621 0.0000
vt -0.8678 2.5599 0.0000
vt -0.8555 2.5551 0.0000
vt -0.9050 2.6558 0.0000
vt -0.8925 2.6519 0.0000
vt -0.8925 2.6541 0.0000
vt -0.9050 2.6580 0.0000
vt -0.9251 2.6558 0.0000
vt -0.9251 2.6580 0.0000
vt -0.9378 2.6541 0.0000
vt -0.9378 2.6519 0.0000
vt -0.8211 2.6568 0.0000
vt -0.8209 2.6546 0.0000
vt -0.8087 2.6594 0.0000
vt -0.8088 2.6616 0.0000
vt -0.7381 2.6526 0.0000
vt -0.7381 2.6548 0.0000
vt -1.1508 2.5980 0.0000
vt -1.1307 2.5980 0.0000
vt -1.1180 2.5947 0.0000
vt -1.0901 2.5984 0.0000
vt -1.0776 2.5943 0.0000
vt -1.0000 2.5975 0.0000
vt -0.9818 2.5956 0.0000
vt -0.9637 2.5975 0.0000
vt -1.0434 2.6211 0.0000
vt -1.0309 2.6253 0.0000
vt -1.1633 2.5947 0.0000
vt -1.1508 2.5670 0.0000
vt -1.1307 2.5670 0.0000
vt -1.1180 2.5639 0.0000
vt -1.0925 2.5676 0.0000
vt -1.0800 2.5638 0.0000
vt -1.0000 2.5670 0.0000
vt -0.9818 2.5653 0.0000
vt -0.9637 2.5670 0.0000
vt -1.0458 2.6519 0.0000
vt -1.0333 2.6557 0.0000
vt -1.1633 2.5639 0.0000
vt -0.7744 2.5967 0.0000
vt -0.7563 2.5948 0.0000
vt -0.8508 2.6138 0.0000
vt -0.8632 2.6180 0.0000
vt -0.9050 2.5988 0.0000
vt -0.8925 2.5954 0.0000
vt -0.9251 2.5988 0.0000
vt -0.9378 2.5954 0.0000
vt -0.8165 2.5987 0.0000
vt -0.8041 2.6029 0.0000
vt -0.7381 2.5967 0.0000
vt -1.1773 2.5336 0.0000
vt -1.1896 2.5347 0.0000
vt -0.9611 2.4064 0.0000
vt -0.9529 2.4041 0.0000
vt -0.7393 2.5373 0.0000
vt -0.7478 2.5391 0.0000
vt -0.7614 2.5391 0.0000
vt -0.7699 2.5373 0.0000
vt -0.8578 2.5369 0.0000
vt -0.8495 2.5392 0.0000
vt -1.1650 2.5347 0.0000
vt -0.8165 2.4041 0.0000
vt -0.8029 2.4041 0.0000
vt -0.7944 2.4059 0.0000
vt -0.9012 2.4064 0.0000
vt -0.9088 2.4041 0.0000
vt -1.2263 2.3900 0.0000
vt -1.2386 2.3890 0.0000
vt -1.2141 2.3890 0.0000
vt -1.0046 2.5369 0.0000
vt -1.0122 2.5392 0.0000
vt -0.8250 2.4059 0.0000
vt 2.4253 1.3274 0.0000
vt 2.4064 1.3257 0.0000
vt -0.8186 2.1149 0.0000
vt -0.8070 2.1186 0.0000
vt -0.6563 2.3997 0.0000
vt -0.6695 2.3968 0.0000
vt -0.6905 2.3968 0.0000
vt -0.7036 2.3997 0.0000
vt -1.1803 2.3694 0.0000
vt -1.1920 2.3730 0.0000
vt 2.4443 1.3257 0.0000
vt -0.7064 2.4217 0.0000
vt -0.7139 2.4227 0.0000
vt -0.6894 2.4194 0.0000
vt -0.6758 2.4176 0.0000
vt -0.6201 2.4032 0.0000
vt -0.6066 2.4032 0.0000
vt -0.5509 2.4032 0.0000
vt -0.5373 2.4050 0.0000
vt -0.5204 2.4073 0.0000
vt -0.5128 2.4083 0.0000
vt -0.7015 2.5422 0.0000
vt -0.7091 2.5414 0.0000
vt -0.6844 2.5442 0.0000
vt -0.6707 2.5457 0.0000
vt -0.6532 2.5109 0.0000
vt -0.6066 2.5313 0.0000
vt -0.6202 2.5313 0.0000
vt -0.5424 2.5298 0.0000
vt -0.5561 2.5313 0.0000
vt -0.5736 2.4965 0.0000
vt -0.5253 2.5279 0.0000
vt -0.5176 2.5270 0.0000
vt -0.0697 1.4402 0.0000
vt -0.0495 1.4402 0.0000
vt -0.0369 1.4381 0.0000
vt -0.0092 1.4669 0.0000
vt 0.0031 1.4642 0.0000
vt 0.2367 1.4676 0.0000
vt 0.2549 1.4664 0.0000
vt 0.2730 1.4676 0.0000
vt 0.0374 1.5431 0.0000
vt 0.0498 1.5458 0.0000
vt -0.0822 1.4381 0.0000
vt -0.1262 2.6468 0.0000
vt -0.1444 2.6484 0.0000
vt -0.1888 2.5679 0.0000
vt -0.1762 2.5644 0.0000
vt -0.2625 2.6481 0.0000
vt -0.2750 2.6509 0.0000
vt -0.2951 2.6509 0.0000
vt -0.3078 2.6481 0.0000
vt -0.2354 2.6472 0.0000
vt -0.2229 2.6507 0.0000
vt -0.1081 2.6484 0.0000
vt -1.1508 2.5566 0.0000
vt -1.1307 2.5566 0.0000
vt -1.1180 2.5536 0.0000
vt -1.0933 2.5573 0.0000
vt -1.0808 2.5536 0.0000
vt -1.0000 2.5568 0.0000
vt -0.9818 2.5551 0.0000
vt -0.9637 2.5568 0.0000
vt -1.0467 2.6623 0.0000
vt -1.0341 2.6660 0.0000
vt -1.1633 2.5536 0.0000
vt -1.1106 2.4709 0.0000
vt -1.1106 2.5376 0.0000
vt -1.1106 2.4041 0.0000
vt -1.2930 2.4529 0.0000
vt -1.2930 2.3890 0.0000
vt -1.2930 2.5168 0.0000
vt -1.0562 2.4709 0.0000
vt -1.0562 2.5376 0.0000
vt -1.0562 2.4041 0.0000
vt -1.3175 2.4529 0.0000
vt -1.3175 2.5168 0.0000
vt -1.3175 2.3890 0.0000
vt 0.4350 1.2985 0.0000
vt 0.4857 1.3164 0.0000
vt 0.4848 1.3173 0.0000
vt 0.4350 1.2999 0.0000
vt 0.3842 1.3164 0.0000
vt 0.3852 1.3173 0.0000
vt 1.9189 1.3308 0.0000
vt 1.8576 1.3093 0.0000
vt 1.8585 1.3084 0.0000
vt 1.9189 1.3294 0.0000
vt 1.9800 1.3093 0.0000
vt 1.9791 1.3084 0.0000
vt 0.3671 1.3693 0.0000
vt 0.3685 1.3693 0.0000
vt 0.3842 1.4223 0.0000
vt 0.3852 1.4214 0.0000
vt 1.8371 1.2455 0.0000
vt 1.8576 1.1815 0.0000
vt 1.8585 1.1825 0.0000
vt 1.8385 1.2455 0.0000
vt 0.4350 1.4401 0.0000
vt 0.4350 1.4387 0.0000
vt 0.4857 1.4223 0.0000
vt 0.4848 1.4214 0.0000
vt 1.9189 1.1601 0.0000
vt 1.9800 1.1815 0.0000
vt 1.9791 1.1825 0.0000
vt 1.9189 1.1615 0.0000
vt 0.5028 1.3693 0.0000
vt 0.5014 1.3693 0.0000
vt 2.0006 1.2455 0.0000
vt 1.9992 1.2455 0.0000
vt 0.4350 1.2884 0.0000
vt 0.4926 1.3097 0.0000
vt 0.3773 1.3097 0.0000
vt 1.9189 1.3407 0.0000
vt 1.8509 1.3158 0.0000
vt 1.9867 1.3158 0.0000
vt 0.3569 1.3693 0.0000
vt 0.3773 1.4290 0.0000
vt 1.8271 1.2455 0.0000
vt 1.8509 1.1750 0.0000
vt 0.4350 1.4502 0.0000
vt 0.4926 1.4290 0.0000
vt 1.9189 1.1502 0.0000
vt 1.9867 1.1750 0.0000
vt 0.5130 1.3693 0.0000
vt 2.0106 1.2455 0.0000
vt 0.4350 1.2836 0.0000
vt 0.4960 1.3064 0.0000
vt 0.3739 1.3064 0.0000
vt 1.9189 1.3455 0.0000
vt 1.8475 1.3191 0.0000
vt 1.9900 1.3191 0.0000
vt 0.3519 1.3693 0.0000
vt 0.3739 1.4323 0.0000
vt 1.8222 1.2455 0.0000
vt 1.8475 1.1718 0.0000
vt 0.4350 1.4551 0.0000
vt 0.4960 1.4323 0.0000
vt 1.9189 1.1454 0.0000
vt 1.9900 1.1718 0.0000
vt 0.5179 1.3693 0.0000
vt 2.0154 1.2455 0.0000
vt -0.2692 2.4073 0.0000
vt -0.2689 2.4747 0.0000
vt -0.3618 2.4724 0.0000
vt -0.3617 2.4070 0.0000
vt -0.3617 2.5379 0.0000
vt -0.1768 2.4748 0.0000
vt -0.1770 2.5422 0.0000
vt -0.1770 2.4073 0.0000
vt -0.4533 2.4724 0.0000
vt -0.4534 2.5379 0.0000
vt -0.4534 2.4070 0.0000
vt -0.2692 2.5422 0.0000
vt 0.6014 0.4468 0.0000
vt 0.6014 0.2266 0.0000
vt 0.6014 0.0064 0.0000
vt 0.7025 0.4468 0.0000
vt 0.7025 0.2265 0.0000
vt 0.7025 0.0063 0.0000
vt -0.7073 2.4198 0.0000
vt -0.7148 2.4209 0.0000
vt -0.5195 2.4055 0.0000
vt -0.5119 2.4065 0.0000
vt -0.5364 2.4031 0.0000
vt -0.5499 2.4013 0.0000
vt -0.6201 2.4013 0.0000
vt -0.6066 2.4013 0.0000
vt -0.6768 2.4156 0.0000
vt -0.6904 2.4175 0.0000
vt 1.9956 1.3614 0.0000
vt 1.9756 1.3643 0.0000
vt 1.9556 1.3614 0.0000
vt -1.2901 2.1433 0.0000
vt -0.9168 2.3447 0.0000
vt 2.0456 1.3614 0.0000
vt 2.0648 1.3632 0.0000
vt 2.0265 1.3632 0.0000
vt -1.3678 2.1434 0.0000
vt -1.3719 2.1193 0.0000
vt -1.3752 2.0998 0.0000
vt -0.7683 2.1149 0.0000
vt -0.7470 2.1149 0.0000
vt -0.9978 2.3687 0.0000
vt -1.0011 2.3882 0.0000
vt -0.9936 2.3445 0.0000
vt -0.6758 2.6612 0.0000
vt -0.6509 2.6612 0.0000
vt -0.3448 2.5597 0.0000
vt -0.3708 2.5597 0.0000
vt -0.3969 2.5597 0.0000
vt -0.4486 2.5597 0.0000
vt -0.4736 2.5597 0.0000
vt -0.4985 2.5597 0.0000
vt -0.5471 2.5595 0.0000
vt -0.5731 2.5595 0.0000
vt -0.5991 2.5595 0.0000
vt -0.7008 2.6612 0.0000
vt 0.3081 1.4807 0.0000
vt 0.3330 1.4711 0.0000
vt 0.2989 1.5067 0.0000
vt 0.3081 1.5328 0.0000
vt 0.3330 1.5424 0.0000
vt 0.3580 1.5328 0.0000
vt 0.3672 1.5067 0.0000
vt 0.3580 1.4807 0.0000
vt 2.1766 1.3969 0.0000
vt 2.1766 1.3772 0.0000
vt 2.1415 1.3987 0.0000
vt 2.1415 1.3781 0.0000
vt 2.1415 1.3574 0.0000
vt 2.2193 1.3969 0.0000
vt 2.2193 1.3772 0.0000
vt 2.2193 1.3575 0.0000
vt 2.1026 1.3987 0.0000
vt 2.1026 1.3781 0.0000
vt 2.1026 1.3575 0.0000
vt 2.1766 1.3575 0.0000
vt -1.3066 1.8260 0.0000
vt -1.2075 1.7914 0.0000
vt -1.2075 1.7934 0.0000
vt -1.3051 1.8274 0.0000
vt -1.1086 1.8260 0.0000
vt -1.1101 1.8274 0.0000
vt -1.3066 2.0325 0.0000
vt -1.3397 1.9293 0.0000
vt -1.3377 1.9293 0.0000
vt -1.3051 2.0311 0.0000
vt -1.1086 2.0325 0.0000
vt -1.2075 2.0672 0.0000
vt -1.2075 2.0652 0.0000
vt -1.1101 2.0311 0.0000
vt -1.0754 1.9293 0.0000
vt -1.0776 1.9293 0.0000
vt -0.8780 2.0823 0.0000
vt -0.9825 2.0459 0.0000
vt -0.7738 2.0459 0.0000
vt -1.0173 1.9370 0.0000
vt -0.9825 1.8280 0.0000
vt -1.0153 1.9370 0.0000
vt -0.8780 1.7916 0.0000
vt -0.7738 1.8280 0.0000
vt -0.7388 1.9370 0.0000
vt -0.7410 1.9370 0.0000
vt -1.3152 1.8176 0.0000
vt -1.2076 1.7786 0.0000
vt -1.1000 1.8176 0.0000
vt -1.3152 2.0410 0.0000
vt -1.3526 1.9293 0.0000
vt -1.1000 2.0410 0.0000
vt -1.2076 2.0799 0.0000
vt -1.0625 1.9293 0.0000
vt -0.8780 2.0951 0.0000
vt -0.9912 2.0544 0.0000
vt -0.7651 2.0544 0.0000
vt -1.0305 1.9369 0.0000
vt -0.9912 1.8195 0.0000
vt -0.8781 1.7787 0.0000
vt -0.7651 1.8195 0.0000
vt -0.7257 1.9370 0.0000
vt -1.3179 1.8151 0.0000
vt -1.2076 1.7748 0.0000
vt -1.0973 1.8151 0.0000
vt -1.3179 2.0435 0.0000
vt -1.3564 1.9293 0.0000
vt -1.0973 2.0435 0.0000
vt -1.2076 2.0839 0.0000
vt -1.0588 1.9293 0.0000
vt -0.8780 2.0990 0.0000
vt -0.9939 2.0568 0.0000
vt -0.7624 2.0569 0.0000
vt -1.0343 1.9369 0.0000
vt -0.9939 1.8168 0.0000
vt -0.8781 1.7748 0.0000
vt -0.7624 1.8168 0.0000
vt -0.7218 1.9370 0.0000
vt 1.6395 1.2444 0.0000
vt 1.6395 1.1469 0.0000
vt 1.6395 1.3420 0.0000
vt 2.3808 1.2247 0.0000
vt 2.3808 1.3265 0.0000
vt 2.3808 1.1228 0.0000
vt 1.6150 1.2445 0.0000
vt 1.6150 1.3421 0.0000
vt 1.6150 1.1471 0.0000
vt 2.1981 1.2396 0.0000
vt 2.1981 1.3415 0.0000
vt 2.1981 1.1378 0.0000
vt 1.1000 1.0155 0.0000
vt 1.1001 0.8999 0.0000
vt 1.1001 1.1314 0.0000
vt -0.0575 1.1270 0.0000
vt -0.0575 1.2469 0.0000
vt -0.0575 1.0069 0.0000
vt 1.2882 1.0155 0.0000
vt 1.2881 1.1314 0.0000
vt 1.2881 0.8999 0.0000
vt 0.0514 1.1179 0.0000
vt 0.0514 1.2381 0.0000
vt 0.0514 0.9980 0.0000
vt 1.0122 1.4526 0.0000
vt 1.0054 1.4316 0.0000
vt 1.0061 1.4316 0.0000
vt 1.0127 1.4522 0.0000
vt 0.8266 1.4333 0.0000
vt 0.8335 1.4119 0.0000
vt 0.8340 1.4123 0.0000
vt 0.8272 1.4333 0.0000
vt 1.0324 1.4596 0.0000
vt 1.0324 1.4590 0.0000
vt 0.8541 1.4046 0.0000
vt 0.8541 1.4053 0.0000
vt 1.0525 1.4526 0.0000
vt 1.0521 1.4522 0.0000
vt 0.8746 1.4119 0.0000
vt 0.8742 1.4123 0.0000
vt 1.0594 1.4316 0.0000
vt 1.0587 1.4316 0.0000
vt 0.8815 1.4333 0.0000
vt 0.8809 1.4333 0.0000
vt 1.0525 1.4105 0.0000
vt 1.0521 1.4109 0.0000
vt 0.8746 1.4548 0.0000
vt 0.8742 1.4544 0.0000
vt 1.0324 1.4035 0.0000
vt 1.0324 1.4041 0.0000
vt 0.8541 1.4620 0.0000
vt 0.8541 1.4614 0.0000
vt 1.0122 1.4105 0.0000
vt 1.0127 1.4109 0.0000
vt 0.8335 1.4548 0.0000
vt 0.8340 1.4544 0.0000
vt 1.0092 1.4555 0.0000
vt 1.0010 1.4316 0.0000
vt 0.8222 1.4333 0.0000
vt 0.8305 1.4090 0.0000
vt 1.0324 1.4640 0.0000
vt 0.8541 1.4003 0.0000
vt 1.0555 1.4555 0.0000
vt 0.8776 1.4090 0.0000
vt 1.0638 1.4316 0.0000
vt 0.8859 1.4333 0.0000
vt 1.0555 1.4076 0.0000
vt 0.8776 1.4577 0.0000
vt 1.0324 1.3991 0.0000
vt 0.8541 1.4664 0.0000
vt 1.0092 1.4076 0.0000
vt 0.8305 1.4577 0.0000
vt 1.0078 1.4569 0.0000
vt 0.9989 1.4316 0.0000
vt 0.8200 1.4333 0.0000
vt 0.8291 1.4076 0.0000
vt 1.0324 1.4661 0.0000
vt 0.8541 1.3982 0.0000
vt 1.0569 1.4569 0.0000
vt 0.8790 1.4076 0.0000
vt 1.0659 1.4316 0.0000
vt 0.8881 1.4333 0.0000
vt 1.0569 1.4062 0.0000
vt 0.8790 1.4591 0.0000
vt 1.0324 1.3970 0.0000
vt 0.8541 1.4685 0.0000
vt 1.0078 1.4062 0.0000
vt 0.8291 1.4591 0.0000
vt -1.4488 2.5926 0.0000
vt -1.4743 2.5926 0.0000
vt -1.4232 2.5926 0.0000
vt -1.2162 2.6124 0.0000
vt -1.2410 2.6124 0.0000
vt -1.1914 2.6124 0.0000
vt -1.2931 2.5946 0.0000
vt -1.3187 2.5946 0.0000
vt -1.2676 2.5946 0.0000
vt -1.3717 2.5911 0.0000
vt -1.3470 2.5911 0.0000
vt -1.3965 2.5911 0.0000
vt -1.4488 2.6476 0.0000
vt -1.4488 2.6510 0.0000
vt -1.4741 2.6510 0.0000
vt -1.4741 2.6476 0.0000
vt -1.4234 2.6510 0.0000
vt -1.4234 2.6476 0.0000
vt -1.2162 2.6707 0.0000
vt -1.2408 2.6707 0.0000
vt -1.2408 2.6673 0.0000
vt -1.2162 2.6673 0.0000
vt -1.1916 2.6707 0.0000
vt -1.1916 2.6673 0.0000
vt -1.2931 2.6529 0.0000
vt -1.3185 2.6529 0.0000
vt -1.3185 2.6495 0.0000
vt -1.2931 2.6495 0.0000
vt -1.2678 2.6529 0.0000
vt -1.2678 2.6495 0.0000
vt -1.3717 2.5328 0.0000
vt -1.3472 2.5328 0.0000
vt -1.3472 2.5362 0.0000
vt -1.3717 2.5362 0.0000
vt -1.3963 2.5328 0.0000
vt -1.3963 2.5362 0.0000
vt -1.5122 -1.6687 0.0000
vt -1.5122 -1.6707 0.0000
vt -1.4920 -1.6707 0.0000
vt -1.4920 -1.6687 0.0000
vt -1.3659 0.3438 0.0000
vt -1.3868 0.3438 0.0000
vt -1.3868 0.3418 0.0000
vt -1.3659 0.3418 0.0000
vt -1.3448 0.3438 0.0000
vt -1.3448 0.3418 0.0000
vt -1.2501 0.3438 0.0000
vt -1.2703 0.3438 0.0000
vt -1.2703 0.3418 0.0000
vt -1.2501 0.3418 0.0000
vt -1.2300 0.3438 0.0000
vt -1.2300 0.3418 0.0000
vt -1.1247 0.3438 0.0000
vt -1.1458 0.3438 0.0000
vt -1.1458 0.3418 0.0000
vt -1.1247 0.3418 0.0000
vt -1.1038 0.3438 0.0000
vt -1.1037 0.3418 0.0000
vt -1.4719 -1.6707 0.0000
vt -1.4719 -1.6687 0.0000
# 3209 texture coords

o lamp11
g lamp11
usemtl lambert7
s off
f 1/1/1 2/2/1 3/3/1 
f 3/3/1 4/4/1 1/1/1 
f 5/5/2 6/6/2 7/7/2 
f 7/7/2 8/8/2 5/5/2 
f 9/9/3 10/10/3 11/11/3 
f 11/11/3 12/12/3 9/9/3 
f 13/13/4 14/14/4 15/15/4 
f 15/15/4 16/16/4 13/13/4 
f 17/17/5 18/18/5 19/19/5 
f 19/19/5 20/20/5 17/17/5 
f 21/21/6 22/22/6 23/23/6 
f 23/23/6 24/24/6 21/21/6 
f 25/25/2 26/26/2 27/27/2 
f 27/27/2 28/28/2 25/25/2 
f 26/26/2 29/29/2 30/30/2 
f 30/30/2 27/27/2 26/26/2 
f 29/29/2 31/31/2 32/32/2 
f 32/32/2 30/30/2 29/29/2 
f 31/31/2 25/25/2 28/28/2 
f 28/28/2 32/32/2 31/31/2 
f 8/33/7 7/34/7 26/35/7 
f 26/35/7 25/36/7 8/33/7 
f 7/37/8 6/38/8 29/39/8 
f 29/39/8 26/40/8 7/37/8 
f 6/41/9 5/42/9 31/43/9 
f 31/43/9 29/44/9 6/41/9 
f 5/45/10 8/46/10 25/47/10 
f 25/47/10 31/48/10 5/45/10 
f 33/49/11 34/50/12 35/51/13 
f 35/51/13 36/52/14 33/49/11 
f 34/50/12 37/53/15 27/54/16 
f 27/54/16 35/51/13 34/50/12 
f 37/53/15 38/55/17 28/56/18 
f 28/56/18 27/54/16 37/53/15 
f 28/56/18 38/55/17 33/49/11 
f 33/49/11 36/52/14 28/56/18 
f 39/57/19 40/58/20 30/59/21 
f 30/59/21 32/60/22 39/57/19 
f 30/59/21 40/58/20 41/61/23 
f 41/61/23 42/62/24 30/59/21 
f 41/61/23 43/63/25 44/64/26 
f 44/64/26 42/62/24 41/61/23 
f 43/63/25 39/57/19 32/60/22 
f 32/60/22 44/64/26 43/63/25 
f 45/65/27 46/66/28 42/67/29 
f 42/67/29 35/68/30 45/65/27 
f 46/66/28 47/69/31 30/70/32 
f 30/70/32 42/67/29 46/66/28 
f 47/69/31 48/71/33 27/72/34 
f 27/72/34 30/70/32 47/69/31 
f 27/72/34 48/71/33 45/65/27 
f 45/65/27 35/68/30 27/72/34 
f 49/73/35 50/74/36 36/75/37 
f 36/75/37 44/76/38 49/73/35 
f 50/74/36 51/77/39 28/78/40 
f 28/78/40 36/75/37 50/74/36 
f 51/77/39 52/79/41 32/80/42 
f 32/80/42 28/78/40 51/77/39 
f 32/80/42 52/79/41 49/73/35 
f 49/73/35 44/76/38 32/80/42 
f 53/81/4 54/82/4 34/83/4 
f 34/83/4 33/84/4 53/81/4 
f 34/85/43 54/86/43 55/87/43 
f 55/87/43 37/88/43 34/85/43 
f 55/89/2 56/90/2 38/91/2 
f 38/91/2 37/92/2 55/89/2 
f 56/93/44 53/94/44 33/95/44 
f 33/95/44 38/96/44 56/93/44 
f 57/97/2 58/98/2 40/99/2 
f 40/99/2 39/100/2 57/97/2 
f 58/101/45 59/102/45 41/103/45 
f 41/103/45 40/104/45 58/101/45 
f 59/105/4 60/106/4 43/107/4 
f 43/107/4 41/108/4 59/105/4 
f 43/109/46 60/110/46 57/111/46 
f 57/111/46 39/112/46 43/109/46 
f 61/113/4 62/114/4 46/115/4 
f 46/115/4 45/116/4 61/113/4 
f 46/117/47 62/118/47 63/119/47 
f 63/119/47 47/120/47 46/117/47 
f 63/121/2 64/122/2 48/123/2 
f 48/123/2 47/124/2 63/121/2 
f 64/125/48 61/126/48 45/127/48 
f 45/127/48 48/128/48 64/125/48 
f 65/129/49 66/130/49 50/131/49 
f 50/131/49 49/132/49 65/129/49 
f 50/133/48 66/134/48 67/135/48 
f 67/135/48 51/136/48 50/133/48 
f 67/137/2 68/138/2 52/139/2 
f 52/139/2 51/140/2 67/137/2 
f 68/141/47 65/142/47 49/143/47 
f 49/143/47 52/144/47 68/141/47 
f 69/145/50 70/146/51 54/147/52 
f 54/147/52 53/148/53 69/145/50 
f 70/146/51 71/149/54 55/150/55 
f 55/150/55 54/147/52 70/146/51 
f 71/149/54 72/151/56 56/152/57 
f 56/152/57 55/150/55 71/149/54 
f 56/152/57 72/151/56 69/145/50 
f 69/145/50 53/148/53 56/152/57 
f 73/153/58 74/154/59 58/155/60 
f 58/155/60 57/156/61 73/153/58 
f 58/155/60 74/154/59 75/157/62 
f 75/157/62 59/158/63 58/155/60 
f 75/157/62 76/159/64 60/160/65 
f 60/160/65 59/158/63 75/157/62 
f 76/159/64 73/153/58 57/156/61 
f 57/156/61 60/160/65 76/159/64 
f 77/161/66 78/162/67 62/163/68 
f 62/163/68 61/164/69 77/161/66 
f 78/162/67 79/165/70 63/166/71 
f 63/166/71 62/163/68 78/162/67 
f 79/165/70 80/167/72 64/168/73 
f 64/168/73 63/166/71 79/165/70 
f 64/168/73 80/167/72 77/161/66 
f 77/161/66 61/164/69 64/168/73 
f 81/169/74 82/170/75 66/171/76 
f 66/171/76 65/172/77 81/169/74 
f 82/170/75 83/173/78 67/174/79 
f 67/174/79 66/171/76 82/170/75 
f 83/173/78 84/175/80 68/176/81 
f 68/176/81 67/174/79 83/173/78 
f 68/176/81 84/175/80 81/169/74 
f 81/169/74 65/172/77 68/176/81 
f 4/177/2 3/178/2 70/179/2 
f 70/179/2 69/180/2 4/177/2 
f 3/181/82 2/182/82 71/183/82 
f 71/183/82 70/184/82 3/181/82 
f 2/185/4 1/186/4 72/187/4 
f 72/187/4 71/188/4 2/185/4 
f 72/189/83 1/190/83 4/191/83 
f 4/191/83 69/192/83 72/189/83 
f 12/193/4 11/194/4 74/195/4 
f 74/195/4 73/196/4 12/193/4 
f 74/197/82 11/198/82 10/199/82 
f 10/199/82 75/200/82 74/197/82 
f 10/201/2 9/202/2 76/203/2 
f 76/203/2 75/204/2 10/201/2 
f 9/205/83 12/206/83 73/207/83 
f 73/207/83 76/208/83 9/205/83 
f 20/209/2 19/210/2 78/211/2 
f 78/211/2 77/212/2 20/209/2 
f 19/213/84 18/214/84 79/215/84 
f 79/215/84 78/216/84 19/213/84 
f 18/217/4 17/218/4 80/219/4 
f 80/219/4 79/220/4 18/217/4 
f 80/221/85 17/222/85 20/223/85 
f 20/223/85 77/224/85 80/221/85 
f 24/225/2 23/226/2 82/227/2 
f 82/227/2 81/228/2 24/225/2 
f 23/229/85 22/230/85 83/231/85 
f 83/231/85 82/232/85 23/229/85 
f 22/233/4 21/234/4 84/235/4 
f 84/235/4 83/236/4 22/233/4 
f 84/237/84 21/238/84 24/239/84 
f 24/239/84 81/240/84 84/237/84 
f 85/241/2 86/242/2 42/243/2 
f 42/243/2 44/244/2 85/241/2 
f 86/242/2 87/245/2 35/246/2 
f 35/246/2 42/243/2 86/242/2 
f 87/245/2 88/247/2 36/248/2 
f 36/248/2 35/246/2 87/245/2 
f 88/247/2 85/241/2 44/244/2 
f 44/244/2 36/248/2 88/247/2 
f 16/249/86 15/250/86 86/251/86 
f 86/251/86 85/252/86 16/249/86 
f 15/253/87 14/254/87 87/255/87 
f 87/255/87 86/256/87 15/253/87 
f 14/257/88 13/258/88 88/259/88 
f 88/259/88 87/260/88 14/257/88 
f 13/261/89 16/262/89 85/263/89 
f 85/263/89 88/264/89 13/261/89 
usemtl blinn4
f 89/265/90 90/266/91 91/267/92 
f 91/267/92 92/268/93 89/265/90 
f 92/268/93 91/267/92 93/269/94 
f 93/269/94 94/270/95 92/268/93 
f 95/271/96 96/272/97 97/273/98 
f 97/273/98 98/274/99 95/271/96 
f 99/275/100 100/276/101 97/273/98 
f 97/273/98 96/272/97 99/275/100 
f 97/273/98 100/276/101 101/277/102 
f 101/277/102 102/278/103 97/273/98 
f 97/273/98 102/278/103 103/279/104 
f 103/279/104 98/274/99 97/273/98 
f 104/280/105 105/281/106 106/282/107 
f 106/282/107 107/283/108 104/280/105 
f 108/284/109 109/285/110 105/281/106 
f 105/281/106 104/280/105 108/284/109 
f 109/286/110 108/287/109 110/288/111 
f 110/288/111 111/289/112 109/286/110 
f 111/289/112 110/288/111 90/290/91 
f 90/290/91 89/291/90 111/289/112 
f 94/292/95 93/293/94 112/294/113 
f 112/294/113 113/295/114 94/292/95 
f 113/295/114 112/294/113 107/296/108 
f 107/296/108 106/297/107 113/295/114 
f 114/298/115 115/299/116 116/300/117 
f 116/300/117 117/301/118 114/298/115 
f 114/298/115 118/302/119 119/303/120 
f 119/303/120 115/299/116 114/298/115 
f 119/303/120 120/304/121 121/305/122 
f 121/305/122 115/299/116 119/303/120 
f 115/299/116 121/305/122 122/306/123 
f 122/306/123 116/300/117 115/299/116 
f 123/307/124 124/308/125 119/309/120 
f 119/309/120 118/310/119 123/307/124 
f 123/307/124 125/311/126 126/312/127 
f 126/312/127 124/308/125 123/307/124 
f 124/308/125 126/312/127 127/313/128 
f 127/313/128 128/314/129 124/308/125 
f 124/308/125 128/314/129 120/315/121 
f 120/315/121 119/309/120 124/308/125 
f 129/316/130 130/317/131 126/318/127 
f 126/318/127 125/319/126 129/316/130 
f 129/316/130 131/320/132 132/321/133 
f 132/321/133 130/317/131 129/316/130 
f 132/321/133 133/322/134 134/323/135 
f 134/323/135 130/317/131 132/321/133 
f 130/317/131 134/323/135 127/324/128 
f 127/324/128 126/318/127 130/317/131 
f 135/325/136 136/326/137 132/327/133 
f 132/327/133 131/328/132 135/325/136 
f 135/325/136 117/329/118 116/330/117 
f 116/330/117 136/326/137 135/325/136 
f 136/326/137 116/330/117 122/331/123 
f 122/331/123 137/332/138 136/326/137 
f 136/326/137 137/332/138 133/333/134 
f 133/333/134 132/327/133 136/326/137 
f 121/305/122 138/334/139 139/335/140 
f 139/335/140 122/306/123 121/305/122 
f 120/304/121 140/336/141 138/334/139 
f 138/334/139 121/305/122 120/304/121 
f 140/336/141 141/337/142 142/338/143 
f 142/338/143 138/334/139 140/336/141 
f 138/334/139 142/338/143 143/339/144 
f 143/339/144 139/335/140 138/334/139 
f 128/314/129 144/340/145 140/341/141 
f 140/341/141 120/315/121 128/314/129 
f 128/314/129 127/313/128 145/342/146 
f 145/342/146 144/340/145 128/314/129 
f 144/340/145 145/342/146 146/343/147 
f 146/343/147 147/344/148 144/340/145 
f 144/340/145 147/344/148 141/345/142 
f 141/345/142 140/341/141 144/340/145 
f 134/323/135 148/346/149 145/347/146 
f 145/347/146 127/324/128 134/323/135 
f 133/322/134 149/348/150 148/346/149 
f 148/346/149 134/323/135 133/322/134 
f 149/348/150 150/349/151 151/350/152 
f 151/350/152 148/346/149 149/348/150 
f 148/346/149 151/350/152 146/351/147 
f 146/351/147 145/347/146 148/346/149 
f 137/332/138 152/352/153 149/353/150 
f 149/353/150 133/333/134 137/332/138 
f 137/332/138 122/331/123 139/354/140 
f 139/354/140 152/352/153 137/332/138 
f 152/352/153 139/354/140 143/355/144 
f 143/355/144 153/356/154 152/352/153 
f 152/352/153 153/356/154 150/357/151 
f 150/357/151 149/353/150 152/352/153 
f 142/338/143 154/358/155 155/359/156 
f 155/359/156 143/339/144 142/338/143 
f 141/337/142 156/360/157 154/358/155 
f 154/358/155 142/338/143 141/337/142 
f 154/358/155 156/360/157 157/361/158 
f 157/361/158 158/362/159 154/358/155 
f 154/358/155 158/362/159 159/363/160 
f 159/363/160 155/359/156 154/358/155 
f 147/344/148 160/364/161 156/365/157 
f 156/365/157 141/345/142 147/344/148 
f 147/344/148 146/343/147 161/366/162 
f 161/366/162 160/364/161 147/344/148 
f 160/364/161 161/366/162 162/367/163 
f 162/367/163 163/368/164 160/364/161 
f 160/364/161 163/368/164 157/369/158 
f 157/369/158 156/365/157 160/364/161 
f 151/350/152 164/370/165 161/371/162 
f 161/371/162 146/351/147 151/350/152 
f 150/349/151 165/372/166 164/370/165 
f 164/370/165 151/350/152 150/349/151 
f 164/370/165 165/372/166 166/373/167 
f 166/373/167 167/374/168 164/370/165 
f 164/370/165 167/374/168 162/375/163 
f 162/375/163 161/371/162 164/370/165 
f 153/356/154 168/376/169 165/377/166 
f 165/377/166 150/357/151 153/356/154 
f 153/356/154 143/355/144 155/378/156 
f 155/378/156 168/376/169 153/356/154 
f 168/376/169 155/378/156 159/379/160 
f 159/379/160 169/380/170 168/376/169 
f 168/376/169 169/380/170 166/381/167 
f 166/381/167 165/377/166 168/376/169 
f 170/382/171 171/383/172 172/384/173 
f 172/384/173 173/385/174 170/382/171 
f 174/386/175 175/387/176 172/384/173 
f 172/384/173 171/383/172 174/386/175 
f 175/387/176 176/388/177 177/389/178 
f 177/389/178 172/384/173 175/387/176 
f 173/385/174 172/384/173 177/389/178 
f 177/389/178 178/390/179 173/385/174 
f 174/391/175 179/392/180 180/393/181 
f 180/393/181 175/394/176 174/391/175 
f 181/395/182 182/396/183 180/393/181 
f 180/393/181 179/392/180 181/395/182 
f 182/396/183 183/397/184 184/398/185 
f 184/398/185 180/393/181 182/396/183 
f 175/394/176 180/393/181 184/398/185 
f 184/398/185 176/399/177 175/394/176 
f 181/400/182 185/401/186 186/402/187 
f 186/402/187 182/403/183 181/400/182 
f 187/404/188 188/405/189 186/402/187 
f 186/402/187 185/401/186 187/404/188 
f 188/405/189 189/406/190 190/407/191 
f 190/407/191 186/402/187 188/405/189 
f 182/403/183 186/402/187 190/407/191 
f 190/407/191 183/408/184 182/403/183 
f 187/409/188 191/410/192 192/411/193 
f 192/411/193 188/412/189 187/409/188 
f 170/413/171 173/414/174 192/411/193 
f 192/411/193 191/410/192 170/413/171 
f 173/414/174 178/415/179 193/416/194 
f 193/416/194 192/411/193 173/414/174 
f 188/412/189 192/411/193 193/416/194 
f 193/416/194 189/417/190 188/412/189 
f 178/390/179 177/389/178 194/418/195 
f 194/418/195 195/419/196 178/390/179 
f 176/388/177 196/420/197 194/418/195 
f 194/418/195 177/389/178 176/388/177 
f 196/420/197 197/421/198 198/422/199 
f 198/422/199 194/418/195 196/420/197 
f 194/418/195 198/422/199 199/423/200 
f 199/423/200 195/419/196 194/418/195 
f 176/399/177 184/398/185 200/424/201 
f 200/424/201 196/425/197 176/399/177 
f 183/397/184 201/426/202 200/424/201 
f 200/424/201 184/398/185 183/397/184 
f 201/426/202 202/427/203 203/428/204 
f 203/428/204 200/424/201 201/426/202 
f 200/424/201 203/428/204 197/429/198 
f 197/429/198 196/425/197 200/424/201 
f 183/408/184 190/407/191 204/430/205 
f 204/430/205 201/431/202 183/408/184 
f 189/406/190 205/432/206 204/430/205 
f 204/430/205 190/407/191 189/406/190 
f 205/432/206 206/433/207 207/434/208 
f 207/434/208 204/430/205 205/432/206 
f 204/430/205 207/434/208 202/435/203 
f 202/435/203 201/431/202 204/430/205 
f 189/417/190 193/416/194 208/436/209 
f 208/436/209 205/437/206 189/417/190 
f 178/415/179 195/438/196 208/436/209 
f 208/436/209 193/416/194 178/415/179 
f 195/438/196 199/439/200 209/440/210 
f 209/440/210 208/436/209 195/438/196 
f 208/436/209 209/440/210 206/441/207 
f 206/441/207 205/437/206 208/436/209 
f 198/422/199 210/442/211 211/443/212 
f 211/443/212 199/423/200 198/422/199 
f 198/422/199 197/421/198 212/444/213 
f 212/444/213 210/442/211 198/422/199 
f 210/442/211 212/444/213 213/445/214 
f 213/445/214 214/446/215 210/442/211 
f 210/442/211 214/446/215 215/447/216 
f 215/447/216 211/443/212 210/442/211 
f 203/428/204 216/448/217 212/449/213 
f 212/449/213 197/429/198 203/428/204 
f 203/428/204 202/427/203 217/450/218 
f 217/450/218 216/448/217 203/428/204 
f 216/448/217 217/450/218 218/451/219 
f 218/451/219 219/452/220 216/448/217 
f 216/448/217 219/452/220 213/453/214 
f 213/453/214 212/449/213 216/448/217 
f 207/434/208 220/454/221 217/455/218 
f 217/455/218 202/435/203 207/434/208 
f 207/434/208 206/433/207 221/456/222 
f 221/456/222 220/454/221 207/434/208 
f 220/454/221 221/456/222 222/457/223 
f 222/457/223 223/458/224 220/454/221 
f 220/454/221 223/458/224 218/459/219 
f 218/459/219 217/455/218 220/454/221 
f 209/440/210 224/460/225 221/461/222 
f 221/461/222 206/441/207 209/440/210 
f 209/440/210 199/439/200 211/462/212 
f 211/462/212 224/460/225 209/440/210 
f 224/460/225 211/462/212 215/463/216 
f 215/463/216 225/464/226 224/460/225 
f 224/460/225 225/464/226 222/465/223 
f 222/465/223 221/461/222 224/460/225 
f 214/446/215 226/466/227 227/467/228 
f 227/467/228 215/447/216 214/446/215 
f 214/446/215 213/445/214 228/468/229 
f 228/468/229 226/466/227 214/446/215 
f 229/469/230 230/470/231 231/471/232 
f 231/471/232 232/472/233 229/469/230 
f 232/472/233 231/471/232 233/473/234 
f 233/473/234 234/474/235 232/472/233 
f 219/452/220 235/475/236 228/476/229 
f 228/476/229 213/453/214 219/452/220 
f 219/452/220 218/451/219 236/477/237 
f 236/477/237 235/475/236 219/452/220 
f 237/478/238 238/479/239 239/480/240 
f 239/480/240 240/481/241 237/478/238 
f 240/481/241 239/480/240 230/482/231 
f 230/482/231 229/483/230 240/481/241 
f 223/458/224 241/484/242 236/485/237 
f 236/485/237 218/459/219 223/458/224 
f 223/458/224 222/457/223 242/486/243 
f 242/486/243 241/484/242 223/458/224 
f 243/487/244 244/488/245 245/489/246 
f 245/489/246 246/490/247 243/487/244 
f 246/490/247 245/489/246 238/491/239 
f 238/491/239 237/492/238 246/490/247 
f 225/464/226 247/493/248 242/494/243 
f 242/494/243 222/465/223 225/464/226 
f 225/464/226 215/463/216 227/495/228 
f 227/495/228 247/493/248 225/464/226 
f 234/496/235 233/497/234 248/498/249 
f 248/498/249 249/499/250 234/496/235 
f 249/499/250 248/498/249 244/500/245 
f 244/500/245 243/501/244 249/499/250 
f 250/502/251 251/503/252 252/504/253 
f 252/504/253 253/505/254 250/502/251 
f 250/502/251 254/506/255 255/507/256 
f 255/507/256 251/503/252 250/502/251 
f 255/507/256 256/508/257 257/509/258 
f 257/509/258 251/503/252 255/507/256 
f 251/503/252 257/509/258 258/510/259 
f 258/510/259 252/504/253 251/503/252 
f 259/511/260 260/512/261 255/513/256 
f 255/513/256 254/514/255 259/511/260 
f 259/511/260 261/515/262 262/516/263 
f 262/516/263 260/512/261 259/511/260 
f 262/516/263 263/517/264 264/518/265 
f 264/518/265 260/512/261 262/516/263 
f 255/513/256 260/512/261 264/518/265 
f 264/518/265 256/519/257 255/513/256 
f 265/520/266 266/521/267 262/522/263 
f 262/522/263 261/523/262 265/520/266 
f 265/520/266 267/524/268 268/525/269 
f 268/525/269 266/521/267 265/520/266 
f 268/525/269 269/526/270 270/527/271 
f 270/527/271 266/521/267 268/525/269 
f 266/521/267 270/527/271 263/528/264 
f 263/528/264 262/522/263 266/521/267 
f 271/529/272 272/530/273 268/531/269 
f 268/531/269 267/532/268 271/529/272 
f 271/529/272 253/533/254 252/534/253 
f 252/534/253 272/530/273 271/529/272 
f 252/534/253 258/535/259 273/536/274 
f 273/536/274 272/530/273 252/534/253 
f 268/531/269 272/530/273 273/536/274 
f 273/536/274 269/537/270 268/531/269 
f 258/510/259 257/509/258 274/538/275 
f 274/538/275 275/539/276 258/510/259 
f 256/508/257 276/540/277 274/538/275 
f 274/538/275 257/509/258 256/508/257 
f 277/541/278 278/542/279 279/543/280 
f 279/543/280 280/544/281 277/541/278 
f 280/544/281 279/543/280 281/545/282 
f 281/545/282 282/546/283 280/544/281 
f 256/519/257 264/518/265 283/547/284 
f 283/547/284 276/548/277 256/519/257 
f 263/517/264 284/549/285 283/547/284 
f 283/547/284 264/518/265 263/517/264 
f 285/550/286 286/551/287 287/552/288 
f 287/552/288 288/553/289 285/550/286 
f 288/553/289 287/552/288 278/554/279 
f 278/554/279 277/555/278 288/553/289 
f 263/528/264 270/527/271 289/556/290 
f 289/556/290 284/557/285 263/528/264 
f 269/526/270 290/558/291 289/556/290 
f 289/556/290 270/527/271 269/526/270 
f 291/559/292 292/560/293 293/561/294 
f 293/561/294 294/562/295 291/559/292 
f 294/562/295 293/561/294 286/563/287 
f 286/563/287 285/564/286 294/562/295 
f 269/537/270 273/536/274 295/565/296 
f 295/565/296 290/566/291 269/537/270 
f 258/535/259 275/567/276 295/565/296 
f 295/565/296 273/536/274 258/535/259 
f 282/568/283 281/569/282 296/570/297 
f 296/570/297 297/571/298 282/568/283 
f 297/571/298 296/570/297 292/572/293 
f 292/572/293 291/573/292 297/571/298 
f 298/574/299 299/575/300 300/576/301 
f 300/576/301 301/577/302 298/574/299 
f 302/578/303 303/579/304 299/575/300 
f 299/575/300 298/574/299 302/578/303 
f 299/575/300 303/579/304 304/580/305 
f 304/580/305 305/581/306 299/575/300 
f 299/575/300 305/581/306 306/582/307 
f 306/582/307 300/576/301 299/575/300 
f 307/583/308 308/584/309 303/585/304 
f 303/585/304 302/586/303 307/583/308 
f 309/587/310 310/588/311 308/584/309 
f 308/584/309 307/583/308 309/587/310 
f 308/584/309 310/588/311 311/589/312 
f 311/589/312 312/590/313 308/584/309 
f 308/584/309 312/590/313 304/591/305 
f 304/591/305 303/585/304 308/584/309 
f 313/592/314 314/593/315 310/594/311 
f 310/594/311 309/595/310 313/592/314 
f 315/596/316 316/597/317 314/593/315 
f 314/593/315 313/592/314 315/596/316 
f 314/593/315 316/597/317 317/598/318 
f 317/598/318 318/599/319 314/593/315 
f 314/593/315 318/599/319 311/600/312 
f 311/600/312 310/594/311 314/593/315 
f 315/601/316 319/602/320 320/603/321 
f 320/603/321 316/604/317 315/601/316 
f 301/605/302 300/606/301 320/603/321 
f 320/603/321 319/602/320 301/605/302 
f 320/603/321 300/606/301 306/607/307 
f 306/607/307 321/608/322 320/603/321 
f 320/603/321 321/608/322 317/609/318 
f 317/609/318 316/604/317 320/603/321 
f 322/610/323 323/611/324 324/612/325 
f 324/612/325 325/613/326 322/610/323 
f 326/614/327 327/615/328 323/611/324 
f 323/611/324 322/610/323 326/614/327 
f 328/616/329 329/617/330 330/618/331 
f 330/618/331 331/619/332 328/616/329 
f 328/616/329 331/619/332 332/620/333 
f 332/620/333 333/621/334 328/616/329 
f 334/622/335 335/623/336 327/624/328 
f 327/624/328 326/625/327 334/622/335 
f 336/626/337 337/627/338 335/623/336 
f 335/623/336 334/622/335 336/626/337 
f 338/628/339 339/629/340 340/630/341 
f 340/630/341 341/631/342 338/628/339 
f 338/628/339 341/631/342 330/632/331 
f 330/632/331 329/633/330 338/628/339 
f 342/634/343 343/635/344 337/636/338 
f 337/636/338 336/637/337 342/634/343 
f 344/638/345 345/639/346 343/635/344 
f 343/635/344 342/634/343 344/638/345 
f 346/640/347 347/641/348 348/642/349 
f 348/642/349 349/643/350 346/640/347 
f 346/640/347 349/643/350 340/644/341 
f 340/644/341 339/645/340 346/640/347 
f 350/646/351 351/647/352 345/648/346 
f 345/648/346 344/649/345 350/646/351 
f 325/650/326 324/651/325 351/647/352 
f 351/647/352 350/646/351 325/650/326 
f 352/652/353 333/653/334 332/654/333 
f 332/654/333 353/655/354 352/652/353 
f 352/652/353 353/655/354 348/656/349 
f 348/656/349 347/657/348 352/652/353 
f 331/658/332 354/659/355 355/660/356 
f 355/660/356 332/661/333 331/658/332 
f 331/658/332 330/662/331 356/663/357 
f 356/663/357 354/659/355 331/658/332 
f 357/664/358 358/665/359 359/666/360 
f 359/666/360 360/667/361 357/664/358 
f 360/667/361 359/666/360 361/668/362 
f 361/668/362 362/669/363 360/667/361 
f 341/631/342 363/670/364 356/671/357 
f 356/671/357 330/632/331 341/631/342 
f 341/631/342 340/630/341 364/672/365 
f 364/672/365 363/670/364 341/631/342 
f 365/673/366 366/674/367 367/675/368 
f 367/675/368 368/676/369 365/673/366 
f 368/676/369 367/675/368 358/677/359 
f 358/677/359 357/678/358 368/676/369 
f 349/679/350 369/680/370 364/681/365 
f 364/681/365 340/682/341 349/679/350 
f 349/679/350 348/683/349 370/684/371 
f 370/684/371 369/680/370 349/679/350 
f 371/685/372 372/686/373 373/687/374 
f 373/687/374 374/688/375 371/685/372 
f 374/688/375 373/687/374 366/689/367 
f 366/689/367 365/690/366 374/688/375 
f 353/655/354 375/691/376 370/692/371 
f 370/692/371 348/656/349 353/655/354 
f 353/655/354 332/654/333 355/693/356 
f 355/693/356 375/691/376 353/655/354 
f 362/694/363 361/695/362 376/696/377 
f 376/696/377 377/697/378 362/694/363 
f 377/697/378 376/696/377 372/698/373 
f 372/698/373 371/699/372 377/697/378 
f 378/700/379 379/701/380 380/702/381 
f 380/702/381 381/703/382 378/700/379 
f 382/704/383 383/705/384 379/701/380 
f 379/701/380 378/700/379 382/704/383 
f 382/706/383 384/707/385 385/708/386 
f 385/708/386 383/709/384 382/706/383 
f 386/710/387 387/711/388 385/708/386 
f 385/708/386 384/707/385 386/710/387 
f 386/712/387 388/713/389 389/714/390 
f 389/714/390 387/715/388 386/712/387 
f 390/716/391 391/717/392 389/714/390 
f 389/714/390 388/713/389 390/716/391 
f 390/718/391 392/719/393 393/720/394 
f 393/720/394 391/721/392 390/718/391 
f 381/722/382 380/723/381 393/720/394 
f 393/720/394 392/719/393 381/722/382 
f 379/701/380 394/724/395 395/725/396 
f 395/725/396 380/702/381 379/701/380 
f 383/705/384 396/726/397 394/724/395 
f 394/724/395 379/701/380 383/705/384 
f 397/727/398 398/728/399 399/729/400 
f 399/729/400 400/730/401 397/727/398 
f 399/729/400 398/728/399 401/731/402 
f 401/731/402 402/732/403 399/729/400 
f 385/708/386 403/733/404 396/734/397 
f 396/734/397 383/709/384 385/708/386 
f 387/711/388 404/735/405 403/733/404 
f 403/733/404 385/708/386 387/711/388 
f 405/736/406 406/737/407 407/738/408 
f 407/738/408 408/739/409 405/736/406 
f 408/739/409 407/738/408 397/740/398 
f 397/740/398 400/741/401 408/739/409 
f 389/714/390 409/742/410 404/743/405 
f 404/743/405 387/715/388 389/714/390 
f 391/717/392 410/744/411 409/742/410 
f 409/742/410 389/714/390 391/717/392 
f 411/745/412 412/746/413 413/747/414 
f 413/747/414 414/748/415 411/745/412 
f 414/748/415 413/747/414 406/749/407 
f 406/749/407 405/750/406 414/748/415 
f 393/720/394 415/751/416 410/752/411 
f 410/752/411 391/721/392 393/720/394 
f 380/723/381 395/753/396 415/751/416 
f 415/751/416 393/720/394 380/723/381 
f 402/754/403 401/755/402 416/756/417 
f 416/756/417 417/757/418 402/754/403 
f 417/757/418 416/756/417 412/758/413 
f 412/758/413 411/759/412 417/757/418 
f 418/760/419 419/761/420 420/762/421 
f 420/762/421 421/763/422 418/760/419 
f 422/764/423 423/765/424 419/761/420 
f 419/761/420 418/760/419 422/764/423 
f 424/766/425 425/767/426 426/768/427 
f 426/768/427 427/769/428 424/766/425 
f 427/769/428 426/768/427 428/770/429 
f 428/770/429 429/771/430 427/769/428 
f 422/772/423 430/773/431 431/774/432 
f 431/774/432 423/775/424 422/772/423 
f 432/776/433 433/777/434 431/774/432 
f 431/774/432 430/773/431 432/776/433 
f 434/778/435 435/779/436 436/780/437 
f 436/780/437 437/781/438 434/778/435 
f 437/781/438 436/780/437 425/782/426 
f 425/782/426 424/783/425 437/781/438 
f 438/784/439 439/785/440 433/786/434 
f 433/786/434 432/787/433 438/784/439 
f 440/788/441 441/789/442 439/785/440 
f 439/785/440 438/784/439 440/788/441 
f 442/790/443 443/791/444 444/792/445 
f 444/792/445 445/793/446 442/790/443 
f 445/793/446 444/792/445 435/794/436 
f 435/794/436 434/795/435 445/793/446 
f 440/796/441 446/797/447 447/798/448 
f 447/798/448 441/799/442 440/796/441 
f 421/800/422 420/801/421 447/798/448 
f 447/798/448 446/797/447 421/800/422 
f 429/802/430 428/803/429 448/804/449 
f 448/804/449 449/805/449 429/802/430 
f 449/805/449 448/804/449 443/806/444 
f 443/806/444 442/807/443 449/805/449 
f 450/808/450 451/809/451 452/810/452 
f 452/810/452 453/811/453 450/808/450 
f 454/812/454 455/813/455 451/809/451 
f 451/809/451 450/808/450 454/812/454 
f 456/814/456 457/815/457 458/816/458 
f 458/816/458 459/817/459 456/814/456 
f 459/817/459 458/816/458 460/818/460 
f 460/818/460 461/819/461 459/817/459 
f 462/820/462 463/821/463 455/822/455 
f 455/822/455 454/823/454 462/820/462 
f 464/824/464 465/825/465 463/821/463 
f 463/821/463 462/820/462 464/824/464 
f 466/826/466 467/827/467 468/828/468 
f 468/828/468 469/829/469 466/826/466 
f 466/826/466 469/829/469 457/830/457 
f 457/830/457 456/831/456 466/826/466 
f 470/832/470 471/833/471 465/834/465 
f 465/834/465 464/835/464 470/832/470 
f 472/836/472 473/837/473 471/833/471 
f 471/833/471 470/832/470 472/836/472 
f 474/838/474 475/839/475 476/840/476 
f 476/840/476 477/841/477 474/838/474 
f 477/841/477 476/840/476 468/842/468 
f 468/842/468 467/843/467 477/841/477 
f 478/844/478 479/845/479 473/846/473 
f 473/846/473 472/847/472 478/844/478 
f 453/848/453 452/849/452 479/845/479 
f 479/845/479 478/844/478 453/848/453 
f 480/850/480 461/851/461 460/852/460 
f 460/852/460 481/853/481 480/850/480 
f 480/850/480 481/853/481 475/854/475 
f 475/854/475 474/855/474 480/850/480 
f 458/856/458 482/857/482 483/858/483 
f 483/858/483 460/859/460 458/856/458 
f 458/856/458 457/860/457 484/861/484 
f 484/861/484 482/857/482 458/856/458 
f 485/862/485 486/863/486 487/864/487 
f 487/864/487 488/865/488 485/862/485 
f 485/862/485 488/865/488 489/866/489 
f 489/866/489 490/867/490 485/862/485 
f 469/829/469 491/868/491 484/869/484 
f 484/869/484 457/830/457 469/829/469 
f 469/829/469 468/828/468 492/870/492 
f 492/870/492 491/868/491 469/829/469 
f 493/871/493 494/872/494 495/873/495 
f 495/873/495 496/874/496 493/871/493 
f 493/871/493 496/874/496 487/864/487 
f 487/864/487 486/863/486 493/871/493 
f 476/875/476 497/876/497 492/877/492 
f 492/877/492 468/878/468 476/875/476 
f 476/875/476 475/879/475 498/880/498 
f 498/880/498 497/876/497 476/875/476 
f 499/881/499 500/882/500 501/883/501 
f 501/883/501 502/884/502 499/881/499 
f 499/881/499 502/884/502 495/873/495 
f 495/873/495 494/872/494 499/881/499 
f 481/853/481 503/885/503 498/886/498 
f 498/886/498 475/854/475 481/853/481 
f 481/853/481 460/852/460 483/887/483 
f 483/887/483 503/885/503 481/853/481 
f 504/888/504 490/867/490 489/866/489 
f 489/866/489 505/889/505 504/888/504 
f 504/888/504 505/889/505 501/883/501 
f 501/883/501 500/882/500 504/888/504 
f 488/865/488 506/890/506 507/891/507 
f 507/891/507 489/866/489 488/865/488 
f 488/865/488 487/864/487 508/892/508 
f 508/892/508 506/890/506 488/865/488 
f 506/890/506 508/892/508 509/893/509 
f 509/893/509 510/894/510 506/890/506 
f 506/890/506 510/894/510 511/895/511 
f 511/895/511 507/891/507 506/890/506 
f 496/874/496 512/896/512 508/892/508 
f 508/892/508 487/864/487 496/874/496 
f 496/874/496 495/873/495 513/897/513 
f 513/897/513 512/896/512 496/874/496 
f 512/896/512 513/897/513 514/898/514 
f 514/898/514 515/899/515 512/896/512 
f 512/896/512 515/899/515 509/893/509 
f 509/893/509 508/892/508 512/896/512 
f 502/884/502 516/900/516 513/897/513 
f 513/897/513 495/873/495 502/884/502 
f 502/884/502 501/883/501 517/901/517 
f 517/901/517 516/900/516 502/884/502 
f 516/900/516 517/901/517 518/902/518 
f 518/902/518 519/903/519 516/900/516 
f 516/900/516 519/903/519 514/898/514 
f 514/898/514 513/897/513 516/900/516 
f 505/889/505 520/904/520 517/901/517 
f 517/901/517 501/883/501 505/889/505 
f 505/889/505 489/866/489 507/891/507 
f 507/891/507 520/904/520 505/889/505 
f 520/904/520 507/891/507 511/895/511 
f 511/895/511 521/905/521 520/904/520 
f 520/904/520 521/905/521 518/902/518 
f 518/902/518 517/901/517 520/904/520 
f 510/906/510 522/907/522 523/908/523 
f 523/908/523 511/909/511 510/906/510 
f 509/910/509 524/911/524 522/907/522 
f 522/907/522 510/906/510 509/910/509 
f 524/911/524 525/912/525 526/913/526 
f 526/913/526 522/907/522 524/911/524 
f 523/908/523 522/907/522 526/913/526 
f 526/913/526 527/914/527 523/908/523 
f 509/910/509 515/915/515 528/916/528 
f 528/916/528 524/911/524 509/910/509 
f 514/917/514 529/918/529 528/916/528 
f 528/916/528 515/915/515 514/917/514 
f 529/918/529 530/919/530 531/920/531 
f 531/920/531 528/916/528 529/918/529 
f 528/916/528 531/920/531 525/912/525 
f 525/912/525 524/911/524 528/916/528 
f 514/917/514 519/921/519 532/922/532 
f 532/922/532 529/918/529 514/917/514 
f 518/923/518 533/924/533 532/922/532 
f 532/922/532 519/921/519 518/923/518 
f 533/924/533 534/925/534 535/926/535 
f 535/926/535 532/922/532 533/924/533 
f 532/922/532 535/926/535 530/919/530 
f 530/919/530 529/918/529 532/922/532 
f 518/923/518 521/927/521 536/928/536 
f 536/928/536 533/924/533 518/923/518 
f 511/909/511 523/908/523 536/928/536 
f 536/928/536 521/927/521 511/909/511 
f 523/908/523 527/914/527 537/929/537 
f 537/929/537 536/928/536 523/908/523 
f 533/924/533 536/928/536 537/929/537 
f 537/929/537 534/925/534 533/924/533 
f 526/930/526 538/931/538 539/932/539 
f 539/932/539 527/933/527 526/930/526 
f 526/930/526 525/934/525 540/935/540 
f 540/935/540 538/931/538 526/930/526 
f 540/935/540 541/936/541 542/937/542 
f 542/937/542 538/931/538 540/935/540 
f 539/932/539 538/931/538 542/937/542 
f 542/937/542 543/938/543 539/932/539 
f 531/939/531 544/940/544 540/941/540 
f 540/941/540 525/942/525 531/939/531 
f 530/943/530 545/944/545 544/940/544 
f 544/940/544 531/939/531 530/943/530 
f 545/944/545 546/945/546 547/946/547 
f 547/946/547 544/940/544 545/944/545 
f 540/941/540 544/940/544 547/946/547 
f 547/946/547 541/947/541 540/941/540 
f 535/948/535 548/949/548 545/950/545 
f 545/950/545 530/951/530 535/948/535 
f 535/948/535 534/952/534 549/953/549 
f 549/953/549 548/949/548 535/948/535 
f 549/953/549 550/954/550 551/955/551 
f 551/955/551 548/949/548 549/953/549 
f 545/950/545 548/949/548 551/955/551 
f 551/955/551 546/956/546 545/950/545 
f 537/957/537 552/958/552 549/959/549 
f 549/959/549 534/960/534 537/957/537 
f 527/961/527 539/962/539 552/958/552 
f 552/958/552 537/957/537 527/961/527 
f 539/962/539 543/963/543 553/964/553 
f 553/964/553 552/958/552 539/962/539 
f 549/959/549 552/958/552 553/964/553 
f 553/964/553 550/965/550 549/959/549 
usemtl blinn5
f 554/966/554 555/967/555 556/968/556 
f 556/968/556 557/969/557 554/966/554 
f 558/970/558 559/971/559 556/968/556 
f 556/968/556 555/967/555 558/970/558 
f 560/972/560 561/973/561 562/974/562 
f 562/974/562 563/975/563 560/972/560 
f 564/976/564 563/975/563 562/974/562 
f 562/974/562 565/977/565 564/976/564 
f 558/970/558 566/978/566 567/979/567 
f 567/979/567 559/971/559 558/970/558 
f 568/980/568 569/981/569 567/979/567 
f 567/979/567 566/978/566 568/980/568 
f 570/982/570 571/983/571 572/984/572 
f 572/984/572 573/985/573 570/982/570 
f 560/986/560 573/985/573 572/984/572 
f 572/984/572 561/987/561 560/986/560 
f 568/980/568 574/988/574 575/989/575 
f 575/989/575 569/981/569 568/980/568 
f 576/990/576 577/991/577 575/989/575 
f 575/989/575 574/988/574 576/990/576 
f 578/992/578 579/993/579 580/994/580 
f 580/994/580 581/995/581 578/992/578 
f 570/996/570 581/995/581 580/994/580 
f 580/994/580 571/997/571 570/996/570 
f 576/990/576 582/998/582 583/999/583 
f 583/999/583 577/991/577 576/990/576 
f 554/966/554 557/969/557 583/999/583 
f 583/999/583 582/998/582 554/966/554 
f 564/1000/564 565/1001/565 584/1002/584 
f 584/1002/584 585/1003/585 564/1000/564 
f 578/1004/578 585/1003/585 584/1002/584 
f 584/1002/584 579/1005/579 578/1004/578 
f 565/1006/565 562/1007/562 586/1008/586 
f 586/1008/586 587/1009/587 565/1006/565 
f 561/1010/561 588/1011/588 586/1008/586 
f 586/1008/586 562/1007/562 561/1010/561 
f 588/1011/588 589/1012/589 590/1013/590 
f 590/1013/590 586/1008/586 588/1011/588 
f 587/1009/587 586/1008/586 590/1013/590 
f 590/1013/590 591/1014/591 587/1009/587 
f 561/987/561 572/984/572 592/1015/592 
f 592/1015/592 588/1016/588 561/987/561 
f 571/983/571 593/1017/593 592/1015/592 
f 592/1015/592 572/984/572 571/983/571 
f 593/1017/593 594/1018/594 595/1019/595 
f 595/1019/595 592/1015/592 593/1017/593 
f 588/1016/588 592/1015/592 595/1019/595 
f 595/1019/595 589/1020/589 588/1016/588 
f 571/1021/571 580/1022/580 596/1023/596 
f 596/1023/596 593/1024/593 571/1021/571 
f 579/1025/579 597/1026/597 596/1023/596 
f 596/1023/596 580/1022/580 579/1025/579 
f 597/1026/597 598/1027/598 599/1028/599 
f 599/1028/599 596/1023/596 597/1026/597 
f 593/1024/593 596/1023/596 599/1028/599 
f 599/1028/599 594/1029/594 593/1024/593 
f 579/1005/579 584/1002/584 600/1030/600 
f 600/1030/600 597/1031/597 579/1005/579 
f 565/1001/565 587/1032/587 600/1030/600 
f 600/1030/600 584/1002/584 565/1001/565 
f 587/1032/587 591/1033/591 601/1034/601 
f 601/1034/601 600/1030/600 587/1032/587 
f 597/1031/597 600/1030/600 601/1034/601 
f 601/1034/601 598/1035/598 597/1031/597 
f 591/1014/591 590/1013/590 602/1036/602 
f 602/1036/602 603/1037/603 591/1014/591 
f 589/1012/589 604/1038/604 602/1036/602 
f 602/1036/602 590/1013/590 589/1012/589 
f 604/1038/604 605/1039/605 606/1040/606 
f 606/1040/606 602/1036/602 604/1038/604 
f 603/1037/603 602/1036/602 606/1040/606 
f 606/1040/606 607/1041/607 603/1037/603 
f 589/1020/589 595/1019/595 608/1042/608 
f 608/1042/608 604/1043/604 589/1020/589 
f 594/1018/594 609/1044/609 608/1042/608 
f 608/1042/608 595/1019/595 594/1018/594 
f 609/1044/609 610/1045/610 611/1046/611 
f 611/1046/611 608/1042/608 609/1044/609 
f 604/1043/604 608/1042/608 611/1046/611 
f 611/1046/611 605/1047/605 604/1043/604 
f 594/1029/594 599/1028/599 612/1048/612 
f 612/1048/612 609/1049/609 594/1029/594 
f 598/1027/598 613/1050/613 612/1048/612 
f 612/1048/612 599/1028/599 598/1027/598 
f 613/1050/613 614/1051/614 615/1052/615 
f 615/1052/615 612/1048/612 613/1050/613 
f 609/1049/609 612/1048/612 615/1052/615 
f 615/1052/615 610/1053/610 609/1049/609 
f 598/1035/598 601/1034/601 616/1054/616 
f 616/1054/616 613/1055/613 598/1035/598 
f 591/1033/591 603/1056/603 616/1054/616 
f 616/1054/616 601/1034/601 591/1033/591 
f 603/1056/603 607/1057/607 617/1058/617 
f 617/1058/617 616/1054/616 603/1056/603 
f 613/1055/613 616/1054/616 617/1058/617 
f 617/1058/617 614/1059/614 613/1055/613 
f 606/1040/606 618/1060/618 619/1061/619 
f 619/1061/619 607/1041/607 606/1040/606 
f 605/1039/605 620/1062/620 618/1060/618 
f 618/1060/618 606/1040/606 605/1039/605 
f 620/1062/620 621/1063/621 622/1064/622 
f 622/1064/622 618/1060/618 620/1062/620 
f 618/1060/618 622/1064/622 623/1065/623 
f 623/1065/623 619/1061/619 618/1060/618 
f 611/1046/611 624/1066/624 620/1067/620 
f 620/1067/620 605/1047/605 611/1046/611 
f 610/1045/610 625/1068/625 624/1066/624 
f 624/1066/624 611/1046/611 610/1045/610 
f 625/1068/625 626/1069/626 627/1070/627 
f 627/1070/627 624/1066/624 625/1068/625 
f 624/1066/624 627/1070/627 621/1071/621 
f 621/1071/621 620/1067/620 624/1066/624 
f 615/1052/615 628/1072/628 625/1073/625 
f 625/1073/625 610/1053/610 615/1052/615 
f 614/1051/614 629/1074/629 628/1072/628 
f 628/1072/628 615/1052/615 614/1051/614 
f 629/1074/629 630/1075/630 631/1076/631 
f 631/1076/631 628/1072/628 629/1074/629 
f 628/1072/628 631/1076/631 626/1077/626 
f 626/1077/626 625/1073/625 628/1072/628 
f 617/1058/617 632/1078/632 629/1079/629 
f 629/1079/629 614/1059/614 617/1058/617 
f 607/1057/607 619/1080/619 632/1078/632 
f 632/1078/632 617/1058/617 607/1057/607 
f 619/1080/619 623/1081/623 633/1082/633 
f 633/1082/633 632/1078/632 619/1080/619 
f 632/1078/632 633/1082/633 630/1083/630 
f 630/1083/630 629/1079/629 632/1078/632 
f 622/1064/622 634/1084/634 635/1085/635 
f 635/1085/635 623/1065/623 622/1064/622 
f 621/1063/621 636/1086/636 634/1084/634 
f 634/1084/634 622/1064/622 621/1063/621 
usemtl blinn4
f 636/1087/636 637/1088/637 638/1089/638 
f 638/1089/638 634/1090/634 636/1087/636 
f 634/1090/634 638/1089/638 639/1091/639 
f 639/1091/639 635/1092/635 634/1090/634 
usemtl blinn5
f 627/1070/627 640/1093/640 636/1094/636 
f 636/1094/636 621/1071/621 627/1070/627 
f 627/1070/627 626/1069/626 641/1095/641 
f 641/1095/641 640/1093/640 627/1070/627 
usemtl blinn4
f 641/1095/641 642/1096/642 643/1097/643 
f 643/1097/643 640/1093/640 641/1095/641 
f 640/1093/640 643/1097/643 637/1098/637 
f 637/1098/637 636/1094/636 640/1093/640 
usemtl blinn5
f 631/1076/631 644/1099/644 641/1100/641 
f 641/1100/641 626/1077/626 631/1076/631 
f 630/1075/630 645/1101/645 644/1099/644 
f 644/1099/644 631/1076/631 630/1075/630 
usemtl blinn4
f 645/1102/645 646/1103/646 647/1104/647 
f 647/1104/647 644/1105/644 645/1102/645 
f 644/1105/644 647/1104/647 642/1106/642 
f 642/1106/642 641/1107/641 644/1105/644 
usemtl blinn5
f 633/1082/633 648/1108/648 645/1109/645 
f 645/1109/645 630/1083/630 633/1082/633 
f 633/1082/633 623/1081/623 635/1110/635 
f 635/1110/635 648/1108/648 633/1082/633 
usemtl blinn4
f 635/1110/635 639/1111/639 649/1112/649 
f 649/1112/649 648/1108/648 635/1110/635 
f 648/1108/648 649/1112/649 646/1113/646 
f 646/1113/646 645/1109/645 648/1108/648 
f 638/1089/638 650/1114/650 651/1115/651 
f 651/1115/651 639/1091/639 638/1089/638 
f 637/1088/637 652/1116/652 650/1114/650 
f 650/1114/650 638/1089/638 637/1088/637 
f 652/1116/652 653/1117/49 654/1118/4 
f 654/1118/4 650/1114/650 652/1116/652 
f 651/1115/651 650/1114/650 654/1118/4 
f 654/1118/4 655/1119/4 651/1115/651 
f 637/1088/637 643/1120/643 656/1121/653 
f 656/1121/653 652/1116/652 637/1088/637 
f 642/1106/642 657/1122/654 656/1121/653 
f 656/1121/653 643/1120/643 642/1106/642 
f 657/1122/654 658/1123/4 659/1124/49 
f 659/1124/49 656/1121/653 657/1122/654 
f 652/1116/652 656/1121/653 659/1124/49 
f 659/1124/49 653/1117/49 652/1116/652 
f 647/1104/647 660/1125/655 657/1122/654 
f 657/1122/654 642/1106/642 647/1104/647 
f 646/1103/646 661/1126/656 660/1125/655 
f 660/1125/655 647/1104/647 646/1103/646 
f 661/1126/656 662/1127/49 663/1128/49 
f 663/1128/49 660/1125/655 661/1126/656 
f 657/1122/654 660/1125/655 663/1128/49 
f 663/1128/49 658/1123/4 657/1122/654 
f 646/1103/646 649/1129/649 664/1130/657 
f 664/1130/657 661/1126/656 646/1103/646 
f 639/1091/639 651/1115/651 664/1130/657 
f 664/1130/657 649/1129/649 639/1091/639 
f 651/1115/651 655/1119/4 665/1131/4 
f 665/1131/4 664/1130/657 651/1115/651 
f 661/1126/656 664/1130/657 665/1131/4 
f 665/1131/4 662/1127/49 661/1126/656 
f 655/1119/4 654/1118/4 666/1132/658 
f 666/1132/658 667/1133/659 655/1119/4 
f 653/1117/49 668/1134/660 666/1132/658 
f 666/1132/658 654/1118/4 653/1117/49 
f 668/1134/660 669/1135/661 670/1136/662 
f 670/1136/662 666/1132/658 668/1134/660 
f 667/1133/659 666/1132/658 670/1136/662 
f 670/1136/662 671/1137/663 667/1133/659 
f 653/1117/49 659/1124/49 672/1138/664 
f 672/1138/664 668/1134/660 653/1117/49 
f 658/1123/4 673/1139/665 672/1138/664 
f 672/1138/664 659/1124/49 658/1123/4 
f 673/1139/665 674/1140/666 675/1141/667 
f 675/1141/667 672/1138/664 673/1139/665 
f 668/1134/660 672/1138/664 675/1141/667 
f 675/1141/667 669/1135/661 668/1134/660 
f 658/1123/4 663/1128/49 676/1142/668 
f 676/1142/668 673/1139/665 658/1123/4 
f 662/1127/49 677/1143/669 676/1142/668 
f 676/1142/668 663/1128/49 662/1127/49 
f 677/1143/669 678/1144/670 679/1145/671 
f 679/1145/671 676/1142/668 677/1143/669 
f 673/1139/665 676/1142/668 679/1145/671 
f 679/1145/671 674/1140/666 673/1139/665 
f 662/1127/49 665/1131/4 680/1146/672 
f 680/1146/672 677/1143/669 662/1127/49 
f 655/1119/4 667/1133/659 680/1146/672 
f 680/1146/672 665/1131/4 655/1119/4 
f 667/1133/659 671/1137/663 681/1147/673 
f 681/1147/673 680/1146/672 667/1133/659 
f 677/1143/669 680/1146/672 681/1147/673 
f 681/1147/673 678/1144/670 677/1143/669 
f 671/1137/663 670/1136/662 682/1148/674 
f 682/1148/674 683/1149/675 671/1137/663 
f 669/1135/661 684/1150/676 682/1148/674 
f 682/1148/674 670/1136/662 669/1135/661 
f 684/1151/676 685/1152/677 686/1153/678 
f 686/1153/678 682/1154/674 684/1151/676 
f 682/1154/674 686/1153/678 687/1155/679 
f 687/1155/679 683/1156/675 682/1154/674 
f 669/1135/661 675/1141/667 688/1157/680 
f 688/1157/680 684/1150/676 669/1135/661 
f 674/1140/666 689/1158/681 688/1157/680 
f 688/1157/680 675/1141/667 674/1140/666 
f 689/1159/681 690/1160/682 691/1161/683 
f 691/1161/683 688/1162/680 689/1159/681 
f 688/1162/680 691/1161/683 685/1163/677 
f 685/1163/677 684/1164/676 688/1162/680 
f 674/1140/666 679/1145/671 692/1165/684 
f 692/1165/684 689/1158/681 674/1140/666 
f 678/1144/670 693/1166/685 692/1165/684 
f 692/1165/684 679/1145/671 678/1144/670 
f 693/1167/685 694/1168/686 695/1169/687 
f 695/1169/687 692/1170/684 693/1167/685 
f 692/1170/684 695/1169/687 690/1171/682 
f 690/1171/682 689/1172/681 692/1170/684 
f 678/1144/670 681/1147/673 696/1173/688 
f 696/1173/688 693/1166/685 678/1144/670 
f 671/1137/663 683/1149/675 696/1173/688 
f 696/1173/688 681/1147/673 671/1137/663 
f 683/1174/675 687/1175/679 697/1176/689 
f 697/1176/689 696/1177/688 683/1174/675 
f 696/1177/688 697/1176/689 694/1178/686 
f 694/1178/686 693/1179/685 696/1177/688 
f 686/1153/678 698/1180/690 699/1181/691 
f 699/1181/691 687/1155/679 686/1153/678 
f 685/1152/677 700/1182/692 698/1180/690 
f 698/1180/690 686/1153/678 685/1152/677 
f 701/1183/693 702/1184/694 703/1185/695 
f 703/1185/695 704/1186/696 701/1183/693 
f 704/1186/696 703/1185/695 705/1187/697 
f 705/1187/697 706/1188/698 704/1186/696 
f 691/1161/683 707/1189/699 700/1190/692 
f 700/1190/692 685/1163/677 691/1161/683 
f 690/1160/682 708/1191/700 707/1189/699 
f 707/1189/699 691/1161/683 690/1160/682 
f 709/1192/701 710/1193/702 711/1194/703 
f 711/1194/703 712/1195/704 709/1192/701 
f 712/1195/704 711/1194/703 702/1196/694 
f 702/1196/694 701/1197/693 712/1195/704 
f 695/1169/687 713/1198/705 708/1199/700 
f 708/1199/700 690/1171/682 695/1169/687 
f 694/1168/686 714/1200/706 713/1198/705 
f 713/1198/705 695/1169/687 694/1168/686 
f 715/1201/707 716/1202/708 717/1203/709 
f 717/1203/709 718/1204/710 715/1201/707 
f 718/1204/710 717/1203/709 710/1205/702 
f 710/1205/702 709/1206/701 718/1204/710 
f 697/1176/689 719/1207/711 714/1208/706 
f 714/1208/706 694/1178/686 697/1176/689 
f 687/1175/679 699/1209/691 719/1207/711 
f 719/1207/711 697/1176/689 687/1175/679 
f 706/1210/698 705/1211/697 720/1212/712 
f 720/1212/712 721/1213/713 706/1210/698 
f 721/1213/713 720/1212/712 716/1214/708 
f 716/1214/708 715/1215/707 721/1213/713 
f 722/1216/714 723/1217/715 724/1218/716 
f 724/1218/716 725/1219/717 722/1216/714 
f 726/1220/718 727/1221/719 723/1217/715 
f 723/1217/715 722/1216/714 726/1220/718 
f 728/1222/720 729/1223/721 730/1224/722 
f 730/1224/722 731/1225/723 728/1222/720 
f 731/1225/723 730/1224/722 732/1226/724 
f 732/1226/724 733/1227/725 731/1225/723 
f 734/1228/726 735/1229/727 727/1230/719 
f 727/1230/719 726/1231/718 734/1228/726 
f 736/1232/728 737/1233/729 735/1229/727 
f 735/1229/727 734/1228/726 736/1232/728 
f 738/1234/730 739/1235/731 740/1236/732 
f 740/1236/732 741/1237/733 738/1234/730 
f 741/1237/733 740/1236/732 729/1223/721 
f 729/1223/721 728/1222/720 741/1237/733 
f 742/1238/734 743/1239/735 737/1240/729 
f 737/1240/729 736/1241/728 742/1238/734 
f 744/1242/736 745/1243/737 743/1239/735 
f 743/1239/735 742/1238/734 744/1242/736 
f 746/1244/738 747/1245/739 748/1246/740 
f 748/1246/740 749/1247/741 746/1244/738 
f 749/1247/741 748/1246/740 739/1235/731 
f 739/1235/731 738/1234/730 749/1247/741 
f 750/1248/742 751/1249/743 745/1250/737 
f 745/1250/737 744/1251/736 750/1248/742 
f 725/1252/717 724/1253/716 751/1249/743 
f 751/1249/743 750/1248/742 725/1252/717 
f 733/1227/725 732/1226/724 752/1254/744 
f 752/1254/744 753/1255/745 733/1227/725 
f 753/1255/745 752/1254/744 747/1245/739 
f 747/1245/739 746/1244/738 753/1255/745 
f 754/1256/746 755/1257/747 756/1258/748 
f 756/1258/748 757/1259/749 754/1256/746 
f 758/1260/750 759/1261/751 755/1257/747 
f 755/1257/747 754/1256/746 758/1260/750 
f 760/1262/752 761/1263/753 762/1264/754 
f 762/1264/754 763/1265/755 760/1262/752 
f 763/1265/755 762/1264/754 764/1266/756 
f 764/1266/756 765/1267/757 763/1265/755 
f 766/1268/758 767/1269/759 759/1261/751 
f 759/1261/751 758/1260/750 766/1268/758 
f 768/1270/760 769/1271/761 767/1269/759 
f 767/1269/759 766/1268/758 768/1270/760 
f 770/1272/762 771/1273/763 772/1274/764 
f 772/1274/764 773/1275/765 770/1272/762 
f 770/1272/762 773/1275/765 761/1276/753 
f 761/1276/753 760/1277/752 770/1272/762 
f 774/1278/766 775/1279/767 769/1271/761 
f 769/1271/761 768/1270/760 774/1278/766 
f 776/1280/768 777/1281/769 775/1279/767 
f 775/1279/767 774/1278/766 776/1280/768 
f 778/1282/770 779/1283/771 780/1284/772 
f 780/1284/772 781/1285/773 778/1282/770 
f 781/1285/773 780/1284/772 772/1286/764 
f 772/1286/764 771/1287/763 781/1285/773 
f 782/1288/774 783/1289/775 777/1281/769 
f 777/1281/769 776/1280/768 782/1288/774 
f 757/1259/749 756/1258/748 783/1289/775 
f 783/1289/775 782/1288/774 757/1259/749 
f 784/1290/776 765/1291/757 764/1292/756 
f 764/1292/756 785/1293/777 784/1290/776 
f 784/1290/776 785/1293/777 779/1294/771 
f 779/1294/771 778/1295/770 784/1290/776 
f 762/1296/754 786/1297/778 787/1298/779 
f 787/1298/779 764/1299/756 762/1296/754 
f 761/1300/753 788/1301/780 786/1297/778 
f 786/1297/778 762/1296/754 761/1300/753 
f 788/1301/780 789/1302/781 790/1303/782 
f 790/1303/782 786/1297/778 788/1301/780 
f 786/1297/778 790/1303/782 791/1304/783 
f 791/1304/783 787/1298/779 786/1297/778 
f 773/1275/765 792/1305/784 788/1306/780 
f 788/1306/780 761/1276/753 773/1275/765 
f 772/1274/764 793/1307/785 792/1305/784 
f 792/1305/784 773/1275/765 772/1274/764 
f 793/1307/785 794/1308/786 795/1309/787 
f 795/1309/787 792/1305/784 793/1307/785 
f 792/1305/784 795/1309/787 789/1310/781 
f 789/1310/781 788/1306/780 792/1305/784 
f 780/1311/772 796/1312/788 793/1313/785 
f 793/1313/785 772/1314/764 780/1311/772 
f 779/1315/771 797/1316/789 796/1312/788 
f 796/1312/788 780/1311/772 779/1315/771 
f 797/1316/789 798/1317/790 799/1318/791 
f 799/1318/791 796/1312/788 797/1316/789 
f 796/1312/788 799/1318/791 794/1319/786 
f 794/1319/786 793/1313/785 796/1312/788 
f 785/1293/777 800/1320/792 797/1321/789 
f 797/1321/789 779/1294/771 785/1293/777 
f 764/1292/756 787/1322/779 800/1320/792 
f 800/1320/792 785/1293/777 764/1292/756 
f 787/1322/779 791/1323/783 801/1324/793 
f 801/1324/793 800/1320/792 787/1322/779 
f 800/1320/792 801/1324/793 798/1325/790 
f 798/1325/790 797/1321/789 800/1320/792 
f 790/1303/782 802/1326/794 803/1327/795 
f 803/1327/795 791/1304/783 790/1303/782 
f 789/1302/781 804/1328/796 802/1326/794 
f 802/1326/794 790/1303/782 789/1302/781 
f 802/1326/794 804/1328/796 805/1329/797 
f 805/1329/797 806/1330/798 802/1326/794 
f 802/1326/794 806/1330/798 807/1331/799 
f 807/1331/799 803/1327/795 802/1326/794 
f 795/1309/787 808/1332/800 804/1333/796 
f 804/1333/796 789/1310/781 795/1309/787 
f 795/1309/787 794/1308/786 809/1334/801 
f 809/1334/801 808/1332/800 795/1309/787 
f 808/1332/800 809/1334/801 810/1335/802 
f 810/1335/802 811/1336/803 808/1332/800 
f 808/1332/800 811/1336/803 805/1337/797 
f 805/1337/797 804/1333/796 808/1332/800 
f 799/1318/791 812/1338/804 809/1339/801 
f 809/1339/801 794/1319/786 799/1318/791 
f 798/1317/790 813/1340/805 812/1338/804 
f 812/1338/804 799/1318/791 798/1317/790 
f 812/1338/804 813/1340/805 814/1341/806 
f 814/1341/806 815/1342/807 812/1338/804 
f 812/1338/804 815/1342/807 810/1343/802 
f 810/1343/802 809/1339/801 812/1338/804 
f 801/1324/793 816/1344/808 813/1345/805 
f 813/1345/805 798/1325/790 801/1324/793 
f 801/1324/793 791/1323/783 803/1346/795 
f 803/1346/795 816/1344/808 801/1324/793 
f 816/1344/808 803/1346/795 807/1347/799 
f 807/1347/799 817/1348/809 816/1344/808 
f 816/1344/808 817/1348/809 814/1349/806 
f 814/1349/806 813/1345/805 816/1344/808 
f 806/1330/798 818/1350/810 819/1351/811 
f 819/1351/811 807/1331/799 806/1330/798 
f 806/1330/798 805/1329/797 820/1352/812 
f 820/1352/812 818/1350/810 806/1330/798 
f 818/1350/810 820/1352/812 821/1353/813 
f 821/1353/813 822/1354/814 818/1350/810 
f 818/1350/810 822/1354/814 823/1355/815 
f 823/1355/815 819/1351/811 818/1350/810 
f 811/1336/803 824/1356/816 820/1357/812 
f 820/1357/812 805/1337/797 811/1336/803 
f 811/1336/803 810/1335/802 825/1358/817 
f 825/1358/817 824/1356/816 811/1336/803 
f 824/1356/816 825/1358/817 826/1359/818 
f 826/1359/818 827/1360/819 824/1356/816 
f 824/1356/816 827/1360/819 821/1361/813 
f 821/1361/813 820/1357/812 824/1356/816 
f 815/1342/807 828/1362/820 825/1363/817 
f 825/1363/817 810/1343/802 815/1342/807 
f 815/1342/807 814/1341/806 829/1364/821 
f 829/1364/821 828/1362/820 815/1342/807 
f 828/1362/820 829/1364/821 830/1365/822 
f 830/1365/822 831/1366/823 828/1362/820 
f 828/1362/820 831/1366/823 826/1367/818 
f 826/1367/818 825/1363/817 828/1362/820 
f 817/1348/809 832/1368/824 829/1369/821 
f 829/1369/821 814/1349/806 817/1348/809 
f 817/1348/809 807/1347/799 819/1370/811 
f 819/1370/811 832/1368/824 817/1348/809 
f 832/1368/824 819/1370/811 823/1371/815 
f 823/1371/815 833/1372/825 832/1368/824 
f 832/1368/824 833/1372/825 830/1373/822 
f 830/1373/822 829/1369/821 832/1368/824 
f 822/1354/814 834/1374/826 835/1375/827 
f 835/1375/827 823/1355/815 822/1354/814 
f 822/1354/814 821/1353/813 836/1376/828 
f 836/1376/828 834/1374/826 822/1354/814 
f 834/1374/826 836/1376/828 837/1377/829 
f 837/1377/829 838/1378/830 834/1374/826 
f 834/1374/826 838/1378/830 839/1379/831 
f 839/1379/831 835/1375/827 834/1374/826 
f 827/1360/819 840/1380/832 836/1381/828 
f 836/1381/828 821/1361/813 827/1360/819 
f 827/1360/819 826/1359/818 841/1382/833 
f 841/1382/833 840/1380/832 827/1360/819 
f 840/1380/832 841/1382/833 842/1383/834 
f 842/1383/834 843/1384/835 840/1380/832 
f 840/1380/832 843/1384/835 837/1385/829 
f 837/1385/829 836/1381/828 840/1380/832 
f 831/1366/823 844/1386/836 841/1387/833 
f 841/1387/833 826/1367/818 831/1366/823 
f 831/1366/823 830/1365/822 845/1388/837 
f 845/1388/837 844/1386/836 831/1366/823 
f 844/1386/836 845/1388/837 846/1389/838 
f 846/1389/838 847/1390/839 844/1386/836 
f 844/1386/836 847/1390/839 842/1391/834 
f 842/1391/834 841/1387/833 844/1386/836 
f 833/1372/825 848/1392/840 845/1393/837 
f 845/1393/837 830/1373/822 833/1372/825 
f 833/1372/825 823/1371/815 835/1394/827 
f 835/1394/827 848/1392/840 833/1372/825 
f 848/1392/840 835/1394/827 839/1395/831 
f 839/1395/831 849/1396/841 848/1392/840 
f 848/1392/840 849/1396/841 846/1397/838 
f 846/1397/838 845/1393/837 848/1392/840 
f 838/1378/830 850/1398/842 851/1399/843 
f 851/1399/843 839/1379/831 838/1378/830 
f 838/1378/830 837/1377/829 852/1400/844 
f 852/1400/844 850/1398/842 838/1378/830 
f 853/1401/845 854/1402/846 855/1403/847 
f 855/1403/847 856/1404/848 853/1401/845 
f 856/1404/848 855/1403/847 857/1405/849 
f 857/1405/849 858/1406/850 856/1404/848 
f 843/1384/835 859/1407/851 852/1408/844 
f 852/1408/844 837/1385/829 843/1384/835 
f 843/1384/835 842/1383/834 860/1409/852 
f 860/1409/852 859/1407/851 843/1384/835 
f 861/1410/853 862/1411/854 863/1412/855 
f 863/1412/855 864/1413/856 861/1410/853 
f 861/1410/853 864/1413/856 854/1414/846 
f 854/1414/846 853/1415/845 861/1410/853 
f 847/1390/839 865/1416/857 860/1417/852 
f 860/1417/852 842/1391/834 847/1390/839 
f 847/1390/839 846/1389/838 866/1418/858 
f 866/1418/858 865/1416/857 847/1390/839 
f 867/1419/859 868/1420/860 869/1421/861 
f 869/1421/861 870/1422/862 867/1419/859 
f 870/1422/862 869/1421/861 863/1423/855 
f 863/1423/855 862/1424/854 870/1422/862 
f 849/1396/841 871/1425/863 866/1426/858 
f 866/1426/858 846/1397/838 849/1396/841 
f 849/1396/841 839/1395/831 851/1427/843 
f 851/1427/843 871/1425/863 849/1396/841 
f 857/1428/849 872/1429/864 873/1430/865 
f 873/1430/865 858/1431/850 857/1428/849 
f 873/1430/865 872/1429/864 868/1432/860 
f 868/1432/860 867/1433/859 873/1430/865 
f 874/1434/866 875/1435/867 876/1436/868 
f 876/1436/868 877/1437/869 874/1434/866 
f 878/1438/870 879/1439/871 875/1435/867 
f 875/1435/867 874/1434/866 878/1438/870 
f 880/1440/872 881/1441/873 882/1442/874 
f 882/1442/874 883/1443/875 880/1440/872 
f 883/1443/875 882/1442/874 884/1444/876 
f 884/1444/876 885/1445/877 883/1443/875 
f 886/1446/878 887/1447/879 879/1448/871 
f 879/1448/871 878/1449/870 886/1446/878 
f 888/1450/880 889/1451/881 887/1447/879 
f 887/1447/879 886/1446/878 888/1450/880 
f 890/1452/882 891/1453/883 892/1454/884 
f 892/1454/884 893/1455/885 890/1452/882 
f 893/1455/885 892/1454/884 881/1456/873 
f 881/1456/873 880/1457/872 893/1455/885 
f 894/1458/886 895/1459/887 889/1460/881 
f 889/1460/881 888/1461/880 894/1458/886 
f 896/1462/888 897/1463/889 895/1459/887 
f 895/1459/887 894/1458/886 896/1462/888 
f 898/1464/890 899/1465/891 900/1466/892 
f 900/1466/892 901/1467/893 898/1464/890 
f 901/1467/893 900/1466/892 891/1468/883 
f 891/1468/883 890/1469/882 901/1467/893 
f 902/1470/894 903/1471/895 897/1472/889 
f 897/1472/889 896/1473/888 902/1470/894 
f 877/1474/869 876/1475/868 903/1471/895 
f 903/1471/895 902/1470/894 877/1474/869 
f 884/1476/876 904/1477/896 905/1478/897 
f 905/1478/897 885/1479/877 884/1476/876 
f 905/1478/897 904/1477/896 899/1480/891 
f 899/1480/891 898/1481/890 905/1478/897 
f 906/1482/898 907/1483/899 908/1484/900 
f 908/1484/900 909/1485/901 906/1482/898 
f 910/1486/902 911/1487/903 907/1483/899 
f 907/1483/899 906/1482/898 910/1486/902 
f 912/1488/904 913/1489/905 914/1490/906 
f 914/1490/906 915/1491/907 912/1488/904 
f 915/1491/907 914/1490/906 916/1492/908 
f 916/1492/908 917/1493/909 915/1491/907 
f 918/1494/910 919/1495/911 911/1496/903 
f 911/1496/903 910/1497/902 918/1494/910 
f 920/1498/912 921/1499/913 919/1495/911 
f 919/1495/911 918/1494/910 920/1498/912 
f 922/1500/914 923/1501/915 924/1502/916 
f 924/1502/916 925/1503/917 922/1500/914 
f 922/1500/914 925/1503/917 913/1504/905 
f 913/1504/905 912/1505/904 922/1500/914 
f 926/1506/918 927/1507/919 921/1508/913 
f 921/1508/913 920/1509/912 926/1506/918 
f 928/1510/920 929/1511/921 927/1507/919 
f 927/1507/919 926/1506/918 928/1510/920 
f 930/1512/922 931/1513/923 932/1514/924 
f 932/1514/924 933/1515/925 930/1512/922 
f 933/1515/925 932/1514/924 924/1516/916 
f 924/1516/916 923/1517/915 933/1515/925 
f 934/1518/926 935/1519/927 929/1520/921 
f 929/1520/921 928/1521/920 934/1518/926 
f 909/1522/901 908/1523/900 935/1519/927 
f 935/1519/927 934/1518/926 909/1522/901 
f 936/1524/928 917/1525/909 916/1526/908 
f 916/1526/908 937/1527/929 936/1524/928 
f 936/1524/928 937/1527/929 931/1528/923 
f 931/1528/923 930/1529/922 936/1524/928 
f 914/1530/906 938/1531/930 939/1532/931 
f 939/1532/931 916/1533/908 914/1530/906 
f 914/1530/906 913/1534/905 940/1535/932 
f 940/1535/932 938/1531/930 914/1530/906 
f 938/1531/930 940/1535/932 941/1536/933 
f 941/1536/933 942/1537/934 938/1531/930 
f 938/1531/930 942/1537/934 943/1538/935 
f 943/1538/935 939/1532/931 938/1531/930 
f 925/1503/917 944/1539/936 940/1540/932 
f 940/1540/932 913/1504/905 925/1503/917 
f 925/1503/917 924/1502/916 945/1541/937 
f 945/1541/937 944/1539/936 925/1503/917 
f 944/1542/936 945/1543/937 946/1544/938 
f 946/1544/938 947/1545/939 944/1542/936 
f 944/1542/936 947/1545/939 941/1536/933 
f 941/1536/933 940/1535/932 944/1542/936 
f 932/1546/924 948/1547/940 945/1543/937 
f 945/1543/937 924/1548/916 932/1546/924 
f 932/1546/924 931/1549/923 949/1550/941 
f 949/1550/941 948/1547/940 932/1546/924 
f 948/1547/940 949/1550/941 950/1551/942 
f 950/1551/942 951/1552/943 948/1547/940 
f 948/1547/940 951/1552/943 946/1544/938 
f 946/1544/938 945/1543/937 948/1547/940 
f 937/1527/929 952/1553/944 949/1554/941 
f 949/1554/941 931/1528/923 937/1527/929 
f 937/1527/929 916/1526/908 939/1555/931 
f 939/1555/931 952/1553/944 937/1527/929 
f 952/1556/944 939/1532/931 943/1538/935 
f 943/1538/935 953/1557/945 952/1556/944 
f 952/1556/944 953/1557/945 950/1551/942 
f 950/1551/942 949/1550/941 952/1556/944 
f 954/1558/946 955/1559/947 956/1560/948 
f 956/1560/948 957/1561/949 954/1558/946 
f 954/1558/946 958/1562/950 959/1563/951 
f 959/1563/951 955/1559/947 954/1558/946 
f 955/1559/947 959/1563/951 960/1564/952 
f 960/1564/952 961/1565/953 955/1559/947 
f 955/1559/947 961/1565/953 962/1566/954 
f 962/1566/954 956/1560/948 955/1559/947 
f 963/1567/955 964/1568/956 959/1569/951 
f 959/1569/951 958/1570/950 963/1567/955 
f 963/1567/955 965/1571/957 966/1572/958 
f 966/1572/958 964/1568/956 963/1567/955 
f 964/1568/956 966/1572/958 967/1573/959 
f 967/1573/959 968/1574/960 964/1568/956 
f 964/1568/956 968/1574/960 960/1575/952 
f 960/1575/952 959/1569/951 964/1568/956 
f 969/1576/961 970/1577/962 966/1578/958 
f 966/1578/958 965/1579/957 969/1576/961 
f 969/1576/961 971/1580/963 972/1581/964 
f 972/1581/964 970/1577/962 969/1576/961 
f 970/1577/962 972/1581/964 973/1582/965 
f 973/1582/965 974/1583/966 970/1577/962 
f 970/1577/962 974/1583/966 967/1584/959 
f 967/1584/959 966/1578/958 970/1577/962 
f 975/1585/967 976/1586/968 972/1587/964 
f 972/1587/964 971/1588/963 975/1585/967 
f 975/1585/967 957/1589/949 956/1590/948 
f 956/1590/948 976/1586/968 975/1585/967 
f 976/1586/968 956/1590/948 962/1591/954 
f 962/1591/954 977/1592/969 976/1586/968 
f 976/1586/968 977/1592/969 973/1593/965 
f 973/1593/965 972/1587/964 976/1586/968 
f 961/1594/953 978/1595/970 979/1596/971 
f 979/1596/971 962/1597/954 961/1594/953 
f 960/1598/952 980/1599/972 978/1595/970 
f 978/1595/970 961/1594/953 960/1598/952 
f 981/1600/973 982/1601/974 983/1602/975 
f 983/1602/975 984/1603/976 981/1600/973 
f 985/1604/977 984/1603/976 983/1602/975 
f 983/1602/975 986/1605/978 985/1604/977 
f 968/1574/960 987/1606/979 980/1607/972 
f 980/1607/972 960/1575/952 968/1574/960 
f 967/1573/959 988/1608/980 987/1606/979 
f 987/1606/979 968/1574/960 967/1573/959 
f 989/1609/981 990/1610/982 991/1611/983 
f 991/1611/983 992/1612/984 989/1609/981 
f 981/1613/973 992/1612/984 991/1611/983 
f 991/1611/983 982/1614/974 981/1613/973 
f 974/1615/966 993/1616/985 988/1617/980 
f 988/1617/980 967/1618/959 974/1615/966 
f 973/1619/965 994/1620/986 993/1616/985 
f 993/1616/985 974/1615/966 973/1619/965 
f 995/1621/987 996/1622/988 997/1623/989 
f 997/1623/989 998/1624/990 995/1621/987 
f 989/1625/981 998/1624/990 997/1623/989 
f 997/1623/989 990/1626/982 989/1625/981 
f 977/1592/969 999/1627/991 994/1628/986 
f 994/1628/986 973/1593/965 977/1592/969 
f 962/1591/954 979/1629/971 999/1627/991 
f 999/1627/991 977/1592/969 962/1591/954 
f 985/1630/977 986/1631/978 1000/1632/992 
f 1000/1632/992 1001/1633/993 985/1630/977 
f 995/1634/987 1001/1633/993 1000/1632/992 
f 1000/1632/992 996/1635/988 995/1634/987 
f 983/1602/975 1002/1636/994 1003/1637/995 
f 1003/1637/995 986/1605/978 983/1602/975 
f 982/1601/974 1004/1638/996 1002/1636/994 
f 1002/1636/994 983/1602/975 982/1601/974 
f 1002/1636/994 1004/1638/996 1005/1639/997 
f 1005/1639/997 1006/1640/998 1002/1636/994 
f 1002/1636/994 1006/1640/998 1007/1641/999 
f 1007/1641/999 1003/1637/995 1002/1636/994 
f 982/1614/974 991/1611/983 1008/1642/1000 
f 1008/1642/1000 1004/1643/996 982/1614/974 
f 990/1610/982 1009/1644/1001 1008/1642/1000 
f 1008/1642/1000 991/1611/983 990/1610/982 
f 1008/1642/1000 1009/1644/1001 1010/1645/1002 
f 1010/1645/1002 1011/1646/1003 1008/1642/1000 
f 1008/1642/1000 1011/1646/1003 1005/1647/997 
f 1005/1647/997 1004/1643/996 1008/1642/1000 
f 990/1626/982 997/1623/989 1012/1648/1004 
f 1012/1648/1004 1009/1649/1001 990/1626/982 
f 996/1622/988 1013/1650/1005 1012/1648/1004 
f 1012/1648/1004 997/1623/989 996/1622/988 
f 1013/1650/1005 1014/1651/1006 1015/1652/1007 
f 1015/1652/1007 1012/1648/1004 1013/1650/1005 
f 1012/1648/1004 1015/1652/1007 1010/1653/1002 
f 1010/1653/1002 1009/1649/1001 1012/1648/1004 
f 996/1635/988 1000/1632/992 1016/1654/1008 
f 1016/1654/1008 1013/1655/1005 996/1635/988 
f 986/1631/978 1003/1656/995 1016/1654/1008 
f 1016/1654/1008 1000/1632/992 986/1631/978 
f 1016/1654/1008 1003/1656/995 1007/1657/999 
f 1007/1657/999 1017/1658/1009 1016/1654/1008 
f 1016/1654/1008 1017/1658/1009 1014/1659/1006 
f 1014/1659/1006 1013/1655/1005 1016/1654/1008 
f 1006/1660/998 1018/1661/1010 1019/1662/1011 
f 1019/1662/1011 1007/1663/999 1006/1660/998 
f 1006/1660/998 1005/1664/997 1020/1665/1012 
f 1020/1665/1012 1018/1661/1010 1006/1660/998 
f 1018/1661/1010 1020/1665/1012 99/275/100 
f 99/275/100 96/272/97 1018/1661/1010 
f 1018/1661/1010 96/272/97 95/271/96 
f 95/271/96 1019/1662/1011 1018/1661/1010 
f 1011/1646/1003 1021/1666/1013 1020/1667/1012 
f 1020/1667/1012 1005/1647/997 1011/1646/1003 
f 1011/1646/1003 1010/1645/1002 1022/1668/1014 
f 1022/1668/1014 1021/1666/1013 1011/1646/1003 
f 1021/1669/1013 1022/1670/1014 101/277/102 
f 101/277/102 100/276/101 1021/1669/1013 
f 1021/1669/1013 100/276/101 99/275/100 
f 99/275/100 1020/1665/1012 1021/1669/1013 
f 1015/1671/1007 1023/1672/1015 1022/1670/1014 
f 1022/1670/1014 1010/1673/1002 1015/1671/1007 
f 1015/1671/1007 1014/1674/1006 1024/1675/1016 
f 1024/1675/1016 1023/1672/1015 1015/1671/1007 
f 1023/1672/1015 1024/1675/1016 103/279/104 
f 103/279/104 102/278/103 1023/1672/1015 
f 1023/1672/1015 102/278/103 101/277/102 
f 101/277/102 1022/1670/1014 1023/1672/1015 
f 1017/1658/1009 1025/1676/1017 1024/1677/1016 
f 1024/1677/1016 1014/1659/1006 1017/1658/1009 
f 1017/1658/1009 1007/1657/999 1019/1678/1011 
f 1019/1678/1011 1025/1676/1017 1017/1658/1009 
f 1025/1679/1017 1019/1662/1011 95/271/96 
f 95/271/96 98/274/99 1025/1679/1017 
f 1025/1679/1017 98/274/99 103/279/104 
f 103/279/104 1024/1675/1016 1025/1679/1017 
f 1026/1680/1018 1027/1681/1019 1028/1682/1020 
f 1028/1682/1020 1029/1683/1021 1026/1680/1018 
f 1030/1684/1022 1029/1683/1021 1028/1682/1020 
f 1028/1682/1020 1031/1685/1023 1030/1684/1022 
f 1032/1686/1024 1033/1687/1025 1034/1688/1026 
f 1034/1688/1026 1035/1689/1027 1032/1686/1024 
f 1026/1680/1018 1035/1689/1027 1034/1688/1026 
f 1034/1688/1026 1027/1681/1019 1026/1680/1018 
f 1036/1690/1028 1037/1691/1029 1038/1692/1030 
f 1038/1692/1030 1039/1693/1031 1036/1690/1028 
f 1032/1686/1024 1039/1693/1031 1038/1692/1030 
f 1038/1692/1030 1033/1687/1025 1032/1686/1024 
f 1030/1684/1022 1031/1685/1023 1040/1694/1032 
f 1040/1694/1032 1041/1695/1033 1030/1684/1022 
f 1036/1690/1028 1041/1695/1033 1040/1694/1032 
f 1040/1694/1032 1037/1691/1029 1036/1690/1028 
f 555/1696/1034 1042/1697/1035 1043/1698/1036 
f 1043/1698/1036 558/1699/1034 555/1696/1034 
f 554/1700/1037 1044/1701/1038 1042/1697/1039 
f 1042/1697/1039 555/1696/1037 554/1700/1037 
f 568/1702/1040 566/1703/1040 1045/1704/1041 
f 1045/1704/1041 1046/1705/1042 568/1702/1040 
f 558/1706/1043 1043/1707/1044 1045/1704/1045 
f 1045/1704/1045 566/1703/1043 558/1706/1043 
f 574/1708/1046 1047/1709/1047 1048/1710/1048 
f 1048/1710/1048 576/1711/1046 574/1708/1046 
f 568/1712/1049 1046/1713/1050 1047/1709/1051 
f 1047/1709/1051 574/1708/1049 568/1712/1049 
f 554/1714/1052 582/1715/1052 1049/1716/1053 
f 1049/1716/1053 1044/1717/1054 554/1714/1052 
f 576/1718/1055 1048/1719/1056 1049/1716/1057 
f 1049/1716/1057 582/1715/1055 576/1718/1055 
f 1050/1720/1058 1026/1721/1059 1029/1722/9 
f 1029/1722/9 1051/1723/1060 1050/1720/1058 
f 1051/1723/1060 1029/1722/9 1030/1724/1061 
f 1030/1724/1061 1052/1725/1062 1051/1723/1060 
f 1052/1726/1062 1030/1727/1061 1041/1728/10 
f 1041/1728/10 1053/1729/1063 1052/1726/1062 
f 1053/1729/1063 1041/1728/10 1036/1730/1064 
f 1036/1730/1064 1054/1731/1065 1053/1729/1063 
f 1054/1732/1065 1036/1733/1064 1039/1734/7 
f 1039/1734/7 1055/1735/1066 1054/1732/1065 
f 1055/1735/1066 1039/1734/7 1032/1736/1067 
f 1032/1736/1067 1056/1737/1068 1055/1735/1066 
f 1056/1738/1068 1032/1739/1067 1035/1740/1069 
f 1035/1740/1069 1057/1741/1070 1056/1738/1068 
f 1057/1741/1070 1035/1740/1069 1026/1742/1059 
f 1026/1742/1059 1050/1743/1058 1057/1741/1070 
f 397/727/398 422/764/423 418/760/419 
f 418/760/419 398/728/399 397/727/398 
f 401/731/402 398/728/399 418/760/419 
f 418/760/419 421/763/422 401/731/402 
f 401/755/402 421/800/422 446/797/447 
f 446/797/447 416/756/417 401/755/402 
f 412/758/413 416/756/417 446/797/447 
f 446/797/447 440/796/441 412/758/413 
f 412/746/413 440/788/441 438/784/439 
f 438/784/439 413/747/414 412/746/413 
f 406/749/407 413/747/414 438/784/439 
f 438/784/439 432/787/433 406/749/407 
f 406/737/407 432/776/433 430/773/431 
f 430/773/431 407/738/408 406/737/407 
f 397/740/398 407/738/408 430/773/431 
f 430/773/431 422/772/423 397/740/398 
usemtl blinn5
f 559/971/559 560/972/560 563/975/563 
f 563/975/563 556/968/556 559/971/559 
f 557/969/557 556/968/556 563/975/563 
f 563/975/563 564/976/564 557/969/557 
f 557/969/557 564/976/564 585/1744/585 
f 585/1744/585 583/999/583 557/969/557 
f 577/991/577 583/999/583 585/1744/585 
f 585/1744/585 578/992/578 577/991/577 
f 577/991/577 578/992/578 581/995/581 
f 581/995/581 575/989/575 577/991/577 
f 569/981/569 575/989/575 581/995/581 
f 581/995/581 570/996/570 569/981/569 
f 569/981/569 570/996/570 573/1745/573 
f 573/1745/573 567/979/567 569/981/569 
f 559/971/559 567/979/567 573/1745/573 
f 573/1745/573 560/972/560 559/971/559 
usemtl blinn4
f 1043/1707/1044 541/947/1071 547/946/1071 
f 547/946/1071 1045/1704/1045 1043/1707/1044 
f 1046/1705/1042 1045/1704/1041 547/946/1072 
f 547/946/1072 546/945/1072 1046/1705/1042 
f 1046/1713/1050 546/956/1073 551/955/1073 
f 551/955/1073 1047/1709/1051 1046/1713/1050 
f 1048/1710/1048 1047/1709/1047 551/955/1074 
f 551/955/1074 550/954/1074 1048/1710/1048 
f 1048/1719/1056 550/965/1075 553/964/1075 
f 553/964/1075 1049/1716/1057 1048/1719/1056 
f 1044/1717/1054 1049/1716/1053 553/964/1076 
f 553/964/1076 543/963/1076 1044/1717/1054 
f 1044/1701/1038 543/938/1077 542/937/1077 
f 542/937/1077 1042/1697/1039 1044/1701/1038 
f 1042/1697/1035 542/937/1078 541/936/1078 
f 541/936/1078 1043/1698/1036 1042/1697/1035 
f 1058/1746/1079 1059/1747/1080 1060/1748/1081 
f 1060/1748/1081 1061/1749/1082 1058/1746/1079 
f 1062/1750/1083 1061/1749/1082 1060/1748/1081 
f 1060/1748/1081 1063/1751/1084 1062/1750/1083 
f 1064/1752/1085 1065/1753/1086 1066/1754/1087 
f 1066/1754/1087 1067/1755/1088 1064/1752/1085 
f 1058/1746/1079 1067/1755/1088 1066/1754/1087 
f 1066/1754/1087 1059/1747/1080 1058/1746/1079 
f 1068/1756/1089 1069/1757/1090 1070/1758/1091 
f 1070/1758/1091 1071/1759/1092 1068/1756/1089 
f 1064/1752/1085 1071/1759/1092 1070/1758/1091 
f 1070/1758/1091 1065/1753/1086 1064/1752/1085 
f 1062/1750/1083 1063/1751/1084 1072/1760/1093 
f 1072/1760/1093 1073/1761/1094 1062/1750/1083 
f 1068/1756/1089 1073/1761/1094 1072/1760/1093 
f 1072/1760/1093 1069/1757/1090 1068/1756/1089 
f 362/1762/1095 1074/1763/1096 1075/1764/1097 
f 1075/1764/1097 360/1765/1098 362/1762/1095 
f 357/1766/1099 360/1765/1098 1075/1764/1097 
f 1075/1764/1097 1076/1767/1100 357/1766/1099 
f 357/1766/1099 1076/1767/1100 1077/1768/1101 
f 1077/1768/1101 368/1769/1102 357/1766/1099 
f 365/1770/1103 368/1769/1102 1077/1768/1101 
f 1077/1768/1101 1078/1771/1104 365/1770/1103 
f 365/1770/1103 1078/1771/1104 1079/1772/1105 
f 1079/1772/1105 374/1773/1106 365/1770/1103 
f 371/1774/1107 374/1773/1106 1079/1772/1105 
f 1079/1772/1105 1080/1775/1108 371/1774/1107 
f 371/1774/1107 1080/1775/1108 1081/1776/1109 
f 1081/1776/1109 377/1777/1110 371/1774/1107 
f 362/1762/1095 377/1777/1110 1081/1776/1109 
f 1081/1776/1109 1074/1763/1096 362/1762/1095 
f 228/468/229 1058/1778/1111 1061/1779/1112 
f 1061/1779/1112 226/466/227 228/468/229 
f 226/466/227 1061/1779/1112 1062/1780/1113 
f 1062/1780/1113 227/467/228 226/466/227 
f 227/495/228 1062/1781/1113 1073/1782/1114 
f 1073/1782/1114 247/493/248 227/495/228 
f 247/493/248 1073/1782/1114 1068/1783/1115 
f 1068/1783/1115 242/494/243 247/493/248 
f 242/486/243 1068/1784/1115 1071/1785/1116 
f 1071/1785/1116 241/484/242 242/486/243 
f 241/484/242 1071/1785/1116 1064/1786/1117 
f 1064/1786/1117 236/485/237 241/484/242 
f 236/477/237 1064/1787/1117 1067/1788/1118 
f 1067/1788/1118 235/475/236 236/477/237 
f 235/475/236 1067/1788/1118 1058/1789/1111 
f 1058/1789/1111 228/476/229 235/475/236 
f 1059/1747/1080 229/1790/1119 232/1791/1120 
f 232/1791/1120 1060/1748/1081 1059/1747/1080 
f 1063/1751/1084 1060/1748/1081 232/1791/1120 
f 232/1791/1120 234/1792/1121 1063/1751/1084 
f 1063/1751/1084 234/1792/1121 249/1793/1122 
f 249/1793/1122 1072/1760/1093 1063/1751/1084 
f 1069/1757/1090 1072/1760/1093 249/1793/1122 
f 249/1793/1122 243/1794/1123 1069/1757/1090 
f 1069/1757/1090 243/1794/1123 246/1795/1124 
f 246/1795/1124 1070/1758/1091 1069/1757/1090 
f 1065/1753/1086 1070/1758/1091 246/1795/1124 
f 246/1795/1124 237/1796/1125 1065/1753/1086 
f 1065/1753/1086 237/1796/1125 240/1797/1126 
f 240/1797/1126 1066/1754/1087 1065/1753/1086 
f 1059/1747/1080 1066/1754/1087 240/1797/1126 
f 240/1797/1126 229/1790/1119 1059/1747/1080 
f 230/470/231 254/506/255 250/502/251 
f 250/502/251 231/471/232 230/470/231 
f 233/473/234 231/471/232 250/502/251 
f 250/502/251 253/505/254 233/473/234 
f 233/497/234 253/533/254 271/529/272 
f 271/529/272 248/498/249 233/497/234 
f 244/500/245 248/498/249 271/529/272 
f 271/529/272 267/532/268 244/500/245 
f 244/488/245 267/524/268 265/520/266 
f 265/520/266 245/489/246 244/488/245 
f 238/491/239 245/489/246 265/520/266 
f 265/520/266 261/523/262 238/491/239 
f 238/479/239 261/515/262 259/511/260 
f 259/511/260 239/480/240 238/479/239 
f 230/482/231 239/480/240 259/511/260 
f 259/511/260 254/514/255 230/482/231 
f 358/665/359 1082/1798/1127 1083/1799/1128 
f 1083/1799/1128 359/666/360 358/665/359 
f 359/666/360 1083/1799/1128 1084/1800/1129 
f 1084/1800/1129 361/668/362 359/666/360 
f 361/695/362 1084/1801/1129 1085/1802/1130 
f 1085/1802/1130 376/696/377 361/695/362 
f 376/696/377 1085/1802/1130 1086/1803/1131 
f 1086/1803/1131 372/698/373 376/696/377 
f 372/686/373 1086/1804/1131 1087/1805/1132 
f 1087/1805/1132 373/687/374 372/686/373 
f 373/687/374 1087/1805/1132 1088/1806/1133 
f 1088/1806/1133 366/689/367 373/687/374 
f 366/674/367 1088/1807/1133 1089/1808/1134 
f 1089/1808/1134 367/675/368 366/674/367 
f 367/675/368 1089/1808/1134 1082/1809/1127 
f 1082/1809/1127 358/677/359 367/675/368 
f 1090/1810/1135 1091/1811/1136 1092/1812/1137 
f 1092/1812/1137 1093/1813/1138 1090/1810/1135 
f 1090/1810/1135 1093/1813/1138 1094/1814/1139 
f 1094/1814/1139 1095/1815/1140 1090/1810/1135 
f 1096/1816/1141 1095/1815/1140 1094/1814/1139 
f 1094/1814/1139 1097/1817/1142 1096/1816/1141 
f 1096/1816/1141 1097/1817/1142 1098/1818/1143 
f 1098/1818/1143 1099/1819/1144 1096/1816/1141 
f 1100/1820/1145 1099/1819/1144 1098/1818/1143 
f 1098/1818/1143 1101/1821/1146 1100/1820/1145 
f 1100/1820/1145 1101/1821/1146 1102/1822/1147 
f 1102/1822/1147 1103/1823/1148 1100/1820/1145 
f 1104/1824/1149 1103/1823/1148 1102/1822/1147 
f 1102/1822/1147 1105/1825/1150 1104/1824/1149 
f 1104/1824/1149 1105/1825/1150 1092/1812/1137 
f 1092/1812/1137 1091/1811/1136 1104/1824/1149 
f 1076/1767/1100 1075/1764/1097 1091/1811/1136 
f 1091/1811/1136 1090/1810/1135 1076/1767/1100 
f 1076/1767/1100 1090/1810/1135 1095/1815/1140 
f 1095/1815/1140 1077/1768/1101 1076/1767/1100 
f 1078/1771/1104 1077/1768/1101 1095/1815/1140 
f 1095/1815/1140 1096/1816/1141 1078/1771/1104 
f 1078/1771/1104 1096/1816/1141 1099/1819/1144 
f 1099/1819/1144 1079/1772/1105 1078/1771/1104 
f 1080/1775/1108 1079/1772/1105 1099/1819/1144 
f 1099/1819/1144 1100/1820/1145 1080/1775/1108 
f 1080/1775/1108 1100/1820/1145 1103/1823/1148 
f 1103/1823/1148 1081/1776/1109 1080/1775/1108 
f 1074/1763/1096 1081/1776/1109 1103/1823/1148 
f 1103/1823/1148 1104/1824/1149 1074/1763/1096 
f 1074/1763/1096 1104/1824/1149 1091/1811/1136 
f 1091/1811/1136 1075/1764/1097 1074/1763/1096 
f 356/663/357 1093/1826/1151 1092/1827/1152 
f 1092/1827/1152 354/659/355 356/663/357 
f 354/659/355 1092/1827/1152 1105/1828/1153 
f 1105/1828/1153 355/660/356 354/659/355 
f 355/693/356 1105/1829/1153 1102/1830/1154 
f 1102/1830/1154 375/691/376 355/693/356 
f 375/691/376 1102/1830/1154 1101/1831/1155 
f 1101/1831/1155 370/692/371 375/691/376 
f 370/684/371 1101/1832/1155 1098/1833/1156 
f 1098/1833/1156 369/680/370 370/684/371 
f 369/680/370 1098/1833/1156 1097/1834/1157 
f 1097/1834/1157 364/681/365 369/680/370 
f 363/670/364 364/672/365 1097/1835/1157 
f 1097/1835/1157 1094/1836/1158 363/670/364 
f 363/670/364 1094/1836/1158 1093/1837/1151 
f 1093/1837/1151 356/671/357 363/670/364 
f 1082/1798/1127 382/704/383 378/700/379 
f 378/700/379 1083/1799/1128 1082/1798/1127 
f 1083/1799/1128 378/700/379 381/703/382 
f 381/703/382 1084/1800/1129 1083/1799/1128 
f 1084/1801/1129 381/722/382 392/719/393 
f 392/719/393 1085/1802/1130 1084/1801/1129 
f 1085/1802/1130 392/719/393 390/718/391 
f 390/718/391 1086/1803/1131 1085/1802/1130 
f 1086/1804/1131 390/716/391 388/713/389 
f 388/713/389 1087/1805/1132 1086/1804/1131 
f 1087/1805/1132 388/713/389 386/712/387 
f 386/712/387 1088/1806/1133 1087/1805/1132 
f 1088/1807/1133 386/710/387 384/707/385 
f 384/707/385 1089/1808/1134 1088/1807/1133 
f 1089/1808/1134 384/707/385 382/706/383 
f 382/706/383 1082/1809/1127 1089/1808/1134 
f 1106/1838/1159 1107/1839/1160 1108/1840/1161 
f 1108/1840/1161 1109/1841/1162 1106/1838/1159 
f 1109/1842/1162 1108/1843/1161 1110/1844/1163 
f 1110/1844/1163 1111/1845/1164 1109/1842/1162 
f 1111/1845/1164 1110/1844/1163 1112/1846/1165 
f 1112/1846/1165 1113/1847/1166 1111/1845/1164 
f 1113/1848/1166 1112/1849/1165 1114/1850/1167 
f 1114/1850/1167 1115/1851/1168 1113/1848/1166 
f 1115/1851/1168 1114/1850/1167 1116/1852/1169 
f 1116/1852/1169 1117/1853/1170 1115/1851/1168 
f 1117/1854/1170 1116/1855/1169 1118/1856/1171 
f 1118/1856/1171 1119/1857/1172 1117/1854/1170 
f 1119/1857/1172 1118/1856/1171 1120/1858/1173 
f 1120/1858/1173 1121/1859/1174 1119/1857/1172 
f 1121/1860/1174 1120/1861/1173 1107/1839/1160 
f 1107/1839/1160 1106/1838/1159 1121/1860/1174 
f 1122/1862/1175 1123/1863/1176 1124/1864/1177 
f 1124/1864/1177 1125/1865/1178 1122/1862/1175 
f 1125/1866/1178 1124/1867/1177 1126/1868/1179 
f 1126/1868/1179 1127/1869/1180 1125/1866/1178 
f 1127/1869/1180 1126/1868/1179 1128/1870/1181 
f 1128/1870/1181 1129/1871/1182 1127/1869/1180 
f 1129/1872/1182 1128/1873/1181 1130/1874/1183 
f 1130/1874/1183 1131/1875/1184 1129/1872/1182 
f 1131/1875/1184 1130/1874/1183 1132/1876/1185 
f 1132/1876/1185 1133/1877/1186 1131/1875/1184 
f 1133/1878/1186 1132/1879/1185 1134/1880/1187 
f 1134/1880/1187 1135/1881/1188 1133/1878/1186 
f 1135/1881/1188 1134/1880/1187 1136/1882/1189 
f 1136/1882/1189 1137/1883/1190 1135/1881/1188 
f 1137/1884/1190 1136/1885/1189 1123/1863/1176 
f 1123/1863/1176 1122/1862/1175 1137/1884/1190 
f 171/1886/1191 1138/1887/1192 1139/1888/1193 
f 1139/1888/1193 174/1889/1194 171/1886/1191 
f 170/1890/1195 1140/1891/1196 1138/1887/1192 
f 1138/1887/1192 171/1886/1191 170/1890/1195 
f 181/1892/1197 179/1893/1198 1141/1894/1199 
f 1141/1894/1199 1142/1895/1200 181/1892/1197 
f 174/1889/1194 1139/1888/1193 1141/1894/1199 
f 1141/1894/1199 179/1893/1198 174/1889/1194 
f 185/1896/1201 1143/1897/1202 1144/1898/1203 
f 1144/1898/1203 187/1899/1204 185/1896/1201 
f 181/1892/1197 1142/1895/1200 1143/1897/1202 
f 1143/1897/1202 185/1896/1201 181/1892/1197 
f 170/1890/1195 191/1900/1205 1145/1901/1206 
f 1145/1901/1206 1140/1891/1196 170/1890/1195 
f 187/1899/1204 1144/1898/1203 1145/1901/1206 
f 1145/1901/1206 191/1900/1205 187/1899/1204 
f 1138/1887/1192 1146/1902/1207 1147/1903/1208 
f 1147/1903/1208 1139/1888/1193 1138/1887/1192 
f 1140/1891/1196 1148/1904/1209 1146/1902/1207 
f 1146/1902/1207 1138/1887/1192 1140/1891/1196 
f 1142/1895/1200 1141/1894/1199 1149/1905/1210 
f 1149/1905/1210 1150/1906/1211 1142/1895/1200 
f 1139/1888/1193 1147/1903/1208 1149/1905/1210 
f 1149/1905/1210 1141/1894/1199 1139/1888/1193 
f 1143/1897/1202 1151/1907/1212 1152/1908/1213 
f 1152/1908/1213 1144/1898/1203 1143/1897/1202 
f 1142/1895/1200 1150/1906/1211 1151/1907/1212 
f 1151/1907/1212 1143/1897/1202 1142/1895/1200 
f 1140/1891/1196 1145/1901/1206 1153/1909/1214 
f 1153/1909/1214 1148/1904/1209 1140/1891/1196 
f 1144/1898/1203 1152/1908/1213 1153/1909/1214 
f 1153/1909/1214 1145/1901/1206 1144/1898/1203 
f 1146/1902/1207 1154/1910/1215 1155/1911/1216 
f 1155/1911/1216 1147/1903/1208 1146/1902/1207 
f 1148/1904/1209 1156/1912/1217 1154/1910/1215 
f 1154/1910/1215 1146/1902/1207 1148/1904/1209 
f 1150/1906/1211 1149/1905/1210 1157/1913/1218 
f 1157/1913/1218 1158/1914/1219 1150/1906/1211 
f 1147/1903/1208 1155/1911/1216 1157/1913/1218 
f 1157/1913/1218 1149/1905/1210 1147/1903/1208 
f 1151/1907/1212 1159/1915/1220 1160/1916/1221 
f 1160/1916/1221 1152/1908/1213 1151/1907/1212 
f 1150/1906/1211 1158/1914/1219 1159/1915/1220 
f 1159/1915/1220 1151/1907/1212 1150/1906/1211 
f 1148/1904/1209 1153/1909/1214 1161/1917/1222 
f 1161/1917/1222 1156/1912/1217 1148/1904/1209 
f 1152/1908/1213 1160/1916/1221 1161/1917/1222 
f 1161/1917/1222 1153/1909/1214 1152/1908/1213 
f 157/361/158 1155/1918/1223 1154/1919/1224 
f 1154/1919/1224 158/362/159 157/361/158 
f 158/362/159 1154/1919/1224 1156/1920/1225 
f 1156/1920/1225 159/363/160 158/362/159 
f 159/379/160 1156/1921/1225 1161/1922/1226 
f 1161/1922/1226 169/380/170 159/379/160 
f 169/380/170 1161/1922/1226 1160/1923/1227 
f 1160/1923/1227 166/381/167 169/380/170 
f 166/373/167 1160/1924/1227 1159/1925/1228 
f 1159/1925/1228 167/374/168 166/373/167 
f 167/374/168 1159/1925/1228 1158/1926/1229 
f 1158/1926/1229 162/375/163 167/374/168 
f 162/367/163 1158/1927/1229 1157/1928/1230 
f 1157/1928/1230 163/368/164 162/367/163 
f 163/368/164 1157/1928/1230 1155/1929/1223 
f 1155/1929/1223 157/369/158 163/368/164 
f 90/266/91 1162/1930/1231 1163/1931/1232 
f 1163/1931/1232 91/267/92 90/266/91 
f 91/267/92 1163/1931/1232 1164/1932/1233 
f 1164/1932/1233 93/269/94 91/267/92 
f 112/294/113 93/293/94 1164/1933/1233 
f 1164/1933/1233 1165/1934/1234 112/294/113 
f 112/294/113 1165/1934/1234 1166/1935/1235 
f 1166/1935/1235 107/296/108 112/294/113 
f 1167/1936/1236 104/280/105 107/283/108 
f 107/283/108 1166/1937/1235 1167/1936/1236 
f 1168/1938/1237 108/284/109 104/280/105 
f 104/280/105 1167/1936/1236 1168/1938/1237 
f 110/288/111 108/287/109 1168/1939/1237 
f 1168/1939/1237 1169/1940/1238 110/288/111 
f 110/288/111 1169/1940/1238 1162/1941/1231 
f 1162/1941/1231 90/290/91 110/288/111 
f 1162/1930/1231 118/302/119 114/298/115 
f 114/298/115 1163/1931/1232 1162/1930/1231 
f 1163/1931/1232 114/298/115 117/301/118 
f 117/301/118 1164/1932/1233 1163/1931/1232 
f 1164/1933/1233 117/329/118 135/325/136 
f 135/325/136 1165/1934/1234 1164/1933/1233 
f 1165/1934/1234 135/325/136 131/328/132 
f 131/328/132 1166/1935/1235 1165/1934/1234 
f 129/316/130 1167/1936/1236 1166/1937/1235 
f 1166/1937/1235 131/320/132 129/316/130 
f 125/319/126 1168/1938/1237 1167/1936/1236 
f 1167/1936/1236 129/316/130 125/319/126 
f 1168/1939/1237 125/311/126 123/307/124 
f 123/307/124 1169/1940/1238 1168/1939/1237 
f 1169/1940/1238 123/307/124 118/310/119 
f 118/310/119 1162/1941/1231 1169/1940/1238 
f 426/1942/1239 1170/1943/1240 1171/1944/1241 
f 1171/1944/1241 428/1945/1242 426/1942/1239 
f 425/1946/1243 1172/1947/1244 1170/1943/1240 
f 1170/1943/1240 426/1942/1239 425/1946/1243 
f 425/1946/1243 436/1948/1245 1173/1949/1246 
f 1173/1949/1246 1172/1947/1244 425/1946/1243 
f 435/1950/1247 1174/1951/1248 1173/1949/1246 
f 1173/1949/1246 436/1948/1245 435/1950/1247 
f 444/1952/1249 1175/1953/1250 1174/1951/1248 
f 1174/1951/1248 435/1950/1247 444/1952/1249 
f 443/1954/1251 1176/1955/1252 1175/1953/1250 
f 1175/1953/1250 444/1952/1249 443/1954/1251 
f 443/1954/1251 448/1956/1253 1177/1957/1254 
f 1177/1957/1254 1176/1955/1252 443/1954/1251 
f 428/1945/1242 1171/1944/1241 1177/1957/1254 
f 1177/1957/1254 448/1956/1253 428/1945/1242 
f 1178/1958/1255 1179/1959/1256 1180/1960/1257 
f 1180/1960/1257 1181/1961/1258 1178/1958/1255 
f 1181/1961/1258 1180/1960/1257 1182/1962/1259 
f 1182/1962/1259 1183/1963/1260 1181/1961/1258 
f 1183/1963/1260 1182/1962/1259 1184/1964/1261 
f 1184/1964/1261 1185/1965/1262 1183/1963/1260 
f 1186/1966/1263 1185/1965/1262 1184/1964/1261 
f 1184/1964/1261 1187/1967/1264 1186/1966/1263 
f 1186/1966/1263 1187/1967/1264 1188/1968/1265 
f 1188/1968/1265 1189/1969/1266 1186/1966/1263 
f 1189/1969/1266 1188/1968/1265 1190/1970/1267 
f 1190/1970/1267 1191/1971/1268 1189/1969/1266 
f 1191/1971/1268 1190/1970/1267 1192/1972/1269 
f 1192/1972/1269 1193/1973/1270 1191/1971/1268 
f 1193/1973/1270 1192/1972/1269 1179/1959/1256 
f 1179/1959/1256 1178/1958/1255 1193/1973/1270 
f 433/777/434 1194/1974/1271 1195/1975/1272 
f 1195/1975/1272 431/774/432 433/777/434 
f 433/786/434 439/785/440 1196/1976/1273 
f 1196/1976/1273 1194/1977/1271 433/786/434 
f 441/789/442 1197/1978/1274 1196/1976/1273 
f 1196/1976/1273 439/785/440 441/789/442 
f 441/799/442 447/798/448 1198/1979/1275 
f 1198/1979/1275 1197/1980/1274 441/799/442 
f 420/801/421 1199/1981/1276 1198/1979/1275 
f 1198/1979/1275 447/798/448 420/801/421 
f 420/762/421 419/761/420 1200/1982/1277 
f 1200/1982/1277 1199/1983/1276 420/762/421 
f 423/765/424 1201/1984/1278 1200/1982/1277 
f 1200/1982/1277 419/761/420 423/765/424 
f 423/775/424 431/774/432 1195/1975/1272 
f 1195/1975/1272 1201/1985/1278 423/775/424 
f 1186/1966/1279 494/872/494 493/871/493 
f 493/871/493 1185/1965/1280 1186/1966/1279 
f 1189/1969/1281 499/881/499 494/872/494 
f 494/872/494 1186/1966/1279 1189/1969/1281 
f 1191/1971/1282 500/882/500 499/881/499 
f 499/881/499 1189/1969/1281 1191/1971/1282 
f 1193/1973/1283 504/888/504 500/882/500 
f 500/882/500 1191/1971/1282 1193/1973/1283 
f 1193/1973/1283 1178/1958/1284 490/867/490 
f 490/867/490 504/888/504 1193/1973/1283 
f 1181/1961/1285 485/862/485 490/867/490 
f 490/867/490 1178/1958/1284 1181/1961/1285 
f 1183/1963/1286 486/863/486 485/862/485 
f 485/862/485 1181/1961/1285 1183/1963/1286 
f 1185/1965/1280 493/871/493 486/863/486 
f 486/863/486 1183/1963/1286 1185/1965/1280 
f 1182/1962/1259 1202/1986/1287 1203/1987/1288 
f 1203/1987/1288 1184/1964/1261 1182/1962/1259 
f 1187/1967/1264 1184/1964/1261 1203/1987/1288 
f 1203/1987/1288 1204/1988/1289 1187/1967/1264 
f 1187/1967/1264 1204/1988/1289 1205/1989/1290 
f 1205/1989/1290 1188/1968/1265 1187/1967/1264 
f 1190/1970/1267 1188/1968/1265 1205/1989/1290 
f 1205/1989/1290 1206/1990/1291 1190/1970/1267 
f 1190/1970/1267 1206/1990/1291 1207/1991/1292 
f 1207/1991/1292 1192/1972/1269 1190/1970/1267 
f 1179/1959/1256 1192/1972/1269 1207/1991/1292 
f 1207/1991/1292 1208/1992/1293 1179/1959/1256 
f 1179/1959/1256 1208/1992/1293 1209/1993/1294 
f 1209/1993/1294 1180/1960/1257 1179/1959/1256 
f 1182/1962/1259 1180/1960/1257 1209/1993/1294 
f 1209/1993/1294 1202/1986/1287 1182/1962/1259 
f 1172/1947/1244 1173/1949/1246 1210/1994/1295 
f 1210/1994/1295 1211/1995/1296 1172/1947/1244 
f 1172/1947/1244 1211/1995/1296 1212/1996/1297 
f 1212/1996/1297 1170/1943/1240 1172/1947/1244 
f 1171/1944/1241 1170/1943/1240 1212/1996/1297 
f 1212/1996/1297 1213/1997/1298 1171/1944/1241 
f 1171/1944/1241 1213/1997/1298 1214/1998/1299 
f 1214/1998/1299 1177/1957/1254 1171/1944/1241 
f 1176/1955/1252 1177/1957/1254 1214/1998/1299 
f 1214/1998/1299 1215/1999/1300 1176/1955/1252 
f 1176/1955/1252 1215/1999/1300 1216/2000/1301 
f 1216/2000/1301 1175/1953/1250 1176/1955/1252 
f 1174/1951/1248 1175/1953/1250 1216/2000/1301 
f 1216/2000/1301 1217/2001/1302 1174/1951/1248 
f 1174/1951/1248 1217/2001/1302 1210/1994/1295 
f 1210/1994/1295 1173/1949/1246 1174/1951/1248 
f 1211/1995/1296 1210/1994/1295 462/2002/1245 
f 462/2002/1245 454/2003/1303 1211/1995/1296 
f 1211/1995/1296 454/2003/1303 450/2004/1304 
f 450/2004/1304 1212/1996/1297 1211/1995/1296 
f 1212/1996/1297 450/2004/1304 453/2005/1305 
f 453/2005/1305 1213/1997/1298 1212/1996/1297 
f 1213/1997/1298 453/2005/1305 478/2006/1306 
f 478/2006/1306 1214/1998/1299 1213/1997/1298 
f 1215/1999/1300 1214/1998/1299 478/2006/1306 
f 478/2006/1306 472/2007/1307 1215/1999/1300 
f 1215/1999/1300 472/2007/1307 470/2008/1249 
f 470/2008/1249 1216/2000/1301 1215/1999/1300 
f 1216/2000/1301 470/2008/1249 464/2009/1308 
f 464/2009/1308 1217/2001/1302 1216/2000/1301 
f 1217/2001/1302 464/2009/1308 462/2002/1245 
f 462/2002/1245 1210/1994/1295 1217/2001/1302 
f 1204/1988/1289 1203/1987/1288 491/2010/1309 
f 491/2010/1309 492/877/1310 1204/1988/1289 
f 1204/1988/1289 492/877/1310 497/876/1311 
f 497/876/1311 1205/1989/1290 1204/1988/1289 
f 1206/1990/1291 1205/1989/1290 497/876/1311 
f 497/876/1311 498/880/1312 1206/1990/1291 
f 1206/1990/1291 498/880/1312 503/2011/1313 
f 503/2011/1313 1207/1991/1292 1206/1990/1291 
f 1208/1992/1293 1207/1991/1292 503/2011/1313 
f 503/2011/1313 483/858/1314 1208/1992/1293 
f 1208/1992/1293 483/858/1314 482/857/1315 
f 482/857/1315 1209/1993/1294 1208/1992/1293 
f 1202/1986/1287 1209/1993/1294 482/857/1315 
f 482/857/1315 484/861/1287 1202/1986/1287 
f 1202/1986/1287 484/861/1287 491/2010/1309 
f 491/2010/1309 1203/1987/1288 1202/1986/1287 
f 703/1185/1316 1218/2012/1317 1219/2013/1318 
f 1219/2013/1318 705/1187/1319 703/1185/1316 
f 702/1184/1320 1220/2014/1321 1218/2012/1317 
f 1218/2012/1317 703/1185/1316 702/1184/1320 
f 754/1256/1322 1221/2015/1323 1222/2016/1324 
f 1222/2016/1324 758/1260/1322 754/1256/1322 
f 757/1259/1325 1223/2017/1326 1221/2015/1326 
f 1221/2015/1326 754/1256/1325 757/1259/1325 
f 711/1194/1327 1224/2018/1328 1220/2019/1329 
f 1220/2019/1329 702/1196/1330 711/1194/1327 
f 710/1193/1331 1225/2020/1332 1224/2018/1328 
f 1224/2018/1328 711/1194/1327 710/1193/1331 
f 766/1268/1333 1226/2021/1334 1227/2022/1334 
f 1227/2022/1334 768/1270/1333 766/1268/1333 
f 758/1260/1335 1222/2016/1336 1226/2021/1336 
f 1226/2021/1336 766/1268/1335 758/1260/1335 
f 717/1203/1337 1228/2023/1338 1225/2024/1339 
f 1225/2024/1339 710/1205/1340 717/1203/1337 
f 716/1202/1341 1229/2025/1342 1228/2023/1338 
f 1228/2023/1338 717/1203/1337 716/1202/1341 
f 774/1278/1343 1230/2026/1344 1231/2027/1345 
f 1231/2027/1345 776/1280/1343 774/1278/1343 
f 768/1270/1346 1227/2022/1347 1230/2026/1348 
f 1230/2026/1348 774/1278/1346 768/1270/1346 
f 720/1212/1349 1232/2028/1350 1229/2029/1351 
f 1229/2029/1351 716/1214/1352 720/1212/1349 
f 705/1211/1353 1219/2030/1354 1232/2028/1350 
f 1232/2028/1350 720/1212/1349 705/1211/1353 
f 782/1288/1355 1233/2031/1356 1223/2017/1357 
f 1223/2017/1357 757/1259/1355 782/1288/1355 
f 776/1280/1358 1231/2027/1359 1233/2031/1359 
f 1233/2031/1359 782/1288/1358 776/1280/1358 
f 1218/2012/1317 1234/2032/1360 1235/2033/1361 
f 1235/2033/1361 1219/2013/1318 1218/2012/1317 
f 1220/2014/1321 1236/2034/1362 1234/2032/1360 
f 1234/2032/1360 1218/2012/1317 1220/2014/1321 
f 1221/2015/1323 1237/2035/1363 1238/2036/1364 
f 1238/2036/1364 1222/2016/1324 1221/2015/1323 
f 1223/2017/1326 1239/2037/1365 1237/2035/1366 
f 1237/2035/1366 1221/2015/1326 1223/2017/1326 
f 1224/2018/1328 1240/2038/1367 1236/2039/1368 
f 1236/2039/1368 1220/2019/1329 1224/2018/1328 
f 1225/2020/1332 1241/2040/1369 1240/2038/1367 
f 1240/2038/1367 1224/2018/1328 1225/2020/1332 
f 1226/2021/1334 1242/2041/1370 1243/2042/1371 
f 1243/2042/1371 1227/2022/1334 1226/2021/1334 
f 1222/2016/1336 1238/2036/1372 1242/2041/1373 
f 1242/2041/1373 1226/2021/1336 1222/2016/1336 
f 1228/2023/1338 1244/2043/1374 1241/2044/1375 
f 1241/2044/1375 1225/2024/1339 1228/2023/1338 
f 1229/2025/1342 1245/2045/1376 1244/2043/1374 
f 1244/2043/1374 1228/2023/1338 1229/2025/1342 
f 1230/2026/1344 1246/2046/1377 1247/2047/1377 
f 1247/2047/1377 1231/2027/1345 1230/2026/1344 
f 1227/2022/1347 1243/2042/1378 1246/2046/1379 
f 1246/2046/1379 1230/2026/1348 1227/2022/1347 
f 1232/2028/1350 1248/2048/1380 1245/2049/1381 
f 1245/2049/1381 1229/2029/1351 1232/2028/1350 
f 1219/2030/1354 1235/2050/1382 1248/2048/1380 
f 1248/2048/1380 1232/2028/1350 1219/2030/1354 
f 1233/2031/1356 1249/2051/1383 1239/2037/1384 
f 1239/2037/1384 1223/2017/1357 1233/2031/1356 
f 1231/2027/1359 1247/2047/1385 1249/2051/1386 
f 1249/2051/1386 1233/2031/1359 1231/2027/1359 
f 1234/2032/1360 722/2052/1387 725/2053/1388 
f 725/2053/1388 1235/2033/1361 1234/2032/1360 
f 1236/2034/1362 726/2054/1389 722/2052/1387 
f 722/2052/1387 1234/2032/1360 1236/2034/1362 
f 1237/2035/1363 730/1224/1390 729/1223/1390 
f 729/1223/1390 1238/2036/1364 1237/2035/1363 
f 1239/2037/1365 732/1226/1391 730/1224/1391 
f 730/1224/1391 1237/2035/1366 1239/2037/1365 
f 1240/2038/1367 734/1228/1392 726/1231/1393 
f 726/1231/1393 1236/2039/1368 1240/2038/1367 
f 1241/2040/1369 736/1232/1394 734/1228/1392 
f 734/1228/1392 1240/2038/1367 1241/2040/1369 
f 1242/2041/1370 740/1236/1395 739/1235/1395 
f 739/1235/1395 1243/2042/1371 1242/2041/1370 
f 1238/2036/1372 729/1223/1396 740/1236/1396 
f 740/1236/1396 1242/2041/1373 1238/2036/1372 
f 1244/2043/1374 742/2055/1397 736/2056/1398 
f 736/2056/1398 1241/2044/1375 1244/2043/1374 
f 1245/2045/1376 744/2057/1399 742/2055/1397 
f 742/2055/1397 1244/2043/1374 1245/2045/1376 
f 1246/2046/1377 748/1246/1400 747/1245/1400 
f 747/1245/1400 1247/2047/1377 1246/2046/1377 
f 1243/2042/1378 739/1235/1401 748/1246/1401 
f 748/1246/1401 1246/2046/1379 1243/2042/1378 
f 1248/2048/1380 750/1248/1402 744/1251/1403 
f 744/1251/1403 1245/2049/1381 1248/2048/1380 
f 1235/2050/1382 725/1252/1404 750/1248/1402 
f 750/1248/1402 1248/2048/1380 1235/2050/1382 
f 1249/2051/1383 752/1254/1405 732/1226/1405 
f 732/1226/1405 1239/2037/1384 1249/2051/1383 
f 1247/2047/1385 747/1245/1406 752/1254/1406 
f 752/1254/1406 1249/2051/1386 1247/2047/1385 
f 723/1217/715 727/1221/719 1250/2058/1407 
f 1250/2058/1407 1251/2059/1408 723/1217/715 
f 1252/2060/1409 724/1218/716 723/1217/715 
f 723/1217/715 1251/2059/1408 1252/2060/1409 
f 751/1249/743 724/1253/716 1252/2061/1409 
f 1252/2061/1409 1253/2062/1410 751/1249/743 
f 1254/2063/1411 745/1250/737 751/1249/743 
f 751/1249/743 1253/2062/1410 1254/2063/1411 
f 743/1239/735 745/1243/737 1254/2064/1411 
f 1254/2064/1411 1255/2065/1412 743/1239/735 
f 1256/2066/1413 737/1240/729 743/1239/735 
f 743/1239/735 1255/2065/1412 1256/2066/1413 
f 735/1229/727 737/1233/729 1256/2067/1413 
f 1256/2067/1413 1257/2068/1414 735/1229/727 
f 1250/2069/1407 727/1230/719 735/1229/727 
f 735/1229/727 1257/2068/1414 1250/2069/1407 
f 1258/2070/1415 1259/2071/1416 1260/2072/1417 
f 1260/2072/1417 1261/2073/1418 1258/2070/1415 
f 1262/2074/1419 1261/2073/1418 1260/2072/1417 
f 1260/2072/1417 1263/2075/1420 1262/2074/1419 
f 1264/2076/1421 1265/2077/1422 1266/2078/1423 
f 1266/2078/1423 1267/2079/664 1264/2076/1421 
f 1258/2070/1415 1267/2079/664 1266/2078/1423 
f 1266/2078/1423 1259/2071/1416 1258/2070/1415 
f 1268/2080/1424 1269/2081/1425 1270/2082/1426 
f 1270/2082/1426 1271/2083/1426 1268/2080/1424 
f 1264/2076/1421 1271/2083/1426 1270/2082/1426 
f 1270/2082/1426 1265/2077/1422 1264/2076/1421 
f 1262/2074/1419 1263/2075/1420 1272/2084/1427 
f 1272/2084/1427 1273/2085/672 1262/2074/1419 
f 1268/2080/1424 1273/2085/672 1272/2084/1427 
f 1272/2084/1427 1269/2081/1425 1268/2080/1424 
f 958/1562/1428 954/1558/1429 1274/2086/1430 
f 1274/2086/1430 1275/2087/1431 958/1562/1428 
f 957/1561/1432 1276/2088/1433 1274/2086/1430 
f 1274/2086/1430 954/1558/1429 957/1561/1432 
f 965/1579/1434 963/2089/1435 1277/2090/1436 
f 1277/2090/1436 1278/2091/1437 965/1579/1434 
f 958/1562/1428 1275/2087/1431 1277/2090/1436 
f 1277/2090/1436 963/2089/1435 958/1562/1428 
f 971/1580/1438 969/1576/1439 1279/2092/1440 
f 1279/2092/1440 1280/2093/1441 971/1580/1438 
f 965/1579/1434 1278/2091/1437 1279/2092/1440 
f 1279/2092/1440 969/1576/1439 965/1579/1434 
f 957/1561/1432 975/2094/1442 1281/2095/1443 
f 1281/2095/1443 1276/2088/1433 957/1561/1432 
f 971/1580/1438 1280/2093/1441 1281/2095/1443 
f 1281/2095/1443 975/2094/1442 971/1580/1438 
f 1282/2096/1444 1283/2097/1445 1284/2098/1446 
f 1284/2098/1446 1285/2099/1447 1282/2096/1444 
f 1285/2099/1447 1284/2098/1446 1286/2100/1448 
f 1286/2100/1448 1287/2101/1449 1285/2099/1447 
f 1287/2102/1449 1286/2103/1448 1288/2104/209 
f 1288/2104/209 1289/2105/1450 1287/2102/1449 
f 1289/2105/1450 1288/2104/209 1290/2106/1451 
f 1290/2106/1451 1291/2107/1452 1289/2105/1450 
f 1291/2108/1452 1290/2109/1451 1292/2110/1453 
f 1292/2110/1453 1293/2111/1454 1291/2108/1452 
f 1293/2111/1454 1292/2110/1453 1294/2112/1455 
f 1294/2112/1455 1295/2113/1456 1293/2111/1454 
f 1295/2114/1456 1294/2115/1455 1296/2116/1457 
f 1296/2116/1457 1297/2117/1458 1295/2114/1456 
f 1297/2117/1458 1296/2116/1457 1283/2118/1445 
f 1283/2118/1445 1282/2119/1444 1297/2117/1458 
f 1259/2071/1416 1298/2120/1459 1299/2121/1460 
f 1299/2121/1460 1260/2072/1417 1259/2071/1416 
f 1263/2075/1420 1260/2072/1417 1299/2121/1460 
f 1299/2121/1460 1300/2122/1461 1263/2075/1420 
f 1263/2075/1420 1300/2122/1461 1301/2123/1462 
f 1301/2123/1462 1272/2084/1427 1263/2075/1420 
f 1269/2081/1425 1272/2084/1427 1301/2123/1462 
f 1301/2123/1462 1302/2124/1463 1269/2081/1425 
f 1269/2081/1425 1302/2124/1463 1303/2125/1464 
f 1303/2125/1464 1270/2082/1426 1269/2081/1425 
f 1265/2077/1422 1270/2082/1426 1303/2125/1464 
f 1303/2125/1464 1304/2126/1465 1265/2077/1422 
f 1265/2077/1422 1304/2126/1465 1305/2127/1466 
f 1305/2127/1466 1266/2078/1423 1265/2077/1422 
f 1259/2071/1416 1266/2078/1423 1305/2127/1466 
f 1305/2127/1466 1298/2120/1459 1259/2071/1416 
f 1298/2120/1459 912/2128/1467 915/2129/1468 
f 915/2129/1468 1299/2121/1460 1298/2120/1459 
f 1300/2122/1461 1299/2121/1460 915/2129/1468 
f 915/2129/1468 917/2130/1469 1300/2122/1461 
f 1300/2122/1461 917/2130/1469 936/2131/1470 
f 936/2131/1470 1301/2123/1462 1300/2122/1461 
f 1302/2124/1463 1301/2123/1462 936/2131/1470 
f 936/2131/1470 930/2132/1471 1302/2124/1463 
f 1302/2124/1463 930/2132/1471 933/2133/1472 
f 933/2133/1472 1303/2125/1464 1302/2124/1463 
f 1304/2126/1465 1303/2125/1464 933/2133/1472 
f 933/2133/1472 923/2134/1473 1304/2126/1465 
f 1304/2126/1465 923/2134/1473 922/2135/1466 
f 922/2135/1466 1305/2127/1466 1304/2126/1465 
f 1298/2120/1459 1305/2127/1466 922/2135/1466 
f 922/2135/1466 912/2128/1467 1298/2120/1459 
f 1275/2087/1431 1274/2086/1430 942/1537/1474 
f 942/1537/1474 941/1536/1475 1275/2087/1431 
f 1275/2087/1431 941/1536/1475 947/1545/1436 
f 947/1545/1436 1277/2090/1436 1275/2087/1431 
f 1278/2091/1437 1277/2090/1436 947/1545/1436 
f 947/1545/1436 946/1544/1476 1278/2091/1437 
f 1278/2091/1437 946/1544/1476 951/1552/1440 
f 951/1552/1440 1279/2092/1440 1278/2091/1437 
f 1280/2093/1441 1279/2092/1440 951/1552/1440 
f 951/1552/1440 950/1551/1477 1280/2093/1441 
f 1280/2093/1441 950/1551/1477 953/1557/1478 
f 953/1557/1478 1281/2095/1443 1280/2093/1441 
f 1276/2088/1433 1281/2095/1443 953/1557/1478 
f 953/1557/1478 943/1538/1479 1276/2088/1433 
f 1276/2088/1433 943/1538/1479 942/1537/1474 
f 942/1537/1474 1274/2086/1430 1276/2088/1433 
f 707/1189/699 708/1191/700 709/1192/701 
f 709/1192/701 712/1195/704 707/1189/699 
f 713/1198/705 718/1204/710 709/1206/701 
f 709/1206/701 708/1199/700 713/1198/705 
f 714/1200/706 715/1201/707 718/1204/710 
f 718/1204/710 713/1198/705 714/1200/706 
f 719/1207/711 721/1213/713 715/1215/707 
f 715/1215/707 714/1208/706 719/1207/711 
f 719/1207/711 699/1209/691 706/1210/698 
f 706/1210/698 721/1213/713 719/1207/711 
f 698/1180/690 704/1186/696 706/1188/698 
f 706/1188/698 699/1181/691 698/1180/690 
f 700/1182/692 701/1183/693 704/1186/696 
f 704/1186/696 698/1180/690 700/1182/692 
f 707/1189/699 712/1195/704 701/1197/693 
f 701/1197/693 700/1190/692 707/1189/699 
f 755/1257/747 759/1261/751 760/1262/752 
f 760/1262/752 763/1265/755 755/1257/747 
f 755/1257/747 763/1265/755 765/1267/757 
f 765/1267/757 756/1258/748 755/1257/747 
f 783/1289/775 756/1258/748 765/1267/757 
f 765/1267/757 784/2136/776 783/1289/775 
f 783/1289/775 784/2136/776 778/1282/770 
f 778/1282/770 777/1281/769 783/1289/775 
f 775/1279/767 777/1281/769 778/1282/770 
f 778/1282/770 781/1285/773 775/1279/767 
f 775/1279/767 781/1285/773 771/1287/763 
f 771/1287/763 769/1271/761 775/1279/767 
f 767/1269/759 769/1271/761 771/1287/763 
f 771/1287/763 770/2137/762 767/1269/759 
f 767/1269/759 770/2137/762 760/1262/752 
f 760/1262/752 759/1261/751 767/1269/759 
f 1306/2138/1480 1307/2139/1480 1308/2140/1481 
f 1308/2140/1481 1309/2141/1481 1306/2138/1480 
f 1310/2142/1482 1311/2143/1483 1312/2144/1484 
f 1312/2144/1484 1313/2145/1485 1310/2142/1482 
f 1314/2146/1486 1310/2142/1482 1313/2145/1485 
f 1313/2145/1485 1315/2147/1487 1314/2146/1486 
f 1316/2148/1488 1314/2146/1486 1315/2147/1487 
f 1315/2147/1487 1317/2149/1489 1316/2148/1488 
f 1318/2150/1490 1316/2151/1488 1317/2152/1489 
f 1317/2152/1489 1319/2153/1491 1318/2150/1490 
f 1320/2154/1492 1321/2155/1493 1322/2156/1493 
f 1322/2156/1493 1323/2157/1492 1320/2154/1492 
f 1324/2158/1494 1325/2159/1495 1326/2160/1496 
f 1326/2160/1496 1327/2161/1497 1324/2158/1494 
f 1328/2162/1498 1329/2163/1499 1327/2161/1497 
f 1327/2161/1497 1326/2160/1496 1328/2162/1498 
f 1330/2164/1500 1331/2165/1500 1332/2166/1501 
f 1332/2166/1501 1333/2167/1502 1330/2164/1500 
f 1334/2168/1503 1335/2169/1504 1336/2170/1505 
f 1336/2170/1505 1337/2171/1506 1334/2168/1503 
f 1337/2171/1506 1336/2170/1505 1338/2172/1507 
f 1338/2172/1507 1339/2173/1508 1337/2171/1506 
f 1339/2173/1508 1338/2172/1507 1340/2174/1509 
f 1340/2174/1509 1341/2175/1510 1339/2173/1508 
f 1342/2176/1511 1343/2177/1511 1341/2175/1510 
f 1341/2175/1510 1340/2174/1509 1342/2176/1511 
f 1344/2178/1512 1345/2179/1512 1346/2180/1513 
f 1346/2180/1513 1347/2181/1513 1344/2178/1512 
f 1348/2182/1514 1349/2183/1515 1350/2184/1516 
f 1350/2184/1516 1351/2185/1517 1348/2182/1514 
f 1352/2186/1518 1353/2187/1519 1354/2188/1519 
f 1354/2188/1519 1355/2189/1518 1352/2186/1518 
f 1356/2190/1520 1357/2191/1520 1358/2192/1521 
f 1358/2192/1521 1359/2193/1522 1356/2190/1520 
f 1360/2194/1523 1361/2195/1523 1362/2196/1524 
f 1362/2196/1524 1363/2197/1524 1360/2194/1523 
f 1364/2198/1525 1365/2199/1526 1366/2200/1527 
f 1366/2200/1527 1367/2201/1527 1364/2198/1525 
f 1308/2202/1528 1307/2203/1529 1368/2204/1529 
f 1368/2204/1529 1369/2205/1530 1308/2202/1528 
f 1313/2206/1531 1312/2207/1532 1370/2208/1533 
f 1370/2208/1533 1371/2209/1534 1313/2206/1531 
f 1315/2210/1535 1313/2206/1531 1371/2209/1534 
f 1371/2209/1534 1372/2211/1536 1315/2210/1535 
f 1317/2212/1537 1315/2210/1535 1372/2211/1536 
f 1372/2211/1536 1373/2213/1538 1317/2212/1537 
f 1319/2214/1539 1317/2212/1537 1373/2213/1538 
f 1373/2213/1538 1374/2215/1540 1319/2214/1539 
f 1323/2157/1541 1322/2156/1542 1375/2216/1542 
f 1375/2216/1542 1376/2217/1541 1323/2157/1541 
f 1325/2159/1543 1377/2218/1544 1378/2219/1545 
f 1378/2219/1545 1326/2160/1546 1325/2159/1543 
f 1326/2160/1546 1378/2219/1545 1379/2220/1547 
f 1379/2220/1547 1328/2162/1548 1326/2160/1546 
f 1331/2221/1549 1380/2222/1549 1381/2223/1550 
f 1381/2223/1550 1332/2224/1551 1331/2221/1549 
f 1335/2225/1552 1382/2226/1553 1383/2227/1554 
f 1383/2227/1554 1336/2228/1555 1335/2225/1552 
f 1336/2228/1555 1383/2227/1554 1384/2229/1556 
f 1384/2229/1556 1338/2230/1557 1336/2228/1555 
f 1338/2230/1557 1384/2229/1556 1385/2231/1558 
f 1385/2231/1558 1340/2232/1559 1338/2230/1557 
f 1340/2232/1559 1385/2231/1558 1386/2233/1560 
f 1386/2233/1560 1342/2234/1560 1340/2232/1559 
f 1347/2235/1561 1387/2236/1561 1388/2237/1562 
f 1388/2237/1562 1344/2238/1562 1347/2235/1561 
f 1351/2239/1563 1350/2240/1564 1389/2241/1565 
f 1389/2241/1565 1390/2242/1566 1351/2239/1563 
f 1355/2243/1567 1354/2244/1568 1391/2245/1568 
f 1391/2245/1568 1392/2246/1569 1355/2243/1567 
f 1357/2247/1570 1393/2248/1570 1394/2249/1571 
f 1394/2249/1571 1358/2250/1572 1357/2247/1570 
f 1361/2251/1573 1395/2252/1573 1396/2253/1574 
f 1396/2253/1574 1362/2254/1575 1361/2251/1573 
f 1365/2255/1576 1397/2256/1577 1398/2257/1578 
f 1398/2257/1578 1366/2258/1578 1365/2255/1576 
f 1368/2259/1579 1399/2260/1579 1400/2261/1580 
f 1400/2261/1580 1369/2262/1580 1368/2259/1579 
f 1371/2263/1581 1370/2264/1582 1401/2265/1583 
f 1401/2265/1583 1402/2266/1584 1371/2263/1581 
f 1372/2267/1585 1371/2263/1581 1402/2266/1584 
f 1402/2266/1584 1403/2268/1586 1372/2267/1585 
f 1373/2269/1587 1372/2267/1585 1403/2268/1586 
f 1403/2268/1586 1404/2270/1588 1373/2269/1587 
f 1374/2215/1589 1373/2213/1587 1404/2271/1588 
f 1404/2271/1588 1405/2272/1590 1374/2215/1589 
f 1376/2217/1591 1375/2216/1592 1406/2273/1592 
f 1406/2273/1592 1407/2274/1593 1376/2217/1591 
f 1377/2275/1594 1408/2276/1595 1409/2277/1596 
f 1409/2277/1596 1378/2278/1597 1377/2275/1594 
f 1378/2219/1597 1409/2279/1596 1410/2280/1598 
f 1410/2280/1598 1379/2220/1599 1378/2219/1597 
f 1380/2222/1600 1411/2281/1600 1412/2282/1601 
f 1412/2282/1601 1381/2223/1602 1380/2222/1600 
f 1382/2283/1603 1413/2284/1604 1414/2285/1605 
f 1414/2285/1605 1383/2286/1606 1382/2283/1603 
f 1383/2286/1606 1414/2285/1605 1415/2287/1607 
f 1415/2287/1607 1384/2288/1608 1383/2286/1606 
f 1384/2288/1608 1415/2287/1607 1416/2289/1609 
f 1416/2289/1609 1385/2290/1610 1384/2288/1608 
f 1385/2290/1610 1416/2289/1609 1417/2291/1611 
f 1417/2291/1611 1386/2292/1611 1385/2290/1610 
f 1387/2293/1612 1418/2294/1612 1419/2295/1613 
f 1419/2295/1613 1388/2296/1614 1387/2293/1612 
f 1390/2297/1615 1389/2298/1616 1420/2299/1617 
f 1420/2299/1617 1421/2300/1615 1390/2297/1615 
f 1392/2301/1618 1391/2302/1619 1422/2303/1619 
f 1422/2303/1619 1423/2304/1620 1392/2301/1618 
f 1393/2305/1621 1424/2306/1621 1425/2307/1622 
f 1425/2307/1622 1394/2308/1623 1393/2305/1621 
f 1395/2309/1624 1426/2310/1624 1427/2311/1625 
f 1427/2311/1625 1396/2312/1626 1395/2309/1624 
f 1397/2313/1627 1428/2314/1628 1429/2315/1629 
f 1429/2315/1629 1398/2316/1629 1397/2313/1627 
f 1399/2260/1630 1430/2317/1630 1431/2318/1631 
f 1431/2318/1631 1400/2261/1631 1399/2260/1630 
f 1401/2265/1632 1432/2319/1632 1433/2320/1633 
f 1433/2320/1633 1402/2266/1633 1401/2265/1632 
f 1402/2266/1633 1433/2320/1633 1434/2321/1634 
f 1434/2321/1634 1403/2268/1634 1402/2266/1633 
f 1403/2268/1634 1434/2321/1634 1435/2322/1635 
f 1435/2322/1635 1404/2270/1635 1403/2268/1634 
f 1404/2270/1635 1435/2322/1635 1436/2323/1636 
f 1436/2323/1636 1405/2324/1636 1404/2270/1635 
f 1406/2325/1637 1437/2326/1637 1438/2327/1638 
f 1438/2327/1638 1407/2328/1638 1406/2325/1637 
f 1408/2276/1639 1439/2329/1639 1440/2330/1640 
f 1440/2330/1640 1409/2277/1641 1408/2276/1639 
f 1409/2277/1641 1440/2330/1640 1441/2331/1642 
f 1441/2331/1642 1410/2332/1642 1409/2277/1641 
f 1411/2333/1643 1442/2334/1643 1443/2335/1644 
f 1443/2335/1644 1412/2336/1644 1411/2333/1643 
f 1413/2284/1645 1444/2337/1645 1445/2338/1646 
f 1445/2338/1646 1414/2285/1646 1413/2284/1645 
f 1414/2285/1646 1445/2338/1646 1446/2339/1647 
f 1446/2339/1647 1415/2287/1647 1414/2285/1646 
f 1415/2287/1647 1446/2339/1647 1447/2340/1648 
f 1447/2340/1648 1416/2289/1648 1415/2287/1647 
f 1416/2289/1648 1447/2340/1648 1448/2341/1649 
f 1448/2341/1649 1417/2291/1649 1416/2289/1648 
f 1418/2294/1650 1449/2342/1650 1450/2343/1651 
f 1450/2343/1651 1419/2295/1651 1418/2294/1650 
f 1420/2299/1652 1451/2344/1652 1452/2345/1653 
f 1452/2345/1653 1421/2300/1653 1420/2299/1652 
f 1422/2303/1654 1453/2346/1654 1454/2347/1655 
f 1454/2347/1655 1423/2304/1655 1422/2303/1654 
f 1424/2306/1656 1455/2348/1656 1456/2349/1657 
f 1456/2349/1657 1425/2307/1657 1424/2306/1656 
f 1426/2310/1658 1457/2350/1658 1458/2351/1659 
f 1458/2351/1659 1427/2311/1659 1426/2310/1658 
f 1428/2314/1660 1459/2352/1660 1460/2353/1661 
f 1460/2353/1661 1429/2315/1661 1428/2314/1660 
f 1431/2318/1662 1430/2317/1663 1461/2354/1663 
f 1461/2354/1663 1462/2355/1662 1431/2318/1662 
f 1432/2319/1664 1463/2356/1665 1464/2357/1666 
f 1464/2357/1666 1433/2320/1667 1432/2319/1664 
f 1433/2320/1667 1464/2357/1666 1465/2358/1668 
f 1465/2358/1668 1434/2321/1669 1433/2320/1667 
f 1434/2321/1669 1465/2358/1668 1466/2359/1670 
f 1466/2359/1670 1435/2322/1671 1434/2321/1669 
f 1435/2360/1671 1466/2361/1670 1467/2362/1672 
f 1467/2362/1672 1436/2363/1673 1435/2360/1671 
f 1437/2364/1674 1468/2365/1674 1469/2366/1675 
f 1469/2366/1675 1438/2367/1676 1437/2364/1674 
f 1439/2329/1677 1470/2368/1678 1471/2369/1679 
f 1471/2369/1679 1440/2330/1680 1439/2329/1677 
f 1441/2370/1681 1440/2371/1680 1471/2372/1679 
f 1471/2372/1679 1472/2373/1682 1441/2370/1681 
f 1443/2374/1683 1442/2375/1684 1473/2376/1684 
f 1473/2376/1684 1474/2377/1685 1443/2374/1683 
f 1445/2338/1686 1444/2337/1687 1475/2378/1688 
f 1475/2378/1688 1476/2379/1689 1445/2338/1686 
f 1446/2339/1690 1445/2338/1686 1476/2379/1689 
f 1476/2379/1689 1477/2380/1691 1446/2339/1690 
f 1447/2340/1692 1446/2339/1690 1477/2380/1691 
f 1477/2380/1691 1478/2381/1693 1447/2340/1692 
f 1448/2341/1694 1447/2340/1692 1478/2381/1693 
f 1478/2381/1693 1479/2382/1694 1448/2341/1694 
f 1450/2343/1695 1449/2342/1696 1480/2383/1696 
f 1480/2383/1696 1481/2384/1695 1450/2343/1695 
f 1451/2344/1697 1482/2385/1698 1483/2386/1699 
f 1483/2386/1699 1452/2345/1700 1451/2344/1697 
f 1453/2346/1701 1484/2387/1701 1485/2388/1702 
f 1485/2388/1702 1454/2347/1703 1453/2346/1701 
f 1456/2349/1704 1455/2348/1705 1486/2389/1705 
f 1486/2389/1705 1487/2390/1706 1456/2349/1704 
f 1458/2351/1707 1457/2350/1708 1488/2391/1708 
f 1488/2391/1708 1489/2392/1709 1458/2351/1707 
f 1460/2353/1710 1459/2352/1711 1490/2393/1712 
f 1490/2393/1712 1491/2394/1710 1460/2353/1710 
f 1461/2395/1713 1492/2396/1713 1493/2397/1714 
f 1493/2397/1714 1462/2398/1715 1461/2395/1713 
f 1463/2399/1716 1494/2400/1717 1495/2401/1718 
f 1495/2401/1718 1464/2402/1719 1463/2399/1716 
f 1464/2402/1719 1495/2401/1718 1496/2403/1720 
f 1496/2403/1720 1465/2404/1721 1464/2402/1719 
f 1465/2404/1721 1496/2403/1720 1497/2405/1722 
f 1497/2405/1722 1466/2361/1723 1465/2404/1721 
f 1466/2361/1723 1497/2405/1722 1498/2406/1724 
f 1498/2406/1724 1467/2362/1725 1466/2361/1723 
f 1468/2365/1726 1499/2407/1726 1500/2408/1727 
f 1500/2408/1727 1469/2366/1728 1468/2365/1726 
f 1470/2409/1729 1501/2410/1730 1502/2411/1731 
f 1502/2411/1731 1471/2372/1732 1470/2409/1729 
f 1472/2373/1733 1471/2372/1732 1502/2411/1731 
f 1502/2411/1731 1503/2412/1733 1472/2373/1733 
f 1474/2377/1734 1473/2376/1735 1504/2413/1735 
f 1504/2413/1735 1505/2414/1736 1474/2377/1734 
f 1476/2415/1737 1475/2416/1738 1506/2417/1739 
f 1506/2417/1739 1507/2418/1740 1476/2415/1737 
f 1477/2419/1741 1476/2415/1737 1507/2418/1740 
f 1507/2418/1740 1508/2420/1742 1477/2419/1741 
f 1478/2421/1743 1477/2419/1741 1508/2420/1742 
f 1508/2420/1742 1509/2422/1744 1478/2421/1743 
f 1479/2423/1745 1478/2421/1743 1509/2422/1744 
f 1509/2422/1744 1510/2424/1746 1479/2423/1745 
f 1481/2425/1747 1480/2426/1748 1511/2427/1748 
f 1511/2427/1748 1512/2428/1747 1481/2425/1747 
f 1482/2429/1749 1513/2430/1750 1514/2431/1751 
f 1514/2431/1751 1483/2432/1751 1482/2429/1749 
f 1484/2433/1752 1515/2434/1752 1516/2435/1753 
f 1516/2435/1753 1485/2436/1754 1484/2433/1752 
f 1487/2437/1755 1486/2438/1756 1517/2439/1756 
f 1517/2439/1756 1518/2440/1757 1487/2437/1755 
f 1489/2441/1758 1488/2442/1759 1519/2443/1759 
f 1519/2443/1759 1520/2444/1760 1489/2441/1758 
f 1491/2445/1761 1490/2446/1762 1521/2447/1763 
f 1521/2447/1763 1522/2448/1761 1491/2445/1761 
f 1492/2449/1764 1306/2138/1764 1309/2141/1765 
f 1309/2141/1765 1493/2450/1765 1492/2449/1764 
f 1494/2451/1766 1311/2143/1767 1310/2142/1768 
f 1310/2142/1768 1495/2452/1769 1494/2451/1766 
f 1495/2452/1769 1310/2142/1768 1314/2146/1770 
f 1314/2146/1770 1496/2453/1771 1495/2452/1769 
f 1496/2453/1771 1314/2146/1770 1316/2148/1772 
f 1316/2148/1772 1497/2454/1773 1496/2453/1771 
f 1497/2455/1773 1316/2151/1772 1318/2150/1774 
f 1318/2150/1774 1498/2456/1775 1497/2455/1773 
f 1499/2407/1776 1321/2457/1776 1320/2458/1777 
f 1320/2458/1777 1500/2408/1778 1499/2407/1776 
f 1501/2410/1779 1324/2459/1780 1327/2460/1781 
f 1327/2460/1781 1502/2411/1782 1501/2410/1779 
f 1503/2412/1783 1502/2411/1782 1327/2460/1781 
f 1327/2460/1781 1329/2461/1783 1503/2412/1783 
f 1505/2462/1784 1504/2463/1785 1330/2164/1785 
f 1330/2164/1785 1333/2167/1786 1505/2462/1784 
f 1507/2464/1787 1506/2465/1788 1334/2168/1789 
f 1334/2168/1789 1337/2171/1790 1507/2464/1787 
f 1508/2466/1791 1507/2464/1787 1337/2171/1790 
f 1337/2171/1790 1339/2173/1792 1508/2466/1791 
f 1509/2467/1793 1508/2466/1791 1339/2173/1792 
f 1339/2173/1792 1341/2175/1794 1509/2467/1793 
f 1510/2468/1795 1509/2467/1793 1341/2175/1794 
f 1341/2175/1794 1343/2177/1795 1510/2468/1795 
f 1512/2469/1796 1511/2470/1797 1346/2180/1797 
f 1346/2180/1797 1345/2179/1796 1512/2469/1796 
f 1513/2471/1798 1349/2183/1799 1348/2182/1800 
f 1348/2182/1800 1514/2472/1801 1513/2471/1798 
f 1515/2473/1802 1353/2187/1802 1352/2186/1803 
f 1352/2186/1803 1516/2474/1803 1515/2473/1802 
f 1518/2475/1804 1517/2476/1805 1356/2190/1805 
f 1356/2190/1805 1359/2193/1806 1518/2475/1804 
f 1520/2477/1807 1519/2478/1808 1360/2194/1808 
f 1360/2194/1808 1363/2197/1809 1520/2477/1807 
f 1522/2479/1810 1521/2480/1811 1364/2198/1812 
f 1364/2198/1812 1367/2201/1810 1522/2479/1810 
f 1523/2481/1813 1307/2482/1814 1306/2483/1815 
f 1306/2483/1815 1524/2484/1815 1523/2481/1813 
f 1321/2485/1816 1525/2486/1817 1526/2487/1818 
f 1526/2487/1818 1322/2488/1819 1321/2485/1816 
f 1527/2489/1820 1368/2490/1821 1307/2482/1814 
f 1307/2482/1814 1523/2481/1813 1527/2489/1820 
f 1322/2488/1819 1526/2487/1818 1528/2491/1822 
f 1528/2491/1822 1375/2492/1823 1322/2488/1819 
f 1527/2489/1820 1529/2493/1824 1399/2494/1825 
f 1399/2494/1825 1368/2490/1821 1527/2489/1820 
f 1406/2495/1826 1375/2492/1823 1528/2491/1822 
f 1528/2491/1822 1530/2496/1827 1406/2495/1826 
f 1531/2497/1828 1430/2498/1829 1399/2494/1825 
f 1399/2494/1825 1529/2493/1824 1531/2497/1828 
f 1406/2495/1826 1530/2496/1827 1532/2499/1830 
f 1532/2499/1830 1437/2500/1831 1406/2495/1826 
f 1533/2501/1832 1461/2502/1833 1430/2498/1829 
f 1430/2498/1829 1531/2497/1828 1533/2501/1832 
f 1437/2500/1831 1532/2499/1830 1534/2503/1834 
f 1534/2503/1834 1468/2504/1835 1437/2500/1831 
f 1533/2501/1832 1535/2505/1836 1492/2506/1837 
f 1492/2506/1837 1461/2502/1833 1533/2501/1832 
f 1499/2507/1838 1468/2504/1835 1534/2503/1834 
f 1534/2503/1834 1536/2508/1839 1499/2507/1838 
f 1535/2505/1836 1524/2484/1815 1306/2483/1815 
f 1306/2483/1815 1492/2506/1837 1535/2505/1836 
f 1321/2485/1816 1499/2507/1838 1536/2508/1839 
f 1536/2508/1839 1525/2486/1817 1321/2485/1816 
f 1537/2509/1840 1538/2510/1841 1331/2511/1842 
f 1331/2511/1842 1330/2512/1843 1537/2509/1840 
f 1347/2513/1844 1346/2514/1845 1539/2515/1846 
f 1539/2515/1846 1540/2516/1847 1347/2513/1844 
f 1538/2510/1841 1541/2517/1848 1380/2518/1849 
f 1380/2518/1849 1331/2511/1842 1538/2510/1841 
f 1387/2519/1850 1347/2513/1844 1540/2516/1847 
f 1540/2516/1847 1542/2520/1851 1387/2519/1850 
f 1543/2521/1852 1411/2522/1853 1380/2518/1849 
f 1380/2518/1849 1541/2517/1848 1543/2521/1852 
f 1387/2519/1850 1542/2520/1851 1544/2523/1854 
f 1544/2523/1854 1418/2524/1855 1387/2519/1850 
f 1545/2525/1856 1442/2526/1857 1411/2522/1853 
f 1411/2522/1853 1543/2521/1852 1545/2525/1856 
f 1418/2524/1855 1544/2523/1854 1546/2527/1858 
f 1546/2527/1858 1449/2528/1859 1418/2524/1855 
f 1545/2525/1856 1547/2529/1860 1473/2530/1861 
f 1473/2530/1861 1442/2526/1857 1545/2525/1856 
f 1480/2531/1862 1449/2528/1859 1546/2527/1858 
f 1546/2527/1858 1548/2532/1863 1480/2531/1862 
f 1549/2533/1864 1504/2534/1865 1473/2530/1861 
f 1473/2530/1861 1547/2529/1860 1549/2533/1864 
f 1480/2531/1862 1548/2532/1863 1550/2535/1866 
f 1550/2535/1866 1511/2536/1867 1480/2531/1862 
f 1537/2509/1840 1330/2512/1843 1504/2534/1865 
f 1504/2534/1865 1549/2533/1864 1537/2509/1840 
f 1511/2536/1867 1550/2535/1866 1539/2515/1846 
f 1539/2515/1846 1346/2514/1845 1511/2536/1867 
f 1551/2537/1868 1354/2538/1869 1353/2539/1870 
f 1353/2539/1870 1552/2540/1871 1551/2537/1868 
f 1553/2541/1872 1391/2542/1873 1354/2538/1869 
f 1354/2538/1869 1551/2537/1868 1553/2541/1872 
f 1553/2541/1872 1554/2543/1874 1422/2544/1875 
f 1422/2544/1875 1391/2542/1873 1553/2541/1872 
f 1555/2545/1876 1453/2546/1877 1422/2544/1875 
f 1422/2544/1875 1554/2543/1874 1555/2545/1876 
f 1556/2547/1878 1484/2548/1879 1453/2546/1877 
f 1453/2546/1877 1555/2545/1876 1556/2547/1878 
f 1556/2547/1878 1557/2549/1880 1515/2550/1881 
f 1515/2550/1881 1484/2548/1879 1556/2547/1878 
f 1557/2549/1880 1552/2540/1871 1353/2539/1870 
f 1353/2539/1870 1515/2550/1881 1557/2549/1880 
f 1361/2551/1882 1360/2552/1883 1558/2553/1884 
f 1558/2553/1884 1559/2554/1885 1361/2551/1882 
f 1395/2555/1886 1361/2551/1882 1559/2554/1885 
f 1559/2554/1885 1560/2556/1887 1395/2555/1886 
f 1395/2555/1886 1560/2556/1887 1561/2557/1888 
f 1561/2557/1888 1426/2558/1889 1395/2555/1886 
f 1426/2558/1889 1561/2557/1888 1562/2559/1890 
f 1562/2559/1890 1457/2560/1891 1426/2558/1889 
f 1488/2561/1892 1457/2560/1891 1562/2559/1890 
f 1562/2559/1890 1563/2562/1893 1488/2561/1892 
f 1488/2561/1892 1563/2562/1893 1564/2563/1894 
f 1564/2563/1894 1519/2564/1895 1488/2561/1892 
f 1519/2564/1895 1564/2563/1894 1558/2553/1884 
f 1558/2553/1884 1360/2552/1883 1519/2564/1895 
f 1565/2565/1896 1566/2566/1896 1567/2567/1896 
f 1567/2567/1896 1568/2568/1896 1565/2565/1896 
f 1569/2569/1897 1565/2570/1897 1568/2571/1897 
f 1568/2571/1897 1570/2572/1897 1569/2569/1897 
f 1571/2573/1898 1569/2574/1898 1570/2575/1898 
f 1570/2575/1898 1572/2576/1898 1571/2573/1898 
f 1573/2577/1899 1571/2573/1899 1572/2576/1899 
f 1572/2576/1899 1574/2578/1899 1573/2577/1899 
f 1575/2579/1900 1576/2580/1900 1573/2577/1900 
f 1573/2577/1900 1574/2578/1900 1575/2579/1900 
f 1577/2581/1901 1578/2582/1901 1576/2583/1901 
f 1576/2583/1901 1575/2584/1901 1577/2581/1901 
f 1567/2567/1902 1566/2566/1902 1578/2585/1902 
f 1578/2585/1902 1577/2586/1902 1567/2567/1902 
f 1579/2587/1903 1580/2588/1903 1581/2589/1904 
f 1581/2589/1904 1582/2590/1905 1579/2587/1903 
f 1583/2591/1906 1579/2592/1906 1582/2593/1907 
f 1582/2593/1907 1584/2594/1908 1583/2591/1906 
f 1585/2595/1909 1583/2596/1909 1584/2597/1910 
f 1584/2597/1910 1586/2598/1911 1585/2595/1909 
f 1587/2599/1912 1585/2595/1912 1586/2598/1913 
f 1586/2598/1913 1588/2600/1913 1587/2599/1912 
f 1589/2601/1914 1590/2602/1915 1587/2599/1915 
f 1587/2599/1915 1588/2600/1916 1589/2601/1914 
f 1591/2603/1917 1592/2604/1918 1590/2605/1918 
f 1590/2605/1918 1589/2606/1919 1591/2603/1917 
f 1581/2589/1920 1580/2588/1921 1592/2607/1921 
f 1592/2607/1921 1591/2608/1922 1581/2589/1920 
f 1593/2609/1923 1594/2610/1923 1595/2611/1924 
f 1595/2611/1924 1596/2612/1924 1593/2609/1923 
f 1597/2613/1925 1593/2609/1925 1596/2612/1926 
f 1596/2612/1926 1598/2614/1927 1597/2613/1925 
f 1599/2615/1928 1597/2616/1928 1598/2617/1929 
f 1598/2617/1929 1600/2618/1930 1599/2615/1928 
f 1601/2619/1931 1599/2620/1931 1600/2621/1932 
f 1600/2621/1932 1602/2622/1933 1601/2619/1931 
f 1603/2623/1934 1604/2624/1935 1601/2619/1935 
f 1601/2619/1935 1602/2622/1936 1603/2623/1934 
f 1605/2625/1937 1606/2626/1938 1604/2627/1938 
f 1604/2627/1938 1603/2628/1939 1605/2625/1937 
f 1595/2611/1940 1594/2610/1941 1606/2629/1941 
f 1606/2629/1941 1605/2630/1942 1595/2611/1940 
f 1607/2631/1943 1608/2632/1943 1609/2633/1943 
f 1609/2633/1943 1610/2634/1943 1607/2631/1943 
f 1611/2635/1944 1607/2631/1944 1610/2634/1944 
f 1610/2634/1944 1612/2636/1944 1611/2635/1944 
f 1613/2637/1945 1611/2638/1945 1612/2639/1945 
f 1612/2639/1945 1614/2640/1945 1613/2637/1945 
f 1615/2641/1946 1613/2642/1946 1614/2643/1946 
f 1614/2643/1946 1616/2644/1946 1615/2641/1946 
f 1617/2645/1947 1618/2646/1947 1615/2641/1947 
f 1615/2641/1947 1616/2644/1947 1617/2645/1947 
f 1619/2647/1948 1620/2648/1948 1618/2649/1948 
f 1618/2649/1948 1617/2650/1948 1619/2647/1948 
f 1609/2633/1949 1608/2632/1949 1620/2651/1949 
f 1620/2651/1949 1619/2652/1949 1609/2633/1949 
f 1621/2653/1950 1622/2654/1951 1566/2655/1951 
f 1566/2655/1951 1565/2656/1952 1621/2653/1950 
f 1579/2657/1953 1568/2658/1954 1567/2659/1955 
f 1567/2659/1955 1580/2660/1956 1579/2657/1953 
f 1623/2661/1957 1621/2653/1950 1565/2656/1952 
f 1565/2656/1952 1569/2662/1958 1623/2661/1957 
f 1583/2663/1959 1570/2664/1960 1568/2658/1954 
f 1568/2658/1954 1579/2657/1953 1583/2663/1959 
f 1623/2661/1957 1569/2662/1958 1571/2665/1961 
f 1571/2665/1961 1624/2666/1962 1623/2661/1957 
f 1583/2663/1959 1585/2667/1963 1572/2668/1964 
f 1572/2668/1964 1570/2664/1960 1583/2663/1959 
f 1624/2666/1962 1571/2665/1961 1573/2669/1965 
f 1573/2669/1965 1625/2670/1966 1624/2666/1962 
f 1587/2671/1967 1574/2672/1968 1572/2668/1964 
f 1572/2668/1964 1585/2667/1963 1587/2671/1967 
f 1626/2673/1969 1625/2670/1966 1573/2669/1965 
f 1573/2669/1965 1576/2674/1970 1626/2673/1969 
f 1590/2675/1971 1575/2676/1972 1574/2672/1968 
f 1574/2672/1968 1587/2671/1967 1590/2675/1971 
f 1626/2673/1969 1576/2674/1970 1578/2677/1973 
f 1578/2677/1973 1627/2678/1974 1626/2673/1969 
f 1590/2675/1971 1592/2679/1975 1577/2680/1976 
f 1577/2680/1976 1575/2676/1972 1590/2675/1971 
f 1592/2679/1975 1580/2660/1956 1567/2659/1955 
f 1567/2659/1955 1577/2680/1976 1592/2679/1975 
f 1627/2678/1974 1578/2677/1973 1566/2655/1951 
f 1566/2655/1951 1622/2654/1951 1627/2678/1974 
f 1628/2681/1977 1608/2682/1978 1607/2683/1979 
f 1607/2683/1979 1629/2684/1980 1628/2681/1977 
f 1593/2685/1981 1610/2686/1982 1609/2687/1983 
f 1609/2687/1983 1594/2688/1984 1593/2685/1981 
f 1630/2689/1985 1629/2684/1980 1607/2683/1979 
f 1607/2683/1979 1611/2690/1986 1630/2689/1985 
f 1597/2691/1987 1612/2692/1988 1610/2686/1982 
f 1610/2686/1982 1593/2685/1981 1597/2691/1987 
f 1630/2689/1985 1611/2690/1986 1613/2693/1989 
f 1613/2693/1989 1631/2694/1990 1630/2689/1985 
f 1597/2691/1987 1599/2695/1991 1614/2696/1992 
f 1614/2696/1992 1612/2692/1988 1597/2691/1987 
f 1631/2694/1990 1613/2693/1989 1615/2697/1993 
f 1615/2697/1993 1632/2698/1994 1631/2694/1990 
f 1599/2695/1991 1601/2699/1995 1616/2700/1996 
f 1616/2700/1996 1614/2696/1992 1599/2695/1991 
f 1633/2701/1997 1632/2698/1994 1615/2697/1993 
f 1615/2697/1993 1618/2702/1998 1633/2701/1997 
f 1604/2703/1999 1617/2704/2000 1616/2700/1996 
f 1616/2700/1996 1601/2699/1995 1604/2703/1999 
f 1634/2705/2001 1633/2701/1997 1618/2702/1998 
f 1618/2702/1998 1620/2706/2002 1634/2705/2001 
f 1606/2707/2003 1619/2708/2004 1617/2704/2000 
f 1617/2704/2000 1604/2703/1999 1606/2707/2003 
f 1606/2707/2003 1594/2688/1984 1609/2687/1983 
f 1609/2687/1983 1619/2708/2004 1606/2707/2003 
f 1634/2705/2001 1620/2706/2002 1608/2682/1978 
f 1608/2682/1978 1628/2681/1977 1634/2705/2001 
f 1635/2709/2005 1636/2710/2005 1637/2711/2006 
f 1637/2711/2006 1638/2712/2006 1635/2709/2005 
f 1639/2713/2007 1635/2714/2008 1638/2715/2009 
f 1638/2715/2009 1640/2716/2009 1639/2713/2007 
f 1641/2717/2010 1639/2718/2010 1640/2719/2011 
f 1640/2719/2011 1642/2720/2011 1641/2717/2010 
f 1643/2721/2012 1641/2717/2012 1642/2720/2013 
f 1642/2720/2013 1644/2722/2013 1643/2721/2012 
f 1645/2723/2014 1646/2724/2015 1643/2721/2015 
f 1643/2721/2015 1644/2722/2014 1645/2723/2014 
f 1647/2725/2016 1648/2726/2017 1646/2727/2017 
f 1646/2727/2017 1645/2728/2016 1647/2725/2016 
f 1637/2711/2018 1636/2710/2019 1648/2729/2019 
f 1648/2729/2019 1647/2730/2018 1637/2711/2018 
f 1425/2307/1657 1456/2349/1657 1649/2731/1657 
f 1649/2731/1657 1650/2732/1657 1425/2307/1657 
f 1394/2308/1623 1425/2307/1622 1650/2732/2020 
f 1650/2732/2020 1651/2733/2021 1394/2308/1623 
f 1358/2250/1572 1394/2249/1571 1651/2734/2022 
f 1651/2734/2022 1652/2735/2023 1358/2250/1572 
f 1359/2193/1522 1358/2192/1521 1652/2736/2024 
f 1652/2736/2024 1653/2737/2025 1359/2193/1522 
f 1654/2738/2026 1518/2475/1804 1359/2193/1806 
f 1359/2193/1806 1653/2737/2026 1654/2738/2026 
f 1655/2739/2027 1487/2437/1755 1518/2440/1757 
f 1518/2440/1757 1654/2740/2027 1655/2739/2027 
f 1649/2731/2028 1456/2349/1704 1487/2390/1706 
f 1487/2390/1706 1655/2741/2029 1649/2731/2028 
f 1650/2732/1657 1649/2731/1657 1656/2742/2030 
f 1656/2742/2030 1657/2743/2030 1650/2732/1657 
f 1651/2733/2021 1650/2732/2020 1657/2743/2031 
f 1657/2743/2031 1658/2744/2032 1651/2733/2021 
f 1652/2735/2023 1651/2734/2022 1658/2745/2033 
f 1658/2745/2033 1659/2746/2034 1652/2735/2023 
f 1653/2737/2025 1652/2736/2024 1659/2747/2035 
f 1659/2747/2035 1660/2748/2036 1653/2737/2025 
f 1661/2749/2037 1654/2738/2026 1653/2737/2026 
f 1653/2737/2026 1660/2748/2038 1661/2749/2037 
f 1662/2750/2039 1655/2739/2027 1654/2740/2027 
f 1654/2740/2027 1661/2751/2040 1662/2750/2039 
f 1656/2742/2041 1649/2731/2028 1655/2741/2029 
f 1655/2741/2029 1662/2752/2041 1656/2742/2041 
f 1663/2753/2042 1664/2754/2043 1636/2710/2005 
f 1636/2710/2005 1635/2709/2005 1663/2753/2042 
f 1665/2755/2044 1663/2756/2045 1635/2714/2008 
f 1635/2714/2008 1639/2713/2007 1665/2755/2044 
f 1666/2757/2046 1665/2758/2047 1639/2718/2010 
f 1639/2718/2010 1641/2717/2010 1666/2757/2046 
f 1667/2759/2048 1666/2757/2048 1641/2717/2012 
f 1641/2717/2012 1643/2721/2012 1667/2759/2048 
f 1646/2724/2015 1668/2760/2049 1667/2759/2050 
f 1667/2759/2050 1643/2721/2015 1646/2724/2015 
f 1648/2726/2017 1669/2761/2051 1668/2762/2052 
f 1668/2762/2052 1646/2727/2017 1648/2726/2017 
f 1636/2710/2019 1664/2754/2053 1669/2763/2054 
f 1669/2763/2054 1648/2729/2019 1636/2710/2019 
f 1514/2472/1801 1348/2182/1800 1552/2764/2055 
f 1552/2764/2055 1557/2765/2055 1514/2472/1801 
f 1483/2432/1751 1514/2431/1751 1557/2766/2056 
f 1557/2766/2056 1556/2767/2056 1483/2432/1751 
f 1452/2345/1700 1483/2386/1699 1556/2768/2057 
f 1556/2768/2057 1555/2769/2057 1452/2345/1700 
f 1421/2300/1653 1452/2345/1653 1555/2769/2058 
f 1555/2769/2058 1554/2770/2058 1421/2300/1653 
f 1553/2771/2059 1390/2297/1615 1421/2300/1615 
f 1421/2300/1615 1554/2770/2059 1553/2771/2059 
f 1551/2772/2060 1351/2239/1563 1390/2242/1566 
f 1390/2242/1566 1553/2773/2060 1551/2772/2060 
f 1552/2764/2061 1348/2182/1514 1351/2185/1517 
f 1351/2185/1517 1551/2774/2061 1552/2764/2061 
f 1512/2469/1796 1345/2179/1796 1349/2183/1799 
f 1349/2183/1799 1513/2471/1798 1512/2469/1796 
f 1481/2425/1747 1512/2428/1747 1513/2430/1750 
f 1513/2430/1750 1482/2429/1749 1481/2425/1747 
f 1450/2343/1695 1481/2384/1695 1482/2385/1698 
f 1482/2385/1698 1451/2344/1697 1450/2343/1695 
f 1419/2295/1651 1450/2343/1651 1451/2344/1652 
f 1451/2344/1652 1420/2299/1652 1419/2295/1651 
f 1389/2298/1616 1388/2296/1614 1419/2295/1613 
f 1419/2295/1613 1420/2299/1617 1389/2298/1616 
f 1350/2240/1564 1344/2238/1562 1388/2237/1562 
f 1388/2237/1562 1389/2241/1565 1350/2240/1564 
f 1349/2183/1515 1345/2179/1512 1344/2178/1512 
f 1344/2178/1512 1350/2184/1516 1349/2183/1515 
f 1429/2315/1661 1460/2353/1661 1531/2775/2062 
f 1531/2775/2062 1529/2776/2062 1429/2315/1661 
f 1527/2777/2063 1398/2316/1629 1429/2315/1629 
f 1429/2315/1629 1529/2776/2063 1527/2777/2063 
f 1523/2778/2064 1366/2258/1578 1398/2257/1578 
f 1398/2257/1578 1527/2779/2064 1523/2778/2064 
f 1524/2780/2065 1367/2201/1527 1366/2200/1527 
f 1366/2200/1527 1523/2781/2065 1524/2780/2065 
f 1522/2479/1810 1367/2201/1810 1524/2780/2066 
f 1524/2780/2066 1535/2782/2066 1522/2479/1810 
f 1491/2445/1761 1522/2448/1761 1535/2783/2067 
f 1535/2783/2067 1533/2784/2067 1491/2445/1761 
f 1460/2353/1710 1491/2394/1710 1533/2785/2068 
f 1533/2785/2068 1531/2775/2068 1460/2353/1710 
f 1427/2311/1659 1458/2351/1659 1459/2352/1660 
f 1459/2352/1660 1428/2314/1660 1427/2311/1659 
f 1396/2312/1626 1427/2311/1625 1428/2314/1628 
f 1428/2314/1628 1397/2313/1627 1396/2312/1626 
f 1362/2254/1575 1396/2253/1574 1397/2256/1577 
f 1397/2256/1577 1365/2255/1576 1362/2254/1575 
f 1363/2197/1524 1362/2196/1524 1365/2199/1526 
f 1365/2199/1526 1364/2198/1525 1363/2197/1524 
f 1521/2480/1811 1520/2477/1807 1363/2197/1809 
f 1363/2197/1809 1364/2198/1812 1521/2480/1811 
f 1490/2446/1762 1489/2441/1758 1520/2444/1760 
f 1520/2444/1760 1521/2447/1763 1490/2446/1762 
f 1459/2352/1711 1458/2351/1707 1489/2392/1709 
f 1489/2392/1709 1490/2393/1712 1459/2352/1711 
f 1510/2468/1795 1343/2177/1795 1539/2786/2069 
f 1539/2786/2069 1550/2787/2069 1510/2468/1795 
f 1479/2423/1745 1510/2424/1746 1550/2788/2070 
f 1550/2788/2070 1548/2789/2070 1479/2423/1745 
f 1448/2341/1694 1479/2382/1694 1548/2790/2071 
f 1548/2790/2071 1546/2791/2071 1448/2341/1694 
f 1417/2291/1649 1448/2341/1649 1546/2791/2072 
f 1546/2791/2072 1544/2792/2072 1417/2291/1649 
f 1386/2292/1611 1417/2291/1611 1544/2792/2073 
f 1544/2792/2073 1542/2793/2073 1386/2292/1611 
f 1342/2234/1560 1386/2233/1560 1542/2794/2074 
f 1542/2794/2074 1540/2795/2074 1342/2234/1560 
f 1343/2177/1511 1342/2176/1511 1540/2796/2075 
f 1540/2796/2075 1539/2786/2075 1343/2177/1511 
f 1400/2261/1631 1431/2318/1631 1432/2319/1632 
f 1432/2319/1632 1401/2265/1632 1400/2261/1631 
f 1370/2264/1582 1369/2262/1580 1400/2261/1580 
f 1400/2261/1580 1401/2265/1583 1370/2264/1582 
f 1312/2207/1532 1308/2202/1528 1369/2205/1530 
f 1369/2205/1530 1370/2208/1533 1312/2207/1532 
f 1311/2143/1483 1309/2141/1481 1308/2140/1481 
f 1308/2140/1481 1312/2144/1484 1311/2143/1483 
f 1493/2450/1765 1309/2141/1765 1311/2143/1767 
f 1311/2143/1767 1494/2451/1766 1493/2450/1765 
f 1462/2398/1715 1493/2397/1714 1494/2400/1717 
f 1494/2400/1717 1463/2399/1716 1462/2398/1715 
f 1431/2318/1662 1462/2355/1662 1463/2356/1665 
f 1463/2356/1665 1432/2319/1664 1431/2318/1662 
f 1670/2797/2076 1503/2412/1783 1329/2461/1783 
f 1329/2461/1783 1671/2798/2077 1670/2797/2076 
f 1672/2799/2078 1472/2373/1733 1503/2412/1733 
f 1503/2412/1733 1670/2797/2079 1672/2799/2078 
f 1673/2800/2080 1441/2370/1681 1472/2373/1682 
f 1472/2373/1682 1672/2799/2081 1673/2800/2080 
f 1410/2332/1642 1441/2331/1642 1673/2801/2082 
f 1673/2801/2082 1674/2802/2082 1410/2332/1642 
f 1379/2220/1599 1410/2280/1598 1674/2803/2083 
f 1674/2803/2083 1675/2804/2084 1379/2220/1599 
f 1328/2162/1548 1379/2220/1547 1675/2804/1548 
f 1675/2804/1548 1676/2805/1547 1328/2162/1548 
f 1329/2163/1499 1328/2162/1498 1676/2805/2085 
f 1676/2805/2085 1671/2806/2086 1329/2163/1499 
f 1677/2807/2087 1678/2808/2088 1324/2459/1780 
f 1324/2459/1780 1501/2410/1779 1677/2807/2087 
f 1679/2809/2089 1677/2807/2090 1501/2410/1730 
f 1501/2410/1730 1470/2409/1729 1679/2809/2089 
f 1680/2810/2091 1679/2809/2092 1470/2409/1678 
f 1470/2409/1678 1439/2811/1677 1680/2810/2091 
f 1681/2812/2093 1680/2813/2093 1439/2329/1639 
f 1439/2329/1639 1408/2276/1639 1681/2812/2093 
f 1377/2218/1594 1682/2814/2094 1681/2815/2095 
f 1681/2815/2095 1408/2816/1595 1377/2218/1594 
f 1325/2159/1543 1683/2817/2096 1682/2814/2096 
f 1682/2814/2096 1377/2218/1544 1325/2159/1543 
f 1324/2158/1494 1678/2818/2097 1683/2817/2097 
f 1683/2817/2097 1325/2159/1495 1324/2158/1494 
f 1596/2612/1924 1595/2611/1924 1562/2819/2098 
f 1562/2819/2098 1561/2820/2098 1596/2612/1924 
f 1598/2614/1927 1596/2612/1926 1561/2820/2099 
f 1561/2820/2099 1560/2821/2099 1598/2614/1927 
f 1600/2618/1930 1598/2617/1929 1560/2822/2100 
f 1560/2822/2100 1559/2823/2100 1600/2618/1930 
f 1602/2622/1933 1600/2621/1932 1559/2824/2101 
f 1559/2824/2101 1558/2825/2101 1602/2622/1933 
f 1564/2826/2102 1603/2623/1934 1602/2622/1936 
f 1602/2622/1936 1558/2825/2102 1564/2826/2102 
f 1563/2827/2103 1605/2625/1937 1603/2628/1939 
f 1603/2628/1939 1564/2828/2103 1563/2827/2103 
f 1562/2819/2104 1595/2611/1940 1605/2630/1942 
f 1605/2630/1942 1563/2829/2104 1562/2819/2104 
f 1516/2474/1803 1352/2186/1803 1622/2830/2105 
f 1622/2830/2105 1621/2831/2105 1516/2474/1803 
f 1485/2436/1754 1516/2435/1753 1621/2832/2106 
f 1621/2832/2106 1623/2833/2106 1485/2436/1754 
f 1454/2347/1703 1485/2388/1702 1623/2834/2107 
f 1623/2834/2107 1624/2835/2107 1454/2347/1703 
f 1423/2304/1655 1454/2347/1655 1624/2835/2108 
f 1624/2835/2108 1625/2836/2108 1423/2304/1655 
f 1626/2837/2109 1392/2301/1618 1423/2304/1620 
f 1423/2304/1620 1625/2836/2109 1626/2837/2109 
f 1627/2838/2110 1355/2243/1567 1392/2246/1569 
f 1392/2246/1569 1626/2839/2110 1627/2838/2110 
f 1622/2830/2111 1352/2186/1518 1355/2189/1518 
f 1355/2189/1518 1627/2840/2111 1622/2830/2111 
f 1582/2590/1905 1581/2589/1904 1664/2754/2043 
f 1664/2754/2043 1663/2753/2042 1582/2590/1905 
f 1584/2594/1908 1582/2593/1907 1663/2756/2045 
f 1663/2756/2045 1665/2755/2044 1584/2594/1908 
f 1586/2598/1911 1584/2597/1910 1665/2758/2047 
f 1665/2758/2047 1666/2757/2046 1586/2598/1911 
f 1588/2600/1913 1586/2598/1913 1666/2757/2048 
f 1666/2757/2048 1667/2759/2048 1588/2600/1913 
f 1668/2760/2049 1589/2601/1914 1588/2600/1916 
f 1588/2600/1916 1667/2759/2050 1668/2760/2049 
f 1669/2761/2051 1591/2603/1917 1589/2606/1919 
f 1589/2606/1919 1668/2762/2052 1669/2761/2051 
f 1664/2754/2053 1581/2589/1920 1591/2608/1922 
f 1591/2608/1922 1669/2763/2054 1664/2754/2053 
f 1657/2743/2030 1656/2742/2030 1628/2841/2112 
f 1628/2841/2112 1629/2842/2112 1657/2743/2030 
f 1658/2744/2032 1657/2743/2031 1629/2842/2113 
f 1629/2842/2113 1630/2843/2113 1658/2744/2032 
f 1659/2746/2034 1658/2745/2033 1630/2844/2114 
f 1630/2844/2114 1631/2845/2114 1659/2746/2034 
f 1660/2748/2036 1659/2747/2035 1631/2846/2115 
f 1631/2846/2115 1632/2847/2115 1660/2748/2036 
f 1633/2848/2116 1661/2749/2037 1660/2748/2038 
f 1660/2748/2038 1632/2847/2116 1633/2848/2116 
f 1634/2849/2117 1662/2750/2039 1661/2751/2040 
f 1661/2751/2040 1633/2850/2117 1634/2849/2117 
f 1628/2841/2118 1656/2742/2041 1662/2752/2041 
f 1662/2752/2041 1634/2851/2118 1628/2841/2118 
f 1288/2104/209 1273/2852/2119 1268/2853/2120 
f 1268/2853/2120 1290/2106/1451 1288/2104/209 
f 1262/2854/2121 1273/2852/2119 1288/2104/209 
f 1288/2104/209 1286/2103/1448 1262/2854/2121 
f 1261/2855/2122 1262/2856/2121 1286/2100/1448 
f 1286/2100/1448 1284/2098/1446 1261/2855/2122 
f 1258/2857/2123 1261/2855/2122 1284/2098/1446 
f 1284/2098/1446 1283/2097/1445 1258/2857/2123 
f 1267/2858/2124 1258/2859/2123 1283/2118/1445 
f 1283/2118/1445 1296/2116/1457 1267/2858/2124 
f 1264/2860/2125 1267/2858/2124 1296/2116/1457 
f 1296/2116/1457 1294/2115/1455 1264/2860/2125 
f 1271/2861/2126 1264/2862/2125 1294/2112/1455 
f 1294/2112/1455 1292/2110/1453 1271/2861/2126 
f 1268/2863/2120 1271/2861/2126 1292/2110/1453 
f 1292/2110/1453 1290/2109/1451 1268/2863/2120 
f 994/1628/986 999/1627/991 1001/1633/993 
f 1001/1633/993 995/1634/987 994/1628/986 
f 979/1629/971 985/1630/977 1001/1633/993 
f 1001/1633/993 999/1627/991 979/1629/971 
f 984/1603/976 985/1604/977 979/1596/971 
f 979/1596/971 978/1595/970 984/1603/976 
f 981/1600/973 984/1603/976 978/1595/970 
f 978/1595/970 980/1599/972 981/1600/973 
f 992/1612/984 981/1613/973 980/1607/972 
f 980/1607/972 987/1606/979 992/1612/984 
f 988/1608/980 989/1609/981 992/1612/984 
f 992/1612/984 987/1606/979 988/1608/980 
f 998/1624/990 989/1625/981 988/1617/980 
f 988/1617/980 993/1616/985 998/1624/990 
f 995/1621/987 998/1624/990 993/1616/985 
f 993/1616/985 994/1620/986 995/1621/987 
f 1684/2864/2127 1685/2865/2128 857/2866/2129 
f 857/2866/2129 855/2867/2130 1684/2864/2127 
f 1686/2868/2131 1684/2864/2127 855/2867/2130 
f 855/2867/2130 854/2869/2132 1686/2868/2131 
f 1687/2870/2133 1688/2871/2134 910/2872/2135 
f 910/2872/2135 906/2873/2136 1687/2870/2133 
f 1689/2874/2137 1687/2870/2133 906/2873/2136 
f 906/2873/2136 909/2875/2138 1689/2874/2137 
f 1690/2876/2139 1686/2868/2131 854/2869/2132 
f 854/2869/2132 864/2877/2140 1690/2876/2139 
f 1691/2878/2141 1690/2876/2139 864/2877/2140 
f 864/2877/2140 863/2879/2142 1691/2878/2141 
f 1692/2880/2143 1693/2881/2144 920/2882/2145 
f 920/2882/2145 918/2883/2146 1692/2880/2143 
f 1688/2871/2134 1692/2880/2143 918/2883/2146 
f 918/2883/2146 910/2872/2135 1688/2871/2134 
f 1694/2884/2147 1691/2878/2141 863/2879/2142 
f 863/2879/2142 869/2885/2148 1694/2884/2147 
f 1695/2886/2149 1694/2884/2147 869/2885/2148 
f 869/2885/2148 868/2887/2150 1695/2886/2149 
f 1696/2888/2151 1697/2889/2152 928/2890/2153 
f 928/2890/2153 926/2891/2154 1696/2888/2151 
f 1693/2881/2144 1696/2888/2151 926/2891/2154 
f 926/2891/2154 920/2882/2145 1693/2881/2144 
f 1698/2892/2155 1695/2886/2149 868/2887/2150 
f 868/2887/2150 872/2893/2156 1698/2892/2155 
f 1685/2865/2128 1698/2892/2155 872/2893/2156 
f 872/2893/2156 857/2866/2129 1685/2865/2128 
f 1699/2894/2157 1689/2874/2137 909/2875/2138 
f 909/2875/2138 934/2895/2158 1699/2894/2157 
f 1697/2889/2152 1699/2894/2157 934/2895/2158 
f 934/2895/2158 928/2890/2153 1697/2889/2152 
f 1700/2896/2159 1701/2897/2160 1685/2865/2128 
f 1685/2865/2128 1684/2864/2127 1700/2896/2159 
f 1686/2868/2131 1702/2898/2161 1700/2896/2159 
f 1700/2896/2159 1684/2864/2127 1686/2868/2131 
f 1703/2899/2162 1704/2900/2163 1688/2871/2134 
f 1688/2871/2134 1687/2870/2133 1703/2899/2162 
f 1689/2874/2137 1705/2901/2164 1703/2899/2162 
f 1703/2899/2162 1687/2870/2133 1689/2874/2137 
f 1706/2902/2165 1702/2898/2161 1686/2868/2131 
f 1686/2868/2131 1690/2876/2139 1706/2902/2165 
f 1691/2878/2141 1707/2903/2166 1706/2902/2165 
f 1706/2902/2165 1690/2876/2139 1691/2878/2141 
f 1708/2904/2167 1709/2905/2168 1693/2881/2144 
f 1693/2881/2144 1692/2880/2143 1708/2904/2167 
f 1688/2871/2134 1704/2900/2163 1708/2904/2167 
f 1708/2904/2167 1692/2880/2143 1688/2871/2134 
f 1710/2906/2169 1707/2903/2166 1691/2878/2141 
f 1691/2878/2141 1694/2884/2147 1710/2906/2169 
f 1695/2886/2149 1711/2907/2170 1710/2906/2169 
f 1710/2906/2169 1694/2884/2147 1695/2886/2149 
f 1712/2908/2171 1713/2909/2172 1697/2889/2152 
f 1697/2889/2152 1696/2888/2151 1712/2908/2171 
f 1693/2881/2144 1709/2905/2168 1712/2908/2171 
f 1712/2908/2171 1696/2888/2151 1693/2881/2144 
f 1714/2910/2173 1711/2907/2170 1695/2886/2149 
f 1695/2886/2149 1698/2892/2155 1714/2910/2173 
f 1685/2865/2128 1701/2897/2160 1714/2910/2173 
f 1714/2910/2173 1698/2892/2155 1685/2865/2128 
f 1715/2911/2174 1705/2901/2164 1689/2874/2137 
f 1689/2874/2137 1699/2894/2157 1715/2911/2174 
f 1697/2889/2152 1713/2909/2172 1715/2911/2174 
f 1715/2911/2174 1699/2894/2157 1697/2889/2152 
f 874/2912/2175 877/2913/2176 1701/2897/2160 
f 1701/2897/2160 1700/2896/2159 874/2912/2175 
f 1702/2898/2161 878/2914/2177 874/2912/2175 
f 874/2912/2175 1700/2896/2159 1702/2898/2161 
f 882/2915/2178 881/2916/2179 1704/2900/2163 
f 1704/2900/2163 1703/2899/2162 882/2915/2178 
f 884/2917/2180 882/2915/2178 1703/2899/2162 
f 1703/2899/2162 1705/2901/2164 884/2917/2180 
f 886/2918/2181 878/2914/2177 1702/2898/2161 
f 1702/2898/2161 1706/2902/2165 886/2918/2181 
f 1707/2903/2166 888/2919/2182 886/2918/2181 
f 886/2918/2181 1706/2902/2165 1707/2903/2166 
f 892/2920/2183 891/2921/2184 1709/2905/2168 
f 1709/2905/2168 1708/2904/2167 892/2920/2183 
f 1704/2900/2163 881/2916/2179 892/2920/2183 
f 892/2920/2183 1708/2904/2167 1704/2900/2163 
f 894/2922/2185 888/2919/2182 1707/2903/2166 
f 1707/2903/2166 1710/2906/2169 894/2922/2185 
f 1711/2907/2170 896/2923/2186 894/2922/2185 
f 894/2922/2185 1710/2906/2169 1711/2907/2170 
f 900/2924/2187 899/2925/2188 1713/2909/2172 
f 1713/2909/2172 1712/2908/2171 900/2924/2187 
f 891/2921/2184 900/2924/2187 1712/2908/2171 
f 1712/2908/2171 1709/2905/2168 891/2921/2184 
f 902/2926/2189 896/2923/2186 1711/2907/2170 
f 1711/2907/2170 1714/2910/2173 902/2926/2189 
f 1701/2897/2160 877/2913/2176 902/2926/2189 
f 902/2926/2189 1714/2910/2173 1701/2897/2160 
f 904/2927/2190 884/2917/2180 1705/2901/2164 
f 1705/2901/2164 1715/2911/2174 904/2927/2190 
f 1713/2909/2172 899/2925/2188 904/2927/2190 
f 904/2927/2190 1715/2911/2174 1713/2909/2172 
f 908/1523/900 1287/2102/1449 1289/2105/1450 
f 1289/2105/1450 935/1519/927 908/1523/900 
f 1285/2099/1447 1287/2101/1449 908/1484/900 
f 908/1484/900 907/1483/899 1285/2099/1447 
f 911/1487/903 1282/2096/1444 1285/2099/1447 
f 1285/2099/1447 907/1483/899 911/1487/903 
f 1297/2117/1458 1282/2119/1444 911/1496/903 
f 911/1496/903 919/1495/911 1297/2117/1458 
f 921/1499/913 1295/2114/1456 1297/2117/1458 
f 1297/2117/1458 919/1495/911 921/1499/913 
f 1293/2111/1454 1295/2113/1456 921/1508/913 
f 921/1508/913 927/1507/919 1293/2111/1454 
f 1291/2108/1452 1293/2111/1454 927/1507/919 
f 927/1507/919 929/1511/921 1291/2108/1452 
f 1289/2105/1450 1291/2107/1452 929/1520/921 
f 929/1520/921 935/1519/927 1289/2105/1450 
f 871/1425/863 873/1430/865 867/1433/859 
f 867/1433/859 866/1426/858 871/1425/863 
f 865/1416/857 866/1418/858 867/1419/859 
f 867/1419/859 870/1422/862 865/1416/857 
f 865/1416/857 870/1422/862 862/1424/854 
f 862/1424/854 860/1417/852 865/1416/857 
f 859/1407/851 860/1409/852 862/1411/854 
f 862/1411/854 861/1410/853 859/1407/851 
f 859/1407/851 861/1410/853 853/1415/845 
f 853/1415/845 852/1408/844 859/1407/851 
f 850/1398/842 852/1400/844 853/1401/845 
f 853/1401/845 856/1404/848 850/1398/842 
f 850/1398/842 856/1404/848 858/1406/850 
f 858/1406/850 851/1399/843 850/1398/842 
f 871/1425/863 851/1427/843 858/1431/850 
f 858/1431/850 873/1430/865 871/1425/863 
f 876/1475/868 1716/2928/2191 1717/2929/2192 
f 1717/2929/2192 903/1471/895 876/1475/868 
f 1718/2930/2193 1716/2931/2191 876/1436/868 
f 876/1436/868 875/1435/867 1718/2930/2193 
f 879/1439/871 1719/2932/2194 1718/2930/2193 
f 1718/2930/2193 875/1435/867 879/1439/871 
f 1720/2933/463 1719/2934/2194 879/1448/871 
f 879/1448/871 887/1447/879 1720/2933/463 
f 889/1451/881 1721/2935/2195 1720/2933/463 
f 1720/2933/463 887/1447/879 889/1451/881 
f 1722/2936/2196 1721/2937/2195 889/1460/881 
f 889/1460/881 895/1459/887 1722/2936/2196 
f 897/1463/889 1723/2938/2197 1722/2936/2196 
f 1722/2936/2196 895/1459/887 897/1463/889 
f 1717/2929/2192 1723/2939/2197 897/1472/889 
f 897/1472/889 903/1471/895 1717/2929/2192 
f 1723/2939/2197 1717/2929/2192 905/1478/897 
f 905/1478/897 898/1481/890 1723/2939/2197 
f 1723/2938/2197 898/1464/890 901/1467/893 
f 901/1467/893 1722/2936/2196 1723/2938/2197 
f 1722/2936/2196 901/1467/893 890/1469/882 
f 890/1469/882 1721/2937/2195 1722/2936/2196 
f 1721/2935/2195 890/1452/882 893/1455/885 
f 893/1455/885 1720/2933/463 1721/2935/2195 
f 1719/2934/2194 1720/2933/463 893/1455/885 
f 893/1455/885 880/1457/872 1719/2934/2194 
f 1719/2932/2194 880/1440/872 883/1443/875 
f 883/1443/875 1718/2930/2193 1719/2932/2194 
f 1718/2930/2193 883/1443/875 885/1445/877 
f 885/1445/877 1716/2931/2191 1718/2930/2193 
f 1716/2928/2191 885/1479/877 905/1478/897 
f 905/1478/897 1717/2929/2192 1716/2928/2191 
f 733/1227/725 1252/2060/1409 1251/2059/1408 
f 1251/2059/1408 731/1225/723 733/1227/725 
f 1251/2059/1408 1250/2058/1407 728/1222/720 
f 728/1222/720 731/1225/723 1251/2059/1408 
f 728/2940/720 1250/2069/1407 1257/2068/1414 
f 1257/2068/1414 741/2941/733 728/2940/720 
f 1257/2068/1414 1256/2067/1413 738/2942/730 
f 738/2942/730 741/2941/733 1257/2068/1414 
f 738/1234/730 1256/2066/1413 1255/2065/1412 
f 1255/2065/1412 749/1247/741 738/1234/730 
f 1255/2065/1412 1254/2064/1411 746/1244/738 
f 746/1244/738 749/1247/741 1255/2065/1412 
f 746/2943/738 1254/2063/1411 1253/2062/1410 
f 1253/2062/1410 753/2944/745 746/2943/738 
f 1253/2062/1410 1252/2061/1409 733/2945/725 
f 733/2945/725 753/2944/745 1253/2062/1410 
f 455/822/455 463/821/463 466/826/466 
f 466/826/466 456/831/456 455/822/455 
f 465/825/465 467/827/467 466/826/466 
f 466/826/466 463/821/463 465/825/465 
f 477/841/477 467/843/467 465/834/465 
f 465/834/465 471/833/471 477/841/477 
f 474/838/474 477/841/477 471/833/471 
f 471/833/471 473/837/473 474/838/474 
f 480/850/480 474/855/474 473/846/473 
f 473/846/473 479/845/479 480/850/480 
f 452/849/452 461/851/461 480/850/480 
f 480/850/480 479/845/479 452/849/452 
f 459/817/459 461/819/461 452/810/452 
f 452/810/452 451/809/451 459/817/459 
f 456/814/456 459/817/459 451/809/451 
f 451/809/451 455/813/455 456/814/456 
f 1195/1975/1272 437/781/438 424/783/425 
f 424/783/425 1201/1985/1278 1195/1975/1272 
f 434/778/435 437/781/438 1195/1975/1272 
f 1195/1975/1272 1194/1974/1271 434/778/435 
f 445/793/446 434/795/435 1194/1977/1271 
f 1194/1977/1271 1196/1976/1273 445/793/446 
f 442/790/443 445/793/446 1196/1976/1273 
f 1196/1976/1273 1197/1978/1274 442/790/443 
f 449/805/449 442/807/443 1197/1980/1274 
f 1197/1980/1274 1198/1979/1275 449/805/449 
f 429/802/430 449/805/449 1198/1979/1275 
f 1198/1979/1275 1199/1981/1276 429/802/430 
f 427/769/428 429/771/430 1199/1983/1276 
f 1199/1983/1276 1200/1982/1277 427/769/428 
f 424/766/425 427/769/428 1200/1982/1277 
f 1200/1982/1277 1201/1984/1278 424/766/425 
f 1500/2408/1778 1320/2458/1777 1678/2808/2088 
f 1678/2808/2088 1677/2807/2087 1500/2408/1778 
f 1678/2818/2097 1320/2154/1492 1323/2157/1492 
f 1323/2157/1492 1683/2817/2097 1678/2818/2097 
f 1683/2817/2096 1323/2157/1541 1376/2217/1541 
f 1376/2217/1541 1682/2814/2096 1683/2817/2096 
f 1682/2814/2094 1376/2217/1591 1407/2274/1593 
f 1407/2274/1593 1681/2815/2095 1682/2814/2094 
f 1407/2328/1638 1438/2327/1638 1680/2813/2093 
f 1680/2813/2093 1681/2812/2093 1407/2328/1638 
f 1438/2367/1676 1469/2366/1675 1679/2809/2092 
f 1679/2809/2092 1680/2810/2091 1438/2367/1676 
f 1469/2366/1728 1500/2408/1727 1677/2807/2090 
f 1677/2807/2090 1679/2809/2089 1469/2366/1728 
f 1549/2946/2198 1670/2797/2076 1671/2798/2077 
f 1671/2798/2077 1537/2947/2198 1549/2946/2198 
f 1671/2806/2086 1676/2805/2085 1538/2948/2199 
f 1538/2948/2199 1537/2949/2199 1671/2806/2086 
f 1676/2805/1547 1675/2804/1548 1541/2950/2200 
f 1541/2950/2200 1538/2948/2200 1676/2805/1547 
f 1675/2804/2084 1674/2803/2083 1543/2951/2201 
f 1543/2951/2201 1541/2950/2201 1675/2804/2084 
f 1674/2802/2082 1673/2801/2082 1545/2952/2202 
f 1545/2952/2202 1543/2953/2202 1674/2802/2082 
f 1545/2954/2203 1673/2800/2080 1672/2799/2081 
f 1672/2799/2081 1547/2955/2203 1545/2954/2203 
f 1547/2955/2204 1672/2799/2078 1670/2797/2079 
f 1670/2797/2079 1549/2946/2204 1547/2955/2204 
f 1506/2956/1788 1505/2462/1784 1333/2167/1786 
f 1333/2167/1786 1334/2957/1789 1506/2956/1788 
f 1333/2167/1502 1332/2166/1501 1335/2958/1504 
f 1335/2958/1504 1334/2957/1503 1333/2167/1502 
f 1332/2224/1551 1381/2223/1550 1382/2226/1553 
f 1382/2226/1553 1335/2225/1552 1332/2224/1551 
f 1381/2223/1602 1412/2282/1601 1413/2959/1604 
f 1413/2959/1604 1382/2226/1603 1381/2223/1602 
f 1412/2336/1644 1443/2335/1644 1444/2337/1645 
f 1444/2337/1645 1413/2284/1645 1412/2336/1644 
f 1444/2960/1687 1443/2374/1683 1474/2377/1685 
f 1474/2377/1685 1475/2416/1688 1444/2960/1687 
f 1475/2416/1738 1474/2377/1734 1505/2414/1736 
f 1505/2414/1736 1506/2417/1739 1475/2416/1738 
f 1498/2456/1775 1318/2150/1774 1525/2961/2205 
f 1525/2961/2205 1536/2962/2205 1498/2456/1775 
f 1525/2961/2206 1318/2150/1490 1319/2153/1491 
f 1319/2153/1491 1526/2963/2206 1525/2961/2206 
f 1526/2964/2207 1319/2214/1539 1374/2215/1540 
f 1374/2215/1540 1528/2965/2207 1526/2964/2207 
f 1528/2965/2208 1374/2215/1589 1405/2272/1590 
f 1405/2272/1590 1530/2966/2208 1528/2965/2208 
f 1405/2324/1636 1436/2323/1636 1532/2967/2209 
f 1532/2967/2209 1530/2968/2209 1405/2324/1636 
f 1436/2363/1673 1467/2362/1672 1534/2969/2210 
f 1534/2969/2210 1532/2970/2210 1436/2363/1673 
f 1467/2362/1725 1498/2406/1724 1536/2971/2211 
f 1536/2971/2211 1534/2969/2211 1467/2362/1725 
f 1724/2972/2212 399/729/400 402/732/403 
f 402/732/403 1725/2973/2213 1724/2972/2212 
f 1725/2974/2213 402/754/403 417/757/418 
f 417/757/418 1726/2975/2214 1725/2974/2213 
f 1726/2975/2214 417/757/418 411/759/412 
f 411/759/412 1727/2976/2215 1726/2975/2214 
f 1727/2977/2215 411/745/412 414/748/415 
f 414/748/415 1728/2978/2216 1727/2977/2215 
f 1728/2978/2216 414/748/415 405/750/406 
f 405/750/406 1729/2979/2217 1728/2978/2216 
f 1729/2980/2217 405/736/406 408/739/409 
f 408/739/409 1730/2981/2218 1729/2980/2217 
f 1730/2981/2218 408/739/409 400/741/401 
f 400/741/401 1731/2982/2219 1730/2981/2218 
f 1731/2983/2219 400/730/401 399/729/400 
f 399/729/400 1724/2972/2212 1731/2983/2219 
f 1027/1681/1019 1731/2984/2220 1724/2985/2221 
f 1724/2985/2221 1028/1682/1020 1027/1681/1019 
f 1730/2986/2222 1731/2984/2220 1027/1681/1019 
f 1027/1681/1019 1034/1688/1026 1730/2986/2222 
f 1033/1687/1025 1729/2987/2223 1730/2986/2222 
f 1730/2986/2222 1034/1688/1026 1033/1687/1025 
f 1728/2988/2224 1729/2987/2223 1033/1687/1025 
f 1033/1687/1025 1038/1692/1030 1728/2988/2224 
f 1727/2989/2225 1728/2988/2224 1038/1692/1030 
f 1038/1692/1030 1037/1691/1029 1727/2989/2225 
f 1726/2990/2226 1727/2989/2225 1037/1691/1029 
f 1037/1691/1029 1040/1694/1032 1726/2990/2226 
f 1725/2991/2227 1726/2990/2226 1040/1694/1032 
f 1040/1694/1032 1031/1685/1023 1725/2991/2227 
f 1724/2985/2221 1725/2991/2227 1031/1685/1023 
f 1031/1685/1023 1028/1682/1020 1724/2985/2221 
f 1732/2992/2228 1050/1720/1058 1051/1723/1060 
f 1051/1723/1060 1733/2993/2229 1732/2992/2228 
f 1057/1741/1070 1050/1743/1058 1732/2994/2228 
f 1732/2994/2228 1734/2995/2230 1057/1741/1070 
f 1056/1738/1068 1057/1741/1070 1734/2995/2230 
f 1734/2995/2230 1735/2996/2231 1056/1738/1068 
f 1055/1735/1066 1056/1737/1068 1735/2997/2231 
f 1735/2997/2231 1736/2998/2232 1055/1735/1066 
f 1054/1732/1065 1055/1735/1066 1736/2998/2232 
f 1736/2998/2232 1737/2999/2233 1054/1732/1065 
f 1053/1729/1063 1054/1731/1065 1737/3000/2233 
f 1737/3000/2233 1738/3001/2234 1053/1729/1063 
f 1052/1726/1062 1053/1729/1063 1738/3001/2234 
f 1738/3001/2234 1739/3002/2235 1052/1726/1062 
f 1051/1723/1060 1052/1725/1062 1739/3003/2235 
f 1739/3003/2235 1733/2993/2229 1051/1723/1060 
f 1740/3004/2236 1741/3005/2237 1742/3006/2238 
f 1742/3006/2238 1743/3007/2239 1740/3004/2236 
f 1741/3005/2237 1744/3008/2240 1745/3009/2241 
f 1745/3009/2241 1742/3006/2238 1741/3005/2237 
f 1746/3010/2242 1747/3011/2243 1748/3012/2244 
f 1748/3012/2244 1749/3013/2245 1746/3010/2242 
f 1747/3011/2243 1740/3004/2236 1743/3007/2239 
f 1743/3007/2239 1748/3012/2244 1747/3011/2243 
f 1750/3014/2246 1751/3015/2247 1752/3016/2248 
f 1752/3016/2248 1753/3017/2249 1750/3014/2246 
f 1751/3015/2247 1746/3010/2242 1749/3013/2245 
f 1749/3013/2245 1752/3016/2248 1751/3015/2247 
f 1744/3008/2240 1754/3018/2250 1755/3019/2251 
f 1755/3019/2251 1745/3009/2241 1744/3008/2240 
f 1754/3018/2250 1750/3014/2246 1753/3017/2249 
f 1753/3017/2249 1755/3019/2251 1754/3018/2250 
f 1756/3020/2252 1757/3021/2253 326/614/2254 
f 326/614/2254 322/610/2255 1756/3020/2252 
f 1758/3022/2256 1756/3020/2252 322/610/2255 
f 322/610/2255 325/613/2257 1758/3022/2256 
f 1759/3023/2258 1760/3024/2259 336/637/2260 
f 336/637/2260 334/3025/2261 1759/3023/2258 
f 1757/3021/2253 1759/3023/2258 334/3025/2261 
f 334/3025/2261 326/614/2254 1757/3021/2253 
f 1761/3026/2262 1762/3027/2263 344/638/2264 
f 344/638/2264 342/634/2265 1761/3026/2262 
f 1760/3024/2259 1761/3026/2262 342/634/2265 
f 342/634/2265 336/637/2260 1760/3024/2259 
f 1763/3028/2266 1758/3022/2256 325/613/2257 
f 325/613/2257 350/3029/2267 1763/3028/2266 
f 1762/3027/2263 1763/3028/2266 350/3029/2267 
f 350/3029/2267 344/638/2264 1762/3027/2263 
f 1740/3004/2236 1764/3030/2268 1765/3031/2269 
f 1765/3031/2269 1741/3005/2237 1740/3004/2236 
f 1765/3031/2269 1766/3032/2270 1744/3008/2240 
f 1744/3008/2240 1741/3005/2237 1765/3031/2269 
f 1746/3010/2242 1767/3033/2271 1768/3034/2272 
f 1768/3034/2272 1747/3011/2243 1746/3010/2242 
f 1768/3034/2272 1764/3030/2268 1740/3004/2236 
f 1740/3004/2236 1747/3011/2243 1768/3034/2272 
f 1750/3014/2246 1769/3035/2273 1770/3036/2274 
f 1770/3036/2274 1751/3015/2247 1750/3014/2246 
f 1770/3036/2274 1767/3033/2271 1746/3010/2242 
f 1746/3010/2242 1751/3015/2247 1770/3036/2274 
f 1744/3008/2240 1766/3032/2270 1771/3037/2275 
f 1771/3037/2275 1754/3018/2250 1744/3008/2240 
f 1771/3037/2275 1769/3035/2273 1750/3014/2246 
f 1750/3014/2246 1754/3018/2250 1771/3037/2275 
f 1772/3038/2276 1773/3039/2277 1757/3021/2253 
f 1757/3021/2253 1756/3020/2252 1772/3038/2276 
f 1758/3022/2256 1774/3040/2278 1772/3038/2276 
f 1772/3038/2276 1756/3020/2252 1758/3022/2256 
f 1775/3041/2279 1776/3042/2280 1760/3024/2259 
f 1760/3024/2259 1759/3023/2258 1775/3041/2279 
f 1757/3021/2253 1773/3039/2277 1775/3041/2279 
f 1775/3041/2279 1759/3023/2258 1757/3021/2253 
f 1777/3043/2281 1778/3044/2282 1762/3027/2263 
f 1762/3027/2263 1761/3026/2262 1777/3043/2281 
f 1760/3024/2259 1776/3042/2280 1777/3043/2281 
f 1777/3043/2281 1761/3026/2262 1760/3024/2259 
f 1779/3045/2283 1774/3040/2278 1758/3022/2256 
f 1758/3022/2256 1763/3028/2266 1779/3045/2283 
f 1762/3027/2263 1778/3044/2282 1779/3045/2283 
f 1779/3045/2283 1763/3028/2266 1762/3027/2263 
f 277/3046/2284 280/3047/2285 1765/3031/2269 
f 1765/3031/2269 1764/3030/2268 277/3046/2284 
f 280/3047/2285 282/3048/2286 1766/3032/2270 
f 1766/3032/2270 1765/3031/2269 280/3047/2285 
f 285/3049/2287 288/3050/2288 1768/3034/2272 
f 1768/3034/2272 1767/3033/2271 285/3049/2287 
f 288/3050/2288 277/3046/2284 1764/3030/2268 
f 1764/3030/2268 1768/3034/2272 288/3050/2288 
f 291/3051/2289 294/3052/2290 1770/3036/2274 
f 1770/3036/2274 1769/3035/2273 291/3051/2289 
f 294/3052/2290 285/3049/2287 1767/3033/2271 
f 1767/3033/2271 1770/3036/2274 294/3052/2290 
f 282/3048/2286 297/3053/2291 1771/3037/2275 
f 1771/3037/2275 1766/3032/2270 282/3048/2286 
f 297/3053/2291 291/3051/2289 1769/3035/2273 
f 1769/3035/2273 1771/3037/2275 297/3053/2291 
f 1780/3054/2292 1781/3055/2293 1773/3039/2277 
f 1773/3039/2277 1772/3038/2276 1780/3054/2292 
f 1782/3056/2294 1780/3054/2292 1772/3038/2276 
f 1772/3038/2276 1774/3040/2278 1782/3056/2294 
f 1783/3057/2295 1784/3058/2296 1776/3042/2280 
f 1776/3042/2280 1775/3041/2279 1783/3057/2295 
f 1781/3055/2293 1783/3057/2295 1775/3041/2279 
f 1775/3041/2279 1773/3039/2277 1781/3055/2293 
f 1785/3059/2297 1786/3060/2298 1778/3044/2282 
f 1778/3044/2282 1777/3043/2281 1785/3059/2297 
f 1784/3058/2296 1785/3059/2297 1777/3043/2281 
f 1777/3043/2281 1776/3042/2280 1784/3058/2296 
f 1787/3061/2299 1782/3056/2294 1774/3040/2278 
f 1774/3040/2278 1779/3045/2283 1787/3061/2299 
f 1786/3060/2298 1787/3061/2299 1779/3045/2283 
f 1779/3045/2283 1778/3044/2282 1786/3060/2298 
f 323/611/324 328/616/329 333/621/334 
f 333/621/334 324/612/325 323/611/324 
f 329/617/330 328/616/329 323/611/324 
f 323/611/324 327/615/328 329/617/330 
f 335/623/336 338/628/339 329/633/330 
f 329/633/330 327/624/328 335/623/336 
f 339/629/340 338/628/339 335/623/336 
f 335/623/336 337/627/338 339/629/340 
f 343/635/344 346/640/347 339/645/340 
f 339/645/340 337/636/338 343/635/344 
f 347/641/348 346/640/347 343/635/344 
f 343/635/344 345/639/346 347/641/348 
f 351/647/352 352/652/353 347/657/348 
f 347/657/348 345/648/346 351/647/352 
f 333/653/334 352/652/353 351/647/352 
f 351/647/352 324/651/325 333/653/334 
f 274/538/275 1742/3062/2300 1745/3063/2301 
f 1745/3063/2301 275/539/276 274/538/275 
f 1743/3064/2302 1742/3062/2300 274/538/275 
f 274/538/275 276/540/277 1743/3064/2302 
f 1748/3065/2303 1743/3066/2302 276/548/277 
f 276/548/277 283/547/284 1748/3065/2303 
f 1749/3067/2304 1748/3065/2303 283/547/284 
f 283/547/284 284/549/285 1749/3067/2304 
f 1752/3068/2305 1749/3069/2304 284/557/285 
f 284/557/285 289/556/290 1752/3068/2305 
f 1753/3070/2306 1752/3068/2305 289/556/290 
f 289/556/290 290/558/291 1753/3070/2306 
f 1755/3071/2307 1753/3072/2306 290/566/291 
f 290/566/291 295/565/296 1755/3071/2307 
f 1745/3073/2301 1755/3071/2307 295/565/296 
f 295/565/296 275/567/276 1745/3073/2301 
f 281/545/282 279/543/280 298/574/299 
f 298/574/299 301/577/302 281/545/282 
f 278/542/279 302/578/303 298/574/299 
f 298/574/299 279/543/280 278/542/279 
f 307/583/308 302/586/303 278/554/279 
f 278/554/279 287/552/288 307/583/308 
f 286/551/287 309/587/310 307/583/308 
f 307/583/308 287/552/288 286/551/287 
f 313/592/314 309/595/310 286/563/287 
f 286/563/287 293/561/294 313/592/314 
f 292/560/293 315/596/316 313/592/314 
f 313/592/314 293/561/294 292/560/293 
f 319/602/320 315/601/316 292/572/293 
f 292/572/293 296/570/297 319/602/320 
f 281/569/282 301/605/302 319/602/320 
f 319/602/320 296/570/297 281/569/282 
f 305/581/306 1780/3074/2308 1782/3075/2309 
f 1782/3075/2309 306/582/307 305/581/306 
f 1781/3076/2310 1780/3074/2308 305/581/306 
f 305/581/306 304/580/305 1781/3076/2310 
f 1783/3077/2311 1781/3078/2310 304/591/305 
f 304/591/305 312/590/313 1783/3077/2311 
f 1784/3079/2312 1783/3077/2311 312/590/313 
f 312/590/313 311/589/312 1784/3079/2312 
f 1785/3080/2313 1784/3081/2312 311/600/312 
f 311/600/312 318/599/319 1785/3080/2313 
f 1786/3082/2314 1785/3080/2313 318/599/319 
f 318/599/319 317/598/318 1786/3082/2314 
f 1787/3083/2315 1786/3084/2314 317/609/318 
f 317/609/318 321/608/322 1787/3083/2315 
f 1782/3085/2309 1787/3083/2315 321/608/322 
f 321/608/322 306/607/307 1782/3085/2309 
f 1788/3086/2316 1789/3087/2317 1106/3088/2318 
f 1106/3088/2318 1109/3089/2319 1788/3086/2316 
f 1790/3090/2320 1791/3091/2321 1792/3092/2322 
f 1792/3092/2322 1793/3093/2323 1790/3090/2320 
f 1794/3094/2324 1788/3086/2316 1109/3089/2319 
f 1109/3089/2319 1111/3095/2325 1794/3094/2324 
f 1791/3091/2321 1795/3096/2326 1796/3097/2327 
f 1796/3097/2327 1792/3092/2322 1791/3091/2321 
f 1797/3098/2328 1794/3094/2324 1111/3095/2325 
f 1111/3095/2325 1113/3099/2329 1797/3098/2328 
f 1795/3096/2326 1798/3100/2330 1799/3101/2331 
f 1799/3101/2331 1796/3097/2327 1795/3096/2326 
f 1800/3102/2332 1797/3098/2328 1113/3099/2329 
f 1113/3099/2329 1115/3103/2333 1800/3102/2332 
f 1798/3100/2330 1801/3104/2334 1802/3105/2335 
f 1802/3105/2335 1799/3101/2331 1798/3100/2330 
f 1803/3106/2336 1800/3102/2332 1115/3103/2333 
f 1115/3103/2333 1117/3107/2337 1803/3106/2336 
f 1801/3104/2334 1804/3108/2338 1805/3109/2339 
f 1805/3109/2339 1802/3105/2335 1801/3104/2334 
f 1806/3110/2340 1803/3106/2336 1117/3107/2337 
f 1117/3107/2337 1119/3111/2341 1806/3110/2340 
f 1804/3108/2338 1807/3112/2342 1808/3113/2343 
f 1808/3113/2343 1805/3109/2339 1804/3108/2338 
f 1809/3114/2344 1806/3110/2340 1119/3111/2341 
f 1119/3111/2341 1121/3115/2345 1809/3114/2344 
f 1807/3112/2342 1810/3116/2346 1811/3117/2347 
f 1811/3117/2347 1808/3113/2343 1807/3112/2342 
f 1789/3087/2317 1809/3114/2344 1121/3115/2345 
f 1121/3115/2345 1106/3088/2318 1789/3087/2317 
f 1810/3116/2346 1790/3090/2320 1793/3093/2323 
f 1793/3093/2323 1811/3117/2347 1810/3116/2346 
f 1788/3086/2316 1812/3118/2348 1813/3119/2318 
f 1813/3119/2318 1789/3087/2317 1788/3086/2316 
f 1814/3120/2349 1815/3121/2350 1791/3091/2321 
f 1791/3091/2321 1790/3090/2320 1814/3120/2349 
f 1816/3122/2351 1812/3118/2348 1788/3086/2316 
f 1788/3086/2316 1794/3094/2324 1816/3122/2351 
f 1791/3091/2321 1815/3121/2350 1817/3123/2352 
f 1817/3123/2352 1795/3096/2326 1791/3091/2321 
f 1797/3098/2328 1818/3124/2353 1816/3122/2351 
f 1816/3122/2351 1794/3094/2324 1797/3098/2328 
f 1817/3123/2352 1819/3125/2354 1798/3100/2330 
f 1798/3100/2330 1795/3096/2326 1817/3123/2352 
f 1820/3126/2355 1818/3124/2353 1797/3098/2328 
f 1797/3098/2328 1800/3102/2332 1820/3126/2355 
f 1798/3100/2330 1819/3125/2354 1821/3127/2356 
f 1821/3127/2356 1801/3104/2334 1798/3100/2330 
f 1803/3106/2336 1822/3128/2357 1820/3126/2355 
f 1820/3126/2355 1800/3102/2332 1803/3106/2336 
f 1821/3127/2356 1823/3129/2358 1804/3108/2338 
f 1804/3108/2338 1801/3104/2334 1821/3127/2356 
f 1824/3130/2359 1822/3128/2357 1803/3106/2336 
f 1803/3106/2336 1806/3110/2340 1824/3130/2359 
f 1804/3108/2338 1823/3129/2358 1825/3131/2342 
f 1825/3131/2342 1807/3112/2342 1804/3108/2338 
f 1809/3114/2344 1826/3132/2360 1824/3130/2359 
f 1824/3130/2359 1806/3110/2340 1809/3114/2344 
f 1825/3131/2342 1827/3133/2361 1810/3116/2346 
f 1810/3116/2346 1807/3112/2342 1825/3131/2342 
f 1813/3119/2318 1826/3132/2360 1809/3114/2344 
f 1809/3114/2344 1789/3087/2317 1813/3119/2318 
f 1810/3116/2346 1827/3133/2361 1814/3120/2349 
f 1814/3120/2349 1790/3090/2320 1810/3116/2346 
f 1812/3118/2348 1828/3134/2362 1829/3135/2363 
f 1829/3135/2363 1813/3119/2318 1812/3118/2348 
f 1122/3136/2364 1125/3137/2365 1815/3121/2350 
f 1815/3121/2350 1814/3120/2349 1122/3136/2364 
f 1830/3138/2366 1828/3134/2362 1812/3118/2348 
f 1812/3118/2348 1816/3122/2351 1830/3138/2366 
f 1125/3137/2365 1127/3139/2367 1817/3123/2352 
f 1817/3123/2352 1815/3121/2350 1125/3137/2365 
f 1818/3124/2353 1831/3140/2368 1830/3138/2366 
f 1830/3138/2366 1816/3122/2351 1818/3124/2353 
f 1127/3139/2367 1129/3141/2369 1819/3125/2354 
f 1819/3125/2354 1817/3123/2352 1127/3139/2367 
f 1832/3142/2370 1831/3140/2368 1818/3124/2353 
f 1818/3124/2353 1820/3126/2355 1832/3142/2370 
f 1819/3125/2354 1129/3141/2369 1131/3143/2371 
f 1131/3143/2371 1821/3127/2356 1819/3125/2354 
f 1822/3128/2357 1833/3144/2372 1832/3142/2370 
f 1832/3142/2370 1820/3126/2355 1822/3128/2357 
f 1131/3143/2371 1133/3145/2373 1823/3129/2358 
f 1823/3129/2358 1821/3127/2356 1131/3143/2371 
f 1834/3146/2374 1833/3144/2372 1822/3128/2357 
f 1822/3128/2357 1824/3130/2359 1834/3146/2374 
f 1823/3129/2358 1133/3145/2373 1135/3147/2375 
f 1135/3147/2375 1825/3131/2342 1823/3129/2358 
f 1826/3132/2360 1835/3148/2376 1834/3146/2374 
f 1834/3146/2374 1824/3130/2359 1826/3132/2360 
f 1135/3147/2375 1137/3149/2377 1827/3133/2361 
f 1827/3133/2361 1825/3131/2342 1135/3147/2375 
f 1829/3135/2363 1835/3148/2376 1826/3132/2360 
f 1826/3132/2360 1813/3119/2318 1829/3135/2363 
f 1827/3133/2361 1137/3149/2377 1122/3136/2364 
f 1122/3136/2364 1814/3120/2349 1827/3133/2361 
f 1123/1863/1176 1836/3150/2378 1837/3151/1177 
f 1837/3151/1177 1124/1864/1177 1123/1863/1176 
f 1838/3152/2379 1836/3150/2378 1123/1863/1176 
f 1123/1863/1176 1136/1885/1189 1838/3152/2379 
f 1839/3153/2380 1838/3154/2379 1136/1882/1189 
f 1136/1882/1189 1134/1880/1187 1839/3153/2380 
f 1840/3155/2381 1839/3153/2380 1134/1880/1187 
f 1134/1880/1187 1132/1879/1185 1840/3155/2381 
f 1841/3156/2382 1840/3157/2381 1132/1876/1185 
f 1132/1876/1185 1130/1874/1183 1841/3156/2382 
f 1842/3158/2383 1841/3156/2382 1130/1874/1183 
f 1130/1874/1183 1128/1873/1181 1842/3158/2383 
f 1843/3159/2384 1842/3160/2383 1128/1870/1181 
f 1128/1870/1181 1126/1868/1179 1843/3159/2384 
f 1837/3161/1177 1843/3159/2384 1126/1868/1179 
f 1126/1868/1179 1124/1867/1177 1837/3161/1177 
f 1844/3162/2385 1829/3163/2386 1828/3164/2387 
f 1828/3164/2387 1845/3165/2388 1844/3162/2385 
f 1835/3166/2389 1829/3163/2386 1844/3162/2385 
f 1844/3162/2385 1846/3167/2390 1835/3166/2389 
f 1834/3168/2380 1835/3169/2389 1846/3170/2390 
f 1846/3170/2390 1847/3171/2380 1834/3168/2380 
f 1833/3172/2391 1834/3168/2380 1847/3171/2380 
f 1847/3171/2380 1848/3173/2392 1833/3172/2391 
f 1832/3174/2393 1833/3175/2391 1848/3176/2392 
f 1848/3176/2392 1849/3177/2394 1832/3174/2393 
f 1831/3178/2395 1832/3174/2393 1849/3177/2394 
f 1849/3177/2394 1850/3179/2396 1831/3178/2395 
f 1830/3180/2397 1831/3181/2395 1850/3182/2396 
f 1850/3182/2396 1851/3183/2398 1830/3180/2397 
f 1828/3184/2387 1830/3180/2397 1851/3183/2398 
f 1851/3183/2398 1845/3185/2388 1828/3184/2387 
f 1108/1843/1161 1732/2992/2228 1733/2993/2229 
f 1733/2993/2229 1110/1844/1163 1108/1843/1161 
f 1734/2995/2230 1732/2994/2228 1108/1840/1161 
f 1108/1840/1161 1107/1839/1160 1734/2995/2230 
f 1735/2996/2231 1734/2995/2230 1107/1839/1160 
f 1107/1839/1160 1120/1861/1173 1735/2996/2231 
f 1736/2998/2232 1735/2997/2231 1120/1858/1173 
f 1120/1858/1173 1118/1856/1171 1736/2998/2232 
f 1737/2999/2233 1736/2998/2232 1118/1856/1171 
f 1118/1856/1171 1116/1855/1169 1737/2999/2233 
f 1738/3001/2234 1737/3000/2233 1116/1852/1169 
f 1116/1852/1169 1114/1850/1167 1738/3001/2234 
f 1739/3002/2235 1738/3001/2234 1114/1850/1167 
f 1114/1850/1167 1112/1849/1165 1739/3002/2235 
f 1733/2993/2229 1739/3003/2235 1112/1846/1165 
f 1112/1846/1165 1110/1844/1163 1733/2993/2229 
f 1852/3186/2399 1792/3187/2400 1796/3188/1179 
f 1796/3188/1179 1853/3189/2401 1852/3186/2399 
f 1793/3190/2402 1792/3191/2400 1852/3192/2399 
f 1852/3192/2399 1854/3193/2403 1793/3190/2402 
f 1811/3194/2404 1793/3190/2402 1854/3193/2403 
f 1854/3193/2403 1855/3195/2405 1811/3194/2404 
f 1808/3196/2406 1811/3197/2404 1855/3198/2405 
f 1855/3198/2405 1856/3199/2407 1808/3196/2406 
f 1805/3200/2408 1808/3196/2406 1856/3199/2407 
f 1856/3199/2407 1857/3201/1169 1805/3200/2408 
f 1802/3202/2409 1805/3203/2408 1857/3204/1169 
f 1857/3204/1169 1858/3205/2410 1802/3202/2409 
f 1799/3206/2411 1802/3202/2409 1858/3205/2410 
f 1858/3205/2410 1859/3207/2412 1799/3206/2411 
f 1796/3188/1179 1799/3208/2411 1859/3209/2412 
f 1859/3209/2412 1853/3189/2401 1796/3188/1179 
f 396/726/397 1852/3186/2399 1853/3189/2401 
f 1853/3189/2401 394/724/395 396/726/397 
f 1854/3193/2403 1852/3192/2399 396/734/397 
f 396/734/397 403/733/404 1854/3193/2403 
f 1855/3195/2405 1854/3193/2403 403/733/404 
f 403/733/404 404/735/405 1855/3195/2405 
f 1856/3199/2407 1855/3198/2405 404/743/405 
f 404/743/405 409/742/410 1856/3199/2407 
f 1857/3201/1169 1856/3199/2407 409/742/410 
f 409/742/410 410/744/411 1857/3201/1169 
f 1858/3205/2410 1857/3204/1169 410/752/411 
f 410/752/411 415/751/416 1858/3205/2410 
f 1859/3207/2412 1858/3205/2410 415/751/416 
f 415/751/416 395/753/396 1859/3207/2412 
f 1853/3189/2401 1859/3209/2412 395/725/396 
f 395/725/396 394/724/395 1853/3189/2401 
f 1845/3185/2388 1851/3183/2398 1843/3159/2384 
f 1843/3159/2384 1837/3161/1177 1845/3185/2388 
f 1844/3162/2385 1845/3165/2388 1837/3151/1177 
f 1837/3151/1177 1836/3150/2378 1844/3162/2385 
f 1846/3167/2390 1844/3162/2385 1836/3150/2378 
f 1836/3150/2378 1838/3152/2379 1846/3167/2390 
f 1847/3171/2380 1846/3170/2390 1838/3154/2379 
f 1838/3154/2379 1839/3153/2380 1847/3171/2380 
f 1848/3173/2392 1847/3171/2380 1839/3153/2380 
f 1839/3153/2380 1840/3155/2381 1848/3173/2392 
f 1849/3177/2394 1848/3176/2392 1840/3157/2381 
f 1840/3157/2381 1841/3156/2382 1849/3177/2394 
f 1850/3179/2396 1849/3177/2394 1841/3156/2382 
f 1841/3156/2382 1842/3158/2383 1850/3179/2396 
f 1851/3183/2398 1850/3182/2396 1842/3160/2383 
f 1842/3160/2383 1843/3159/2384 1851/3183/2398 
# 3690 faces

